{"prime": 967, "nodes": 81, "minpoly": "x^2 + 965*x + 5", "spine": 11, "undirected": false, "ell": {"2": {"diameter": 9, "conjugate_isogenous_pairs": 11, "eigenvalues": [2.8028047223172483, -2.78902888986322]}, "3": {"diameter": 7, "conjugate_isogenous_pairs": 10, "eigenvalues": [3.3772943602626673, -3.3681254978325095]}, "5": {"diameter": 4, "conjugate_isogenous_pairs": 22, "eigenvalues": [4.202791746919339, -4.201355619533786]}, "7": {"diameter": 4, "conjugate_isogenous_pairs": 11, "eigenvalues": [5.274346062746169, -5.120969253964498]}, "11": {"diameter": 3, "conjugate_isogenous_pairs": 14, "eigenvalues": [6.182769113408374, -5.8972224606922214]}}}