{"prime": 8429, "nodes": 703, "minpoly": "x^2 + 8425*x + 2", "spine": 35, "undirected": false, "ell": {"2": {"diameter": 13, "conjugate_isogenous_pairs": 12, "eigenvalues": [2.824789579524409, -2.8237141490966953]}, "3": {"diameter": 9, "conjugate_isogenous_pairs": 48, "eigenvalues": [3.410111884107781, -3.43024772806231]}, "5": {"diameter": 6, "conjugate_isogenous_pairs": 26, "eigenvalues": [4.377213723628588, -4.420768568742038]}, "7": {"diameter": 5, "conjugate_isogenous_pairs": 78, "eigenvalues": [5.23444217799251, -5.2544641622118196]}, "11": {"diameter": 4, "conjugate_isogenous_pairs": 90, "eigenvalues": [6.621629184507137, -6.492440877622527]}}}