{"prime": 5881, "nodes": 490, "minpoly": "x^2 + 5876*x + 31", "spine": 26, "undirected": true, "ell": {"2": {"diameter": 12, "conjugate_isogenous_pairs": 18, "eigenvalues": [2.81197556285233, -2.7915560736762433]}, "3": {"diameter": 8, "conjugate_isogenous_pairs": 19, "eigenvalues": [3.389147935203572, -3.4526789651429244]}, "5": {"diameter": 6, "conjugate_isogenous_pairs": 62, "eigenvalues": [4.415989464454498, -4.385520374074999]}, "7": {"diameter": 5, "conjugate_isogenous_pairs": 36, "eigenvalues": [5.264261592597385, -5.185014971736792]}, "11": {"diameter": 4, "conjugate_isogenous_pairs": 75, "eigenvalues": [6.472581827126404, -6.559715853252541]}}}