{"prime": 17489, "nodes": 1458, "minpoly": "x^2 + 17480*x + 3", "spine": 106, "undirected": false, "ell": {"2": {"diameter": 15, "conjugate_isogenous_pairs": 20, "eigenvalues": [2.8188359999709593, -2.814979970375184]}, "3": {"diameter": 10, "conjugate_isogenous_pairs": 36, "eigenvalues": [3.4528430522032703, -3.4322848517346496]}, "5": {"diameter": 7, "conjugate_isogenous_pairs": 29, "eigenvalues": [4.4659978204927295, -4.4621858193936195]}, "7": {"diameter": 6, "conjugate_isogenous_pairs": 94, "eigenvalues": [5.222267906821954, -5.283340831954533]}, "11": {"diameter": 5, "conjugate_isogenous_pairs": 91, "eigenvalues": [6.562304779804756, -6.5703388587653935]}}}