{"prime": 719, "nodes": 61, "minpoly": "x^2 + 715*x + 11", "spine": 31, "undirected": false, "ell": {"2": {"diameter": 9, "conjugate_isogenous_pairs": 2, "eigenvalues": [2.7825234638734666, -2.761618859802566]}, "3": {"diameter": 6, "conjugate_isogenous_pairs": 4, "eigenvalues": [3.2830341837913104, -3.3704333814762086]}, "5": {"diameter": 5, "conjugate_isogenous_pairs": 5, "eigenvalues": [4.251743311666104, -4.1738311275390405]}, "7": {"diameter": 4, "conjugate_isogenous_pairs": 11, "eigenvalues": [4.990773046640779, -4.695005634313907]}, "11": {"diameter": 3, "conjugate_isogenous_pairs": 7, "eigenvalues": [6.499907748397925, -6.546254354625977]}}}