{"prime": 9613, "nodes": 801, "minpoly": "x^2 + 9606*x + 2", "spine": 21, "undirected": true, "ell": {"2": {"diameter": 12, "conjugate_isogenous_pairs": 38, "eigenvalues": [2.8161496019502423, -2.824359167634491]}, "3": {"diameter": 8, "conjugate_isogenous_pairs": 77, "eigenvalues": [3.4029293137738468, -3.438983110701356]}, "5": {"diameter": 6, "conjugate_isogenous_pairs": 71, "eigenvalues": [4.4679955377806575, -4.468878767203026]}, "7": {"diameter": 5, "conjugate_isogenous_pairs": 45, "eigenvalues": [5.127820353972356, -5.216796352344783]}, "11": {"diameter": 4, "conjugate_isogenous_pairs": 99, "eigenvalues": [6.512433508918508, -6.597691154935926]}}}