{"prime": 14293, "nodes": 1191, "minpoly": "x^2 + 14292*x + 6", "spine": 25, "undirected": true, "ell": {"2": {"diameter": 14, "conjugate_isogenous_pairs": 74, "eigenvalues": [2.824575369527897, -2.8237052874984028]}, "3": {"diameter": 9, "conjugate_isogenous_pairs": 63, "eigenvalues": [3.4367542448953228, -3.4518657398475123]}, "5": {"diameter": 6, "conjugate_isogenous_pairs": 53, "eigenvalues": [4.447123726846279, -4.436589338396143]}, "7": {"diameter": 5, "conjugate_isogenous_pairs": 63, "eigenvalues": [5.235929449217154, -5.262071102216103]}, "11": {"diameter": 4, "conjugate_isogenous_pairs": 146, "eigenvalues": [6.523921178593003, -6.622494761693608]}}}