{"prime": 1423, "nodes": 119, "minpoly": "x^2 + 1421*x + 3", "spine": 9, "undirected": false, "ell": {"2": {"diameter": 10, "conjugate_isogenous_pairs": 16, "eigenvalues": [2.8140248488827804, -2.762728494531985]}, "3": {"diameter": 7, "conjugate_isogenous_pairs": 15, "eigenvalues": [3.383111441413063, -3.4138790036640185]}, "5": {"diameter": 5, "conjugate_isogenous_pairs": 23, "eigenvalues": [4.340381627935475, -4.41349496443857]}, "7": {"diameter": 4, "conjugate_isogenous_pairs": 15, "eigenvalues": [5.092322024242806, -4.992912437472448]}, "11": {"diameter": 4, "conjugate_isogenous_pairs": 17, "eigenvalues": [6.53522299066354, -6.426847919198535]}}}