{"prime": 19687, "nodes": 1641, "minpoly": "x^2 + 19686*x + 5", "spine": 81, "undirected": false, "ell": {"2": {"diameter": 14, "conjugate_isogenous_pairs": 64, "eigenvalues": [2.8113693371268282, -2.8190928748623856]}, "3": {"diameter": 9, "conjugate_isogenous_pairs": 47, "eigenvalues": [3.4484178250238093, -3.450549160494]}, "5": {"diameter": 7, "conjugate_isogenous_pairs": 92, "eigenvalues": [4.442305024300244, -4.41163479914519]}, "7": {"diameter": 6, "conjugate_isogenous_pairs": 56, "eigenvalues": [5.215116244018378, -5.24674028931295]}, "11": {"diameter": 5, "conjugate_isogenous_pairs": 103, "eigenvalues": [6.632019699454198, -6.510969693983242]}}}