{"prime": 607, "nodes": 51, "minpoly": "x^2 + 606*x + 3", "spine": 13, "undirected": false, "ell": {"2": {"diameter": 7, "conjugate_isogenous_pairs": 7, "eigenvalues": [2.736346435873183, -2.705039387950483]}, "3": {"diameter": 6, "conjugate_isogenous_pairs": 7, "eigenvalues": [3.3848858383009817, -3.2435222018915013]}, "5": {"diameter": 5, "conjugate_isogenous_pairs": 11, "eigenvalues": [4.177053411663996, -4.027310124666877]}, "7": {"diameter": 3, "conjugate_isogenous_pairs": 5, "eigenvalues": [4.769481710722103, -4.6774574542671035]}, "11": {"diameter": 3, "conjugate_isogenous_pairs": 11, "eigenvalues": [6.213273356287008, -5.701870000142042]}}}