{"prime": 16361, "nodes": 1364, "minpoly": "x^2 + 16353*x + 3", "spine": 66, "undirected": false, "ell": {"2": {"diameter": 14, "conjugate_isogenous_pairs": 16, "eigenvalues": [2.827201581334866, -2.8218199075938886]}, "3": {"diameter": 10, "conjugate_isogenous_pairs": 37, "eigenvalues": [3.446685033773878, -3.451294991925628]}, "5": {"diameter": 7, "conjugate_isogenous_pairs": 48, "eigenvalues": [4.460554066851949, -4.442957452142052]}, "7": {"diameter": 6, "conjugate_isogenous_pairs": 180, "eigenvalues": [5.289790798072564, -5.26748834294688]}, "11": {"diameter": 5, "conjugate_isogenous_pairs": 71, "eigenvalues": [6.544223250985061, -6.583223178962751]}}}