{"prime": 2473, "nodes": 206, "minpoly": "x^2 + 2472*x + 5", "spine": 10, "undirected": true, "ell": {"2": {"diameter": 11, "conjugate_isogenous_pairs": 19, "eigenvalues": [2.826221795743446, -2.7757362560935603]}, "3": {"diameter": 7, "conjugate_isogenous_pairs": 22, "eigenvalues": [3.424874233096769, -3.462016396210644]}, "5": {"diameter": 5, "conjugate_isogenous_pairs": 26, "eigenvalues": [4.366346290134955, -4.323440748364005]}, "7": {"diameter": 4, "conjugate_isogenous_pairs": 36, "eigenvalues": [5.129035281864713, -5.227958763830213]}, "11": {"diameter": 4, "conjugate_isogenous_pairs": 31, "eigenvalues": [6.484751683909574, -6.60557015483405]}}}