{"prime": 1759, "nodes": 147, "minpoly": "x^2 + 1757*x + 6", "spine": 27, "undirected": false, "ell": {"2": {"diameter": 10, "conjugate_isogenous_pairs": 11, "eigenvalues": [2.7858991945495286, -2.7808917409148517]}, "3": {"diameter": 7, "conjugate_isogenous_pairs": 11, "eigenvalues": [3.4169685483751753, -3.3940294680829712]}, "5": {"diameter": 5, "conjugate_isogenous_pairs": 24, "eigenvalues": [4.244763812004606, -4.303695521050625]}, "7": {"diameter": 4, "conjugate_isogenous_pairs": 8, "eigenvalues": [5.243404082421957, -5.165651103779569]}, "11": {"diameter": 4, "conjugate_isogenous_pairs": 20, "eigenvalues": [6.477229352231002, -6.255032956491617]}}}