{"prime": 787, "nodes": 66, "minpoly": "x^2 + 786*x + 2", "spine": 10, "undirected": false, "ell": {"2": {"diameter": 9, "conjugate_isogenous_pairs": 11, "eigenvalues": [2.7906946380062387, -2.768394490126827]}, "3": {"diameter": 6, "conjugate_isogenous_pairs": 8, "eigenvalues": [3.3364792174909366, -3.3180610111020745]}, "5": {"diameter": 5, "conjugate_isogenous_pairs": 22, "eigenvalues": [4.429601757886985, -4.319504129633585]}, "7": {"diameter": 4, "conjugate_isogenous_pairs": 10, "eigenvalues": [4.958997375355575, -4.807399974317926]}, "11": {"diameter": 3, "conjugate_isogenous_pairs": 15, "eigenvalues": [6.069360586359015, -6.469250554870053]}}}