{"prime": 6689, "nodes": 558, "minpoly": "x^2 + 6684*x + 3", "spine": 36, "undirected": false, "ell": {"2": {"diameter": 14, "conjugate_isogenous_pairs": 16, "eigenvalues": [2.820200471670699, -2.7944172487305634]}, "3": {"diameter": 9, "conjugate_isogenous_pairs": 25, "eigenvalues": [3.436423991170425, -3.4177079458360433]}, "5": {"diameter": 6, "conjugate_isogenous_pairs": 19, "eigenvalues": [4.397623572595016, -4.457828756202832]}, "7": {"diameter": 5, "conjugate_isogenous_pairs": 81, "eigenvalues": [5.201723446900352, -5.2475605121711455]}, "11": {"diameter": 4, "conjugate_isogenous_pairs": 47, "eigenvalues": [6.575630806331909, -6.564473167124869]}}}