{"prime": 11071, "nodes": 923, "minpoly": "x^2 + 11069*x + 3", "spine": 53, "undirected": false, "ell": {"2": {"diameter": 13, "conjugate_isogenous_pairs": 27, "eigenvalues": [2.8205106287614687, -2.82364487842984]}, "3": {"diameter": 9, "conjugate_isogenous_pairs": 20, "eigenvalues": [3.4514018849586665, -3.458525054505859]}, "5": {"diameter": 6, "conjugate_isogenous_pairs": 84, "eigenvalues": [4.459286034583348, -4.470976152103543]}, "7": {"diameter": 5, "conjugate_isogenous_pairs": 35, "eigenvalues": [5.13988102408898, -5.241122176121226]}, "11": {"diameter": 5, "conjugate_isogenous_pairs": 89, "eigenvalues": [6.578430425134756, -6.596755913850996]}}}