{"prime": 9377, "nodes": 782, "minpoly": "x^2 + 9368*x + 3", "spine": 32, "undirected": false, "ell": {"2": {"diameter": 13, "conjugate_isogenous_pairs": 14, "eigenvalues": [2.82260715119011, -2.82338205167766]}, "3": {"diameter": 9, "conjugate_isogenous_pairs": 47, "eigenvalues": [3.458268042635745, -3.4504598507459714]}, "5": {"diameter": 6, "conjugate_isogenous_pairs": 28, "eigenvalues": [4.457294233201566, -4.3896929168052905]}, "7": {"diameter": 6, "conjugate_isogenous_pairs": 161, "eigenvalues": [5.276495214682537, -5.242837113846342]}, "11": {"diameter": 5, "conjugate_isogenous_pairs": 46, "eigenvalues": [6.533730018033719, -6.533413581781264]}}}