{"prime": 21767, "nodes": 1815, "minpoly": "x^2 + 21766*x + 5", "spine": 75, "undirected": false, "ell": {"2": {"diameter": 15, "conjugate_isogenous_pairs": 26, "eigenvalues": [2.8253104036019763, -2.822266351360422]}, "3": {"diameter": 10, "conjugate_isogenous_pairs": 51, "eigenvalues": [3.45867135345757, -3.4533970977453423]}, "5": {"diameter": 7, "conjugate_isogenous_pairs": 66, "eigenvalues": [4.468879409917688, -4.444990702630163]}, "7": {"diameter": 6, "conjugate_isogenous_pairs": 148, "eigenvalues": [5.2742325375788965, -5.250832472074238]}, "11": {"diameter": 5, "conjugate_isogenous_pairs": 54, "eigenvalues": [6.586497337699791, -6.614154025667315]}}}