{"prime": 7253, "nodes": 605, "minpoly": "x^2 + 7249*x + 2", "spine": 31, "undirected": false, "ell": {"2": {"diameter": 13, "conjugate_isogenous_pairs": 15, "eigenvalues": [2.812997761285521, -2.8162859897829384]}, "3": {"diameter": 8, "conjugate_isogenous_pairs": 64, "eigenvalues": [3.43910382531454, -3.4458389401020133]}, "5": {"diameter": 6, "conjugate_isogenous_pairs": 23, "eigenvalues": [4.325265066059457, -4.456786446139134]}, "7": {"diameter": 5, "conjugate_isogenous_pairs": 94, "eigenvalues": [5.275182461377677, -5.207562815896167]}, "11": {"diameter": 4, "conjugate_isogenous_pairs": 52, "eigenvalues": [6.605262683998867, -6.514881773369091]}}}