{"prime": 16061, "nodes": 1339, "minpoly": "x^2 + 16057*x + 12", "spine": 87, "undirected": false, "ell": {"2": {"diameter": 14, "conjugate_isogenous_pairs": 25, "eigenvalues": [2.8180090642456905, -2.812760498704106]}, "3": {"diameter": 10, "conjugate_isogenous_pairs": 38, "eigenvalues": [3.4379661128196872, -3.444266650880497]}, "5": {"diameter": 7, "conjugate_isogenous_pairs": 24, "eigenvalues": [4.438826137326736, -4.439825019072986]}, "7": {"diameter": 6, "conjugate_isogenous_pairs": 102, "eigenvalues": [5.264439087435579, -5.288178185969429]}, "11": {"diameter": 5, "conjugate_isogenous_pairs": 122, "eigenvalues": [6.599463789078962, -6.543632911260468]}}}