{"prime": 2687, "nodes": 225, "minpoly": "x^2 + 2686*x + 5", "spine": 51, "undirected": false, "ell": {"2": {"diameter": 12, "conjugate_isogenous_pairs": 12, "eigenvalues": [2.8120843578144896, -2.7951186758520112]}, "3": {"diameter": 8, "conjugate_isogenous_pairs": 12, "eigenvalues": [3.377153800877409, -3.4443781904038744]}, "5": {"diameter": 5, "conjugate_isogenous_pairs": 11, "eigenvalues": [4.380494470639931, -4.403267175796321]}, "7": {"diameter": 5, "conjugate_isogenous_pairs": 33, "eigenvalues": [5.253332148476367, -4.914365038223239]}, "11": {"diameter": 4, "conjugate_isogenous_pairs": 13, "eigenvalues": [6.466557577862071, -6.452866667477856]}}}