{"prime": 28643, "nodes": 2388, "minpoly": "x^2 + 28642*x + 2", "spine": 142, "undirected": false, "ell": {"2": {"diameter": 16, "conjugate_isogenous_pairs": 33, "eigenvalues": [2.8235479044252094, -2.819740008725849]}, "3": {"diameter": 10, "conjugate_isogenous_pairs": 47, "eigenvalues": [3.4626429220212223, -3.45820250424847]}, "5": {"diameter": 8, "conjugate_isogenous_pairs": 84, "eigenvalues": [4.454873459835655, -4.436590416470299]}, "7": {"diameter": 6, "conjugate_isogenous_pairs": 112, "eigenvalues": [5.2586591403591845, -5.251278499766501]}, "11": {"diameter": 5, "conjugate_isogenous_pairs": 52, "eigenvalues": [6.579099171680672, -6.592610656744622]}}}