{"prime": 6971, "nodes": 582, "minpoly": "x^2 + 6970*x + 2", "spine": 90, "undirected": false, "ell": {"2": {"diameter": 13, "conjugate_isogenous_pairs": 13, "eigenvalues": [2.819287940660907, -2.8260526669992347]}, "3": {"diameter": 9, "conjugate_isogenous_pairs": 15, "eigenvalues": [3.41629051604537, -3.4551146441267173]}, "5": {"diameter": 6, "conjugate_isogenous_pairs": 29, "eigenvalues": [4.404234083954061, -4.359418781416576]}, "7": {"diameter": 6, "conjugate_isogenous_pairs": 31, "eigenvalues": [5.25478449572079, -5.194827309883084]}, "11": {"diameter": 4, "conjugate_isogenous_pairs": 29, "eigenvalues": [6.449799916766256, -6.580917290109872]}}}