{"prime": 251, "nodes": 22, "minpoly": "x^2 + 242*x + 6", "spine": 14, "undirected": false, "ell": {"2": {"diameter": 8, "conjugate_isogenous_pairs": 2, "eigenvalues": [2.820147819071485, -2.6579078585263254]}, "3": {"diameter": 6, "conjugate_isogenous_pairs": 2, "eigenvalues": [3.270585044926267, -3.145840018003986]}, "5": {"diameter": 4, "conjugate_isogenous_pairs": 2, "eigenvalues": [4.0510674069347585, -3.9983001409683845]}, "7": {"diameter": 3, "conjugate_isogenous_pairs": 3, "eigenvalues": [4.675338689249817, -4.320386869202394]}, "11": {"diameter": 3, "conjugate_isogenous_pairs": 3, "eigenvalues": [6.154870085423913, -6.299727380807541]}}}