{"prime": 13613, "nodes": 1135, "minpoly": "x^2 + 13612*x + 2", "spine": 61, "undirected": false, "ell": {"2": {"diameter": 15, "conjugate_isogenous_pairs": 34, "eigenvalues": [2.81751459270999, -2.8107705410436172]}, "3": {"diameter": 9, "conjugate_isogenous_pairs": 80, "eigenvalues": [3.4308270480688243, -3.445711179138943]}, "5": {"diameter": 7, "conjugate_isogenous_pairs": 25, "eigenvalues": [4.462521416415078, -4.465311537583783]}, "7": {"diameter": 6, "conjugate_isogenous_pairs": 86, "eigenvalues": [5.2398113916849445, -5.265513799737731]}, "11": {"diameter": 5, "conjugate_isogenous_pairs": 74, "eigenvalues": [6.53872420817774, -6.509930598625931]}}}