{"prime": 25579, "nodes": 2132, "minpoly": "x^2 + 25575*x + 2", "spine": 46, "undirected": false, "ell": {"2": {"diameter": 14, "conjugate_isogenous_pairs": 37, "eigenvalues": [2.825334381538225, -2.81924403741704]}, "3": {"diameter": 10, "conjugate_isogenous_pairs": 37, "eigenvalues": [3.4485225593106827, -3.4477981876426838]}, "5": {"diameter": 7, "conjugate_isogenous_pairs": 196, "eigenvalues": [4.459046521382241, -4.456644796442163]}, "7": {"diameter": 6, "conjugate_isogenous_pairs": 55, "eigenvalues": [5.236067545645028, -5.276208323408604]}, "11": {"diameter": 5, "conjugate_isogenous_pairs": 144, "eigenvalues": [6.5836119276606615, -6.6318631790313525]}}}