{"prime": 19913, "nodes": 1660, "minpoly": "x^2 + 19907*x + 3", "spine": 56, "undirected": false, "ell": {"2": {"diameter": 15, "conjugate_isogenous_pairs": 32, "eigenvalues": [2.8165601668702296, -2.8157853049271018]}, "3": {"diameter": 10, "conjugate_isogenous_pairs": 68, "eigenvalues": [3.4585553986290005, -3.4510290913840067]}, "5": {"diameter": 7, "conjugate_isogenous_pairs": 31, "eigenvalues": [4.415254585258179, -4.388930456446022]}, "7": {"diameter": 6, "conjugate_isogenous_pairs": 233, "eigenvalues": [5.2742892060872295, -5.227534825810684]}, "11": {"diameter": 5, "conjugate_isogenous_pairs": 68, "eigenvalues": [6.594479154881543, -6.602889020303631]}}}