{"prime": 41, "nodes": 4, "minpoly": "x^2 + 38*x + 6", "spine": 4, "undirected": false, "ell": {"2": {"diameter": 3, "conjugate_isogenous_pairs": 0, "eigenvalues": [1.9032119259115534, -2.7092753594369228]}, "3": {"diameter": 2, "conjugate_isogenous_pairs": 0, "eigenvalues": [1.6751308705666461, -2.214319743377535]}, "5": {"diameter": 2, "conjugate_isogenous_pairs": 0, "eigenvalues": [1.709275359436921, -2.9032119259115543]}, "7": {"diameter": 2, "conjugate_isogenous_pairs": 0, "eigenvalues": [4.2143197433775335, 0.32486912943335405]}, "11": {"diameter": 2, "conjugate_isogenous_pairs": 0, "eigenvalues": [3.8009841004411786, -4.6375194787506775]}}}