{"prime": 16267, "nodes": 1356, "minpoly": "x^2 + 16254*x + 3", "spine": 46, "undirected": false, "ell": {"2": {"diameter": 14, "conjugate_isogenous_pairs": 65, "eigenvalues": [2.820699229633621, -2.824213677426478]}, "3": {"diameter": 9, "conjugate_isogenous_pairs": 33, "eigenvalues": [3.4521645599390895, -3.441840657921091]}, "5": {"diameter": 7, "conjugate_isogenous_pairs": 103, "eigenvalues": [4.442696439792826, -4.4554950238940325]}, "7": {"diameter": 5, "conjugate_isogenous_pairs": 55, "eigenvalues": [5.2632720968664, -5.276795763062226]}, "11": {"diameter": 5, "conjugate_isogenous_pairs": 69, "eigenvalues": [6.593715622665529, -6.581532730568441]}}}