{"prime": 13147, "nodes": 1096, "minpoly": "x^2 + 13143*x + 2", "spine": 30, "undirected": false, "ell": {"2": {"diameter": 13, "conjugate_isogenous_pairs": 32, "eigenvalues": [2.8147892620379964, -2.820306690307583]}, "3": {"diameter": 9, "conjugate_isogenous_pairs": 55, "eigenvalues": [3.432009653173028, -3.448662561000206]}, "5": {"diameter": 7, "conjugate_isogenous_pairs": 142, "eigenvalues": [4.45895873006343, -4.439235322023383]}, "7": {"diameter": 5, "conjugate_isogenous_pairs": 36, "eigenvalues": [5.252514713844534, -5.233559769523111]}, "11": {"diameter": 5, "conjugate_isogenous_pairs": 70, "eigenvalues": [6.5829129563143445, -6.552293972759216]}}}