{"prime": 16879, "nodes": 1407, "minpoly": "x^2 + 16877*x + 3", "spine": 63, "undirected": false, "ell": {"2": {"diameter": 14, "conjugate_isogenous_pairs": 43, "eigenvalues": [2.826987449031941, -2.815119941500261]}, "3": {"diameter": 9, "conjugate_isogenous_pairs": 32, "eigenvalues": [3.4612340859977127, -3.4415295783465396]}, "5": {"diameter": 7, "conjugate_isogenous_pairs": 89, "eigenvalues": [4.4680188430054, -4.377262806094296]}, "7": {"diameter": 6, "conjugate_isogenous_pairs": 42, "eigenvalues": [5.243896956677581, -5.251989855576626]}, "11": {"diameter": 5, "conjugate_isogenous_pairs": 96, "eigenvalues": [6.534684598503724, -6.604305791441076]}}}