{"prime": 16097, "nodes": 1342, "minpoly": "x^2 + 16091*x + 3", "spine": 42, "undirected": false, "ell": {"2": {"diameter": 14, "conjugate_isogenous_pairs": 33, "eigenvalues": [2.8275547939035377, -2.8115284997817276]}, "3": {"diameter": 10, "conjugate_isogenous_pairs": 71, "eigenvalues": [3.4485142134618654, -3.44745198816717]}, "5": {"diameter": 7, "conjugate_isogenous_pairs": 31, "eigenvalues": [4.45488860816716, -4.431253993248893]}, "7": {"diameter": 6, "conjugate_isogenous_pairs": 153, "eigenvalues": [5.242514465118494, -5.237243347084757]}, "11": {"diameter": 5, "conjugate_isogenous_pairs": 40, "eigenvalues": [6.592598581785923, -6.603704057608387]}}}