{"prime": 27851, "nodes": 2322, "minpoly": "x^2 + 27850*x + 2", "spine": 150, "undirected": false, "ell": {"2": {"diameter": 15, "conjugate_isogenous_pairs": 28, "eigenvalues": [2.8274439012948096, -2.8249001139323093]}, "3": {"diameter": 10, "conjugate_isogenous_pairs": 37, "eigenvalues": [3.427267988250032, -3.451909914936531]}, "5": {"diameter": 7, "conjugate_isogenous_pairs": 73, "eigenvalues": [4.428846396710435, -4.45831910542275]}, "7": {"diameter": 6, "conjugate_isogenous_pairs": 75, "eigenvalues": [5.263646871830745, -5.279843273256515]}, "11": {"diameter": 5, "conjugate_isogenous_pairs": 112, "eigenvalues": [6.60584431782618, -6.617578312497845]}}}