{"prime": 5281, "nodes": 440, "minpoly": "x^2 + 5278*x + 7", "spine": 26, "undirected": true, "ell": {"2": {"diameter": 12, "conjugate_isogenous_pairs": 24, "eigenvalues": [2.8172923362193942, -2.8209073180539206]}, "3": {"diameter": 8, "conjugate_isogenous_pairs": 24, "eigenvalues": [3.440484366964178, -3.4189234456351727]}, "5": {"diameter": 5, "conjugate_isogenous_pairs": 30, "eigenvalues": [4.348679110215908, -4.433868128038577]}, "7": {"diameter": 5, "conjugate_isogenous_pairs": 42, "eigenvalues": [5.275890298691184, -5.26212478100858]}, "11": {"diameter": 4, "conjugate_isogenous_pairs": 92, "eigenvalues": [6.5122029853912125, -6.411853883021787]}}}