{"prime": 7541, "nodes": 629, "minpoly": "x^2 + 7537*x + 2", "spine": 49, "undirected": false, "ell": {"2": {"diameter": 13, "conjugate_isogenous_pairs": 8, "eigenvalues": [2.819246264407057, -2.813021287891794]}, "3": {"diameter": 9, "conjugate_isogenous_pairs": 61, "eigenvalues": [3.4400788058448715, -3.4499326255579024]}, "5": {"diameter": 6, "conjugate_isogenous_pairs": 21, "eigenvalues": [4.408518425401156, -4.3959317242627485]}, "7": {"diameter": 5, "conjugate_isogenous_pairs": 56, "eigenvalues": [5.1435803757694565, -5.261065396802024]}, "11": {"diameter": 4, "conjugate_isogenous_pairs": 70, "eigenvalues": [6.597836014628241, -6.568304656490955]}}}