{"prime": 16661, "nodes": 1389, "minpoly": "x^2 + 16656*x + 10", "spine": 67, "undirected": false, "ell": {"2": {"diameter": 14, "conjugate_isogenous_pairs": 17, "eigenvalues": [2.8150260274994126, -2.819916551669606]}, "3": {"diameter": 10, "conjugate_isogenous_pairs": 71, "eigenvalues": [3.4571731388697833, -3.4437376478521826]}, "5": {"diameter": 7, "conjugate_isogenous_pairs": 40, "eigenvalues": [4.4608983734392655, -4.431208885973505]}, "7": {"diameter": 6, "conjugate_isogenous_pairs": 75, "eigenvalues": [5.215025680371363, -5.256404310216795]}, "11": {"diameter": 5, "conjugate_isogenous_pairs": 115, "eigenvalues": [6.546009222831304, -6.591869163191873]}}}