{"prime": 20063, "nodes": 1673, "minpoly": "x^2 + 20062*x + 5", "spine": 131, "undirected": false, "ell": {"2": {"diameter": 14, "conjugate_isogenous_pairs": 21, "eigenvalues": [2.8192094570599977, -2.8217094254132373]}, "3": {"diameter": 11, "conjugate_isogenous_pairs": 70, "eigenvalues": [3.4502593494715197, -3.439961305911879]}, "5": {"diameter": 7, "conjugate_isogenous_pairs": 54, "eigenvalues": [4.4357802226449525, -4.423423411336952]}, "7": {"diameter": 6, "conjugate_isogenous_pairs": 114, "eigenvalues": [5.280616421267922, -5.276758010628515]}, "11": {"diameter": 5, "conjugate_isogenous_pairs": 37, "eigenvalues": [6.5908812037304, -6.6121234649347045]}}}