{"prime": 14407, "nodes": 1201, "minpoly": "x^2 + 14405*x + 19", "spine": 55, "undirected": false, "ell": {"2": {"diameter": 14, "conjugate_isogenous_pairs": 39, "eigenvalues": [2.8262056720907336, -2.8215309639828225]}, "3": {"diameter": 9, "conjugate_isogenous_pairs": 40, "eigenvalues": [3.4127675007790246, -3.4554180964082137]}, "5": {"diameter": 7, "conjugate_isogenous_pairs": 103, "eigenvalues": [4.440850530277423, -4.4241378500236035]}, "7": {"diameter": 6, "conjugate_isogenous_pairs": 37, "eigenvalues": [5.240461457660304, -5.2700769990117955]}, "11": {"diameter": 5, "conjugate_isogenous_pairs": 56, "eigenvalues": [6.564192499173262, -6.495481812334491]}}}