{"prime": 20047, "nodes": 1671, "minpoly": "x^2 + 20045*x + 3", "spine": 79, "undirected": false, "ell": {"2": {"diameter": 15, "conjugate_isogenous_pairs": 77, "eigenvalues": [2.8239639482859156, -2.819811145740002]}, "3": {"diameter": 9, "conjugate_isogenous_pairs": 36, "eigenvalues": [3.4461870157055388, -3.4380203316685027]}, "5": {"diameter": 7, "conjugate_isogenous_pairs": 74, "eigenvalues": [4.4510987116044305, -4.468753561459993]}, "7": {"diameter": 6, "conjugate_isogenous_pairs": 48, "eigenvalues": [5.288302094955534, -5.252812320750443]}, "11": {"diameter": 5, "conjugate_isogenous_pairs": 93, "eigenvalues": [6.576410393198244, -6.5764174792837204]}}}