{"prime": 13171, "nodes": 1098, "minpoly": "x^2 + 13155*x + 11", "spine": 42, "undirected": false, "ell": {"2": {"diameter": 13, "conjugate_isogenous_pairs": 41, "eigenvalues": [2.8113390334799937, -2.8127177986835594]}, "3": {"diameter": 9, "conjugate_isogenous_pairs": 27, "eigenvalues": [3.4436464288241755, -3.435053634643573]}, "5": {"diameter": 7, "conjugate_isogenous_pairs": 127, "eigenvalues": [4.457385380725664, -4.418723595475625]}, "7": {"diameter": 5, "conjugate_isogenous_pairs": 36, "eigenvalues": [5.281541682850104, -5.273842559933258]}, "11": {"diameter": 5, "conjugate_isogenous_pairs": 82, "eigenvalues": [6.611029358663104, -6.576732015200624]}}}