{"prime": 2819, "nodes": 236, "minpoly": "x^2 + 2814*x + 2", "spine": 42, "undirected": false, "ell": {"2": {"diameter": 13, "conjugate_isogenous_pairs": 8, "eigenvalues": [2.8055575292296653, -2.8013528752095636]}, "3": {"diameter": 8, "conjugate_isogenous_pairs": 8, "eigenvalues": [3.4376411434984875, -3.3623845453101606]}, "5": {"diameter": 6, "conjugate_isogenous_pairs": 24, "eigenvalues": [4.230052952239127, -4.367493185800399]}, "7": {"diameter": 5, "conjugate_isogenous_pairs": 34, "eigenvalues": [5.18448625922205, -5.132007448794516]}, "11": {"diameter": 4, "conjugate_isogenous_pairs": 28, "eigenvalues": [6.537682931421428, -6.387339056406168]}}}