{"prime": 29573, "nodes": 2465, "minpoly": "x^2 + 29572*x + 2", "spine": 73, "undirected": false, "ell": {"2": {"diameter": 15, "conjugate_isogenous_pairs": 43, "eigenvalues": [2.825997773902424, -2.8243847565118925]}, "3": {"diameter": 10, "conjugate_isogenous_pairs": 89, "eigenvalues": [3.4592722309633106, -3.4619622361367504]}, "5": {"diameter": 8, "conjugate_isogenous_pairs": 42, "eigenvalues": [4.415734863851625, -4.463167167991706]}, "7": {"diameter": 7, "conjugate_isogenous_pairs": 234, "eigenvalues": [5.2750559903020005, -5.252428427489765]}, "11": {"diameter": 5, "conjugate_isogenous_pairs": 138, "eigenvalues": [6.535745052935805, -6.610028973912047]}}}