{"prime": 8191, "nodes": 683, "minpoly": "x^2 + 8189*x + 17", "spine": 55, "undirected": false, "ell": {"2": {"diameter": 12, "conjugate_isogenous_pairs": 15, "eigenvalues": [2.808625529978905, -2.818765322261207]}, "3": {"diameter": 9, "conjugate_isogenous_pairs": 27, "eigenvalues": [3.4141257743057007, -3.439728083667978]}, "5": {"diameter": 6, "conjugate_isogenous_pairs": 82, "eigenvalues": [4.468258181003845, -4.3912012675547905]}, "7": {"diameter": 5, "conjugate_isogenous_pairs": 23, "eigenvalues": [5.192764776007781, -5.128730029457144]}, "11": {"diameter": 4, "conjugate_isogenous_pairs": 75, "eigenvalues": [6.550883977918757, -6.470760769977529]}}}