{"prime": 23399, "nodes": 1951, "minpoly": "x^2 + 23397*x + 17", "spine": 229, "undirected": false, "ell": {"2": {"diameter": 16, "conjugate_isogenous_pairs": 15, "eigenvalues": [2.827378375598491, -2.8228882721047204]}, "3": {"diameter": 10, "conjugate_isogenous_pairs": 33, "eigenvalues": [3.4530990683923686, -3.4468486790936184]}, "5": {"diameter": 7, "conjugate_isogenous_pairs": 51, "eigenvalues": [4.462193493084172, -4.414958784002111]}, "7": {"diameter": 6, "conjugate_isogenous_pairs": 76, "eigenvalues": [5.282100717460949, -5.264166497644354]}, "11": {"diameter": 5, "conjugate_isogenous_pairs": 93, "eigenvalues": [6.627240115519432, -6.596010581056232]}}}