{"prime": 25999, "nodes": 2167, "minpoly": "x^2 + 25987*x + 7", "spine": 97, "undirected": false, "ell": {"2": {"diameter": 15, "conjugate_isogenous_pairs": 31, "eigenvalues": [2.825923663226715, -2.8142487963431577]}, "3": {"diameter": 10, "conjugate_isogenous_pairs": 51, "eigenvalues": [3.4530999179308255, -3.439202997879924]}, "5": {"diameter": 7, "conjugate_isogenous_pairs": 135, "eigenvalues": [4.459130430107627, -4.45964059169103]}, "7": {"diameter": 6, "conjugate_isogenous_pairs": 38, "eigenvalues": [5.26761411674687, -5.261406594387016]}, "11": {"diameter": 5, "conjugate_isogenous_pairs": 126, "eigenvalues": [6.599975918320946, -6.528839854659297]}}}