{"prime": 229, "nodes": 19, "minpoly": "x^2 + 228*x + 6", "spine": 5, "undirected": true, "ell": {"2": {"diameter": 6, "conjugate_isogenous_pairs": 5, "eigenvalues": [2.6467034154667677, -2.6059176986414316]}, "3": {"diameter": 5, "conjugate_isogenous_pairs": 4, "eigenvalues": [3.235924573482198, -2.8964342553286646]}, "5": {"diameter": 3, "conjugate_isogenous_pairs": 5, "eigenvalues": [4.102930909639092, -4.302265412378548]}, "7": {"diameter": 3, "conjugate_isogenous_pairs": 4, "eigenvalues": [4.775965581464729, -3.964246048336916]}, "11": {"diameter": 2, "conjugate_isogenous_pairs": 7, "eigenvalues": [6.000510914807182, -5.919900348907246]}}}