{"prime": 15131, "nodes": 1262, "minpoly": "x^2 + 15127*x + 2", "spine": 110, "undirected": false, "ell": {"2": {"diameter": 14, "conjugate_isogenous_pairs": 17, "eigenvalues": [2.82615229850191, -2.825065241362173]}, "3": {"diameter": 9, "conjugate_isogenous_pairs": 37, "eigenvalues": [3.4504648930472075, -3.4370543500719823]}, "5": {"diameter": 7, "conjugate_isogenous_pairs": 77, "eigenvalues": [4.452645296147207, -4.430400135716063]}, "7": {"diameter": 6, "conjugate_isogenous_pairs": 51, "eigenvalues": [5.254441071159824, -5.184011436541024]}, "11": {"diameter": 5, "conjugate_isogenous_pairs": 38, "eigenvalues": [6.6273833152846535, -6.604297716128489]}}}