{"prime": 26249, "nodes": 2188, "minpoly": "x^2 + 26244*x + 3", "spine": 114, "undirected": false, "ell": {"2": {"diameter": 15, "conjugate_isogenous_pairs": 29, "eigenvalues": [2.8255300802120167, -2.823935134630084]}, "3": {"diameter": 11, "conjugate_isogenous_pairs": 29, "eigenvalues": [3.4446012044945684, -3.4468906041667813]}, "5": {"diameter": 7, "conjugate_isogenous_pairs": 39, "eigenvalues": [4.439964202816164, -4.459004717680711]}, "7": {"diameter": 6, "conjugate_isogenous_pairs": 207, "eigenvalues": [5.279523924945303, -5.262217659909091]}, "11": {"diameter": 5, "conjugate_isogenous_pairs": 110, "eigenvalues": [6.600863043678934, -6.625780922772641]}}}