{"prime": 17977, "nodes": 1498, "minpoly": "x^2 + 17976*x + 5", "spine": 20, "undirected": true, "ell": {"2": {"diameter": 14, "conjugate_isogenous_pairs": 66, "eigenvalues": [2.8178236307012647, -2.823872904856469]}, "3": {"diameter": 9, "conjugate_isogenous_pairs": 58, "eigenvalues": [3.4511534464478353, -3.437291424851329]}, "5": {"diameter": 7, "conjugate_isogenous_pairs": 67, "eigenvalues": [4.460574325058155, -4.44495036847689]}, "7": {"diameter": 6, "conjugate_isogenous_pairs": 108, "eigenvalues": [5.264346461669199, -5.276621242707972]}, "11": {"diameter": 5, "conjugate_isogenous_pairs": 107, "eigenvalues": [6.524428084358937, -6.598097804064384]}}}