{"prime": 4259, "nodes": 356, "minpoly": "x^2 + 4246*x + 2", "spine": 70, "undirected": false, "ell": {"2": {"diameter": 12, "conjugate_isogenous_pairs": 9, "eigenvalues": [2.8169118481441857, -2.8180186203749202]}, "3": {"diameter": 8, "conjugate_isogenous_pairs": 9, "eigenvalues": [3.418881563369729, -3.378947153392001]}, "5": {"diameter": 6, "conjugate_isogenous_pairs": 34, "eigenvalues": [4.404109497579429, -4.394234786383883]}, "7": {"diameter": 5, "conjugate_isogenous_pairs": 31, "eigenvalues": [5.128463385960602, -5.145895368586554]}, "11": {"diameter": 4, "conjugate_isogenous_pairs": 28, "eigenvalues": [6.557215229127051, -6.275803472248404]}}}