{"prime": 29129, "nodes": 2428, "minpoly": "x^2 + 29123*x + 3", "spine": 104, "undirected": false, "ell": {"2": {"diameter": 15, "conjugate_isogenous_pairs": 21, "eigenvalues": [2.8262543942280387, -2.825390560992629]}, "3": {"diameter": 10, "conjugate_isogenous_pairs": 61, "eigenvalues": [3.445494514609968, -3.448181084853294]}, "5": {"diameter": 7, "conjugate_isogenous_pairs": 41, "eigenvalues": [4.435226822527426, -4.45166123137873]}, "7": {"diameter": 6, "conjugate_isogenous_pairs": 172, "eigenvalues": [5.225186882667681, -5.221065113371344]}, "11": {"diameter": 5, "conjugate_isogenous_pairs": 97, "eigenvalues": [6.614245085450228, -6.631928757625967]}}}