{"prime": 14683, "nodes": 1224, "minpoly": "x^2 + 14678*x + 3", "spine": 22, "undirected": false, "ell": {"2": {"diameter": 14, "conjugate_isogenous_pairs": 48, "eigenvalues": [2.8224256409765496, -2.8148141911746625]}, "3": {"diameter": 9, "conjugate_isogenous_pairs": 32, "eigenvalues": [3.4550953605946164, -3.452219185657415]}, "5": {"diameter": 7, "conjugate_isogenous_pairs": 161, "eigenvalues": [4.446084289309072, -4.471023830094064]}, "7": {"diameter": 6, "conjugate_isogenous_pairs": 58, "eigenvalues": [5.273671956250547, -5.2499217947899135]}, "11": {"diameter": 5, "conjugate_isogenous_pairs": 85, "eigenvalues": [6.589295147185042, -6.581662822437858]}}}