{"prime": 26263, "nodes": 2189, "minpoly": "x^2 + 26262*x + 3", "spine": 101, "undirected": false, "ell": {"2": {"diameter": 15, "conjugate_isogenous_pairs": 78, "eigenvalues": [2.8140447026194106, -2.821084952907803]}, "3": {"diameter": 10, "conjugate_isogenous_pairs": 51, "eigenvalues": [3.4574167379143907, -3.4601615530688314]}, "5": {"diameter": 7, "conjugate_isogenous_pairs": 73, "eigenvalues": [4.46168126507967, -4.4433688759742545]}, "7": {"diameter": 6, "conjugate_isogenous_pairs": 43, "eigenvalues": [5.28806833121478, -5.281166263449761]}, "11": {"diameter": 5, "conjugate_isogenous_pairs": 103, "eigenvalues": [6.573698463916354, -6.6085052153912756]}}}