{"prime": 13903, "nodes": 1159, "minpoly": "x^2 + 13902*x + 3", "spine": 49, "undirected": false, "ell": {"2": {"diameter": 13, "conjugate_isogenous_pairs": 40, "eigenvalues": [2.8129482747337176, -2.802762157028496]}, "3": {"diameter": 9, "conjugate_isogenous_pairs": 52, "eigenvalues": [3.4418620453229503, -3.455655248016463]}, "5": {"diameter": 6, "conjugate_isogenous_pairs": 116, "eigenvalues": [4.460093849684188, -4.44738111340912]}, "7": {"diameter": 6, "conjugate_isogenous_pairs": 55, "eigenvalues": [5.24634956854088, -5.223225309750711]}, "11": {"diameter": 5, "conjugate_isogenous_pairs": 68, "eigenvalues": [6.5962399910342775, -6.484669433757662]}}}