{"prime": 10067, "nodes": 840, "minpoly": "x^2 + 10063*x + 2", "spine": 42, "undirected": false, "ell": {"2": {"diameter": 13, "conjugate_isogenous_pairs": 15, "eigenvalues": [2.798457487920451, -2.8261647982065545]}, "3": {"diameter": 9, "conjugate_isogenous_pairs": 40, "eigenvalues": [3.421928592421807, -3.4555345512182143]}, "5": {"diameter": 6, "conjugate_isogenous_pairs": 80, "eigenvalues": [4.44257986016824, -4.417591936685632]}, "7": {"diameter": 6, "conjugate_isogenous_pairs": 82, "eigenvalues": [5.207515319662327, -5.2814837495899205]}, "11": {"diameter": 4, "conjugate_isogenous_pairs": 33, "eigenvalues": [6.533613883709608, -6.568584741842689]}}}