{"prime": 24533, "nodes": 2045, "minpoly": "x^2 + 24532*x + 2", "spine": 61, "undirected": false, "ell": {"2": {"diameter": 15, "conjugate_isogenous_pairs": 55, "eigenvalues": [2.8118167470351514, -2.8262172429798174]}, "3": {"diameter": 10, "conjugate_isogenous_pairs": 71, "eigenvalues": [3.455649600691956, -3.4558011834364155]}, "5": {"diameter": 7, "conjugate_isogenous_pairs": 32, "eigenvalues": [4.455647301742797, -4.4681390017516325]}, "7": {"diameter": 6, "conjugate_isogenous_pairs": 176, "eigenvalues": [5.2345270466586955, -5.273107473736217]}, "11": {"diameter": 5, "conjugate_isogenous_pairs": 98, "eigenvalues": [6.626866306486955, -6.610810918596992]}}}