{"prime": 7057, "nodes": 588, "minpoly": "x^2 + 7056*x + 5", "spine": 18, "undirected": true, "ell": {"2": {"diameter": 12, "conjugate_isogenous_pairs": 32, "eigenvalues": [2.80487566400101, -2.812510569100416]}, "3": {"diameter": 8, "conjugate_isogenous_pairs": 45, "eigenvalues": [3.431969571223618, -3.443186163098397]}, "5": {"diameter": 6, "conjugate_isogenous_pairs": 53, "eigenvalues": [4.437453219677353, -4.4140706783290415]}, "7": {"diameter": 5, "conjugate_isogenous_pairs": 50, "eigenvalues": [5.251681520473995, -5.2401595384866715]}, "11": {"diameter": 4, "conjugate_isogenous_pairs": 61, "eigenvalues": [6.497721106230848, -6.4867444705706285]}}}