{"prime": 16649, "nodes": 1388, "minpoly": "x^2 + 16643*x + 3", "spine": 102, "undirected": false, "ell": {"2": {"diameter": 14, "conjugate_isogenous_pairs": 15, "eigenvalues": [2.82012506683423, -2.825084228061825]}, "3": {"diameter": 10, "conjugate_isogenous_pairs": 52, "eigenvalues": [3.4580542679042754, -3.43920164088412]}, "5": {"diameter": 7, "conjugate_isogenous_pairs": 29, "eigenvalues": [4.376422335313548, -4.447512740227335]}, "7": {"diameter": 6, "conjugate_isogenous_pairs": 98, "eigenvalues": [5.248413071526124, -5.255734849721079]}, "11": {"diameter": 5, "conjugate_isogenous_pairs": 88, "eigenvalues": [6.5877113160714424, -6.579988966840318]}}}