{"prime": 1039, "nodes": 87, "minpoly": "x^2 + 1033*x + 3", "spine": 23, "undirected": false, "ell": {"2": {"diameter": 9, "conjugate_isogenous_pairs": 8, "eigenvalues": [2.7578993325312866, -2.815382748848674]}, "3": {"diameter": 6, "conjugate_isogenous_pairs": 4, "eigenvalues": [3.4210437636461224, -3.4141551101180627]}, "5": {"diameter": 5, "conjugate_isogenous_pairs": 11, "eigenvalues": [4.4114771901162255, -4.132496884567539]}, "7": {"diameter": 4, "conjugate_isogenous_pairs": 8, "eigenvalues": [5.022130866556002, -4.98142432009942]}, "11": {"diameter": 3, "conjugate_isogenous_pairs": 22, "eigenvalues": [6.532098590392746, -6.150203134188951]}}}