{"prime": 22109, "nodes": 1843, "minpoly": "x^2 + 22103*x + 2", "spine": 133, "undirected": false, "ell": {"2": {"diameter": 15, "conjugate_isogenous_pairs": 20, "eigenvalues": [2.8266245176294773, -2.817897035626726]}, "3": {"diameter": 10, "conjugate_isogenous_pairs": 55, "eigenvalues": [3.4550008681532316, -3.4485504144759482]}, "5": {"diameter": 7, "conjugate_isogenous_pairs": 40, "eigenvalues": [4.466762691997629, -4.458268372116329]}, "7": {"diameter": 6, "conjugate_isogenous_pairs": 71, "eigenvalues": [5.260103542729864, -5.2190432136063025]}, "11": {"diameter": 5, "conjugate_isogenous_pairs": 134, "eigenvalues": [6.565034289381618, -6.620251822154799]}}}