{"prime": 6047, "nodes": 505, "minpoly": "x^2 + 6044*x + 5", "spine": 71, "undirected": false, "ell": {"2": {"diameter": 13, "conjugate_isogenous_pairs": 20, "eigenvalues": [2.821410965983786, -2.8239297001509134]}, "3": {"diameter": 9, "conjugate_isogenous_pairs": 27, "eigenvalues": [3.462632726765349, -3.448287082589243]}, "5": {"diameter": 6, "conjugate_isogenous_pairs": 19, "eigenvalues": [4.409885552133795, -4.381575538220466]}, "7": {"diameter": 5, "conjugate_isogenous_pairs": 45, "eigenvalues": [5.222340339023074, -5.1025578876824005]}, "11": {"diameter": 4, "conjugate_isogenous_pairs": 31, "eigenvalues": [6.62915080056668, -6.598983121045667]}}}