{"prime": 12157, "nodes": 1013, "minpoly": "x^2 + 12156*x + 2", "spine": 27, "undirected": true, "ell": {"2": {"diameter": 13, "conjugate_isogenous_pairs": 56, "eigenvalues": [2.8281180566649287, -2.822428339694593]}, "3": {"diameter": 9, "conjugate_isogenous_pairs": 62, "eigenvalues": [3.4400985132312973, -3.4375773593819803]}, "5": {"diameter": 6, "conjugate_isogenous_pairs": 53, "eigenvalues": [4.412481693602098, -4.423593354268161]}, "7": {"diameter": 5, "conjugate_isogenous_pairs": 46, "eigenvalues": [5.273789890894273, -5.265311950552227]}, "11": {"diameter": 4, "conjugate_isogenous_pairs": 152, "eigenvalues": [6.5634568909160205, -6.588020442310854]}}}