{"prime": 14561, "nodes": 1214, "minpoly": "x^2 + 14558*x + 6", "spine": 70, "undirected": false, "ell": {"2": {"diameter": 14, "conjugate_isogenous_pairs": 15, "eigenvalues": [2.8155374669463944, -2.8184223304550104]}, "3": {"diameter": 9, "conjugate_isogenous_pairs": 48, "eigenvalues": [3.4608949258575854, -3.4297225820362676]}, "5": {"diameter": 7, "conjugate_isogenous_pairs": 35, "eigenvalues": [4.432500356067304, -4.462775186567726]}, "7": {"diameter": 6, "conjugate_isogenous_pairs": 94, "eigenvalues": [5.261849118887815, -5.2320242165475195]}, "11": {"diameter": 5, "conjugate_isogenous_pairs": 64, "eigenvalues": [6.561268136348906, -6.5375534340073065]}}}