{"prime": 25163, "nodes": 2098, "minpoly": "x^2 + 25159*x + 2", "spine": 90, "undirected": false, "ell": {"2": {"diameter": 15, "conjugate_isogenous_pairs": 31, "eigenvalues": [2.8222861350436896, -2.819285879310385]}, "3": {"diameter": 10, "conjugate_isogenous_pairs": 45, "eigenvalues": [3.449596541322924, -3.4366604048114255]}, "5": {"diameter": 7, "conjugate_isogenous_pairs": 87, "eigenvalues": [4.443015148684959, -4.44825732435263]}, "7": {"diameter": 6, "conjugate_isogenous_pairs": 136, "eigenvalues": [5.255583075118137, -5.268271981066035]}, "11": {"diameter": 5, "conjugate_isogenous_pairs": 68, "eigenvalues": [6.587525978104634, -6.608674492045061]}}}