{"prime": 8681, "nodes": 724, "minpoly": "x^2 + 8680*x + 15", "spine": 52, "undirected": false, "ell": {"2": {"diameter": 13, "conjugate_isogenous_pairs": 11, "eigenvalues": [2.8179778973962626, -2.808134447474578]}, "3": {"diameter": 9, "conjugate_isogenous_pairs": 48, "eigenvalues": [3.418048327449228, -3.43654918356812]}, "5": {"diameter": 6, "conjugate_isogenous_pairs": 23, "eigenvalues": [4.450524892154613, -4.44130367979878]}, "7": {"diameter": 5, "conjugate_isogenous_pairs": 66, "eigenvalues": [5.274867914136263, -5.255290657216007]}, "11": {"diameter": 4, "conjugate_isogenous_pairs": 43, "eigenvalues": [6.48350283301602, -6.473658899959602]}}}