{"prime": 26083, "nodes": 2174, "minpoly": "x^2 + 26081*x + 7", "spine": 34, "undirected": false, "ell": {"2": {"diameter": 15, "conjugate_isogenous_pairs": 52, "eigenvalues": [2.818396821349244, -2.81694342408476]}, "3": {"diameter": 10, "conjugate_isogenous_pairs": 61, "eigenvalues": [3.436011399506523, -3.4584987382749484]}, "5": {"diameter": 7, "conjugate_isogenous_pairs": 253, "eigenvalues": [4.43443694496149, -4.455797383121822]}, "7": {"diameter": 6, "conjugate_isogenous_pairs": 73, "eigenvalues": [5.2259972022163454, -5.254205775922527]}, "11": {"diameter": 5, "conjugate_isogenous_pairs": 99, "eigenvalues": [6.622790293831806, -6.614159485993183]}}}