{"prime": 16561, "nodes": 1380, "minpoly": "x^2 + 16558*x + 7", "spine": 42, "undirected": true, "ell": {"2": {"diameter": 14, "conjugate_isogenous_pairs": 28, "eigenvalues": [2.8113941464766126, -2.8231407353577676]}, "3": {"diameter": 9, "conjugate_isogenous_pairs": 35, "eigenvalues": [3.4397885608963223, -3.4397042158944737]}, "5": {"diameter": 7, "conjugate_isogenous_pairs": 60, "eigenvalues": [4.4390088733361175, -4.461802604855132]}, "7": {"diameter": 5, "conjugate_isogenous_pairs": 67, "eigenvalues": [5.2049768515748855, -5.188850353439202]}, "11": {"diameter": 5, "conjugate_isogenous_pairs": 207, "eigenvalues": [6.617727245551541, -6.615251746849491]}}}