{"prime": 28687, "nodes": 2391, "minpoly": "x^2 + 28684*x + 6", "spine": 71, "undirected": false, "ell": {"2": {"diameter": 15, "conjugate_isogenous_pairs": 52, "eigenvalues": [2.8232619950406868, -2.8202787500577524]}, "3": {"diameter": 10, "conjugate_isogenous_pairs": 76, "eigenvalues": [3.4536023333655694, -3.4487708534561907]}, "5": {"diameter": 7, "conjugate_isogenous_pairs": 127, "eigenvalues": [4.469912468507286, -4.468725340939021]}, "7": {"diameter": 6, "conjugate_isogenous_pairs": 59, "eigenvalues": [5.224598123004123, -5.261406688152478]}, "11": {"diameter": 5, "conjugate_isogenous_pairs": 80, "eigenvalues": [6.596005970658375, -6.628460789165926]}}}