{"prime": 15173, "nodes": 1265, "minpoly": "x^2 + 15169*x + 2", "spine": 39, "undirected": false, "ell": {"2": {"diameter": 14, "conjugate_isogenous_pairs": 21, "eigenvalues": [2.8212758938601503, -2.8101352807224003]}, "3": {"diameter": 10, "conjugate_isogenous_pairs": 80, "eigenvalues": [3.4596391160330078, -3.4421021389270043]}, "5": {"diameter": 7, "conjugate_isogenous_pairs": 31, "eigenvalues": [4.4640239396044175, -4.4680084735011745]}, "7": {"diameter": 6, "conjugate_isogenous_pairs": 150, "eigenvalues": [5.238736444794519, -5.23385176887148]}, "11": {"diameter": 5, "conjugate_isogenous_pairs": 69, "eigenvalues": [6.604589528069548, -6.573231067579597]}}}