{"prime": 16217, "nodes": 1352, "minpoly": "x^2 + 16209*x + 3", "spine": 52, "undirected": false, "ell": {"2": {"diameter": 15, "conjugate_isogenous_pairs": 28, "eigenvalues": [2.815112284505426, -2.8186322931652676]}, "3": {"diameter": 10, "conjugate_isogenous_pairs": 36, "eigenvalues": [3.4572281739336614, -3.460351139641136]}, "5": {"diameter": 7, "conjugate_isogenous_pairs": 28, "eigenvalues": [4.435971758266156, -4.448724653639161]}, "7": {"diameter": 6, "conjugate_isogenous_pairs": 227, "eigenvalues": [5.260000992017867, -5.283210543030026]}, "11": {"diameter": 5, "conjugate_isogenous_pairs": 77, "eigenvalues": [6.5530540168607105, -6.567615372577355]}}}