{"prime": 11699, "nodes": 976, "minpoly": "x^2 + 11695*x + 2", "spine": 98, "undirected": false, "ell": {"2": {"diameter": 14, "conjugate_isogenous_pairs": 11, "eigenvalues": [2.823761773150945, -2.820019009822603]}, "3": {"diameter": 9, "conjugate_isogenous_pairs": 37, "eigenvalues": [3.425382355700246, -3.457542319895574]}, "5": {"diameter": 7, "conjugate_isogenous_pairs": 66, "eigenvalues": [4.46892306931121, -4.461016402018843]}, "7": {"diameter": 6, "conjugate_isogenous_pairs": 45, "eigenvalues": [5.276584760053382, -5.2831238794351485]}, "11": {"diameter": 5, "conjugate_isogenous_pairs": 47, "eigenvalues": [6.59467494660853, -6.619260130391024]}}}