{"prime": 26701, "nodes": 2225, "minpoly": "x^2 + 26700*x + 22", "spine": 51, "undirected": true, "ell": {"2": {"diameter": 15, "conjugate_isogenous_pairs": 59, "eigenvalues": [2.825287049434459, -2.8181560611803644]}, "3": {"diameter": 10, "conjugate_isogenous_pairs": 80, "eigenvalues": [3.44937529676168, -3.452081956100168]}, "5": {"diameter": 7, "conjugate_isogenous_pairs": 64, "eigenvalues": [4.462604694158748, -4.468319334939524]}, "7": {"diameter": 6, "conjugate_isogenous_pairs": 56, "eigenvalues": [5.2610268173620485, -5.27220145916545]}, "11": {"diameter": 5, "conjugate_isogenous_pairs": 313, "eigenvalues": [6.5692861894786345, -6.5710733931300425]}}}