{"prime": 13999, "nodes": 1167, "minpoly": "x^2 + 13998*x + 3", "spine": 91, "undirected": false, "ell": {"2": {"diameter": 14, "conjugate_isogenous_pairs": 44, "eigenvalues": [2.8274245039890666, -2.8250698087428114]}, "3": {"diameter": 9, "conjugate_isogenous_pairs": 19, "eigenvalues": [3.445546320441794, -3.440820185105042]}, "5": {"diameter": 7, "conjugate_isogenous_pairs": 65, "eigenvalues": [4.469688007044072, -4.453148324096866]}, "7": {"diameter": 6, "conjugate_isogenous_pairs": 28, "eigenvalues": [5.203497347348269, -5.247756681944894]}, "11": {"diameter": 4, "conjugate_isogenous_pairs": 132, "eigenvalues": [6.580870389458232, -6.582439029013128]}}}