{"prime": 2267, "nodes": 190, "minpoly": "x^2 + 2266*x + 2", "spine": 22, "undirected": false, "ell": {"2": {"diameter": 11, "conjugate_isogenous_pairs": 12, "eigenvalues": [2.824277770762846, -2.79551337227906]}, "3": {"diameter": 7, "conjugate_isogenous_pairs": 14, "eigenvalues": [3.29814410462225, -3.4011550572678377]}, "5": {"diameter": 5, "conjugate_isogenous_pairs": 20, "eigenvalues": [4.191327731879506, -4.471122033135134]}, "7": {"diameter": 5, "conjugate_isogenous_pairs": 39, "eigenvalues": [5.095339968442171, -4.996704306286161]}, "11": {"diameter": 4, "conjugate_isogenous_pairs": 17, "eigenvalues": [6.543415036500403, -6.507672199437289]}}}