{"prime": 8779, "nodes": 732, "minpoly": "x^2 + 8778*x + 11", "spine": 30, "undirected": false, "ell": {"2": {"diameter": 13, "conjugate_isogenous_pairs": 23, "eigenvalues": [2.8137918049354416, -2.8085995952801173]}, "3": {"diameter": 8, "conjugate_isogenous_pairs": 29, "eigenvalues": [3.448900791631067, -3.434910743499869]}, "5": {"diameter": 6, "conjugate_isogenous_pairs": 97, "eigenvalues": [4.444667855894417, -4.43438156054565]}, "7": {"diameter": 5, "conjugate_isogenous_pairs": 23, "eigenvalues": [5.2708262230411345, -5.27638752406693]}, "11": {"diameter": 4, "conjugate_isogenous_pairs": 73, "eigenvalues": [6.619043121817, -6.514243815953492]}}}