{"prime": 463, "nodes": 39, "minpoly": "x^2 + 461*x + 3", "spine": 7, "undirected": false, "ell": {"2": {"diameter": 8, "conjugate_isogenous_pairs": 8, "eigenvalues": [2.7726863705762645, -2.8092265105391108]}, "3": {"diameter": 5, "conjugate_isogenous_pairs": 5, "eigenvalues": [3.112065388877365, -3.3005992375971975]}, "5": {"diameter": 4, "conjugate_isogenous_pairs": 12, "eigenvalues": [4.1876905897894945, -4.193835913427739]}, "7": {"diameter": 4, "conjugate_isogenous_pairs": 9, "eigenvalues": [4.273935757361119, -5.0866099409803445]}, "11": {"diameter": 3, "conjugate_isogenous_pairs": 7, "eigenvalues": [5.520458431515316, -6.066123845709611]}}}