{"prime": 4591, "nodes": 383, "minpoly": "x^2 + 4590*x + 11", "spine": 49, "undirected": false, "ell": {"2": {"diameter": 12, "conjugate_isogenous_pairs": 26, "eigenvalues": [2.801254263660413, -2.8223638081419407]}, "3": {"diameter": 8, "conjugate_isogenous_pairs": 10, "eigenvalues": [3.422737401160636, -3.436850032721007]}, "5": {"diameter": 6, "conjugate_isogenous_pairs": 39, "eigenvalues": [4.39863787933054, -4.373628838491209]}, "7": {"diameter": 5, "conjugate_isogenous_pairs": 16, "eigenvalues": [5.096632858436984, -5.162838095191513]}, "11": {"diameter": 4, "conjugate_isogenous_pairs": 63, "eigenvalues": [6.3619468812846645, -6.616791117776349]}}}