{"prime": 887, "nodes": 75, "minpoly": "x^2 + 885*x + 5", "spine": 29, "undirected": false, "ell": {"2": {"diameter": 9, "conjugate_isogenous_pairs": 3, "eigenvalues": [2.7732705274406357, -2.7318520980312186]}, "3": {"diameter": 6, "conjugate_isogenous_pairs": 9, "eigenvalues": [3.336335087117962, -3.4047037743343402]}, "5": {"diameter": 5, "conjugate_isogenous_pairs": 6, "eigenvalues": [4.202581692941603, -4.307571712830372]}, "7": {"diameter": 4, "conjugate_isogenous_pairs": 14, "eigenvalues": [4.846273735149011, -5.0396861710067204]}, "11": {"diameter": 3, "conjugate_isogenous_pairs": 7, "eigenvalues": [6.333111967305494, -5.974970492835676]}}}