{"prime": 23333, "nodes": 1945, "minpoly": "x^2 + 23329*x + 2", "spine": 55, "undirected": false, "ell": {"2": {"diameter": 15, "conjugate_isogenous_pairs": 37, "eigenvalues": [2.8202065436938892, -2.8204427396176315]}, "3": {"diameter": 10, "conjugate_isogenous_pairs": 117, "eigenvalues": [3.462587913691344, -3.4569038478719616]}, "5": {"diameter": 7, "conjugate_isogenous_pairs": 46, "eigenvalues": [4.4638671305977615, -4.444766319088887]}, "7": {"diameter": 6, "conjugate_isogenous_pairs": 105, "eigenvalues": [5.223585542236458, -5.24518301849477]}, "11": {"diameter": 5, "conjugate_isogenous_pairs": 88, "eigenvalues": [6.570258690277156, -6.617125309029541]}}}