{"prime": 20477, "nodes": 1707, "minpoly": "x^2 + 20473*x + 2", "spine": 57, "undirected": false, "ell": {"2": {"diameter": 14, "conjugate_isogenous_pairs": 29, "eigenvalues": [2.8200011203589543, -2.8186608528969215]}, "3": {"diameter": 10, "conjugate_isogenous_pairs": 109, "eigenvalues": [3.4558280722003043, -3.4497126269879548]}, "5": {"diameter": 7, "conjugate_isogenous_pairs": 51, "eigenvalues": [4.442828512162599, -4.445752506938529]}, "7": {"diameter": 6, "conjugate_isogenous_pairs": 127, "eigenvalues": [5.257691178819867, -5.264860001817941]}, "11": {"diameter": 5, "conjugate_isogenous_pairs": 68, "eigenvalues": [6.582780463080829, -6.572755570773151]}}}