{"prime": 3697, "nodes": 308, "minpoly": "x^2 + 3692*x + 5", "spine": 10, "undirected": true, "ell": {"2": {"diameter": 11, "conjugate_isogenous_pairs": 28, "eigenvalues": [2.785696706163388, -2.803699510767688]}, "3": {"diameter": 8, "conjugate_isogenous_pairs": 30, "eigenvalues": [3.3792095117554024, -3.4268360433024614]}, "5": {"diameter": 5, "conjugate_isogenous_pairs": 24, "eigenvalues": [4.452944555449333, -4.323434804041119]}, "7": {"diameter": 5, "conjugate_isogenous_pairs": 47, "eigenvalues": [5.138430957714505, -5.165263868418094]}, "11": {"diameter": 4, "conjugate_isogenous_pairs": 50, "eigenvalues": [6.533207829060623, -6.496876855108966]}}}