{"prime": 20113, "nodes": 1676, "minpoly": "x^2 + 20112*x + 10", "spine": 24, "undirected": true, "ell": {"2": {"diameter": 14, "conjugate_isogenous_pairs": 73, "eigenvalues": [2.8199867169684345, -2.825095277359923]}, "3": {"diameter": 9, "conjugate_isogenous_pairs": 58, "eigenvalues": [3.4411626618696447, -3.46227255323111]}, "5": {"diameter": 7, "conjugate_isogenous_pairs": 74, "eigenvalues": [4.452246998141041, -4.460290237553106]}, "7": {"diameter": 6, "conjugate_isogenous_pairs": 99, "eigenvalues": [5.2286699780109736, -5.239966775334927]}, "11": {"diameter": 5, "conjugate_isogenous_pairs": 103, "eigenvalues": [6.607190782561495, -6.493057992847015]}}}