{"prime": 1693, "nodes": 141, "minpoly": "x^2 + 1692*x + 2", "spine": 11, "undirected": true, "ell": {"2": {"diameter": 10, "conjugate_isogenous_pairs": 14, "eigenvalues": [2.7924070206915164, -2.772707315834707]}, "3": {"diameter": 7, "conjugate_isogenous_pairs": 28, "eigenvalues": [3.399002922382424, -3.4204050454699453]}, "5": {"diameter": 5, "conjugate_isogenous_pairs": 15, "eigenvalues": [4.393052749814303, -4.2469796037174605]}, "7": {"diameter": 4, "conjugate_isogenous_pairs": 15, "eigenvalues": [4.778964250838888, -5.237595827115666]}, "11": {"diameter": 3, "conjugate_isogenous_pairs": 45, "eigenvalues": [6.4124287952560675, -6.611391957959027]}}}