{"prime": 8353, "nodes": 696, "minpoly": "x^2 + 8352*x + 5", "spine": 14, "undirected": true, "ell": {"2": {"diameter": 12, "conjugate_isogenous_pairs": 30, "eigenvalues": [2.8251210715689763, -2.821375083230339]}, "3": {"diameter": 8, "conjugate_isogenous_pairs": 42, "eigenvalues": [3.447296256763933, -3.440130942027667]}, "5": {"diameter": 6, "conjugate_isogenous_pairs": 66, "eigenvalues": [4.432546660533085, -4.454740141755346]}, "7": {"diameter": 5, "conjugate_isogenous_pairs": 92, "eigenvalues": [5.260720294022513, -5.192330430493006]}, "11": {"diameter": 4, "conjugate_isogenous_pairs": 78, "eigenvalues": [6.567895956224522, -6.5878164041788025]}}}