{"prime": 26591, "nodes": 2217, "minpoly": "x^2 + 26589*x + 22", "spine": 193, "undirected": false, "ell": {"2": {"diameter": 15, "conjugate_isogenous_pairs": 28, "eigenvalues": [2.8242809048282864, -2.8279841157667387]}, "3": {"diameter": 11, "conjugate_isogenous_pairs": 26, "eigenvalues": [3.4572152199040054, -3.4496110191289877]}, "5": {"diameter": 7, "conjugate_isogenous_pairs": 56, "eigenvalues": [4.4573517894345835, -4.426027350604034]}, "7": {"diameter": 6, "conjugate_isogenous_pairs": 109, "eigenvalues": [5.230161723238928, -5.269050567179521]}, "11": {"diameter": 5, "conjugate_isogenous_pairs": 115, "eigenvalues": [6.5742657789811565, -6.578262269654708]}}}