{"prime": 17911, "nodes": 1493, "minpoly": "x^2 + 17909*x + 3", "spine": 93, "undirected": false, "ell": {"2": {"diameter": 14, "conjugate_isogenous_pairs": 41, "eigenvalues": [2.809828730380903, -2.8256270999812547]}, "3": {"diameter": 10, "conjugate_isogenous_pairs": 28, "eigenvalues": [3.454140238431258, -3.451175099029109]}, "5": {"diameter": 7, "conjugate_isogenous_pairs": 78, "eigenvalues": [4.468974969282977, -4.431484139390745]}, "7": {"diameter": 6, "conjugate_isogenous_pairs": 41, "eigenvalues": [5.267566827494404, -5.262246471932087]}, "11": {"diameter": 5, "conjugate_isogenous_pairs": 153, "eigenvalues": [6.613265970615028, -6.621646439639504]}}}