{"prime": 15269, "nodes": 1273, "minpoly": "x^2 + 15262*x + 2", "spine": 57, "undirected": false, "ell": {"2": {"diameter": 14, "conjugate_isogenous_pairs": 16, "eigenvalues": [2.8233614361340313, -2.823509467153202]}, "3": {"diameter": 9, "conjugate_isogenous_pairs": 68, "eigenvalues": [3.4377042325023144, -3.4560830319882547]}, "5": {"diameter": 7, "conjugate_isogenous_pairs": 38, "eigenvalues": [4.450254301614957, -4.415329614201031]}, "7": {"diameter": 6, "conjugate_isogenous_pairs": 114, "eigenvalues": [5.253378169248432, -5.27083435263415]}, "11": {"diameter": 5, "conjugate_isogenous_pairs": 115, "eigenvalues": [6.589319309028274, -6.609976208773306]}}}