{"prime": 17333, "nodes": 1445, "minpoly": "x^2 + 17329*x + 2", "spine": 45, "undirected": false, "ell": {"2": {"diameter": 14, "conjugate_isogenous_pairs": 22, "eigenvalues": [2.8107745943257587, -2.8148328622577212]}, "3": {"diameter": 10, "conjugate_isogenous_pairs": 131, "eigenvalues": [3.4596139357976856, -3.4491579130338588]}, "5": {"diameter": 7, "conjugate_isogenous_pairs": 47, "eigenvalues": [4.469904630699563, -4.428196504132081]}, "7": {"diameter": 6, "conjugate_isogenous_pairs": 92, "eigenvalues": [5.287220640139756, -5.26492117491582]}, "11": {"diameter": 5, "conjugate_isogenous_pairs": 62, "eigenvalues": [6.601794655509294, -6.601704340559487]}}}