{"prime": 5711, "nodes": 477, "minpoly": "x^2 + 5710*x + 19", "spine": 109, "undirected": false, "ell": {"2": {"diameter": 12, "conjugate_isogenous_pairs": 10, "eigenvalues": [2.793054649850845, -2.802616286975011]}, "3": {"diameter": 9, "conjugate_isogenous_pairs": 19, "eigenvalues": [3.4510264348483646, -3.462887487280169]}, "5": {"diameter": 6, "conjugate_isogenous_pairs": 16, "eigenvalues": [4.403821321323846, -4.433109947539207]}, "7": {"diameter": 5, "conjugate_isogenous_pairs": 24, "eigenvalues": [5.259325704965745, -5.177717921813123]}, "11": {"diameter": 4, "conjugate_isogenous_pairs": 32, "eigenvalues": [6.6110590857212825, -6.604271852408036]}}}