{"prime": 5237, "nodes": 437, "minpoly": "x^2 + 5235*x + 3", "spine": 23, "undirected": false, "ell": {"2": {"diameter": 12, "conjugate_isogenous_pairs": 15, "eigenvalues": [2.8117281750255887, -2.8098151842254664]}, "3": {"diameter": 8, "conjugate_isogenous_pairs": 40, "eigenvalues": [3.4492941099713987, -3.4425348848453847]}, "5": {"diameter": 6, "conjugate_isogenous_pairs": 18, "eigenvalues": [4.409053338524384, -4.408247225578629]}, "7": {"diameter": 5, "conjugate_isogenous_pairs": 80, "eigenvalues": [5.287986243155513, -5.1880639681670795]}, "11": {"diameter": 4, "conjugate_isogenous_pairs": 43, "eigenvalues": [6.5275066116091285, -6.52965850752916]}}}