{"prime": 18307, "nodes": 1526, "minpoly": "x^2 + 18306*x + 11", "spine": 34, "undirected": false, "ell": {"2": {"diameter": 14, "conjugate_isogenous_pairs": 60, "eigenvalues": [2.8234105492579284, -2.8253543769199614]}, "3": {"diameter": 9, "conjugate_isogenous_pairs": 46, "eigenvalues": [3.4470087160939213, -3.457931879030365]}, "5": {"diameter": 7, "conjugate_isogenous_pairs": 135, "eigenvalues": [4.424011931757673, -4.451535456955751]}, "7": {"diameter": 5, "conjugate_isogenous_pairs": 52, "eigenvalues": [5.272396393788978, -5.266874988333627]}, "11": {"diameter": 5, "conjugate_isogenous_pairs": 68, "eigenvalues": [6.578584803221946, -6.603722627521951]}}}