{"prime": 5273, "nodes": 440, "minpoly": "x^2 + 5268*x + 3", "spine": 20, "undirected": false, "ell": {"2": {"diameter": 13, "conjugate_isogenous_pairs": 15, "eigenvalues": [2.814834540273681, -2.806726250246467]}, "3": {"diameter": 8, "conjugate_isogenous_pairs": 23, "eigenvalues": [3.4446763757020187, -3.4232002997081588]}, "5": {"diameter": 6, "conjugate_isogenous_pairs": 29, "eigenvalues": [4.446739318007383, -4.376310387690136]}, "7": {"diameter": 5, "conjugate_isogenous_pairs": 118, "eigenvalues": [5.261798584965069, -5.263410077114862]}, "11": {"diameter": 4, "conjugate_isogenous_pairs": 29, "eigenvalues": [6.486822080171633, -6.550642806237296]}}}