{"prime": 28123, "nodes": 2344, "minpoly": "x^2 + 28119*x + 2", "spine": 50, "undirected": false, "ell": {"2": {"diameter": 15, "conjugate_isogenous_pairs": 49, "eigenvalues": [2.8162286842957003, -2.8247236876679693]}, "3": {"diameter": 10, "conjugate_isogenous_pairs": 83, "eigenvalues": [3.454528951424008, -3.4363705342419375]}, "5": {"diameter": 8, "conjugate_isogenous_pairs": 234, "eigenvalues": [4.461787660973069, -4.451026928637684]}, "7": {"diameter": 6, "conjugate_isogenous_pairs": 68, "eigenvalues": [5.249629619376152, -5.252649984872001]}, "11": {"diameter": 5, "conjugate_isogenous_pairs": 87, "eigenvalues": [6.552841025750936, -6.590218038404321]}}}