{"prime": 11353, "nodes": 946, "minpoly": "x^2 + 11350*x + 7", "spine": 24, "undirected": true, "ell": {"2": {"diameter": 13, "conjugate_isogenous_pairs": 55, "eigenvalues": [2.8271473376375926, -2.819853521661399]}, "3": {"diameter": 9, "conjugate_isogenous_pairs": 43, "eigenvalues": [3.452395928916695, -3.4490543990870313]}, "5": {"diameter": 6, "conjugate_isogenous_pairs": 39, "eigenvalues": [4.444144258224674, -4.395273403562407]}, "7": {"diameter": 5, "conjugate_isogenous_pairs": 80, "eigenvalues": [5.290312696752776, -5.218306912677251]}, "11": {"diameter": 4, "conjugate_isogenous_pairs": 110, "eigenvalues": [6.522732326739501, -6.507081345774616]}}}