{"prime": 15359, "nodes": 1281, "minpoly": "x^2 + 15357*x + 11", "spine": 111, "undirected": false, "ell": {"2": {"diameter": 14, "conjugate_isogenous_pairs": 19, "eigenvalues": [2.8244523868181477, -2.820803147955104]}, "3": {"diameter": 10, "conjugate_isogenous_pairs": 24, "eigenvalues": [3.4524349067898386, -3.458583655472123]}, "5": {"diameter": 7, "conjugate_isogenous_pairs": 36, "eigenvalues": [4.4463084995303115, -4.434118394678656]}, "7": {"diameter": 6, "conjugate_isogenous_pairs": 57, "eigenvalues": [5.288465235898783, -5.219368910749115]}, "11": {"diameter": 5, "conjugate_isogenous_pairs": 62, "eigenvalues": [6.579962914872706, -6.481704456933636]}}}