{"prime": 21487, "nodes": 1791, "minpoly": "x^2 + 21485*x + 3", "spine": 41, "undirected": false, "ell": {"2": {"diameter": 14, "conjugate_isogenous_pairs": 70, "eigenvalues": [2.8178213698952104, -2.8095691134174055]}, "3": {"diameter": 9, "conjugate_isogenous_pairs": 61, "eigenvalues": [3.455126175796553, -3.4506287271115115]}, "5": {"diameter": 7, "conjugate_isogenous_pairs": 84, "eigenvalues": [4.450414599518195, -4.4624358627250915]}, "7": {"diameter": 6, "conjugate_isogenous_pairs": 56, "eigenvalues": [5.227801210300001, -5.266245094235404]}, "11": {"diameter": 5, "conjugate_isogenous_pairs": 82, "eigenvalues": [6.605779039593515, -6.589171779514326]}}}