{"prime": 8543, "nodes": 713, "minpoly": "x^2 + 8541*x + 5", "spine": 97, "undirected": false, "ell": {"2": {"diameter": 13, "conjugate_isogenous_pairs": 20, "eigenvalues": [2.798127705890137, -2.800078762463893]}, "3": {"diameter": 9, "conjugate_isogenous_pairs": 27, "eigenvalues": [3.45208755678944, -3.4523417209631635]}, "5": {"diameter": 7, "conjugate_isogenous_pairs": 26, "eigenvalues": [4.464646828064165, -4.441039433871702]}, "7": {"diameter": 6, "conjugate_isogenous_pairs": 51, "eigenvalues": [5.242356608070656, -5.270534587800369]}, "11": {"diameter": 5, "conjugate_isogenous_pairs": 34, "eigenvalues": [6.591941348199903, -6.561631106400734]}}}