{"prime": 10333, "nodes": 861, "minpoly": "x^2 + 10328*x + 5", "spine": 13, "undirected": true, "ell": {"2": {"diameter": 13, "conjugate_isogenous_pairs": 42, "eigenvalues": [2.8089140970206534, -2.82411616626825]}, "3": {"diameter": 8, "conjugate_isogenous_pairs": 74, "eigenvalues": [3.4323375606836057, -3.4610412197918583]}, "5": {"diameter": 6, "conjugate_isogenous_pairs": 71, "eigenvalues": [4.436685257449879, -4.378002117236289]}, "7": {"diameter": 5, "conjugate_isogenous_pairs": 68, "eigenvalues": [5.267428771451814, -5.217506153674999]}, "11": {"diameter": 4, "conjugate_isogenous_pairs": 118, "eigenvalues": [6.605913644574641, -6.560379416402896]}}}