{"prime": 26339, "nodes": 2196, "minpoly": "x^2 + 26338*x + 2", "spine": 126, "undirected": false, "ell": {"2": {"diameter": 16, "conjugate_isogenous_pairs": 21, "eigenvalues": [2.8221580527686454, -2.8241666108106056]}, "3": {"diameter": 10, "conjugate_isogenous_pairs": 34, "eigenvalues": [3.4544221297656423, -3.4434712096564066]}, "5": {"diameter": 7, "conjugate_isogenous_pairs": 72, "eigenvalues": [4.445027189593261, -4.466549150271974]}, "7": {"diameter": 6, "conjugate_isogenous_pairs": 82, "eigenvalues": [5.262168766495012, -5.251973777930976]}, "11": {"diameter": 5, "conjugate_isogenous_pairs": 81, "eigenvalues": [6.579085756135072, -6.598302523063626]}}}