{"prime": 18539, "nodes": 1546, "minpoly": "x^2 + 18537*x + 6", "spine": 126, "undirected": false, "ell": {"2": {"diameter": 15, "conjugate_isogenous_pairs": 20, "eigenvalues": [2.8184874423344377, -2.818327491671794]}, "3": {"diameter": 10, "conjugate_isogenous_pairs": 26, "eigenvalues": [3.4347058330039815, -3.445135459348112]}, "5": {"diameter": 7, "conjugate_isogenous_pairs": 51, "eigenvalues": [4.455249045160424, -4.460406400500654]}, "7": {"diameter": 6, "conjugate_isogenous_pairs": 69, "eigenvalues": [5.214168465791812, -5.281437335713569]}, "11": {"diameter": 5, "conjugate_isogenous_pairs": 73, "eigenvalues": [6.590915435571035, -6.604518630569629]}}}