{"prime": 1871, "nodes": 157, "minpoly": "x^2 + 1869*x + 14", "spine": 45, "undirected": false, "ell": {"2": {"diameter": 10, "conjugate_isogenous_pairs": 5, "eigenvalues": [2.8150342565781923, -2.7905266142669714]}, "3": {"diameter": 7, "conjugate_isogenous_pairs": 10, "eigenvalues": [3.402086971488918, -3.3673196761221846]}, "5": {"diameter": 6, "conjugate_isogenous_pairs": 9, "eigenvalues": [4.424114070377488, -4.250157711490392]}, "7": {"diameter": 5, "conjugate_isogenous_pairs": 19, "eigenvalues": [5.194465045139488, -5.172478726301584]}, "11": {"diameter": 4, "conjugate_isogenous_pairs": 15, "eigenvalues": [6.379403406864157, -6.525294819309738]}}}