{"prime": 4723, "nodes": 394, "minpoly": "x^2 + 4722*x + 2", "spine": 18, "undirected": false, "ell": {"2": {"diameter": 13, "conjugate_isogenous_pairs": 33, "eigenvalues": [2.8229574385856733, -2.8135720493496637]}, "3": {"diameter": 8, "conjugate_isogenous_pairs": 19, "eigenvalues": [3.400718386462716, -3.3906201949666173]}, "5": {"diameter": 6, "conjugate_isogenous_pairs": 55, "eigenvalues": [4.309077710168855, -4.46095778564563]}, "7": {"diameter": 5, "conjugate_isogenous_pairs": 29, "eigenvalues": [5.25143485810986, -5.0916203654419885]}, "11": {"diameter": 4, "conjugate_isogenous_pairs": 36, "eigenvalues": [6.594554266336929, -6.580358377533039]}}}