{"prime": 11783, "nodes": 983, "minpoly": "x^2 + 11782*x + 5", "spine": 95, "undirected": false, "ell": {"2": {"diameter": 14, "conjugate_isogenous_pairs": 22, "eigenvalues": [2.8082270123932127, -2.820082968366804]}, "3": {"diameter": 10, "conjugate_isogenous_pairs": 34, "eigenvalues": [3.4399773903074795, -3.4309579319783636]}, "5": {"diameter": 7, "conjugate_isogenous_pairs": 53, "eigenvalues": [4.459647283457625, -4.416053987835437]}, "7": {"diameter": 6, "conjugate_isogenous_pairs": 86, "eigenvalues": [5.266570802108641, -5.212568988888084]}, "11": {"diameter": 5, "conjugate_isogenous_pairs": 27, "eigenvalues": [6.605097272099835, -6.606726281319092]}}}