{"prime": 24977, "nodes": 2082, "minpoly": "x^2 + 24976*x + 3", "spine": 72, "undirected": false, "ell": {"2": {"diameter": 15, "conjugate_isogenous_pairs": 34, "eigenvalues": [2.821704741796773, -2.8250138281904955]}, "3": {"diameter": 10, "conjugate_isogenous_pairs": 98, "eigenvalues": [3.4568513801315714, -3.4564109190015513]}, "5": {"diameter": 7, "conjugate_isogenous_pairs": 42, "eigenvalues": [4.467152916732426, -4.460542139491238]}, "7": {"diameter": 6, "conjugate_isogenous_pairs": 147, "eigenvalues": [5.240912449528019, -5.260808624052095]}, "11": {"diameter": 5, "conjugate_isogenous_pairs": 44, "eigenvalues": [6.599663146779797, -6.589234051083732]}}}