{"prime": 20849, "nodes": 1738, "minpoly": "x^2 + 20843*x + 3", "spine": 94, "undirected": false, "ell": {"2": {"diameter": 15, "conjugate_isogenous_pairs": 26, "eigenvalues": [2.8219500460195905, -2.823553924898127]}, "3": {"diameter": 10, "conjugate_isogenous_pairs": 37, "eigenvalues": [3.451960359472096, -3.4614375197897496]}, "5": {"diameter": 7, "conjugate_isogenous_pairs": 28, "eigenvalues": [4.468282465717445, -4.442326919658684]}, "7": {"diameter": 6, "conjugate_isogenous_pairs": 115, "eigenvalues": [5.284541637484195, -5.263127177837635]}, "11": {"diameter": 5, "conjugate_isogenous_pairs": 84, "eigenvalues": [6.538019298438732, -6.615086745709011]}}}