{"prime": 461, "nodes": 39, "minpoly": "x^2 + 460*x + 2", "spine": 15, "undirected": false, "ell": {"2": {"diameter": 9, "conjugate_isogenous_pairs": 3, "eigenvalues": [2.7934663753854103, -2.688167775696378]}, "3": {"diameter": 6, "conjugate_isogenous_pairs": 5, "eigenvalues": [3.4463062359345304, -3.374774861008276]}, "5": {"diameter": 4, "conjugate_isogenous_pairs": 5, "eigenvalues": [4.031442192949645, -4.212385909078552]}, "7": {"diameter": 4, "conjugate_isogenous_pairs": 8, "eigenvalues": [4.811516387340176, -4.71431303826739]}, "11": {"diameter": 3, "conjugate_isogenous_pairs": 10, "eigenvalues": [5.98884120287769, -6.193341904569447]}}}