{"prime": 7219, "nodes": 602, "minpoly": "x^2 + 7215*x + 2", "spine": 30, "undirected": false, "ell": {"2": {"diameter": 12, "conjugate_isogenous_pairs": 20, "eigenvalues": [2.8191558106607415, -2.8093552242676]}, "3": {"diameter": 8, "conjugate_isogenous_pairs": 23, "eigenvalues": [3.4143978854694845, -3.4481168945161387]}, "5": {"diameter": 6, "conjugate_isogenous_pairs": 84, "eigenvalues": [4.449552808030407, -4.438302234175728]}, "7": {"diameter": 5, "conjugate_isogenous_pairs": 24, "eigenvalues": [5.273925775106511, -5.27289484064577]}, "11": {"diameter": 4, "conjugate_isogenous_pairs": 73, "eigenvalues": [6.600125791472401, -6.489402159506278]}}}