{"prime": 15031, "nodes": 1253, "minpoly": "x^2 + 15029*x + 3", "spine": 67, "undirected": false, "ell": {"2": {"diameter": 14, "conjugate_isogenous_pairs": 28, "eigenvalues": [2.815273403475074, -2.827912209649591]}, "3": {"diameter": 9, "conjugate_isogenous_pairs": 30, "eigenvalues": [3.430860175857765, -3.4590207259171977]}, "5": {"diameter": 7, "conjugate_isogenous_pairs": 100, "eigenvalues": [4.439763335105021, -4.447126015867178]}, "7": {"diameter": 5, "conjugate_isogenous_pairs": 42, "eigenvalues": [5.250284441051246, -5.271936947915001]}, "11": {"diameter": 5, "conjugate_isogenous_pairs": 107, "eigenvalues": [6.608325259019991, -6.600994222396275]}}}