{"prime": 8009, "nodes": 668, "minpoly": "x^2 + 8003*x + 3", "spine": 56, "undirected": false, "ell": {"2": {"diameter": 13, "conjugate_isogenous_pairs": 13, "eigenvalues": [2.810991110177279, -2.8263250707011074]}, "3": {"diameter": 9, "conjugate_isogenous_pairs": 25, "eigenvalues": [3.446495058112411, -3.427024619683764]}, "5": {"diameter": 6, "conjugate_isogenous_pairs": 25, "eigenvalues": [4.454674716841147, -4.419756725078001]}, "7": {"diameter": 5, "conjugate_isogenous_pairs": 94, "eigenvalues": [5.267697269665608, -5.267929479870382]}, "11": {"diameter": 4, "conjugate_isogenous_pairs": 42, "eigenvalues": [6.601210971330658, -6.572714795021999]}}}