{"prime": 27763, "nodes": 2314, "minpoly": "x^2 + 27762*x + 3", "spine": 34, "undirected": false, "ell": {"2": {"diameter": 15, "conjugate_isogenous_pairs": 66, "eigenvalues": [2.8257522927846366, -2.8225981249962446]}, "3": {"diameter": 10, "conjugate_isogenous_pairs": 67, "eigenvalues": [3.4402878165084307, -3.4598748569264246]}, "5": {"diameter": 7, "conjugate_isogenous_pairs": 207, "eigenvalues": [4.464033877601714, -4.417398734297025]}, "7": {"diameter": 6, "conjugate_isogenous_pairs": 56, "eigenvalues": [5.287929803239034, -5.25705573021337]}, "11": {"diameter": 5, "conjugate_isogenous_pairs": 104, "eigenvalues": [6.621489099481, -6.620261448129425]}}}