{"prime": 9371, "nodes": 782, "minpoly": "x^2 + 9370*x + 2", "spine": 98, "undirected": false, "ell": {"2": {"diameter": 14, "conjugate_isogenous_pairs": 15, "eigenvalues": [2.826509937369389, -2.8231023415563077]}, "3": {"diameter": 10, "conjugate_isogenous_pairs": 17, "eigenvalues": [3.447257695896929, -3.419513284959914]}, "5": {"diameter": 7, "conjugate_isogenous_pairs": 41, "eigenvalues": [4.455477316750998, -4.427836875725271]}, "7": {"diameter": 6, "conjugate_isogenous_pairs": 43, "eigenvalues": [5.24633311618887, -5.264872148586079]}, "11": {"diameter": 4, "conjugate_isogenous_pairs": 38, "eigenvalues": [6.613456424215035, -6.539166195972124]}}}