{"prime": 14627, "nodes": 1220, "minpoly": "x^2 + 14623*x + 2", "spine": 62, "undirected": false, "ell": {"2": {"diameter": 14, "conjugate_isogenous_pairs": 22, "eigenvalues": [2.8201692934537963, -2.8167571502978324]}, "3": {"diameter": 10, "conjugate_isogenous_pairs": 56, "eigenvalues": [3.4375857603857503, -3.4368153415263327]}, "5": {"diameter": 7, "conjugate_isogenous_pairs": 82, "eigenvalues": [4.449675484149668, -4.469727841035798]}, "7": {"diameter": 6, "conjugate_isogenous_pairs": 93, "eigenvalues": [5.231268986262696, -5.246762450123963]}, "11": {"diameter": 5, "conjugate_isogenous_pairs": 35, "eigenvalues": [6.543413480597114, -6.580921266510386]}}}