{"prime": 10223, "nodes": 853, "minpoly": "x^2 + 10221*x + 5", "spine": 79, "undirected": false, "ell": {"2": {"diameter": 14, "conjugate_isogenous_pairs": 28, "eigenvalues": [2.8198361847912596, -2.817102855639582]}, "3": {"diameter": 9, "conjugate_isogenous_pairs": 30, "eigenvalues": [3.4423858000910346, -3.4425351230372474]}, "5": {"diameter": 6, "conjugate_isogenous_pairs": 24, "eigenvalues": [4.404907141881701, -4.440968805696669]}, "7": {"diameter": 6, "conjugate_isogenous_pairs": 82, "eigenvalues": [5.232180521966389, -5.250016292432393]}, "11": {"diameter": 5, "conjugate_isogenous_pairs": 42, "eigenvalues": [6.455119450517384, -6.528689736997698]}}}