{"prime": 15451, "nodes": 1288, "minpoly": "x^2 + 15450*x + 3", "spine": 46, "undirected": false, "ell": {"2": {"diameter": 14, "conjugate_isogenous_pairs": 31, "eigenvalues": [2.8238371342683584, -2.8264829548221733]}, "3": {"diameter": 9, "conjugate_isogenous_pairs": 32, "eigenvalues": [3.4442844782297897, -3.4581686309295363]}, "5": {"diameter": 7, "conjugate_isogenous_pairs": 165, "eigenvalues": [4.46899653302772, -4.4706476847298635]}, "7": {"diameter": 6, "conjugate_isogenous_pairs": 36, "eigenvalues": [5.219744876901663, -5.1605955741504514]}, "11": {"diameter": 5, "conjugate_isogenous_pairs": 88, "eigenvalues": [6.559365178440727, -6.625895826581791]}}}