{"prime": 19891, "nodes": 1658, "minpoly": "x^2 + 19887*x + 2", "spine": 50, "undirected": false, "ell": {"2": {"diameter": 14, "conjugate_isogenous_pairs": 41, "eigenvalues": [2.822537603263754, -2.8201182004914496]}, "3": {"diameter": 9, "conjugate_isogenous_pairs": 47, "eigenvalues": [3.447401371185898, -3.453588671496447]}, "5": {"diameter": 7, "conjugate_isogenous_pairs": 112, "eigenvalues": [4.4377860699043135, -4.443530126742066]}, "7": {"diameter": 6, "conjugate_isogenous_pairs": 34, "eigenvalues": [5.268856468324919, -5.2091079687244335]}, "11": {"diameter": 5, "conjugate_isogenous_pairs": 87, "eigenvalues": [6.539146265942518, -6.625389803118109]}}}