{"prime": 14827, "nodes": 1236, "minpoly": "x^2 + 14823*x + 2", "spine": 30, "undirected": false, "ell": {"2": {"diameter": 14, "conjugate_isogenous_pairs": 42, "eigenvalues": [2.8210032867407597, -2.8258821792324054]}, "3": {"diameter": 9, "conjugate_isogenous_pairs": 65, "eigenvalues": [3.4467010902397646, -3.4442706944180417]}, "5": {"diameter": 7, "conjugate_isogenous_pairs": 154, "eigenvalues": [4.452671022280081, -4.43747289510158]}, "7": {"diameter": 5, "conjugate_isogenous_pairs": 47, "eigenvalues": [5.263342928679056, -5.261373761340235]}, "11": {"diameter": 5, "conjugate_isogenous_pairs": 69, "eigenvalues": [6.604610589030883, -6.616781814320924]}}}