{"prime": 12973, "nodes": 1081, "minpoly": "x^2 + 12972*x + 14", "spine": 21, "undirected": true, "ell": {"2": {"diameter": 13, "conjugate_isogenous_pairs": 42, "eigenvalues": [2.815277036357552, -2.8208598071405535]}, "3": {"diameter": 9, "conjugate_isogenous_pairs": 76, "eigenvalues": [3.4570204684232455, -3.448675941543913]}, "5": {"diameter": 6, "conjugate_isogenous_pairs": 68, "eigenvalues": [4.399028222086043, -4.417381598246186]}, "7": {"diameter": 5, "conjugate_isogenous_pairs": 49, "eigenvalues": [5.2745562902366245, -5.290423793624157]}, "11": {"diameter": 5, "conjugate_isogenous_pairs": 115, "eigenvalues": [6.572096951517675, -6.526814680334557]}}}