{"prime": 16657, "nodes": 1388, "minpoly": "x^2 + 16656*x + 5", "spine": 22, "undirected": true, "ell": {"2": {"diameter": 13, "conjugate_isogenous_pairs": 40, "eigenvalues": [2.8085974417465898, -2.820500521294702]}, "3": {"diameter": 9, "conjugate_isogenous_pairs": 82, "eigenvalues": [3.4436842046137603, -3.462016872308005]}, "5": {"diameter": 6, "conjugate_isogenous_pairs": 55, "eigenvalues": [4.415364376891797, -4.4629269812571835]}, "7": {"diameter": 5, "conjugate_isogenous_pairs": 112, "eigenvalues": [5.26342920598986, -5.274362296876288]}, "11": {"diameter": 5, "conjugate_isogenous_pairs": 98, "eigenvalues": [6.609010874454818, -6.592852156130673]}}}