{"prime": 15901, "nodes": 1325, "minpoly": "x^2 + 15900*x + 10", "spine": 33, "undirected": true, "ell": {"2": {"diameter": 13, "conjugate_isogenous_pairs": 25, "eigenvalues": [2.8129984572511733, -2.8149968197010686]}, "3": {"diameter": 9, "conjugate_isogenous_pairs": 73, "eigenvalues": [3.4529207051259756, -3.4296281364491716]}, "5": {"diameter": 6, "conjugate_isogenous_pairs": 95, "eigenvalues": [4.448050571015913, -4.429009529502757]}, "7": {"diameter": 5, "conjugate_isogenous_pairs": 55, "eigenvalues": [5.272071323661151, -5.263318184743868]}, "11": {"diameter": 5, "conjugate_isogenous_pairs": 215, "eigenvalues": [6.615076078785297, -6.5787460571844525]}}}