{"prime": 1021, "nodes": 85, "minpoly": "x^2 + 1020*x + 10", "spine": 11, "undirected": true, "ell": {"2": {"diameter": 9, "conjugate_isogenous_pairs": 11, "eigenvalues": [2.827817196436974, -2.7413731572034252]}, "3": {"diameter": 6, "conjugate_isogenous_pairs": 6, "eigenvalues": [3.3191214713879704, -3.3887126659954285]}, "5": {"diameter": 4, "conjugate_isogenous_pairs": 16, "eigenvalues": [4.150709420006007, -4.111997285661516]}, "7": {"diameter": 4, "conjugate_isogenous_pairs": 11, "eigenvalues": [4.806217441624462, -5.028569606449752]}, "11": {"diameter": 3, "conjugate_isogenous_pairs": 35, "eigenvalues": [6.391674764744116, -6.3972854950266385]}}}