{"prime": 28571, "nodes": 2382, "minpoly": "x^2 + 28567*x + 2", "spine": 122, "undirected": false, "ell": {"2": {"diameter": 15, "conjugate_isogenous_pairs": 18, "eigenvalues": [2.8224825033246983, -2.822496245102011]}, "3": {"diameter": 10, "conjugate_isogenous_pairs": 44, "eigenvalues": [3.4433731672156633, -3.4483858321951515]}, "5": {"diameter": 7, "conjugate_isogenous_pairs": 77, "eigenvalues": [4.456686838967057, -4.443710633676829]}, "7": {"diameter": 6, "conjugate_isogenous_pairs": 98, "eigenvalues": [5.2721954618435, -5.263695796971578]}, "11": {"diameter": 5, "conjugate_isogenous_pairs": 90, "eigenvalues": [6.593648242675331, -6.572899295587669]}}}