{"prime": 17093, "nodes": 1425, "minpoly": "x^2 + 17089*x + 2", "spine": 75, "undirected": false, "ell": {"2": {"diameter": 15, "conjugate_isogenous_pairs": 30, "eigenvalues": [2.8146896661800223, -2.8234336002832854]}, "3": {"diameter": 10, "conjugate_isogenous_pairs": 62, "eigenvalues": [3.4521338011139995, -3.452206517004339]}, "5": {"diameter": 7, "conjugate_isogenous_pairs": 40, "eigenvalues": [4.461205858943535, -4.4562038178704455]}, "7": {"diameter": 6, "conjugate_isogenous_pairs": 115, "eigenvalues": [5.2428251074627745, -5.266395907544011]}, "11": {"diameter": 5, "conjugate_isogenous_pairs": 103, "eigenvalues": [6.615450907609042, -6.603836702078851]}}}