{"prime": 28979, "nodes": 2416, "minpoly": "x^2 + 28971*x + 2", "spine": 114, "undirected": false, "ell": {"2": {"diameter": 15, "conjugate_isogenous_pairs": 36, "eigenvalues": [2.8136635867009048, -2.824269277212033]}, "3": {"diameter": 10, "conjugate_isogenous_pairs": 38, "eigenvalues": [3.45582418418121, -3.4606276207433404]}, "5": {"diameter": 7, "conjugate_isogenous_pairs": 80, "eigenvalues": [4.435359093096271, -4.460980387009418]}, "7": {"diameter": 6, "conjugate_isogenous_pairs": 82, "eigenvalues": [5.270896797534503, -5.270699752291682]}, "11": {"diameter": 5, "conjugate_isogenous_pairs": 86, "eigenvalues": [6.578854515281096, -6.591318304249192]}}}