{"prime": 22111, "nodes": 1843, "minpoly": "x^2 + 22109*x + 6", "spine": 79, "undirected": false, "ell": {"2": {"diameter": 15, "conjugate_isogenous_pairs": 48, "eigenvalues": [2.8251958001202344, -2.8186900765895935]}, "3": {"diameter": 10, "conjugate_isogenous_pairs": 22, "eigenvalues": [3.4487279431660607, -3.4536078229206173]}, "5": {"diameter": 7, "conjugate_isogenous_pairs": 110, "eigenvalues": [4.441605900438676, -4.4502460879662324]}, "7": {"diameter": 6, "conjugate_isogenous_pairs": 53, "eigenvalues": [5.225290381855658, -5.25266987794659]}, "11": {"diameter": 5, "conjugate_isogenous_pairs": 205, "eigenvalues": [6.595261881387746, -6.597941156909888]}}}