{"prime": 7927, "nodes": 661, "minpoly": "x^2 + 7926*x + 3", "spine": 47, "undirected": false, "ell": {"2": {"diameter": 13, "conjugate_isogenous_pairs": 40, "eigenvalues": [2.8068039937401896, -2.80140471567273]}, "3": {"diameter": 9, "conjugate_isogenous_pairs": 39, "eigenvalues": [3.4288288041232042, -3.439509320662341]}, "5": {"diameter": 6, "conjugate_isogenous_pairs": 48, "eigenvalues": [4.377653765711828, -4.430002838235629]}, "7": {"diameter": 5, "conjugate_isogenous_pairs": 31, "eigenvalues": [5.264688676894058, -5.209915124010534]}, "11": {"diameter": 4, "conjugate_isogenous_pairs": 51, "eigenvalues": [6.493825034439472, -6.502594153206698]}}}