{"prime": 4079, "nodes": 341, "minpoly": "x^2 + 4076*x + 11", "spine": 85, "undirected": false, "ell": {"2": {"diameter": 13, "conjugate_isogenous_pairs": 8, "eigenvalues": [2.818334263678739, -2.8106438533399327]}, "3": {"diameter": 8, "conjugate_isogenous_pairs": 10, "eigenvalues": [3.439867201455923, -3.377932181217225]}, "5": {"diameter": 6, "conjugate_isogenous_pairs": 12, "eigenvalues": [4.422610166367714, -4.352347134009317]}, "7": {"diameter": 5, "conjugate_isogenous_pairs": 28, "eigenvalues": [5.229709745933755, -5.245893535567159]}, "11": {"diameter": 4, "conjugate_isogenous_pairs": 28, "eigenvalues": [6.483266520501122, -6.481482889187673]}}}