{"prime": 8537, "nodes": 712, "minpoly": "x^2 + 8531*x + 3", "spine": 30, "undirected": false, "ell": {"2": {"diameter": 13, "conjugate_isogenous_pairs": 18, "eigenvalues": [2.8078599658669354, -2.8128243836531435]}, "3": {"diameter": 9, "conjugate_isogenous_pairs": 55, "eigenvalues": [3.4485093791414174, -3.452457832721235]}, "5": {"diameter": 6, "conjugate_isogenous_pairs": 23, "eigenvalues": [4.406449010890554, -4.461211839635657]}, "7": {"diameter": 5, "conjugate_isogenous_pairs": 139, "eigenvalues": [5.2651930131693225, -5.269272868998422]}, "11": {"diameter": 4, "conjugate_isogenous_pairs": 36, "eigenvalues": [6.496585203262736, -6.541711959880666]}}}