{"prime": 1439, "nodes": 121, "minpoly": "x^2 + 1438*x + 7", "spine": 39, "undirected": false, "ell": {"2": {"diameter": 10, "conjugate_isogenous_pairs": 3, "eigenvalues": [2.7295630137320774, -2.754025476556678]}, "3": {"diameter": 7, "conjugate_isogenous_pairs": 8, "eigenvalues": [3.445263130290355, -3.3477476053537534]}, "5": {"diameter": 5, "conjugate_isogenous_pairs": 12, "eigenvalues": [4.357798054846731, -4.1455655148711745]}, "7": {"diameter": 5, "conjugate_isogenous_pairs": 16, "eigenvalues": [5.13683345709566, -4.7586528973246525]}, "11": {"diameter": 4, "conjugate_isogenous_pairs": 11, "eigenvalues": [6.501663206436727, -6.572736594832076]}}}