{"prime": 3187, "nodes": 266, "minpoly": "x^2 + 3183*x + 2", "spine": 14, "undirected": false, "ell": {"2": {"diameter": 12, "conjugate_isogenous_pairs": 19, "eigenvalues": [2.787772684771713, -2.8232876842743826]}, "3": {"diameter": 7, "conjugate_isogenous_pairs": 19, "eigenvalues": [3.3991267011914923, -3.3712690150304536]}, "5": {"diameter": 5, "conjugate_isogenous_pairs": 66, "eigenvalues": [4.3859427510876055, -4.418771676274283]}, "7": {"diameter": 5, "conjugate_isogenous_pairs": 15, "eigenvalues": [5.20507440233064, -5.217716426248738]}, "11": {"diameter": 4, "conjugate_isogenous_pairs": 33, "eigenvalues": [6.508448112870021, -6.544835452184337]}}}