{"prime": 8161, "nodes": 680, "minpoly": "x^2 + 8154*x + 7", "spine": 44, "undirected": true, "ell": {"2": {"diameter": 13, "conjugate_isogenous_pairs": 27, "eigenvalues": [2.8208101488426833, -2.8261435673663415]}, "3": {"diameter": 9, "conjugate_isogenous_pairs": 27, "eigenvalues": [3.4177413896597972, -3.446533786369325]}, "5": {"diameter": 6, "conjugate_isogenous_pairs": 33, "eigenvalues": [4.466037886252255, -4.420209924636566]}, "7": {"diameter": 5, "conjugate_isogenous_pairs": 31, "eigenvalues": [5.258173492444946, -5.263318510071023]}, "11": {"diameter": 4, "conjugate_isogenous_pairs": 116, "eigenvalues": [6.590006656270939, -6.489711724966419]}}}