{"prime": 18413, "nodes": 1535, "minpoly": "x^2 + 18409*x + 2", "spine": 63, "undirected": false, "ell": {"2": {"diameter": 14, "conjugate_isogenous_pairs": 35, "eigenvalues": [2.8228366446406836, -2.824919220669646]}, "3": {"diameter": 10, "conjugate_isogenous_pairs": 62, "eigenvalues": [3.4490124098800243, -3.4413124102251014]}, "5": {"diameter": 7, "conjugate_isogenous_pairs": 46, "eigenvalues": [4.441729681345547, -4.4379443143251995]}, "7": {"diameter": 6, "conjugate_isogenous_pairs": 119, "eigenvalues": [5.284198123103287, -5.269928073418436]}, "11": {"diameter": 5, "conjugate_isogenous_pairs": 107, "eigenvalues": [6.621748359061284, -6.589761613561367]}}}