{"prime": 10771, "nodes": 898, "minpoly": "x^2 + 10770*x + 3", "spine": 42, "undirected": false, "ell": {"2": {"diameter": 13, "conjugate_isogenous_pairs": 32, "eigenvalues": [2.810120812947493, -2.8135915567436642]}, "3": {"diameter": 9, "conjugate_isogenous_pairs": 26, "eigenvalues": [3.429011573758892, -3.434840501205431]}, "5": {"diameter": 6, "conjugate_isogenous_pairs": 99, "eigenvalues": [4.466421995807477, -4.39748548910319]}, "7": {"diameter": 5, "conjugate_isogenous_pairs": 26, "eigenvalues": [5.265828695684507, -5.2207389209591115]}, "11": {"diameter": 4, "conjugate_isogenous_pairs": 126, "eigenvalues": [6.610096530679395, -6.5839317698511115]}}}