{"prime": 24007, "nodes": 2001, "minpoly": "x^2 + 24005*x + 17", "spine": 47, "undirected": false, "ell": {"2": {"diameter": 14, "conjugate_isogenous_pairs": 49, "eigenvalues": [2.8220780252149518, -2.8251582825906145]}, "3": {"diameter": 9, "conjugate_isogenous_pairs": 55, "eigenvalues": [3.4591796010728535, -3.461058877273696]}, "5": {"diameter": 7, "conjugate_isogenous_pairs": 143, "eigenvalues": [4.464686827569939, -4.458898237016805]}, "7": {"diameter": 6, "conjugate_isogenous_pairs": 75, "eigenvalues": [5.272754125548279, -5.2540489426085335]}, "11": {"diameter": 5, "conjugate_isogenous_pairs": 87, "eigenvalues": [6.608803618118456, -6.608334333202409]}}}