{"prime": 13781, "nodes": 1149, "minpoly": "x^2 + 13780*x + 7", "spine": 79, "undirected": false, "ell": {"2": {"diameter": 15, "conjugate_isogenous_pairs": 18, "eigenvalues": [2.8199530924503704, -2.811922655501268]}, "3": {"diameter": 10, "conjugate_isogenous_pairs": 44, "eigenvalues": [3.4383567356317313, -3.4538040935260947]}, "5": {"diameter": 6, "conjugate_isogenous_pairs": 30, "eigenvalues": [4.428425863426459, -4.4483221242753785]}, "7": {"diameter": 6, "conjugate_isogenous_pairs": 82, "eigenvalues": [5.189856792844543, -5.245453046189583]}, "11": {"diameter": 5, "conjugate_isogenous_pairs": 93, "eigenvalues": [6.551200244360828, -6.582375342891542]}}}