{"prime": 27239, "nodes": 2271, "minpoly": "x^2 + 27238*x + 7", "spine": 183, "undirected": false, "ell": {"2": {"diameter": 15, "conjugate_isogenous_pairs": 18, "eigenvalues": [2.82716126910111, -2.8257533364384004]}, "3": {"diameter": 10, "conjugate_isogenous_pairs": 46, "eigenvalues": [3.4511391899842563, -3.447043707050261]}, "5": {"diameter": 7, "conjugate_isogenous_pairs": 60, "eigenvalues": [4.412566331932997, -4.46072470606042]}, "7": {"diameter": 6, "conjugate_isogenous_pairs": 92, "eigenvalues": [5.261795109909173, -5.2382715210329875]}, "11": {"diameter": 5, "conjugate_isogenous_pairs": 69, "eigenvalues": [6.610413750272546, -6.6089570967508475]}}}