{"prime": 2213, "nodes": 185, "minpoly": "x^2 + 2209*x + 2", "spine": 21, "undirected": false, "ell": {"2": {"diameter": 11, "conjugate_isogenous_pairs": 6, "eigenvalues": [2.7551936917245294, -2.7735514179481715]}, "3": {"diameter": 8, "conjugate_isogenous_pairs": 39, "eigenvalues": [3.4604793402941976, -3.448965496120566]}, "5": {"diameter": 5, "conjugate_isogenous_pairs": 13, "eigenvalues": [4.34692322429833, -4.2484743447735385]}, "7": {"diameter": 5, "conjugate_isogenous_pairs": 36, "eigenvalues": [5.099276314346992, -5.031169107652096]}, "11": {"diameter": 4, "conjugate_isogenous_pairs": 19, "eigenvalues": [6.388997954224384, -6.595654755739344]}}}