{"prime": 19961, "nodes": 1664, "minpoly": "x^2 + 19960*x + 6", "spine": 64, "undirected": false, "ell": {"2": {"diameter": 14, "conjugate_isogenous_pairs": 17, "eigenvalues": [2.8209205747071313, -2.823642614730131]}, "3": {"diameter": 10, "conjugate_isogenous_pairs": 60, "eigenvalues": [3.459075683636256, -3.450687285541066]}, "5": {"diameter": 7, "conjugate_isogenous_pairs": 54, "eigenvalues": [4.451962402453219, -4.448510995223916]}, "7": {"diameter": 6, "conjugate_isogenous_pairs": 129, "eigenvalues": [5.261911008241875, -5.254728678678538]}, "11": {"diameter": 5, "conjugate_isogenous_pairs": 69, "eigenvalues": [6.609648530425521, -6.574808721496364]}}}