{"prime": 23473, "nodes": 1956, "minpoly": "x^2 + 23472*x + 5", "spine": 28, "undirected": true, "ell": {"2": {"diameter": 14, "conjugate_isogenous_pairs": 59, "eigenvalues": [2.8146595042560043, -2.811714969324258]}, "3": {"diameter": 9, "conjugate_isogenous_pairs": 73, "eigenvalues": [3.459026624047279, -3.4551327246871737]}, "5": {"diameter": 7, "conjugate_isogenous_pairs": 123, "eigenvalues": [4.448479816943981, -4.432546109639987]}, "7": {"diameter": 6, "conjugate_isogenous_pairs": 131, "eigenvalues": [5.274730539742787, -5.2560381885978975]}, "11": {"diameter": 5, "conjugate_isogenous_pairs": 111, "eigenvalues": [6.618012562894576, -6.612647021233188]}}}