{"prime": 13687, "nodes": 1141, "minpoly": "x^2 + 13685*x + 3", "spine": 31, "undirected": false, "ell": {"2": {"diameter": 14, "conjugate_isogenous_pairs": 51, "eigenvalues": [2.8090915270595564, -2.828331974126091]}, "3": {"diameter": 9, "conjugate_isogenous_pairs": 43, "eigenvalues": [3.4512871321529497, -3.4509227801469904]}, "5": {"diameter": 6, "conjugate_isogenous_pairs": 80, "eigenvalues": [4.408559059148417, -4.445785032239877]}, "7": {"diameter": 5, "conjugate_isogenous_pairs": 59, "eigenvalues": [5.253605096706407, -5.209396735932558]}, "11": {"diameter": 4, "conjugate_isogenous_pairs": 59, "eigenvalues": [6.414631165379259, -6.580073461303414]}}}