{"prime": 13877, "nodes": 1157, "minpoly": "x^2 + 13873*x + 2", "spine": 37, "undirected": false, "ell": {"2": {"diameter": 14, "conjugate_isogenous_pairs": 25, "eigenvalues": [2.8142167059487053, -2.8209836706447815]}, "3": {"diameter": 9, "conjugate_isogenous_pairs": 76, "eigenvalues": [3.459494665352331, -3.4587290107149844]}, "5": {"diameter": 7, "conjugate_isogenous_pairs": 31, "eigenvalues": [4.46193294540404, -4.418924783961074]}, "7": {"diameter": 6, "conjugate_isogenous_pairs": 117, "eigenvalues": [5.238044419419053, -5.204348108181392]}, "11": {"diameter": 5, "conjugate_isogenous_pairs": 103, "eigenvalues": [6.591569158147954, -6.560452190666439]}}}