{"prime": 1489, "nodes": 124, "minpoly": "x^2 + 1487*x + 14", "spine": 10, "undirected": true, "ell": {"2": {"diameter": 9, "conjugate_isogenous_pairs": 14, "eigenvalues": [2.7709753980702585, -2.8167789581337384]}, "3": {"diameter": 6, "conjugate_isogenous_pairs": 12, "eigenvalues": [3.3706326955993218, -3.3754335505325566]}, "5": {"diameter": 5, "conjugate_isogenous_pairs": 15, "eigenvalues": [4.431298196698053, -4.381854514321966]}, "7": {"diameter": 4, "conjugate_isogenous_pairs": 20, "eigenvalues": [5.036874251953519, -4.877508293918136]}, "11": {"diameter": 3, "conjugate_isogenous_pairs": 42, "eigenvalues": [6.541267022227954, -6.385601231961791]}}}