{"prime": 17749, "nodes": 1479, "minpoly": "x^2 + 17740*x + 2", "spine": 51, "undirected": true, "ell": {"2": {"diameter": 14, "conjugate_isogenous_pairs": 29, "eigenvalues": [2.823316903931924, -2.816219771152513]}, "3": {"diameter": 9, "conjugate_isogenous_pairs": 63, "eigenvalues": [3.445118224158019, -3.457518117948433]}, "5": {"diameter": 6, "conjugate_isogenous_pairs": 82, "eigenvalues": [4.465619365707582, -4.439973029078564]}, "7": {"diameter": 5, "conjugate_isogenous_pairs": 39, "eigenvalues": [5.277149908310317, -5.249699051169136]}, "11": {"diameter": 5, "conjugate_isogenous_pairs": 201, "eigenvalues": [6.610489556886937, -6.579246320021034]}}}