{"prime": 17987, "nodes": 1500, "minpoly": "x^2 + 17984*x + 5", "spine": 62, "undirected": false, "ell": {"2": {"diameter": 14, "conjugate_isogenous_pairs": 24, "eigenvalues": [2.8250647718219777, -2.8240357497984574]}, "3": {"diameter": 10, "conjugate_isogenous_pairs": 40, "eigenvalues": [3.455975476282658, -3.462463375578729]}, "5": {"diameter": 7, "conjugate_isogenous_pairs": 101, "eigenvalues": [4.462019073787991, -4.463449279858946]}, "7": {"diameter": 6, "conjugate_isogenous_pairs": 106, "eigenvalues": [5.2407589833056605, -5.26189659891046]}, "11": {"diameter": 5, "conjugate_isogenous_pairs": 40, "eigenvalues": [6.589425613466946, -6.556550695677625]}}}