{"prime": 29917, "nodes": 2493, "minpoly": "x^2 + 29916*x + 2", "spine": 39, "undirected": true, "ell": {"2": {"diameter": 15, "conjugate_isogenous_pairs": 66, "eigenvalues": [2.8217647322221993, -2.8248785206280216]}, "3": {"diameter": 10, "conjugate_isogenous_pairs": 146, "eigenvalues": [3.463545468466772, -3.449574808629692]}, "5": {"diameter": 7, "conjugate_isogenous_pairs": 70, "eigenvalues": [4.457216293371895, -4.458878714374987]}, "7": {"diameter": 6, "conjugate_isogenous_pairs": 72, "eigenvalues": [5.236747188661238, -5.25231873931623]}, "11": {"diameter": 5, "conjugate_isogenous_pairs": 256, "eigenvalues": [6.585292223460338, -6.618519264481745]}}}