{"prime": 17099, "nodes": 1426, "minpoly": "x^2 + 17098*x + 2", "spine": 122, "undirected": false, "ell": {"2": {"diameter": 14, "conjugate_isogenous_pairs": 21, "eigenvalues": [2.8258916944747856, -2.820834424664656]}, "3": {"diameter": 10, "conjugate_isogenous_pairs": 26, "eigenvalues": [3.425762565830178, -3.460471727700451]}, "5": {"diameter": 7, "conjugate_isogenous_pairs": 55, "eigenvalues": [4.462105004929462, -4.4537524832993105]}, "7": {"diameter": 6, "conjugate_isogenous_pairs": 52, "eigenvalues": [5.248085307135274, -5.283111169756798]}, "11": {"diameter": 5, "conjugate_isogenous_pairs": 74, "eigenvalues": [6.606074396775777, -6.6128587412232065]}}}