{"prime": 15619, "nodes": 1302, "minpoly": "x^2 + 15617*x + 7", "spine": 50, "undirected": false, "ell": {"2": {"diameter": 13, "conjugate_isogenous_pairs": 39, "eigenvalues": [2.8259993562482033, -2.813561192235211]}, "3": {"diameter": 9, "conjugate_isogenous_pairs": 32, "eigenvalues": [3.4463370651186693, -3.446269162694481]}, "5": {"diameter": 7, "conjugate_isogenous_pairs": 167, "eigenvalues": [4.4449638800195785, -4.421948901585874]}, "7": {"diameter": 5, "conjugate_isogenous_pairs": 28, "eigenvalues": [5.2147260408275455, -5.285355141791151]}, "11": {"diameter": 5, "conjugate_isogenous_pairs": 93, "eigenvalues": [6.563847064533259, -6.604032629947634]}}}