{"prime": 18523, "nodes": 1544, "minpoly": "x^2 + 18522*x + 3", "spine": 30, "undirected": false, "ell": {"2": {"diameter": 14, "conjugate_isogenous_pairs": 54, "eigenvalues": [2.816093603880959, -2.814349736707286]}, "3": {"diameter": 9, "conjugate_isogenous_pairs": 61, "eigenvalues": [3.4361303911330268, -3.4593585512837155]}, "5": {"diameter": 7, "conjugate_isogenous_pairs": 188, "eigenvalues": [4.464376746301459, -4.449171385489944]}, "7": {"diameter": 6, "conjugate_isogenous_pairs": 46, "eigenvalues": [5.249671598168165, -5.269876765589964]}, "11": {"diameter": 5, "conjugate_isogenous_pairs": 87, "eigenvalues": [6.569653548098949, -6.626367144510909]}}}