{"prime": 8111, "nodes": 677, "minpoly": "x^2 + 8110*x + 11", "spine": 121, "undirected": false, "ell": {"2": {"diameter": 13, "conjugate_isogenous_pairs": 16, "eigenvalues": [2.824675958081399, -2.8136268287352153]}, "3": {"diameter": 9, "conjugate_isogenous_pairs": 16, "eigenvalues": [3.432927733718853, -3.4350636842284867]}, "5": {"diameter": 6, "conjugate_isogenous_pairs": 17, "eigenvalues": [4.436116231256781, -4.406602048894272]}, "7": {"diameter": 6, "conjugate_isogenous_pairs": 32, "eigenvalues": [5.283837439635134, -5.190220208107478]}, "11": {"diameter": 5, "conjugate_isogenous_pairs": 37, "eigenvalues": [6.550648581094348, -6.550877324542808]}}}