{"prime": 28627, "nodes": 2386, "minpoly": "x^2 + 28626*x + 5", "spine": 50, "undirected": false, "ell": {"2": {"diameter": 15, "conjugate_isogenous_pairs": 60, "eigenvalues": [2.8160450133426203, -2.8167473622804073]}, "3": {"diameter": 10, "conjugate_isogenous_pairs": 56, "eigenvalues": [3.4500011003932003, -3.463367843766082]}, "5": {"diameter": 7, "conjugate_isogenous_pairs": 159, "eigenvalues": [4.435051945394944, -4.451952474407065]}, "7": {"diameter": 6, "conjugate_isogenous_pairs": 60, "eigenvalues": [5.279990764753481, -5.2533212119721755]}, "11": {"diameter": 5, "conjugate_isogenous_pairs": 88, "eigenvalues": [6.6292739212508485, -6.620078190968659]}}}