{"prime": 7717, "nodes": 643, "minpoly": "x^2 + 7716*x + 2", "spine": 23, "undirected": true, "ell": {"2": {"diameter": 13, "conjugate_isogenous_pairs": 41, "eigenvalues": [2.8203277715699526, -2.822080215355653]}, "3": {"diameter": 8, "conjugate_isogenous_pairs": 42, "eigenvalues": [3.4626294288905113, -3.4538500051089063]}, "5": {"diameter": 6, "conjugate_isogenous_pairs": 48, "eigenvalues": [4.396121217914937, -4.384079184800072]}, "7": {"diameter": 5, "conjugate_isogenous_pairs": 45, "eigenvalues": [5.257580914644759, -5.230961988984767]}, "11": {"diameter": 4, "conjugate_isogenous_pairs": 129, "eigenvalues": [6.394128136324987, -6.495944800379253]}}}