{"prime": 433, "nodes": 36, "minpoly": "x^2 + 432*x + 5", "spine": 6, "undirected": true, "ell": {"2": {"diameter": 9, "conjugate_isogenous_pairs": 9, "eigenvalues": [2.8131379885738674, -2.7323006457678627]}, "3": {"diameter": 5, "conjugate_isogenous_pairs": 7, "eigenvalues": [3.185059145660029, -3.2934342062895867]}, "5": {"diameter": 4, "conjugate_isogenous_pairs": 6, "eigenvalues": [4.213329396294913, -3.999999999999996]}, "7": {"diameter": 3, "conjugate_isogenous_pairs": 11, "eigenvalues": [4.86619826250902, -4.70528361104992]}, "11": {"diameter": 3, "conjugate_isogenous_pairs": 11, "eigenvalues": [5.435948864750982, -6.453164881425069]}}}