{"prime": 25849, "nodes": 2154, "minpoly": "x^2 + 25842*x + 7", "spine": 58, "undirected": true, "ell": {"2": {"diameter": 14, "conjugate_isogenous_pairs": 67, "eigenvalues": [2.8226484441059396, -2.822447929711078]}, "3": {"diameter": 10, "conjugate_isogenous_pairs": 47, "eigenvalues": [3.4608484842084435, -3.4358522465741017]}, "5": {"diameter": 7, "conjugate_isogenous_pairs": 74, "eigenvalues": [4.457419497301769, -4.4269649439980565]}, "7": {"diameter": 6, "conjugate_isogenous_pairs": 83, "eigenvalues": [5.263677731694066, -5.286162554779311]}, "11": {"diameter": 5, "conjugate_isogenous_pairs": 220, "eigenvalues": [6.620547643927113, -6.5930997001668]}}}