{"prime": 22871, "nodes": 1907, "minpoly": "x^2 + 22870*x + 7", "spine": 177, "undirected": false, "ell": {"2": {"diameter": 15, "conjugate_isogenous_pairs": 14, "eigenvalues": [2.8198804883449995, -2.8204883139730725]}, "3": {"diameter": 10, "conjugate_isogenous_pairs": 45, "eigenvalues": [3.4532403515548147, -3.4617940200398336]}, "5": {"diameter": 7, "conjugate_isogenous_pairs": 71, "eigenvalues": [4.441045582367913, -4.438122059934507]}, "7": {"diameter": 6, "conjugate_isogenous_pairs": 83, "eigenvalues": [5.228347062382621, -5.24050891248595]}, "11": {"diameter": 5, "conjugate_isogenous_pairs": 64, "eigenvalues": [6.627958726358167, -6.609964914804022]}}}