{"prime": 16127, "nodes": 1345, "minpoly": "x^2 + 16126*x + 5", "spine": 91, "undirected": false, "ell": {"2": {"diameter": 14, "conjugate_isogenous_pairs": 30, "eigenvalues": [2.8182352355639098, -2.8145663742444467]}, "3": {"diameter": 10, "conjugate_isogenous_pairs": 28, "eigenvalues": [3.460949423589946, -3.4600522357361845]}, "5": {"diameter": 7, "conjugate_isogenous_pairs": 35, "eigenvalues": [4.457136723157812, -4.433382146941978]}, "7": {"diameter": 6, "conjugate_isogenous_pairs": 115, "eigenvalues": [5.255695190285955, -5.2808300890747875]}, "11": {"diameter": 5, "conjugate_isogenous_pairs": 69, "eigenvalues": [6.60621820955092, -6.570892785194087]}}}