{"prime": 17377, "nodes": 1448, "minpoly": "x^2 + 17370*x + 7", "spine": 36, "undirected": true, "ell": {"2": {"diameter": 14, "conjugate_isogenous_pairs": 50, "eigenvalues": [2.821582762492833, -2.81705792512723]}, "3": {"diameter": 9, "conjugate_isogenous_pairs": 58, "eigenvalues": [3.4397325408196693, -3.4464637561706737]}, "5": {"diameter": 6, "conjugate_isogenous_pairs": 68, "eigenvalues": [4.426322489156191, -4.44115304291952]}, "7": {"diameter": 5, "conjugate_isogenous_pairs": 95, "eigenvalues": [5.239019101162499, -5.258488220110315]}, "11": {"diameter": 5, "conjugate_isogenous_pairs": 118, "eigenvalues": [6.586166747328244, -6.594263540687648]}}}