{"prime": 239, "nodes": 21, "minpoly": "x^2 + 237*x + 7", "spine": 15, "undirected": false, "ell": {"2": {"diameter": 7, "conjugate_isogenous_pairs": 1, "eigenvalues": [2.70108109012503, -2.6525379525322657]}, "3": {"diameter": 5, "conjugate_isogenous_pairs": 1, "eigenvalues": [3.1326582797701796, -3.393244596634174]}, "5": {"diameter": 4, "conjugate_isogenous_pairs": 3, "eigenvalues": [4.244002146599792, -3.377076342895799]}, "7": {"diameter": 4, "conjugate_isogenous_pairs": 3, "eigenvalues": [5.130085310235304, -4.478275580205358]}, "11": {"diameter": 3, "conjugate_isogenous_pairs": 2, "eigenvalues": [6.004452592703905, -5.18409420484322]}}}