{"prime": 26573, "nodes": 2215, "minpoly": "x^2 + 26569*x + 2", "spine": 73, "undirected": false, "ell": {"2": {"diameter": 15, "conjugate_isogenous_pairs": 25, "eigenvalues": [2.8238827796475077, -2.8242921961026384]}, "3": {"diameter": 10, "conjugate_isogenous_pairs": 135, "eigenvalues": [3.460408716011183, -3.442935668336659]}, "5": {"diameter": 7, "conjugate_isogenous_pairs": 49, "eigenvalues": [4.453969234842688, -4.453275298147773]}, "7": {"diameter": 6, "conjugate_isogenous_pairs": 139, "eigenvalues": [5.25790537301138, -5.2751492296947395]}, "11": {"diameter": 5, "conjugate_isogenous_pairs": 81, "eigenvalues": [6.578912913260142, -6.60766644318448]}}}