{"prime": 19009, "nodes": 1584, "minpoly": "x^2 + 19006*x + 23", "spine": 38, "undirected": true, "ell": {"2": {"diameter": 14, "conjugate_isogenous_pairs": 33, "eigenvalues": [2.8231492983133304, -2.8079376535079095]}, "3": {"diameter": 9, "conjugate_isogenous_pairs": 60, "eigenvalues": [3.437786732646796, -3.462711182336062]}, "5": {"diameter": 7, "conjugate_isogenous_pairs": 61, "eigenvalues": [4.429491313013418, -4.446002678203644]}, "7": {"diameter": 5, "conjugate_isogenous_pairs": 75, "eigenvalues": [5.221964065216099, -5.246175059155097]}, "11": {"diameter": 5, "conjugate_isogenous_pairs": 148, "eigenvalues": [6.617261660723873, -6.582677881696406]}}}