{"prime": 5303, "nodes": 443, "minpoly": "x^2 + 5298*x + 5", "spine": 55, "undirected": false, "ell": {"2": {"diameter": 13, "conjugate_isogenous_pairs": 10, "eigenvalues": [2.81304646896934, -2.804389448677947]}, "3": {"diameter": 9, "conjugate_isogenous_pairs": 27, "eigenvalues": [3.428771172806486, -3.4022806593403505]}, "5": {"diameter": 6, "conjugate_isogenous_pairs": 23, "eigenvalues": [4.398028048175867, -4.448721961909071]}, "7": {"diameter": 5, "conjugate_isogenous_pairs": 61, "eigenvalues": [5.2450670368587655, -5.279978050637699]}, "11": {"diameter": 4, "conjugate_isogenous_pairs": 17, "eigenvalues": [6.550341984905748, -6.432356851966984]}}}