{"prime": 9769, "nodes": 814, "minpoly": "x^2 + 9768*x + 13", "spine": 26, "undirected": true, "ell": {"2": {"diameter": 12, "conjugate_isogenous_pairs": 22, "eigenvalues": [2.8123910302483264, -2.817900314190658]}, "3": {"diameter": 8, "conjugate_isogenous_pairs": 36, "eigenvalues": [3.459057432622511, -3.426423253215789]}, "5": {"diameter": 6, "conjugate_isogenous_pairs": 59, "eigenvalues": [4.443946407232302, -4.463347653408012]}, "7": {"diameter": 5, "conjugate_isogenous_pairs": 71, "eigenvalues": [5.255126234424957, -5.247793063018818]}, "11": {"diameter": 4, "conjugate_isogenous_pairs": 128, "eigenvalues": [6.549889037421928, -6.456897285209275]}}}