{"prime": 3203, "nodes": 268, "minpoly": "x^2 + 3199*x + 2", "spine": 22, "undirected": false, "ell": {"2": {"diameter": 11, "conjugate_isogenous_pairs": 10, "eigenvalues": [2.783539983463527, -2.818715662855009]}, "3": {"diameter": 8, "conjugate_isogenous_pairs": 22, "eigenvalues": [3.4164459020100177, -3.4056194124912684]}, "5": {"diameter": 6, "conjugate_isogenous_pairs": 40, "eigenvalues": [4.411687972224119, -4.319829568284594]}, "7": {"diameter": 5, "conjugate_isogenous_pairs": 38, "eigenvalues": [5.158773147666043, -5.218200803799723]}, "11": {"diameter": 4, "conjugate_isogenous_pairs": 17, "eigenvalues": [6.61263728240622, -6.592409429000464]}}}