{"prime": 22511, "nodes": 1877, "minpoly": "x^2 + 22510*x + 11", "spine": 189, "undirected": false, "ell": {"2": {"diameter": 15, "conjugate_isogenous_pairs": 24, "eigenvalues": [2.8210550106269245, -2.825376713188573]}, "3": {"diameter": 10, "conjugate_isogenous_pairs": 24, "eigenvalues": [3.43853374738096, -3.4615525326653414]}, "5": {"diameter": 7, "conjugate_isogenous_pairs": 48, "eigenvalues": [4.4529309390140845, -4.463981924480837]}, "7": {"diameter": 6, "conjugate_isogenous_pairs": 91, "eigenvalues": [5.258361055399333, -5.28007504518993]}, "11": {"diameter": 5, "conjugate_isogenous_pairs": 80, "eigenvalues": [6.603122353073547, -6.599990249151749]}}}