{"prime": 22273, "nodes": 1856, "minpoly": "x^2 + 22268*x + 5", "spine": 30, "undirected": true, "ell": {"2": {"diameter": 14, "conjugate_isogenous_pairs": 67, "eigenvalues": [2.821560357838696, -2.824701413466733]}, "3": {"diameter": 9, "conjugate_isogenous_pairs": 55, "eigenvalues": [3.453816268475161, -3.445149149731699]}, "5": {"diameter": 7, "conjugate_isogenous_pairs": 66, "eigenvalues": [4.466421995097186, -4.431550424167626]}, "7": {"diameter": 6, "conjugate_isogenous_pairs": 128, "eigenvalues": [5.239632299000794, -5.288390016033058]}, "11": {"diameter": 5, "conjugate_isogenous_pairs": 149, "eigenvalues": [6.57012763494102, -6.601014702674874]}}}