{"prime": 2837, "nodes": 237, "minpoly": "x^2 + 2833*x + 2", "spine": 23, "undirected": false, "ell": {"2": {"diameter": 11, "conjugate_isogenous_pairs": 7, "eigenvalues": [2.783566306383338, -2.8104676486349724]}, "3": {"diameter": 8, "conjugate_isogenous_pairs": 41, "eigenvalues": [3.4206514576955533, -3.449341155789044]}, "5": {"diameter": 5, "conjugate_isogenous_pairs": 15, "eigenvalues": [4.276901442813322, -4.415939641661144]}, "7": {"diameter": 5, "conjugate_isogenous_pairs": 35, "eigenvalues": [5.166306585494074, -5.067956343388895]}, "11": {"diameter": 4, "conjugate_isogenous_pairs": 27, "eigenvalues": [6.580002178037122, -6.4113053784107095]}}}