{"prime": 1229, "nodes": 103, "minpoly": "x^2 + 1225*x + 2", "spine": 19, "undirected": false, "ell": {"2": {"diameter": 11, "conjugate_isogenous_pairs": 4, "eigenvalues": [2.8195883445309446, -2.7746228995044877]}, "3": {"diameter": 7, "conjugate_isogenous_pairs": 17, "eigenvalues": [3.2698921285279776, -3.359005047924214]}, "5": {"diameter": 5, "conjugate_isogenous_pairs": 11, "eigenvalues": [4.441054790601625, -4.289310247203984]}, "7": {"diameter": 4, "conjugate_isogenous_pairs": 17, "eigenvalues": [5.076446072486154, -4.964607575548992]}, "11": {"diameter": 4, "conjugate_isogenous_pairs": 25, "eigenvalues": [6.411633692323922, -6.5294145630520255]}}}