{"prime": 2939, "nodes": 246, "minpoly": "x^2 + 2938*x + 2", "spine": 58, "undirected": false, "ell": {"2": {"diameter": 12, "conjugate_isogenous_pairs": 5, "eigenvalues": [2.804360787705279, -2.820111411312081]}, "3": {"diameter": 8, "conjugate_isogenous_pairs": 11, "eigenvalues": [3.375644138818402, -3.4436131541915858]}, "5": {"diameter": 6, "conjugate_isogenous_pairs": 18, "eigenvalues": [4.453544917240464, -4.410713126915274]}, "7": {"diameter": 5, "conjugate_isogenous_pairs": 19, "eigenvalues": [5.075008113518701, -5.230219764060241]}, "11": {"diameter": 4, "conjugate_isogenous_pairs": 27, "eigenvalues": [6.519998392712264, -6.5709316679036265]}}}