{"prime": 5323, "nodes": 444, "minpoly": "x^2 + 5322*x + 5", "spine": 30, "undirected": false, "ell": {"2": {"diameter": 12, "conjugate_isogenous_pairs": 35, "eigenvalues": [2.8083761824485505, -2.8204679140978715]}, "3": {"diameter": 8, "conjugate_isogenous_pairs": 18, "eigenvalues": [3.4236873374463426, -3.421386504952369]}, "5": {"diameter": 6, "conjugate_isogenous_pairs": 75, "eigenvalues": [4.4549276706345955, -4.368843734144281]}, "7": {"diameter": 5, "conjugate_isogenous_pairs": 20, "eigenvalues": [5.202340156129105, -5.11792589595988]}, "11": {"diameter": 4, "conjugate_isogenous_pairs": 44, "eigenvalues": [6.550601116771528, -6.38907853066763]}}}