{"prime": 11279, "nodes": 941, "minpoly": "x^2 + 11278*x + 7", "spine": 105, "undirected": false, "ell": {"2": {"diameter": 13, "conjugate_isogenous_pairs": 17, "eigenvalues": [2.8234766038855064, -2.823780637856105]}, "3": {"diameter": 10, "conjugate_isogenous_pairs": 20, "eigenvalues": [3.4461164147871566, -3.4542748413230844]}, "5": {"diameter": 7, "conjugate_isogenous_pairs": 43, "eigenvalues": [4.461703616086357, -4.456812600763091]}, "7": {"diameter": 6, "conjugate_isogenous_pairs": 63, "eigenvalues": [5.249130470792549, -5.249111899903252]}, "11": {"diameter": 5, "conjugate_isogenous_pairs": 40, "eigenvalues": [6.62938856299556, -6.505641017798843]}}}