{"prime": 2239, "nodes": 187, "minpoly": "x^2 + 2233*x + 3", "spine": 35, "undirected": false, "ell": {"2": {"diameter": 10, "conjugate_isogenous_pairs": 10, "eigenvalues": [2.8001535207974766, -2.7901851082003803]}, "3": {"diameter": 7, "conjugate_isogenous_pairs": 9, "eigenvalues": [3.444411668671795, -3.416187786749745]}, "5": {"diameter": 5, "conjugate_isogenous_pairs": 25, "eigenvalues": [4.290042910063692, -4.416210662173419]}, "7": {"diameter": 4, "conjugate_isogenous_pairs": 9, "eigenvalues": [4.934987988629072, -5.265078931305857]}, "11": {"diameter": 4, "conjugate_isogenous_pairs": 36, "eigenvalues": [6.276022829782937, -6.376941863243884]}}}