{"prime": 4909, "nodes": 409, "minpoly": "x^2 + 4908*x + 6", "spine": 15, "undirected": true, "ell": {"2": {"diameter": 11, "conjugate_isogenous_pairs": 24, "eigenvalues": [2.809612279323951, -2.8178576324696625]}, "3": {"diameter": 8, "conjugate_isogenous_pairs": 32, "eigenvalues": [3.4515661564374454, -3.404789784791299]}, "5": {"diameter": 6, "conjugate_isogenous_pairs": 30, "eigenvalues": [4.399402323734384, -4.410774168470871]}, "7": {"diameter": 5, "conjugate_isogenous_pairs": 23, "eigenvalues": [5.222465523686545, -5.222832301167723]}, "11": {"diameter": 4, "conjugate_isogenous_pairs": 95, "eigenvalues": [6.385199917018878, -6.5262472583405335]}}}