{"prime": 7757, "nodes": 647, "minpoly": "x^2 + 7749*x + 2", "spine": 25, "undirected": false, "ell": {"2": {"diameter": 12, "conjugate_isogenous_pairs": 15, "eigenvalues": [2.8093818069702383, -2.8096196650251377]}, "3": {"diameter": 9, "conjugate_isogenous_pairs": 81, "eigenvalues": [3.456770539761296, -3.440409977222625]}, "5": {"diameter": 6, "conjugate_isogenous_pairs": 29, "eigenvalues": [4.466007732573847, -4.349989569232549]}, "7": {"diameter": 6, "conjugate_isogenous_pairs": 59, "eigenvalues": [5.14018719595508, -5.284938727013871]}, "11": {"diameter": 4, "conjugate_isogenous_pairs": 48, "eigenvalues": [6.4960378449059935, -6.505109295643026]}}}