{"prime": 12809, "nodes": 1068, "minpoly": "x^2 + 12803*x + 3", "spine": 92, "undirected": false, "ell": {"2": {"diameter": 14, "conjugate_isogenous_pairs": 16, "eigenvalues": [2.8201935938352696, -2.827897279127921]}, "3": {"diameter": 9, "conjugate_isogenous_pairs": 25, "eigenvalues": [3.4592540752007066, -3.424168103304636]}, "5": {"diameter": 7, "conjugate_isogenous_pairs": 23, "eigenvalues": [4.462069853270996, -4.42982267942403]}, "7": {"diameter": 6, "conjugate_isogenous_pairs": 124, "eigenvalues": [5.204580709305574, -5.2496229492030775]}, "11": {"diameter": 5, "conjugate_isogenous_pairs": 64, "eigenvalues": [6.474099832886372, -6.622765819836574]}}}