{"prime": 11827, "nodes": 986, "minpoly": "x^2 + 11823*x + 2", "spine": 26, "undirected": false, "ell": {"2": {"diameter": 14, "conjugate_isogenous_pairs": 36, "eigenvalues": [2.8207088123379287, -2.822203340701382]}, "3": {"diameter": 9, "conjugate_isogenous_pairs": 59, "eigenvalues": [3.4559429538127246, -3.459111801622394]}, "5": {"diameter": 6, "conjugate_isogenous_pairs": 125, "eigenvalues": [4.442306573925339, -4.429187005794595]}, "7": {"diameter": 5, "conjugate_isogenous_pairs": 33, "eigenvalues": [5.2570646225902395, -5.184578491253002]}, "11": {"diameter": 4, "conjugate_isogenous_pairs": 49, "eigenvalues": [6.608994456990857, -6.534721251649333]}}}