{"prime": 3209, "nodes": 268, "minpoly": "x^2 + 3204*x + 3", "spine": 40, "undirected": false, "ell": {"2": {"diameter": 11, "conjugate_isogenous_pairs": 8, "eigenvalues": [2.8098136107214806, -2.8169915051753085]}, "3": {"diameter": 8, "conjugate_isogenous_pairs": 16, "eigenvalues": [3.42131745711883, -3.393547554732049]}, "5": {"diameter": 6, "conjugate_isogenous_pairs": 11, "eigenvalues": [4.324955008606181, -4.431712849599287]}, "7": {"diameter": 5, "conjugate_isogenous_pairs": 45, "eigenvalues": [5.069558094860068, -5.057990870763198]}, "11": {"diameter": 4, "conjugate_isogenous_pairs": 40, "eigenvalues": [6.607688301387051, -6.484725958124341]}}}