{"prime": 18493, "nodes": 1541, "minpoly": "x^2 + 18492*x + 2", "spine": 33, "undirected": true, "ell": {"2": {"diameter": 14, "conjugate_isogenous_pairs": 65, "eigenvalues": [2.8220051567542233, -2.824634275228312]}, "3": {"diameter": 9, "conjugate_isogenous_pairs": 82, "eigenvalues": [3.462834790860923, -3.4558832258669776]}, "5": {"diameter": 6, "conjugate_isogenous_pairs": 76, "eigenvalues": [4.429319376351538, -4.41470583628652]}, "7": {"diameter": 5, "conjugate_isogenous_pairs": 82, "eigenvalues": [5.234156098005556, -5.242300729981062]}, "11": {"diameter": 5, "conjugate_isogenous_pairs": 214, "eigenvalues": [6.597529394911156, -6.5711128197202]}}}