{"prime": 29989, "nodes": 2499, "minpoly": "x^2 + 29980*x + 2", "spine": 35, "undirected": true, "ell": {"2": {"diameter": 14, "conjugate_isogenous_pairs": 67, "eigenvalues": [2.826119716955886, -2.8270668736058555]}, "3": {"diameter": 10, "conjugate_isogenous_pairs": 64, "eigenvalues": [3.4500579595147456, -3.4349836841800307]}, "5": {"diameter": 7, "conjugate_isogenous_pairs": 94, "eigenvalues": [4.434824921908256, -4.457148441347669]}, "7": {"diameter": 6, "conjugate_isogenous_pairs": 59, "eigenvalues": [5.258697086771454, -5.2360132914426645]}, "11": {"diameter": 5, "conjugate_isogenous_pairs": 286, "eigenvalues": [6.613751583405701, -6.606048753227874]}}}