{"prime": 21149, "nodes": 1763, "minpoly": "x^2 + 21147*x + 3", "spine": 75, "undirected": false, "ell": {"2": {"diameter": 14, "conjugate_isogenous_pairs": 18, "eigenvalues": [2.8164211455063177, -2.8158794800109233]}, "3": {"diameter": 10, "conjugate_isogenous_pairs": 73, "eigenvalues": [3.4395679736350964, -3.4544638830777274]}, "5": {"diameter": 7, "conjugate_isogenous_pairs": 47, "eigenvalues": [4.452972678367484, -4.468838178197509]}, "7": {"diameter": 6, "conjugate_isogenous_pairs": 93, "eigenvalues": [5.278055969373134, -5.289705506072501]}, "11": {"diameter": 5, "conjugate_isogenous_pairs": 138, "eigenvalues": [6.575343060935462, -6.569209519707961]}}}