{"prime": 5003, "nodes": 418, "minpoly": "x^2 + 4999*x + 2", "spine": 30, "undirected": false, "ell": {"2": {"diameter": 13, "conjugate_isogenous_pairs": 20, "eigenvalues": [2.8265062146361406, -2.8064517108357703]}, "3": {"diameter": 9, "conjugate_isogenous_pairs": 18, "eigenvalues": [3.3963646748945804, -3.4563566665111116]}, "5": {"diameter": 6, "conjugate_isogenous_pairs": 38, "eigenvalues": [4.458339421934588, -4.407177828190546]}, "7": {"diameter": 5, "conjugate_isogenous_pairs": 57, "eigenvalues": [5.071573813630333, -5.2633475561043355]}, "11": {"diameter": 4, "conjugate_isogenous_pairs": 23, "eigenvalues": [6.556291205087194, -6.549220148754904]}}}