{"prime": 10847, "nodes": 905, "minpoly": "x^2 + 10845*x + 5", "spine": 63, "undirected": false, "ell": {"2": {"diameter": 14, "conjugate_isogenous_pairs": 27, "eigenvalues": [2.818956684861786, -2.8177087163245305]}, "3": {"diameter": 9, "conjugate_isogenous_pairs": 33, "eigenvalues": [3.4477287775172885, -3.414650236847388]}, "5": {"diameter": 7, "conjugate_isogenous_pairs": 43, "eigenvalues": [4.417003432065824, -4.424898582776026]}, "7": {"diameter": 6, "conjugate_isogenous_pairs": 74, "eigenvalues": [5.231659773985023, -5.265537791712923]}, "11": {"diameter": 5, "conjugate_isogenous_pairs": 25, "eigenvalues": [6.621323825390172, -6.592728460543595]}}}