{"prime": 17393, "nodes": 1450, "minpoly": "x^2 + 17387*x + 3", "spine": 86, "undirected": false, "ell": {"2": {"diameter": 15, "conjugate_isogenous_pairs": 26, "eigenvalues": [2.821300941176327, -2.820560447224802]}, "3": {"diameter": 10, "conjugate_isogenous_pairs": 59, "eigenvalues": [3.456647416089638, -3.462924092824732]}, "5": {"diameter": 7, "conjugate_isogenous_pairs": 31, "eigenvalues": [4.454103653764651, -4.419530976007672]}, "7": {"diameter": 6, "conjugate_isogenous_pairs": 163, "eigenvalues": [5.247262411792337, -5.246028292553997]}, "11": {"diameter": 5, "conjugate_isogenous_pairs": 52, "eigenvalues": [6.618258518744704, -6.59857352441458]}}}