{"prime": 2389, "nodes": 199, "minpoly": "x^2 + 2385*x + 2", "spine": 17, "undirected": true, "ell": {"2": {"diameter": 9, "conjugate_isogenous_pairs": 10, "eigenvalues": [2.790654987743918, -2.7966880796628844]}, "3": {"diameter": 7, "conjugate_isogenous_pairs": 29, "eigenvalues": [3.4381992263443624, -3.387578787386754]}, "5": {"diameter": 5, "conjugate_isogenous_pairs": 22, "eigenvalues": [4.3857822289771216, -4.375242612541967]}, "7": {"diameter": 4, "conjugate_isogenous_pairs": 15, "eigenvalues": [5.250530141374149, -5.166200846560104]}, "11": {"diameter": 4, "conjugate_isogenous_pairs": 57, "eigenvalues": [6.48287034741017, -6.6010418500431065]}}}