{"prime": 5419, "nodes": 452, "minpoly": "x^2 + 5414*x + 3", "spine": 26, "undirected": false, "ell": {"2": {"diameter": 13, "conjugate_isogenous_pairs": 20, "eigenvalues": [2.825739782372787, -2.801969832980641]}, "3": {"diameter": 8, "conjugate_isogenous_pairs": 20, "eigenvalues": [3.4137182271833746, -3.398980862076778]}, "5": {"diameter": 6, "conjugate_isogenous_pairs": 87, "eigenvalues": [4.4031078430788675, -4.440058887880252]}, "7": {"diameter": 5, "conjugate_isogenous_pairs": 18, "eigenvalues": [5.2473166149671755, -5.183390206792149]}, "11": {"diameter": 4, "conjugate_isogenous_pairs": 55, "eigenvalues": [6.527368439347523, -6.559207025631497]}}}