{"prime": 7349, "nodes": 613, "minpoly": "x^2 + 7348*x + 2", "spine": 55, "undirected": false, "ell": {"2": {"diameter": 14, "conjugate_isogenous_pairs": 10, "eigenvalues": [2.818791264322415, -2.7987222278497703]}, "3": {"diameter": 9, "conjugate_isogenous_pairs": 30, "eigenvalues": [3.4423724921491883, -3.419624887395181]}, "5": {"diameter": 6, "conjugate_isogenous_pairs": 17, "eigenvalues": [4.442692555541921, -4.43228550143364]}, "7": {"diameter": 5, "conjugate_isogenous_pairs": 52, "eigenvalues": [5.2025355119535535, -5.228840437448838]}, "11": {"diameter": 4, "conjugate_isogenous_pairs": 92, "eigenvalues": [6.426186398234985, -6.532673132778085]}}}