{"prime": 2713, "nodes": 226, "minpoly": "x^2 + 2712*x + 5", "spine": 12, "undirected": true, "ell": {"2": {"diameter": 10, "conjugate_isogenous_pairs": 12, "eigenvalues": [2.781902077049814, -2.8122180510007673]}, "3": {"diameter": 7, "conjugate_isogenous_pairs": 33, "eigenvalues": [3.389558971418098, -3.4255561531007666]}, "5": {"diameter": 5, "conjugate_isogenous_pairs": 31, "eigenvalues": [4.401470393575378, -4.342681021298178]}, "7": {"diameter": 4, "conjugate_isogenous_pairs": 37, "eigenvalues": [5.253047073866518, -5.157956706625168]}, "11": {"diameter": 4, "conjugate_isogenous_pairs": 39, "eigenvalues": [6.460119328845862, -6.404932270023288]}}}