{"prime": 619, "nodes": 52, "minpoly": "x^2 + 618*x + 2", "spine": 10, "undirected": false, "ell": {"2": {"diameter": 9, "conjugate_isogenous_pairs": 9, "eigenvalues": [2.817953377781254, -2.7327988261889096]}, "3": {"diameter": 6, "conjugate_isogenous_pairs": 5, "eigenvalues": [3.286369765582057, -3.2638828087231024]}, "5": {"diameter": 4, "conjugate_isogenous_pairs": 15, "eigenvalues": [4.119679907909601, -4.310734949178805]}, "7": {"diameter": 3, "conjugate_isogenous_pairs": 5, "eigenvalues": [5.258816053107137, -5.097136480729713]}, "11": {"diameter": 3, "conjugate_isogenous_pairs": 16, "eigenvalues": [6.129067361198413, -6.126238412433351]}}}