{"prime": 14557, "nodes": 1213, "minpoly": "x^2 + 14553*x + 2", "spine": 23, "undirected": true, "ell": {"2": {"diameter": 13, "conjugate_isogenous_pairs": 33, "eigenvalues": [2.821072040250787, -2.8128659515146617]}, "3": {"diameter": 9, "conjugate_isogenous_pairs": 100, "eigenvalues": [3.4601117981190224, -3.4561314609794502]}, "5": {"diameter": 6, "conjugate_isogenous_pairs": 77, "eigenvalues": [4.414591135668433, -4.445237909960094]}, "7": {"diameter": 5, "conjugate_isogenous_pairs": 65, "eigenvalues": [5.205550383094581, -5.222145430106813]}, "11": {"diameter": 4, "conjugate_isogenous_pairs": 117, "eigenvalues": [6.573395024586398, -6.607384300930755]}}}