{"prime": 22861, "nodes": 1905, "minpoly": "x^2 + 22860*x + 2", "spine": 47, "undirected": true, "ell": {"2": {"diameter": 15, "conjugate_isogenous_pairs": 67, "eigenvalues": [2.8210002260985436, -2.823934182457521]}, "3": {"diameter": 9, "conjugate_isogenous_pairs": 58, "eigenvalues": [3.4582630493330764, -3.453056475985604]}, "5": {"diameter": 7, "conjugate_isogenous_pairs": 61, "eigenvalues": [4.448432611456087, -4.445529369568584]}, "7": {"diameter": 6, "conjugate_isogenous_pairs": 48, "eigenvalues": [5.212340621130477, -5.283089063936729]}, "11": {"diameter": 5, "conjugate_isogenous_pairs": 285, "eigenvalues": [6.6003543424825475, -6.5464009822392475]}}}