{"prime": 9733, "nodes": 811, "minpoly": "x^2 + 9732*x + 2", "spine": 21, "undirected": true, "ell": {"2": {"diameter": 13, "conjugate_isogenous_pairs": 56, "eigenvalues": [2.818247393285597, -2.824119238399774]}, "3": {"diameter": 9, "conjugate_isogenous_pairs": 53, "eigenvalues": [3.4527454858752824, -3.4459399328899223]}, "5": {"diameter": 6, "conjugate_isogenous_pairs": 37, "eigenvalues": [4.449251749469586, -4.390095973834349]}, "7": {"diameter": 5, "conjugate_isogenous_pairs": 39, "eigenvalues": [5.218681112615023, -5.19594555626571]}, "11": {"diameter": 4, "conjugate_isogenous_pairs": 107, "eigenvalues": [6.50604145943616, -6.579649487287319]}}}