{"prime": 15629, "nodes": 1303, "minpoly": "x^2 + 15624*x + 2", "spine": 71, "undirected": false, "ell": {"2": {"diameter": 14, "conjugate_isogenous_pairs": 17, "eigenvalues": [2.8202992653945977, -2.8266113310923324]}, "3": {"diameter": 9, "conjugate_isogenous_pairs": 48, "eigenvalues": [3.440151064935684, -3.4453866866745044]}, "5": {"diameter": 6, "conjugate_isogenous_pairs": 26, "eigenvalues": [4.445657597233564, -4.402545627178828]}, "7": {"diameter": 6, "conjugate_isogenous_pairs": 70, "eigenvalues": [5.246774326041046, -5.262734467459407]}, "11": {"diameter": 5, "conjugate_isogenous_pairs": 144, "eigenvalues": [6.568619135557006, -6.595648108764071]}}}