{"prime": 13159, "nodes": 1097, "minpoly": "x^2 + 13157*x + 3", "spine": 83, "undirected": false, "ell": {"2": {"diameter": 14, "conjugate_isogenous_pairs": 43, "eigenvalues": [2.8228195081961047, -2.81657117521011]}, "3": {"diameter": 9, "conjugate_isogenous_pairs": 18, "eigenvalues": [3.4327566175280197, -3.437223006799837]}, "5": {"diameter": 7, "conjugate_isogenous_pairs": 52, "eigenvalues": [4.360173395682127, -4.440929012283639]}, "7": {"diameter": 6, "conjugate_isogenous_pairs": 33, "eigenvalues": [5.205182444435296, -5.281742025105642]}, "11": {"diameter": 5, "conjugate_isogenous_pairs": 85, "eigenvalues": [6.607949460987181, -6.5723379173589604]}}}