{"prime": 19301, "nodes": 1609, "minpoly": "x^2 + 19297*x + 2", "spine": 81, "undirected": false, "ell": {"2": {"diameter": 14, "conjugate_isogenous_pairs": 12, "eigenvalues": [2.825793656330967, -2.8258518582528294]}, "3": {"diameter": 10, "conjugate_isogenous_pairs": 87, "eigenvalues": [3.462593463820123, -3.4360041106244217]}, "5": {"diameter": 7, "conjugate_isogenous_pairs": 41, "eigenvalues": [4.4134064701681925, -4.452595419117515]}, "7": {"diameter": 6, "conjugate_isogenous_pairs": 92, "eigenvalues": [5.249637028123227, -5.2601569730235775]}, "11": {"diameter": 5, "conjugate_isogenous_pairs": 101, "eigenvalues": [6.606574382856778, -6.618829947323239]}}}