{"prime": 12491, "nodes": 1042, "minpoly": "x^2 + 12487*x + 2", "spine": 110, "undirected": false, "ell": {"2": {"diameter": 14, "conjugate_isogenous_pairs": 18, "eigenvalues": [2.8171573619925283, -2.825517175847081]}, "3": {"diameter": 9, "conjugate_isogenous_pairs": 19, "eigenvalues": [3.433170736028016, -3.459863362873962]}, "5": {"diameter": 7, "conjugate_isogenous_pairs": 64, "eigenvalues": [4.427931029745256, -4.438815265974335]}, "7": {"diameter": 6, "conjugate_isogenous_pairs": 51, "eigenvalues": [5.2411941482083835, -5.28489165643094]}, "11": {"diameter": 5, "conjugate_isogenous_pairs": 62, "eigenvalues": [6.597192863345697, -6.599377575167082]}}}