{"prime": 29629, "nodes": 2469, "minpoly": "x^2 + 29627*x + 7", "spine": 77, "undirected": true, "ell": {"2": {"diameter": 15, "conjugate_isogenous_pairs": 60, "eigenvalues": [2.8240123963615575, -2.827743595191568]}, "3": {"diameter": 10, "conjugate_isogenous_pairs": 63, "eigenvalues": [3.441548147227883, -3.458292847659583]}, "5": {"diameter": 7, "conjugate_isogenous_pairs": 96, "eigenvalues": [4.418822621635777, -4.433298100716168]}, "7": {"diameter": 6, "conjugate_isogenous_pairs": 59, "eigenvalues": [5.2455010240255735, -5.287342830543756]}, "11": {"diameter": 5, "conjugate_isogenous_pairs": 344, "eigenvalues": [6.5456696888327155, -6.631307114342358]}}}