{"prime": 8819, "nodes": 736, "minpoly": "x^2 + 8818*x + 2", "spine": 98, "undirected": false, "ell": {"2": {"diameter": 14, "conjugate_isogenous_pairs": 18, "eigenvalues": [2.826372580026979, -2.8265016781367485]}, "3": {"diameter": 9, "conjugate_isogenous_pairs": 15, "eigenvalues": [3.440619348591903, -3.3873822702385064]}, "5": {"diameter": 6, "conjugate_isogenous_pairs": 46, "eigenvalues": [4.43595566091128, -4.468121666489756]}, "7": {"diameter": 6, "conjugate_isogenous_pairs": 37, "eigenvalues": [5.228585676353601, -5.2205235261941]}, "11": {"diameter": 5, "conjugate_isogenous_pairs": 48, "eigenvalues": [6.587846584254198, -6.588649042001134]}}}