{"prime": 653, "nodes": 55, "minpoly": "x^2 + 649*x + 2", "spine": 7, "undirected": false, "ell": {"2": {"diameter": 7, "conjugate_isogenous_pairs": 4, "eigenvalues": [2.69800677894004, -2.7510047179218984]}, "3": {"diameter": 6, "conjugate_isogenous_pairs": 16, "eigenvalues": [3.3575549612543503, -3.390041835421002]}, "5": {"diameter": 5, "conjugate_isogenous_pairs": 6, "eigenvalues": [4.419003974980461, -4.055703361129821]}, "7": {"diameter": 4, "conjugate_isogenous_pairs": 17, "eigenvalues": [5.016735163943446, -4.771528111265286]}, "11": {"diameter": 3, "conjugate_isogenous_pairs": 13, "eigenvalues": [6.267577836866487, -6.127225349154317]}}}