{"prime": 20903, "nodes": 1743, "minpoly": "x^2 + 20901*x + 5", "spine": 105, "undirected": false, "ell": {"2": {"diameter": 15, "conjugate_isogenous_pairs": 24, "eigenvalues": [2.8255245112118246, -2.821247372923182]}, "3": {"diameter": 11, "conjugate_isogenous_pairs": 59, "eigenvalues": [3.455914886168281, -3.461137991609549]}, "5": {"diameter": 7, "conjugate_isogenous_pairs": 51, "eigenvalues": [4.448325496873034, -4.446967711002724]}, "7": {"diameter": 6, "conjugate_isogenous_pairs": 105, "eigenvalues": [5.260515549209817, -5.27895009351139]}, "11": {"diameter": 5, "conjugate_isogenous_pairs": 36, "eigenvalues": [6.628425735907364, -6.625118296694973]}}}