{"prime": 10007, "nodes": 835, "minpoly": "x^2 + 10005*x + 5", "spine": 77, "undirected": false, "ell": {"2": {"diameter": 13, "conjugate_isogenous_pairs": 14, "eigenvalues": [2.815003986065595, -2.8241997183964433]}, "3": {"diameter": 9, "conjugate_isogenous_pairs": 48, "eigenvalues": [3.45141294676896, -3.426468654061885]}, "5": {"diameter": 7, "conjugate_isogenous_pairs": 46, "eigenvalues": [4.466486697244989, -4.409088155447123]}, "7": {"diameter": 6, "conjugate_isogenous_pairs": 67, "eigenvalues": [5.274377716345722, -5.2680056233007395]}, "11": {"diameter": 5, "conjugate_isogenous_pairs": 33, "eigenvalues": [6.472539535059967, -6.6004742733521065]}}}