{"prime": 9001, "nodes": 750, "minpoly": "x^2 + 8998*x + 7", "spine": 30, "undirected": true, "ell": {"2": {"diameter": 12, "conjugate_isogenous_pairs": 35, "eigenvalues": [2.8200026918995764, -2.8050179638319523]}, "3": {"diameter": 8, "conjugate_isogenous_pairs": 20, "eigenvalues": [3.4450418705034287, -3.4602944238265936]}, "5": {"diameter": 6, "conjugate_isogenous_pairs": 51, "eigenvalues": [4.428996143711719, -4.410174889246489]}, "7": {"diameter": 5, "conjugate_isogenous_pairs": 66, "eigenvalues": [5.251245231989476, -5.190096711120732]}, "11": {"diameter": 4, "conjugate_isogenous_pairs": 144, "eigenvalues": [6.492387492634152, -6.464815433269151]}}}