{"prime": 24043, "nodes": 2004, "minpoly": "x^2 + 24042*x + 2", "spine": 46, "undirected": false, "ell": {"2": {"diameter": 15, "conjugate_isogenous_pairs": 59, "eigenvalues": [2.825849316682002, -2.824376532462841]}, "3": {"diameter": 9, "conjugate_isogenous_pairs": 50, "eigenvalues": [3.444788689459984, -3.4482552912916846]}, "5": {"diameter": 7, "conjugate_isogenous_pairs": 178, "eigenvalues": [4.444573284187086, -4.427041448441226]}, "7": {"diameter": 6, "conjugate_isogenous_pairs": 73, "eigenvalues": [5.285620345706465, -5.261988689714926]}, "11": {"diameter": 5, "conjugate_isogenous_pairs": 143, "eigenvalues": [6.6052648223952914, -6.577454385312745]}}}