{"prime": 1523, "nodes": 128, "minpoly": "x^2 + 1518*x + 2", "spine": 14, "undirected": false, "ell": {"2": {"diameter": 10, "conjugate_isogenous_pairs": 8, "eigenvalues": [2.790138397937449, -2.7676912915246437]}, "3": {"diameter": 7, "conjugate_isogenous_pairs": 13, "eigenvalues": [3.424259452454753, -3.357121446871043]}, "5": {"diameter": 5, "conjugate_isogenous_pairs": 20, "eigenvalues": [4.391622769955171, -4.171095967180009]}, "7": {"diameter": 5, "conjugate_isogenous_pairs": 28, "eigenvalues": [5.018487993875406, -5.254495179902856]}, "11": {"diameter": 4, "conjugate_isogenous_pairs": 12, "eigenvalues": [6.448053873997003, -6.454847909888078]}}}