{"prime": 7351, "nodes": 613, "minpoly": "x^2 + 7350*x + 6", "spine": 33, "undirected": false, "ell": {"2": {"diameter": 13, "conjugate_isogenous_pairs": 24, "eigenvalues": [2.8198765165311284, -2.81264293994158]}, "3": {"diameter": 8, "conjugate_isogenous_pairs": 24, "eigenvalues": [3.4151194201979918, -3.4445524861644037]}, "5": {"diameter": 6, "conjugate_isogenous_pairs": 52, "eigenvalues": [4.415957273558489, -4.375901057734683]}, "7": {"diameter": 5, "conjugate_isogenous_pairs": 27, "eigenvalues": [5.208028979299517, -5.2063477066521635]}, "11": {"diameter": 4, "conjugate_isogenous_pairs": 75, "eigenvalues": [6.513568133533504, -6.550670461505343]}}}