{"prime": 12379, "nodes": 1032, "minpoly": "x^2 + 12378*x + 2", "spine": 50, "undirected": false, "ell": {"2": {"diameter": 14, "conjugate_isogenous_pairs": 29, "eigenvalues": [2.8268356732276563, -2.8185864087890806]}, "3": {"diameter": 9, "conjugate_isogenous_pairs": 23, "eigenvalues": [3.4420338811629096, -3.4348769951263667]}, "5": {"diameter": 7, "conjugate_isogenous_pairs": 86, "eigenvalues": [4.4530795276301625, -4.4506513978750135]}, "7": {"diameter": 5, "conjugate_isogenous_pairs": 30, "eigenvalues": [5.254486668615787, -5.261368216881747]}, "11": {"diameter": 4, "conjugate_isogenous_pairs": 118, "eigenvalues": [6.573533971818343, -6.573382350201621]}}}