{"prime": 23011, "nodes": 1918, "minpoly": "x^2 + 23009*x + 7", "spine": 70, "undirected": false, "ell": {"2": {"diameter": 14, "conjugate_isogenous_pairs": 28, "eigenvalues": [2.822573717179869, -2.8219685667415026]}, "3": {"diameter": 10, "conjugate_isogenous_pairs": 56, "eigenvalues": [3.4504443175337105, -3.4425806349159185]}, "5": {"diameter": 7, "conjugate_isogenous_pairs": 184, "eigenvalues": [4.450049903273575, -4.4371364960788116]}, "7": {"diameter": 6, "conjugate_isogenous_pairs": 31, "eigenvalues": [5.272719106598788, -5.254259019723686]}, "11": {"diameter": 5, "conjugate_isogenous_pairs": 129, "eigenvalues": [6.603393751844892, -6.532986391701122]}}}