{"prime": 12301, "nodes": 1025, "minpoly": "x^2 + 12297*x + 2", "spine": 29, "undirected": true, "ell": {"2": {"diameter": 13, "conjugate_isogenous_pairs": 27, "eigenvalues": [2.82220077544166, -2.8173351846190635]}, "3": {"diameter": 9, "conjugate_isogenous_pairs": 56, "eigenvalues": [3.4438196094805886, -3.4394403648052916]}, "5": {"diameter": 6, "conjugate_isogenous_pairs": 63, "eigenvalues": [4.426994292528862, -4.4282333260677005]}, "7": {"diameter": 5, "conjugate_isogenous_pairs": 34, "eigenvalues": [5.240243351798215, -5.2867088633333905]}, "11": {"diameter": 4, "conjugate_isogenous_pairs": 169, "eigenvalues": [6.452481748846562, -6.616660591450717]}}}