{"prime": 12919, "nodes": 1077, "minpoly": "x^2 + 12917*x + 6", "spine": 67, "undirected": false, "ell": {"2": {"diameter": 14, "conjugate_isogenous_pairs": 32, "eigenvalues": [2.818667770341748, -2.8234881507290526]}, "3": {"diameter": 9, "conjugate_isogenous_pairs": 24, "eigenvalues": [3.449294539732563, -3.4567375599729675]}, "5": {"diameter": 7, "conjugate_isogenous_pairs": 73, "eigenvalues": [4.427864415573757, -4.456146325337086]}, "7": {"diameter": 5, "conjugate_isogenous_pairs": 29, "eigenvalues": [5.255000698863477, -5.260224649312743]}, "11": {"diameter": 5, "conjugate_isogenous_pairs": 76, "eigenvalues": [6.627992018850259, -6.60361706715082]}}}