{"prime": 15349, "nodes": 1279, "minpoly": "x^2 + 15348*x + 2", "spine": 31, "undirected": true, "ell": {"2": {"diameter": 14, "conjugate_isogenous_pairs": 46, "eigenvalues": [2.8190917403623668, -2.820644601345951]}, "3": {"diameter": 9, "conjugate_isogenous_pairs": 52, "eigenvalues": [3.441185535958731, -3.441354723602249]}, "5": {"diameter": 6, "conjugate_isogenous_pairs": 47, "eigenvalues": [4.419809266238899, -4.444504591882705]}, "7": {"diameter": 5, "conjugate_isogenous_pairs": 37, "eigenvalues": [5.286654048361048, -5.280704451974225]}, "11": {"diameter": 5, "conjugate_isogenous_pairs": 224, "eigenvalues": [6.593745018407167, -6.592840255314732]}}}