{"prime": 16553, "nodes": 1380, "minpoly": "x^2 + 16547*x + 3", "spine": 50, "undirected": false, "ell": {"2": {"diameter": 15, "conjugate_isogenous_pairs": 29, "eigenvalues": [2.8183600183648134, -2.8186258909725757]}, "3": {"diameter": 9, "conjugate_isogenous_pairs": 52, "eigenvalues": [3.4394184900209837, -3.4494964424828924]}, "5": {"diameter": 7, "conjugate_isogenous_pairs": 31, "eigenvalues": [4.426771762707721, -4.444775404050015]}, "7": {"diameter": 6, "conjugate_isogenous_pairs": 215, "eigenvalues": [5.239860259635391, -5.243001883577821]}, "11": {"diameter": 5, "conjugate_isogenous_pairs": 57, "eigenvalues": [6.562097719334714, -6.56208393329593]}}}