{"prime": 19949, "nodes": 1663, "minpoly": "x^2 + 19948*x + 2", "spine": 99, "undirected": false, "ell": {"2": {"diameter": 14, "conjugate_isogenous_pairs": 23, "eigenvalues": [2.8170531180795293, -2.827484367341357]}, "3": {"diameter": 10, "conjugate_isogenous_pairs": 41, "eigenvalues": [3.457453897061378, -3.4588574040539957]}, "5": {"diameter": 7, "conjugate_isogenous_pairs": 40, "eigenvalues": [4.465068728825308, -4.441810906110942]}, "7": {"diameter": 6, "conjugate_isogenous_pairs": 74, "eigenvalues": [5.2504012931891015, -5.270668291205098]}, "11": {"diameter": 5, "conjugate_isogenous_pairs": 171, "eigenvalues": [6.585241001139385, -6.562237125329972]}}}