{"prime": 25339, "nodes": 2112, "minpoly": "x^2 + 25338*x + 3", "spine": 86, "undirected": false, "ell": {"2": {"diameter": 15, "conjugate_isogenous_pairs": 54, "eigenvalues": [2.8212316085743394, -2.8093082281024775]}, "3": {"diameter": 10, "conjugate_isogenous_pairs": 24, "eigenvalues": [3.457785694265717, -3.4507903029161944]}, "5": {"diameter": 7, "conjugate_isogenous_pairs": 189, "eigenvalues": [4.432340176689294, -4.450561255653936]}, "7": {"diameter": 6, "conjugate_isogenous_pairs": 37, "eigenvalues": [5.263746612622269, -5.263013618847153]}, "11": {"diameter": 5, "conjugate_isogenous_pairs": 178, "eigenvalues": [6.6189977729068294, -6.594322667346637]}}}