{"prime": 23663, "nodes": 1973, "minpoly": "x^2 + 23661*x + 5", "spine": 183, "undirected": false, "ell": {"2": {"diameter": 15, "conjugate_isogenous_pairs": 26, "eigenvalues": [2.8184423913938157, -2.827250251078446]}, "3": {"diameter": 10, "conjugate_isogenous_pairs": 47, "eigenvalues": [3.4582339301356724, -3.4508250229063453]}, "5": {"diameter": 7, "conjugate_isogenous_pairs": 46, "eigenvalues": [4.452201336232276, -4.445427888076401]}, "7": {"diameter": 6, "conjugate_isogenous_pairs": 97, "eigenvalues": [5.274889811943473, -5.195828858162398]}, "11": {"diameter": 5, "conjugate_isogenous_pairs": 49, "eigenvalues": [6.578506531235587, -6.620657643762806]}}}