{"prime": 29017, "nodes": 2418, "minpoly": "x^2 + 29014*x + 5", "spine": 30, "undirected": true, "ell": {"2": {"diameter": 14, "conjugate_isogenous_pairs": 59, "eigenvalues": [2.8271434458372564, -2.822032400274363]}, "3": {"diameter": 9, "conjugate_isogenous_pairs": 125, "eigenvalues": [3.457415193705234, -3.4600181623104787]}, "5": {"diameter": 7, "conjugate_isogenous_pairs": 83, "eigenvalues": [4.450918335465631, -4.465624804668651]}, "7": {"diameter": 6, "conjugate_isogenous_pairs": 84, "eigenvalues": [5.2783937797938, -5.2649899052548745]}, "11": {"diameter": 5, "conjugate_isogenous_pairs": 112, "eigenvalues": [6.621043509556352, -6.5904640008814095]}}}