{"prime": 17609, "nodes": 1468, "minpoly": "x^2 + 17603*x + 3", "spine": 70, "undirected": false, "ell": {"2": {"diameter": 14, "conjugate_isogenous_pairs": 18, "eigenvalues": [2.806725893633773, -2.8198007729990247]}, "3": {"diameter": 10, "conjugate_isogenous_pairs": 41, "eigenvalues": [3.429124251552851, -3.452975509304515]}, "5": {"diameter": 7, "conjugate_isogenous_pairs": 36, "eigenvalues": [4.4528089466986085, -4.4423436312438165]}, "7": {"diameter": 6, "conjugate_isogenous_pairs": 168, "eigenvalues": [5.277484565657954, -5.250707226530402]}, "11": {"diameter": 5, "conjugate_isogenous_pairs": 85, "eigenvalues": [6.589356332217769, -6.574234054112727]}}}