{"prime": 2017, "nodes": 168, "minpoly": "x^2 + 2016*x + 5", "spine": 6, "undirected": true, "ell": {"2": {"diameter": 10, "conjugate_isogenous_pairs": 16, "eigenvalues": [2.7876138669299384, -2.7917848861814]}, "3": {"diameter": 6, "conjugate_isogenous_pairs": 18, "eigenvalues": [3.3881348384910743, -3.42198266410009]}, "5": {"diameter": 5, "conjugate_isogenous_pairs": 30, "eigenvalues": [4.333953830916878, -4.136494062228675]}, "7": {"diameter": 4, "conjugate_isogenous_pairs": 38, "eigenvalues": [5.193459720618266, -5.24337227265408]}, "11": {"diameter": 3, "conjugate_isogenous_pairs": 31, "eigenvalues": [6.47221537954035, -6.218086624017562]}}}