{"prime": 16603, "nodes": 1384, "minpoly": "x^2 + 16602*x + 2", "spine": 30, "undirected": false, "ell": {"2": {"diameter": 14, "conjugate_isogenous_pairs": 75, "eigenvalues": [2.8280225247852044, -2.817255806906569]}, "3": {"diameter": 9, "conjugate_isogenous_pairs": 43, "eigenvalues": [3.4508331110954864, -3.4399785219756174]}, "5": {"diameter": 7, "conjugate_isogenous_pairs": 101, "eigenvalues": [4.458570636927709, -4.443936527470238]}, "7": {"diameter": 6, "conjugate_isogenous_pairs": 54, "eigenvalues": [5.286184339677019, -5.209647401780262]}, "11": {"diameter": 5, "conjugate_isogenous_pairs": 115, "eigenvalues": [6.605879963224709, -6.599346576329826]}}}