{"prime": 12433, "nodes": 1036, "minpoly": "x^2 + 12432*x + 13", "spine": 14, "undirected": true, "ell": {"2": {"diameter": 13, "conjugate_isogenous_pairs": 46, "eigenvalues": [2.807359531258762, -2.8245585714504307]}, "3": {"diameter": 9, "conjugate_isogenous_pairs": 58, "eigenvalues": [3.4487225241822754, -3.446410625270729]}, "5": {"diameter": 6, "conjugate_isogenous_pairs": 67, "eigenvalues": [4.394158722743209, -4.462035011929762]}, "7": {"diameter": 5, "conjugate_isogenous_pairs": 101, "eigenvalues": [5.259026744064875, -5.248799110399154]}, "11": {"diameter": 4, "conjugate_isogenous_pairs": 98, "eigenvalues": [6.608108723529612, -6.561492904629244]}}}