{"prime": 2129, "nodes": 178, "minpoly": "x^2 + 2120*x + 3", "spine": 28, "undirected": false, "ell": {"2": {"diameter": 10, "conjugate_isogenous_pairs": 6, "eigenvalues": [2.768624854384533, -2.8087281031405618]}, "3": {"diameter": 7, "conjugate_isogenous_pairs": 16, "eigenvalues": [3.4060146943805116, -3.3836332013143537]}, "5": {"diameter": 5, "conjugate_isogenous_pairs": 11, "eigenvalues": [4.315829285794108, -4.417748750548176]}, "7": {"diameter": 5, "conjugate_isogenous_pairs": 28, "eigenvalues": [5.054422478201039, -5.2179869261814735]}, "11": {"diameter": 4, "conjugate_isogenous_pairs": 24, "eigenvalues": [6.619794287748004, -6.473266482479684]}}}