{"prime": 22229, "nodes": 1853, "minpoly": "x^2 + 22221*x + 2", "spine": 75, "undirected": false, "ell": {"2": {"diameter": 15, "conjugate_isogenous_pairs": 17, "eigenvalues": [2.8184602118704243, -2.8209521158500688]}, "3": {"diameter": 10, "conjugate_isogenous_pairs": 90, "eigenvalues": [3.4377046669125586, -3.459209976264096]}, "5": {"diameter": 7, "conjugate_isogenous_pairs": 43, "eigenvalues": [4.44856809727614, -4.449834851902733]}, "7": {"diameter": 6, "conjugate_isogenous_pairs": 91, "eigenvalues": [5.26814840379581, -5.261586144116049]}, "11": {"diameter": 5, "conjugate_isogenous_pairs": 118, "eigenvalues": [6.587474215998423, -6.588580402391745]}}}