{"prime": 14197, "nodes": 1183, "minpoly": "x^2 + 14196*x + 11", "spine": 29, "undirected": true, "ell": {"2": {"diameter": 13, "conjugate_isogenous_pairs": 35, "eigenvalues": [2.820609143794254, -2.81721431137588]}, "3": {"diameter": 9, "conjugate_isogenous_pairs": 103, "eigenvalues": [3.4472248944137482, -3.450042057639736]}, "5": {"diameter": 6, "conjugate_isogenous_pairs": 73, "eigenvalues": [4.4222931744687095, -4.40329371290281]}, "7": {"diameter": 5, "conjugate_isogenous_pairs": 54, "eigenvalues": [5.274352252352802, -5.2765314503698715]}, "11": {"diameter": 4, "conjugate_isogenous_pairs": 108, "eigenvalues": [6.568815245752277, -6.5184644501335836]}}}