{"prime": 15217, "nodes": 1268, "minpoly": "x^2 + 15216*x + 10", "spine": 24, "undirected": true, "ell": {"2": {"diameter": 14, "conjugate_isogenous_pairs": 80, "eigenvalues": [2.8231708613522666, -2.820458604493213]}, "3": {"diameter": 9, "conjugate_isogenous_pairs": 47, "eigenvalues": [3.4383844873421947, -3.4553972431458027]}, "5": {"diameter": 6, "conjugate_isogenous_pairs": 51, "eigenvalues": [4.455709753703157, -4.450787738856371]}, "7": {"diameter": 5, "conjugate_isogenous_pairs": 103, "eigenvalues": [5.2314746301107355, -5.2543500980527025]}, "11": {"diameter": 4, "conjugate_isogenous_pairs": 114, "eigenvalues": [6.582445821504837, -6.54752271416846]}}}