{"prime": 21019, "nodes": 1752, "minpoly": "x^2 + 21018*x + 2", "spine": 46, "undirected": false, "ell": {"2": {"diameter": 14, "conjugate_isogenous_pairs": 54, "eigenvalues": [2.8278278564331942, -2.821281622150132]}, "3": {"diameter": 10, "conjugate_isogenous_pairs": 31, "eigenvalues": [3.4558574788453944, -3.459696071888973]}, "5": {"diameter": 7, "conjugate_isogenous_pairs": 111, "eigenvalues": [4.446570689390508, -4.460688653183547]}, "7": {"diameter": 6, "conjugate_isogenous_pairs": 49, "eigenvalues": [5.223540162828906, -5.28038070158694]}, "11": {"diameter": 5, "conjugate_isogenous_pairs": 167, "eigenvalues": [6.617297697544613, -6.57861554584613]}}}