{"prime": 28277, "nodes": 2357, "minpoly": "x^2 + 28273*x + 2", "spine": 57, "undirected": false, "ell": {"2": {"diameter": 15, "conjugate_isogenous_pairs": 26, "eigenvalues": [2.823225065690437, -2.824094268264523]}, "3": {"diameter": 11, "conjugate_isogenous_pairs": 161, "eigenvalues": [3.4601776905369372, -3.4530575135323733]}, "5": {"diameter": 7, "conjugate_isogenous_pairs": 48, "eigenvalues": [4.458228200648939, -4.467062387076095]}, "7": {"diameter": 6, "conjugate_isogenous_pairs": 153, "eigenvalues": [5.2696901561458445, -5.260761099455147]}, "11": {"diameter": 5, "conjugate_isogenous_pairs": 115, "eigenvalues": [6.628271389402407, -6.545000786971881]}}}