{"prime": 6863, "nodes": 573, "minpoly": "x^2 + 6860*x + 5", "spine": 81, "undirected": false, "ell": {"2": {"diameter": 13, "conjugate_isogenous_pairs": 18, "eigenvalues": [2.8214588290793694, -2.81522024206461]}, "3": {"diameter": 9, "conjugate_isogenous_pairs": 27, "eigenvalues": [3.4210044727767626, -3.460179749685829]}, "5": {"diameter": 6, "conjugate_isogenous_pairs": 27, "eigenvalues": [4.395993311560704, -4.442047484759292]}, "7": {"diameter": 5, "conjugate_isogenous_pairs": 42, "eigenvalues": [5.2661425461653035, -5.248326953841956]}, "11": {"diameter": 4, "conjugate_isogenous_pairs": 25, "eigenvalues": [6.32143424316763, -6.591378809730081]}}}