{"prime": 4679, "nodes": 391, "minpoly": "x^2 + 4677*x + 11", "spine": 91, "undirected": false, "ell": {"2": {"diameter": 12, "conjugate_isogenous_pairs": 13, "eigenvalues": [2.8178315301721173, -2.8089393185016855]}, "3": {"diameter": 8, "conjugate_isogenous_pairs": 12, "eigenvalues": [3.414665088194652, -3.4439714777515027]}, "5": {"diameter": 6, "conjugate_isogenous_pairs": 13, "eigenvalues": [4.401177986441651, -4.302022165692825]}, "7": {"diameter": 5, "conjugate_isogenous_pairs": 28, "eigenvalues": [5.1860508654358375, -5.250223687516114]}, "11": {"diameter": 5, "conjugate_isogenous_pairs": 20, "eigenvalues": [6.536862762215049, -6.486085605919217]}}}