{"prime": 6691, "nodes": 558, "minpoly": "x^2 + 6690*x + 2", "spine": 42, "undirected": false, "ell": {"2": {"diameter": 13, "conjugate_isogenous_pairs": 26, "eigenvalues": [2.806714762742017, -2.809568466251007]}, "3": {"diameter": 8, "conjugate_isogenous_pairs": 15, "eigenvalues": [3.450755331663224, -3.437024754092417]}, "5": {"diameter": 6, "conjugate_isogenous_pairs": 64, "eigenvalues": [4.452270207318663, -4.435364423051515]}, "7": {"diameter": 5, "conjugate_isogenous_pairs": 18, "eigenvalues": [5.228469079043489, -5.280974099053846]}, "11": {"diameter": 4, "conjugate_isogenous_pairs": 73, "eigenvalues": [6.5539131115700915, -6.537651920959722]}}}