{"prime": 22039, "nodes": 1837, "minpoly": "x^2 + 22038*x + 6", "spine": 127, "undirected": false, "ell": {"2": {"diameter": 15, "conjugate_isogenous_pairs": 35, "eigenvalues": [2.8265824198788008, -2.823634881891198]}, "3": {"diameter": 10, "conjugate_isogenous_pairs": 33, "eigenvalues": [3.4436873173672815, -3.462699511629219]}, "5": {"diameter": 7, "conjugate_isogenous_pairs": 104, "eigenvalues": [4.459569927011259, -4.450772486214353]}, "7": {"diameter": 6, "conjugate_isogenous_pairs": 42, "eigenvalues": [5.205037341620314, -5.257820132022787]}, "11": {"diameter": 5, "conjugate_isogenous_pairs": 138, "eigenvalues": [6.518987784612987, -6.609453211793257]}}}