{"prime": 21101, "nodes": 1759, "minpoly": "x^2 + 21100*x + 2", "spine": 99, "undirected": false, "ell": {"2": {"diameter": 15, "conjugate_isogenous_pairs": 33, "eigenvalues": [2.8229715661658856, -2.8264986525774956]}, "3": {"diameter": 10, "conjugate_isogenous_pairs": 60, "eigenvalues": [3.445959554376134, -3.4204357793275566]}, "5": {"diameter": 7, "conjugate_isogenous_pairs": 28, "eigenvalues": [4.471914884676175, -4.421209170875659]}, "7": {"diameter": 6, "conjugate_isogenous_pairs": 114, "eigenvalues": [5.268036802776128, -5.204214994790743]}, "11": {"diameter": 5, "conjugate_isogenous_pairs": 139, "eigenvalues": [6.594170640710428, -6.611140910211148]}}}