{"prime": 271, "nodes": 23, "minpoly": "x^2 + 269*x + 6", "spine": 11, "undirected": false, "ell": {"2": {"diameter": 6, "conjugate_isogenous_pairs": 4, "eigenvalues": [2.638028130469132, -2.648989838559137]}, "3": {"diameter": 5, "conjugate_isogenous_pairs": 1, "eigenvalues": [3.364852255130892, -3.4329824289978377]}, "5": {"diameter": 4, "conjugate_isogenous_pairs": 6, "eigenvalues": [4.425479833193304, -4.048614135052454]}, "7": {"diameter": 3, "conjugate_isogenous_pairs": 3, "eigenvalues": [4.834645907341721, -3.8762080143706967]}, "11": {"diameter": 3, "conjugate_isogenous_pairs": 6, "eigenvalues": [6.579808859504809, -5.849602530298654]}}}