{"prime": 18481, "nodes": 1540, "minpoly": "x^2 + 18478*x + 13", "spine": 36, "undirected": true, "ell": {"2": {"diameter": 14, "conjugate_isogenous_pairs": 42, "eigenvalues": [2.827656292892459, -2.82405533747626]}, "3": {"diameter": 9, "conjugate_isogenous_pairs": 36, "eigenvalues": [3.436986708595513, -3.4610281910139973]}, "5": {"diameter": 6, "conjugate_isogenous_pairs": 80, "eigenvalues": [4.4242004563998005, -4.457636391920132]}, "7": {"diameter": 5, "conjugate_isogenous_pairs": 88, "eigenvalues": [5.278791677194318, -5.260904726517449]}, "11": {"diameter": 5, "conjugate_isogenous_pairs": 175, "eigenvalues": [6.592451081414304, -6.608219049811847]}}}