{"prime": 7547, "nodes": 630, "minpoly": "x^2 + 7543*x + 2", "spine": 30, "undirected": false, "ell": {"2": {"diameter": 12, "conjugate_isogenous_pairs": 17, "eigenvalues": [2.8067184400933334, -2.822540831906432]}, "3": {"diameter": 9, "conjugate_isogenous_pairs": 27, "eigenvalues": [3.446046471639153, -3.46060201026779]}, "5": {"diameter": 7, "conjugate_isogenous_pairs": 47, "eigenvalues": [4.456973486301886, -4.420434616457782]}, "7": {"diameter": 5, "conjugate_isogenous_pairs": 70, "eigenvalues": [5.25284902315053, -5.280011353693208]}, "11": {"diameter": 4, "conjugate_isogenous_pairs": 25, "eigenvalues": [6.540902222214417, -6.614129340843082]}}}