{"prime": 21211, "nodes": 1768, "minpoly": "x^2 + 21207*x + 2", "spine": 38, "undirected": false, "ell": {"2": {"diameter": 15, "conjugate_isogenous_pairs": 41, "eigenvalues": [2.8245167583031114, -2.8243523185896815]}, "3": {"diameter": 9, "conjugate_isogenous_pairs": 43, "eigenvalues": [3.4462914114811944, -3.4505988845533855]}, "5": {"diameter": 7, "conjugate_isogenous_pairs": 150, "eigenvalues": [4.40322576363503, -4.451467320700668]}, "7": {"diameter": 6, "conjugate_isogenous_pairs": 41, "eigenvalues": [5.244514408544389, -5.2018040795743445]}, "11": {"diameter": 5, "conjugate_isogenous_pairs": 145, "eigenvalues": [6.615866459217345, -6.593347177505494]}}}