{"prime": 8689, "nodes": 724, "minpoly": "x^2 + 8686*x + 13", "spine": 22, "undirected": true, "ell": {"2": {"diameter": 13, "conjugate_isogenous_pairs": 25, "eigenvalues": [2.8265308659017534, -2.822825924713901]}, "3": {"diameter": 8, "conjugate_isogenous_pairs": 35, "eigenvalues": [3.449965460427612, -3.4572282218016435]}, "5": {"diameter": 6, "conjugate_isogenous_pairs": 55, "eigenvalues": [4.4217703085284805, -4.414729285790322]}, "7": {"diameter": 5, "conjugate_isogenous_pairs": 37, "eigenvalues": [5.10920777607383, -5.22533539313157]}, "11": {"diameter": 4, "conjugate_isogenous_pairs": 103, "eigenvalues": [6.479284705273642, -6.428860888839419]}}}