{"prime": 25801, "nodes": 2150, "minpoly": "x^2 + 25788*x + 7", "spine": 68, "undirected": true, "ell": {"2": {"diameter": 15, "conjugate_isogenous_pairs": 36, "eigenvalues": [2.824227081260455, -2.817217595958667]}, "3": {"diameter": 10, "conjugate_isogenous_pairs": 55, "eigenvalues": [3.4471997426657905, -3.4548210154235015]}, "5": {"diameter": 7, "conjugate_isogenous_pairs": 80, "eigenvalues": [4.443841547998453, -4.426043468516061]}, "7": {"diameter": 6, "conjugate_isogenous_pairs": 95, "eigenvalues": [5.289139471863159, -5.241594984823659]}, "11": {"diameter": 5, "conjugate_isogenous_pairs": 256, "eigenvalues": [6.603101218242568, -6.587274234483315]}}}