{"prime": 379, "nodes": 32, "minpoly": "x^2 + 374*x + 2", "spine": 6, "undirected": false, "ell": {"2": {"diameter": 7, "conjugate_isogenous_pairs": 5, "eigenvalues": [2.6253091073131882, -2.751579785968085]}, "3": {"diameter": 5, "conjugate_isogenous_pairs": 5, "eigenvalues": [3.174851690817877, -3.1097032608282014]}, "5": {"diameter": 4, "conjugate_isogenous_pairs": 12, "eigenvalues": [4.281785463672189, -4.293207151437202]}, "7": {"diameter": 3, "conjugate_isogenous_pairs": 4, "eigenvalues": [4.4104835735982455, -5.152793874552023]}, "11": {"diameter": 3, "conjugate_isogenous_pairs": 11, "eigenvalues": [5.547547765596166, -5.408307035674176]}}}