{"prime": 16363, "nodes": 1364, "minpoly": "x^2 + 16359*x + 2", "spine": 38, "undirected": false, "ell": {"2": {"diameter": 15, "conjugate_isogenous_pairs": 48, "eigenvalues": [2.824228495649877, -2.8215753834583]}, "3": {"diameter": 9, "conjugate_isogenous_pairs": 61, "eigenvalues": [3.456336744127331, -3.4355715438683156]}, "5": {"diameter": 7, "conjugate_isogenous_pairs": 150, "eigenvalues": [4.460247545817269, -4.443154800066076]}, "7": {"diameter": 5, "conjugate_isogenous_pairs": 39, "eigenvalues": [5.206741885086096, -5.267302771318518]}, "11": {"diameter": 5, "conjugate_isogenous_pairs": 53, "eigenvalues": [6.569016440726906, -6.55201391197319]}}}