{"prime": 19699, "nodes": 1642, "minpoly": "x^2 + 19697*x + 7", "spine": 50, "undirected": false, "ell": {"2": {"diameter": 14, "conjugate_isogenous_pairs": 33, "eigenvalues": [2.818185473232159, -2.8109268557316196]}, "3": {"diameter": 10, "conjugate_isogenous_pairs": 33, "eigenvalues": [3.4539049469806526, -3.4466847068096107]}, "5": {"diameter": 7, "conjugate_isogenous_pairs": 129, "eigenvalues": [4.451578794947975, -4.464474144527873]}, "7": {"diameter": 6, "conjugate_isogenous_pairs": 31, "eigenvalues": [5.250410952155806, -5.281722111424398]}, "11": {"diameter": 5, "conjugate_isogenous_pairs": 110, "eigenvalues": [6.615574845577177, -6.534074415171927]}}}