{"prime": 809, "nodes": 68, "minpoly": "x^2 + 799*x + 3", "spine": 16, "undirected": false, "ell": {"2": {"diameter": 9, "conjugate_isogenous_pairs": 3, "eigenvalues": [2.746686687429553, -2.8003595907655656]}, "3": {"diameter": 7, "conjugate_isogenous_pairs": 12, "eigenvalues": [3.2807682829199245, -3.3312427469263954]}, "5": {"diameter": 4, "conjugate_isogenous_pairs": 9, "eigenvalues": [4.145186849887346, -4.378083430916088]}, "7": {"diameter": 4, "conjugate_isogenous_pairs": 18, "eigenvalues": [5.139907396188595, -4.903513849724552]}, "11": {"diameter": 3, "conjugate_isogenous_pairs": 11, "eigenvalues": [6.281943901236069, -6.510244748170028]}}}