{"prime": 2683, "nodes": 224, "minpoly": "x^2 + 2679*x + 2", "spine": 10, "undirected": false, "ell": {"2": {"diameter": 10, "conjugate_isogenous_pairs": 21, "eigenvalues": [2.8176796687743693, -2.8163705989141645]}, "3": {"diameter": 7, "conjugate_isogenous_pairs": 23, "eigenvalues": [3.3901263712471725, -3.4162014205292563]}, "5": {"diameter": 5, "conjugate_isogenous_pairs": 62, "eigenvalues": [4.370414015241567, -4.413310559808527]}, "7": {"diameter": 5, "conjugate_isogenous_pairs": 15, "eigenvalues": [5.1125229617941335, -5.239117019768978]}, "11": {"diameter": 4, "conjugate_isogenous_pairs": 21, "eigenvalues": [6.540858316547277, -6.3889817510954146]}}}