{"prime": 617, "nodes": 52, "minpoly": "x^2 + 612*x + 3", "spine": 6, "undirected": false, "ell": {"2": {"diameter": 8, "conjugate_isogenous_pairs": 6, "eigenvalues": [2.707759856481174, -2.8005590824984363]}, "3": {"diameter": 5, "conjugate_isogenous_pairs": 11, "eigenvalues": [3.2673255041269993, -3.196769979734196]}, "5": {"diameter": 4, "conjugate_isogenous_pairs": 6, "eigenvalues": [4.182004640645107, -4.075733230420216]}, "7": {"diameter": 4, "conjugate_isogenous_pairs": 22, "eigenvalues": [5.016210218259281, -5.064060428050762]}, "11": {"diameter": 3, "conjugate_isogenous_pairs": 10, "eigenvalues": [6.078601019853443, -6.057155837442915]}}}