{"prime": 15107, "nodes": 1260, "minpoly": "x^2 + 15101*x + 2", "spine": 54, "undirected": false, "ell": {"2": {"diameter": 14, "conjugate_isogenous_pairs": 22, "eigenvalues": [2.8237792712704692, -2.8165547990646225]}, "3": {"diameter": 10, "conjugate_isogenous_pairs": 59, "eigenvalues": [3.446323922500522, -3.4482834558767563]}, "5": {"diameter": 7, "conjugate_isogenous_pairs": 55, "eigenvalues": [4.426227710479414, -4.441377802731309]}, "7": {"diameter": 6, "conjugate_isogenous_pairs": 96, "eigenvalues": [5.247439205209833, -5.2313601024553105]}, "11": {"diameter": 5, "conjugate_isogenous_pairs": 38, "eigenvalues": [6.5900729192381675, -6.543818955867394]}}}