{"prime": 14347, "nodes": 1196, "minpoly": "x^2 + 14342*x + 3", "spine": 26, "undirected": false, "ell": {"2": {"diameter": 14, "conjugate_isogenous_pairs": 45, "eigenvalues": [2.815586307160239, -2.806416330909025]}, "3": {"diameter": 9, "conjugate_isogenous_pairs": 36, "eigenvalues": [3.460021970294719, -3.4512567009390427]}, "5": {"diameter": 7, "conjugate_isogenous_pairs": 134, "eigenvalues": [4.44379954137623, -4.454377114526394]}, "7": {"diameter": 5, "conjugate_isogenous_pairs": 57, "eigenvalues": [5.259535005786117, -5.235290901168694]}, "11": {"diameter": 5, "conjugate_isogenous_pairs": 92, "eigenvalues": [6.571538969190973, -6.586417729904272]}}}