{"prime": 3923, "nodes": 328, "minpoly": "x^2 + 3922*x + 2", "spine": 46, "undirected": false, "ell": {"2": {"diameter": 12, "conjugate_isogenous_pairs": 13, "eigenvalues": [2.804993992437227, -2.816885958227103]}, "3": {"diameter": 8, "conjugate_isogenous_pairs": 23, "eigenvalues": [3.460132852776571, -3.3892928698166216]}, "5": {"diameter": 6, "conjugate_isogenous_pairs": 21, "eigenvalues": [4.42570454406365, -4.390375528362789]}, "7": {"diameter": 5, "conjugate_isogenous_pairs": 38, "eigenvalues": [5.18623366152212, -5.241063716861264]}, "11": {"diameter": 4, "conjugate_isogenous_pairs": 17, "eigenvalues": [6.5354654891290185, -6.541699188970264]}}}