{"prime": 4327, "nodes": 361, "minpoly": "x^2 + 4325*x + 3", "spine": 19, "undirected": false, "ell": {"2": {"diameter": 12, "conjugate_isogenous_pairs": 25, "eigenvalues": [2.803990462039283, -2.825084454913591]}, "3": {"diameter": 8, "conjugate_isogenous_pairs": 15, "eigenvalues": [3.3968616459467564, -3.4507018167525154]}, "5": {"diameter": 6, "conjugate_isogenous_pairs": 55, "eigenvalues": [4.286407651474715, -4.4295174470097844]}, "7": {"diameter": 5, "conjugate_isogenous_pairs": 28, "eigenvalues": [5.152712210323565, -5.226117856667226]}, "11": {"diameter": 4, "conjugate_isogenous_pairs": 37, "eigenvalues": [6.425065362349473, -6.564120727555143]}}}