{"prime": 10687, "nodes": 891, "minpoly": "x^2 + 10685*x + 5", "spine": 51, "undirected": false, "ell": {"2": {"diameter": 13, "conjugate_isogenous_pairs": 43, "eigenvalues": [2.8104885334908483, -2.8186931502152697]}, "3": {"diameter": 9, "conjugate_isogenous_pairs": 43, "eigenvalues": [3.426051509865758, -3.43234411918324]}, "5": {"diameter": 6, "conjugate_isogenous_pairs": 64, "eigenvalues": [4.448717387215182, -4.382652726528804]}, "7": {"diameter": 5, "conjugate_isogenous_pairs": 35, "eigenvalues": [5.2279403401583915, -5.197937300419659]}, "11": {"diameter": 4, "conjugate_isogenous_pairs": 56, "eigenvalues": [6.556074743622812, -6.582754740532669]}}}