{"prime": 211, "nodes": 18, "minpoly": "x^2 + 207*x + 2", "spine": 6, "undirected": false, "ell": {"2": {"diameter": 5, "conjugate_isogenous_pairs": 2, "eigenvalues": [2.509668013993868, -2.6762904741229914]}, "3": {"diameter": 4, "conjugate_isogenous_pairs": 4, "eigenvalues": [3.0654845300906395, -3.1284114651419137]}, "5": {"diameter": 3, "conjugate_isogenous_pairs": 6, "eigenvalues": [4.254921233910818, -4.323404276086471]}, "7": {"diameter": 3, "conjugate_isogenous_pairs": 3, "eigenvalues": [4.816224872271697, -4.340688585538187]}, "11": {"diameter": 2, "conjugate_isogenous_pairs": 5, "eigenvalues": [5.802205579619006, -4.960771339501891]}}}