{"prime": 21499, "nodes": 1792, "minpoly": "x^2 + 21492*x + 3", "spine": 50, "undirected": false, "ell": {"2": {"diameter": 15, "conjugate_isogenous_pairs": 34, "eigenvalues": [2.8200879029110344, -2.824773912911919]}, "3": {"diameter": 10, "conjugate_isogenous_pairs": 47, "eigenvalues": [3.4627809490961403, -3.4450073012014633]}, "5": {"diameter": 7, "conjugate_isogenous_pairs": 148, "eigenvalues": [4.462958739258963, -4.431942278844256]}, "7": {"diameter": 6, "conjugate_isogenous_pairs": 36, "eigenvalues": [5.265614855731171, -5.251841148833907]}, "11": {"diameter": 5, "conjugate_isogenous_pairs": 120, "eigenvalues": [6.624105103565764, -6.519814566681995]}}}