{"prime": 1063, "nodes": 89, "minpoly": "x^2 + 1062*x + 3", "spine": 19, "undirected": false, "ell": {"2": {"diameter": 8, "conjugate_isogenous_pairs": 12, "eigenvalues": [2.7488944337485477, -2.775304961926559]}, "3": {"diameter": 6, "conjugate_isogenous_pairs": 11, "eigenvalues": [3.377679221951807, -3.4150203852531993]}, "5": {"diameter": 5, "conjugate_isogenous_pairs": 12, "eigenvalues": [4.366024177886004, -4.332649008109965]}, "7": {"diameter": 4, "conjugate_isogenous_pairs": 8, "eigenvalues": [5.076729699457588, -5.110169395877898]}, "11": {"diameter": 3, "conjugate_isogenous_pairs": 16, "eigenvalues": [5.822986652170377, -6.203258649373719]}}}