{"prime": 4349, "nodes": 363, "minpoly": "x^2 + 4345*x + 2", "spine": 21, "undirected": false, "ell": {"2": {"diameter": 12, "conjugate_isogenous_pairs": 7, "eigenvalues": [2.8112025163014, -2.8122752192670264]}, "3": {"diameter": 9, "conjugate_isogenous_pairs": 30, "eigenvalues": [3.452862325865217, -3.430908369966792]}, "5": {"diameter": 6, "conjugate_isogenous_pairs": 23, "eigenvalues": [4.362911730346836, -4.42152994733327]}, "7": {"diameter": 5, "conjugate_isogenous_pairs": 52, "eigenvalues": [5.205887591055349, -5.147641840095289]}, "11": {"diameter": 4, "conjugate_isogenous_pairs": 54, "eigenvalues": [6.5806996328786775, -6.363259495489953]}}}