{"prime": 28559, "nodes": 2381, "minpoly": "x^2 + 28557*x + 11", "spine": 217, "undirected": false, "ell": {"2": {"diameter": 15, "conjugate_isogenous_pairs": 32, "eigenvalues": [2.8216019323839157, -2.824443039489611]}, "3": {"diameter": 11, "conjugate_isogenous_pairs": 22, "eigenvalues": [3.4549091172537394, -3.461466830926801]}, "5": {"diameter": 7, "conjugate_isogenous_pairs": 52, "eigenvalues": [4.461628866307514, -4.464725408066859]}, "7": {"diameter": 6, "conjugate_isogenous_pairs": 92, "eigenvalues": [5.2248425790121225, -5.270432610123212]}, "11": {"diameter": 5, "conjugate_isogenous_pairs": 94, "eigenvalues": [6.588793379041839, -6.608304919325589]}}}