{"prime": 8311, "nodes": 693, "minpoly": "x^2 + 8310*x + 3", "spine": 61, "undirected": false, "ell": {"2": {"diameter": 13, "conjugate_isogenous_pairs": 18, "eigenvalues": [2.827106892750252, -2.826085233407746]}, "3": {"diameter": 9, "conjugate_isogenous_pairs": 21, "eigenvalues": [3.4424459494331225, -3.458623692526952]}, "5": {"diameter": 6, "conjugate_isogenous_pairs": 67, "eigenvalues": [4.39844389609439, -4.417845028195426]}, "7": {"diameter": 5, "conjugate_isogenous_pairs": 21, "eigenvalues": [5.2518940487118755, -5.265112477525596]}, "11": {"diameter": 4, "conjugate_isogenous_pairs": 71, "eigenvalues": [6.48994497724982, -6.532130798855351]}}}