{"prime": 26141, "nodes": 2179, "minpoly": "x^2 + 26136*x + 2", "spine": 63, "undirected": false, "ell": {"2": {"diameter": 15, "conjugate_isogenous_pairs": 33, "eigenvalues": [2.821258053494195, -2.8219401436678346]}, "3": {"diameter": 11, "conjugate_isogenous_pairs": 62, "eigenvalues": [3.453069014190058, -3.453897365019403]}, "5": {"diameter": 7, "conjugate_isogenous_pairs": 40, "eigenvalues": [4.463014301001527, -4.442869020035048]}, "7": {"diameter": 6, "conjugate_isogenous_pairs": 117, "eigenvalues": [5.275646718818695, -5.277299835449428]}, "11": {"diameter": 5, "conjugate_isogenous_pairs": 213, "eigenvalues": [6.534177638926258, -6.571134819812714]}}}