{"prime": 2767, "nodes": 231, "minpoly": "x^2 + 2766*x + 3", "spine": 21, "undirected": false, "ell": {"2": {"diameter": 11, "conjugate_isogenous_pairs": 20, "eigenvalues": [2.7979967164181216, -2.820119833430759]}, "3": {"diameter": 7, "conjugate_isogenous_pairs": 18, "eigenvalues": [3.3571021961266068, -3.3745926408388875]}, "5": {"diameter": 5, "conjugate_isogenous_pairs": 41, "eigenvalues": [4.437231502052117, -4.276134369256302]}, "7": {"diameter": 5, "conjugate_isogenous_pairs": 17, "eigenvalues": [4.9815321785142945, -4.986055630566066]}, "11": {"diameter": 4, "conjugate_isogenous_pairs": 23, "eigenvalues": [6.511567793278999, -6.283540631460035]}}}