{"prime": 24509, "nodes": 2043, "minpoly": "x^2 + 24501*x + 2", "spine": 93, "undirected": false, "ell": {"2": {"diameter": 15, "conjugate_isogenous_pairs": 17, "eigenvalues": [2.8236321393227164, -2.826843133883636]}, "3": {"diameter": 10, "conjugate_isogenous_pairs": 92, "eigenvalues": [3.447295931035152, -3.4276893354523374]}, "5": {"diameter": 7, "conjugate_isogenous_pairs": 45, "eigenvalues": [4.443616800590607, -4.47065077965035]}, "7": {"diameter": 6, "conjugate_isogenous_pairs": 99, "eigenvalues": [5.249042595726833, -5.256195753649608]}, "11": {"diameter": 5, "conjugate_isogenous_pairs": 109, "eigenvalues": [6.5942608955216535, -6.592732658619017]}}}