{"prime": 20149, "nodes": 1679, "minpoly": "x^2 + 20148*x + 2", "spine": 65, "undirected": true, "ell": {"2": {"diameter": 14, "conjugate_isogenous_pairs": 43, "eigenvalues": [2.826199978468601, -2.812365257480181]}, "3": {"diameter": 9, "conjugate_isogenous_pairs": 67, "eigenvalues": [3.4607206565312305, -3.4324426350429644]}, "5": {"diameter": 7, "conjugate_isogenous_pairs": 69, "eigenvalues": [4.462459124596846, -4.467793630447676]}, "7": {"diameter": 5, "conjugate_isogenous_pairs": 45, "eigenvalues": [5.273597991451667, -5.2854038941856665]}, "11": {"diameter": 5, "conjugate_isogenous_pairs": 222, "eigenvalues": [6.610367412574133, -6.614179803027665]}}}