{"prime": 2521, "nodes": 210, "minpoly": "x^2 + 2520*x + 17", "spine": 16, "undirected": true, "ell": {"2": {"diameter": 10, "conjugate_isogenous_pairs": 9, "eigenvalues": [2.7991528905785246, -2.794635695987164]}, "3": {"diameter": 7, "conjugate_isogenous_pairs": 23, "eigenvalues": [3.39885609517206, -3.3439323378569092]}, "5": {"diameter": 5, "conjugate_isogenous_pairs": 30, "eigenvalues": [4.4423239196549655, -4.405532560986391]}, "7": {"diameter": 4, "conjugate_isogenous_pairs": 19, "eigenvalues": [5.241619578187835, -5.053048477142898]}, "11": {"diameter": 4, "conjugate_isogenous_pairs": 46, "eigenvalues": [6.506348795173844, -6.501649225125647]}}}