{"prime": 28901, "nodes": 2409, "minpoly": "x^2 + 28899*x + 3", "spine": 111, "undirected": false, "ell": {"2": {"diameter": 15, "conjugate_isogenous_pairs": 28, "eigenvalues": [2.8183872369110947, -2.825770645767229]}, "3": {"diameter": 11, "conjugate_isogenous_pairs": 48, "eigenvalues": [3.4579386032987802, -3.4510029134523523]}, "5": {"diameter": 7, "conjugate_isogenous_pairs": 37, "eigenvalues": [4.451166192974686, -4.455708064740933]}, "7": {"diameter": 6, "conjugate_isogenous_pairs": 140, "eigenvalues": [5.247504051388073, -5.248704627400849]}, "11": {"diameter": 5, "conjugate_isogenous_pairs": 221, "eigenvalues": [6.5744429067982, -6.587821059326291]}}}