{"prime": 16481, "nodes": 1374, "minpoly": "x^2 + 16471*x + 6", "spine": 98, "undirected": false, "ell": {"2": {"diameter": 14, "conjugate_isogenous_pairs": 18, "eigenvalues": [2.8202662700500767, -2.822257629183019]}, "3": {"diameter": 9, "conjugate_isogenous_pairs": 29, "eigenvalues": [3.4262704277610334, -3.454277749581133]}, "5": {"diameter": 7, "conjugate_isogenous_pairs": 25, "eigenvalues": [4.419668743205109, -4.451134019456064]}, "7": {"diameter": 6, "conjugate_isogenous_pairs": 132, "eigenvalues": [5.244053650705793, -5.236389292146173]}, "11": {"diameter": 5, "conjugate_isogenous_pairs": 91, "eigenvalues": [6.574919432433616, -6.540721214048713]}}}