{"prime": 1223, "nodes": 103, "minpoly": "x^2 + 1220*x + 5", "spine": 35, "undirected": false, "ell": {"2": {"diameter": 10, "conjugate_isogenous_pairs": 5, "eigenvalues": [2.7954884839766945, -2.7975397050069115]}, "3": {"diameter": 7, "conjugate_isogenous_pairs": 9, "eigenvalues": [3.302954856978265, -3.325972085341874]}, "5": {"diameter": 5, "conjugate_isogenous_pairs": 7, "eigenvalues": [4.3710265301715765, -4.343211531326884]}, "7": {"diameter": 5, "conjugate_isogenous_pairs": 14, "eigenvalues": [5.106754472250711, -4.8634522655986085]}, "11": {"diameter": 4, "conjugate_isogenous_pairs": 7, "eigenvalues": [5.955100153092862, -5.9697146596926975]}}}