{"prime": 1171, "nodes": 98, "minpoly": "x^2 + 1167*x + 2", "spine": 14, "undirected": false, "ell": {"2": {"diameter": 10, "conjugate_isogenous_pairs": 10, "eigenvalues": [2.7620524097682053, -2.720274768679087]}, "3": {"diameter": 7, "conjugate_isogenous_pairs": 9, "eigenvalues": [3.390659682620229, -3.4281248329936402]}, "5": {"diameter": 5, "conjugate_isogenous_pairs": 27, "eigenvalues": [4.346756906435775, -4.461221168974934]}, "7": {"diameter": 4, "conjugate_isogenous_pairs": 7, "eigenvalues": [4.968295973252793, -5.014093992602478]}, "11": {"diameter": 3, "conjugate_isogenous_pairs": 15, "eigenvalues": [6.438761101898922, -6.563722182362811]}}}