{"prime": 10957, "nodes": 913, "minpoly": "x^2 + 10956*x + 5", "spine": 15, "undirected": true, "ell": {"2": {"diameter": 13, "conjugate_isogenous_pairs": 45, "eigenvalues": [2.8279720168846882, -2.801830786079816]}, "3": {"diameter": 9, "conjugate_isogenous_pairs": 58, "eigenvalues": [3.4258489780206975, -3.441311988643366]}, "5": {"diameter": 6, "conjugate_isogenous_pairs": 75, "eigenvalues": [4.456094879539138, -4.435274017823489]}, "7": {"diameter": 5, "conjugate_isogenous_pairs": 64, "eigenvalues": [5.266874790091009, -5.239933092504715]}, "11": {"diameter": 4, "conjugate_isogenous_pairs": 113, "eigenvalues": [6.586206611999605, -6.614595384892698]}}}