{"prime": 3929, "nodes": 328, "minpoly": "x^2 + 3928*x + 3", "spine": 44, "undirected": false, "ell": {"2": {"diameter": 12, "conjugate_isogenous_pairs": 7, "eigenvalues": [2.8213154237420563, -2.816447191604332]}, "3": {"diameter": 8, "conjugate_isogenous_pairs": 24, "eigenvalues": [3.40397540441025, -3.366013529126049]}, "5": {"diameter": 6, "conjugate_isogenous_pairs": 16, "eigenvalues": [4.423447227952075, -4.397516327705067]}, "7": {"diameter": 5, "conjugate_isogenous_pairs": 44, "eigenvalues": [5.210947349667966, -5.27944767169181]}, "11": {"diameter": 4, "conjugate_isogenous_pairs": 35, "eigenvalues": [6.317016491764268, -6.467860028271264]}}}