{"prime": 24443, "nodes": 2038, "minpoly": "x^2 + 24442*x + 2", "spine": 90, "undirected": false, "ell": {"2": {"diameter": 15, "conjugate_isogenous_pairs": 39, "eigenvalues": [2.8268241632358997, -2.820123617465837]}, "3": {"diameter": 10, "conjugate_isogenous_pairs": 48, "eigenvalues": [3.438540852206776, -3.45496971225783]}, "5": {"diameter": 7, "conjugate_isogenous_pairs": 60, "eigenvalues": [4.436499381995964, -4.469731053742352]}, "7": {"diameter": 6, "conjugate_isogenous_pairs": 116, "eigenvalues": [5.262424162073942, -5.274233864377883]}, "11": {"diameter": 5, "conjugate_isogenous_pairs": 54, "eigenvalues": [6.565298480386645, -6.616933377052887]}}}