{"prime": 5441, "nodes": 454, "minpoly": "x^2 + 5435*x + 3", "spine": 34, "undirected": false, "ell": {"2": {"diameter": 13, "conjugate_isogenous_pairs": 9, "eigenvalues": [2.816822126857147, -2.8059026445508857]}, "3": {"diameter": 8, "conjugate_isogenous_pairs": 28, "eigenvalues": [3.372122027164799, -3.423208428067019]}, "5": {"diameter": 6, "conjugate_isogenous_pairs": 26, "eigenvalues": [4.470653249852909, -4.362113616164984]}, "7": {"diameter": 5, "conjugate_isogenous_pairs": 59, "eigenvalues": [5.233571667039199, -5.189821420790489]}, "11": {"diameter": 4, "conjugate_isogenous_pairs": 43, "eigenvalues": [6.526713640379212, -6.576986092335631]}}}