{"prime": 26321, "nodes": 2194, "minpoly": "x^2 + 26315*x + 3", "spine": 62, "undirected": false, "ell": {"2": {"diameter": 15, "conjugate_isogenous_pairs": 21, "eigenvalues": [2.823074396451657, -2.8213693695695152]}, "3": {"diameter": 10, "conjugate_isogenous_pairs": 57, "eigenvalues": [3.442122243968449, -3.4465578299100095]}, "5": {"diameter": 7, "conjugate_isogenous_pairs": 40, "eigenvalues": [4.445069167699942, -4.4639175020571225]}, "7": {"diameter": 6, "conjugate_isogenous_pairs": 135, "eigenvalues": [5.260726921160553, -5.265151513173866]}, "11": {"diameter": 5, "conjugate_isogenous_pairs": 101, "eigenvalues": [6.596366035186445, -6.594975703551243]}}}