{"prime": 4831, "nodes": 403, "minpoly": "x^2 + 4830*x + 3", "spine": 33, "undirected": false, "ell": {"2": {"diameter": 11, "conjugate_isogenous_pairs": 15, "eigenvalues": [2.8262371601843532, -2.808702921816062]}, "3": {"diameter": 8, "conjugate_isogenous_pairs": 19, "eigenvalues": [3.3842922451669133, -3.4172835586276338]}, "5": {"diameter": 6, "conjugate_isogenous_pairs": 66, "eigenvalues": [4.374268420309599, -4.371507307129879]}, "7": {"diameter": 5, "conjugate_isogenous_pairs": 20, "eigenvalues": [5.20521121460599, -5.125025708368228]}, "11": {"diameter": 4, "conjugate_isogenous_pairs": 60, "eigenvalues": [6.541818430956939, -6.605053649778123]}}}