{"prime": 13477, "nodes": 1123, "minpoly": "x^2 + 13473*x + 2", "spine": 25, "undirected": true, "ell": {"2": {"diameter": 13, "conjugate_isogenous_pairs": 43, "eigenvalues": [2.820303453301537, -2.817891125228468]}, "3": {"diameter": 9, "conjugate_isogenous_pairs": 109, "eigenvalues": [3.441212183708286, -3.455847744379108]}, "5": {"diameter": 6, "conjugate_isogenous_pairs": 51, "eigenvalues": [4.428700385310946, -4.443038316765387]}, "7": {"diameter": 6, "conjugate_isogenous_pairs": 51, "eigenvalues": [5.26434801143837, -5.245184686327864]}, "11": {"diameter": 4, "conjugate_isogenous_pairs": 108, "eigenvalues": [6.604465631814669, -6.591706329641128]}}}