{"prime": 3467, "nodes": 290, "minpoly": "x^2 + 3455*x + 2", "spine": 38, "undirected": false, "ell": {"2": {"diameter": 11, "conjugate_isogenous_pairs": 11, "eigenvalues": [2.7950631893252873, -2.8188854302113873]}, "3": {"diameter": 8, "conjugate_isogenous_pairs": 24, "eigenvalues": [3.405092915367558, -3.4607780082537976]}, "5": {"diameter": 6, "conjugate_isogenous_pairs": 31, "eigenvalues": [4.4360535248492035, -4.427024256214211]}, "7": {"diameter": 5, "conjugate_isogenous_pairs": 25, "eigenvalues": [5.151643687826839, -5.072193955978174]}, "11": {"diameter": 4, "conjugate_isogenous_pairs": 11, "eigenvalues": [6.277771123347708, -6.480496064139223]}}}