{"prime": 3359, "nodes": 281, "minpoly": "x^2 + 3357*x + 11", "spine": 69, "undirected": false, "ell": {"2": {"diameter": 12, "conjugate_isogenous_pairs": 8, "eigenvalues": [2.8205910133314758, -2.794042236306953]}, "3": {"diameter": 8, "conjugate_isogenous_pairs": 8, "eigenvalues": [3.451706290030031, -3.439253600473041]}, "5": {"diameter": 6, "conjugate_isogenous_pairs": 20, "eigenvalues": [4.43585752737877, -4.443835309885246]}, "7": {"diameter": 5, "conjugate_isogenous_pairs": 35, "eigenvalues": [5.277873873970665, -5.2462681483611044]}, "11": {"diameter": 4, "conjugate_isogenous_pairs": 29, "eigenvalues": [6.4983027844469285, -6.460344045284087]}}}