{"prime": 8753, "nodes": 730, "minpoly": "x^2 + 8744*x + 3", "spine": 58, "undirected": false, "ell": {"2": {"diameter": 13, "conjugate_isogenous_pairs": 20, "eigenvalues": [2.8265168325001, -2.8181546579490644]}, "3": {"diameter": 9, "conjugate_isogenous_pairs": 31, "eigenvalues": [3.4365891776748616, -3.4376698328488122]}, "5": {"diameter": 6, "conjugate_isogenous_pairs": 21, "eigenvalues": [4.44105543322495, -4.3667915576443175]}, "7": {"diameter": 5, "conjugate_isogenous_pairs": 124, "eigenvalues": [5.19363255378577, -5.275183669382599]}, "11": {"diameter": 5, "conjugate_isogenous_pairs": 40, "eigenvalues": [6.581640614094218, -6.583507174562599]}}}