{"prime": 19717, "nodes": 1643, "minpoly": "x^2 + 19716*x + 2", "spine": 29, "undirected": true, "ell": {"2": {"diameter": 14, "conjugate_isogenous_pairs": 54, "eigenvalues": [2.8258133070037053, -2.8140992244098366]}, "3": {"diameter": 9, "conjugate_isogenous_pairs": 87, "eigenvalues": [3.4575405417557077, -3.432408766995854]}, "5": {"diameter": 7, "conjugate_isogenous_pairs": 67, "eigenvalues": [4.403067392318161, -4.405462001372678]}, "7": {"diameter": 6, "conjugate_isogenous_pairs": 89, "eigenvalues": [5.280129589133986, -5.290616480877331]}, "11": {"diameter": 5, "conjugate_isogenous_pairs": 221, "eigenvalues": [6.5964888598984, -6.586139760615985]}}}