{"prime": 27611, "nodes": 2302, "minpoly": "x^2 + 27607*x + 2", "spine": 158, "undirected": false, "ell": {"2": {"diameter": 16, "conjugate_isogenous_pairs": 28, "eigenvalues": [2.8243030044862194, -2.8224854583030132]}, "3": {"diameter": 10, "conjugate_isogenous_pairs": 40, "eigenvalues": [3.449026632830177, -3.4442200771382705]}, "5": {"diameter": 7, "conjugate_isogenous_pairs": 62, "eigenvalues": [4.437907189228534, -4.445679991826069]}, "7": {"diameter": 6, "conjugate_isogenous_pairs": 82, "eigenvalues": [5.24448224910724, -5.274507682206317]}, "11": {"diameter": 5, "conjugate_isogenous_pairs": 75, "eigenvalues": [6.621851907086, -6.592232289728849]}}}