{"prime": 24709, "nodes": 2059, "minpoly": "x^2 + 24705*x + 2", "spine": 61, "undirected": true, "ell": {"2": {"diameter": 15, "conjugate_isogenous_pairs": 47, "eigenvalues": [2.8231617422550968, -2.822068868017296]}, "3": {"diameter": 10, "conjugate_isogenous_pairs": 66, "eigenvalues": [3.4489145439607665, -3.4407682145236653]}, "5": {"diameter": 7, "conjugate_isogenous_pairs": 51, "eigenvalues": [4.459523473094591, -4.456135176471933]}, "7": {"diameter": 6, "conjugate_isogenous_pairs": 49, "eigenvalues": [5.254766460935614, -5.24067083239394]}, "11": {"diameter": 5, "conjugate_isogenous_pairs": 274, "eigenvalues": [6.591288462659598, -6.56496004151442]}}}