{"prime": 2011, "nodes": 168, "minpoly": "x^2 + 2004*x + 3", "spine": 14, "undirected": false, "ell": {"2": {"diameter": 10, "conjugate_isogenous_pairs": 13, "eigenvalues": [2.7881439275578273, -2.763758946835314]}, "3": {"diameter": 7, "conjugate_isogenous_pairs": 13, "eigenvalues": [3.3205770168155295, -3.445207889800605]}, "5": {"diameter": 5, "conjugate_isogenous_pairs": 39, "eigenvalues": [4.428814414654871, -4.433308204274377]}, "7": {"diameter": 4, "conjugate_isogenous_pairs": 9, "eigenvalues": [5.25795590505448, -4.973232728302206]}, "11": {"diameter": 4, "conjugate_isogenous_pairs": 27, "eigenvalues": [6.3736630714416, -6.305606478794874]}}}