{"prime": 13873, "nodes": 1156, "minpoly": "x^2 + 13872*x + 5", "spine": 30, "undirected": true, "ell": {"2": {"diameter": 13, "conjugate_isogenous_pairs": 55, "eigenvalues": [2.8231011189935478, -2.8120603561820943]}, "3": {"diameter": 9, "conjugate_isogenous_pairs": 38, "eigenvalues": [3.4530428957714485, -3.4338157371386666]}, "5": {"diameter": 6, "conjugate_isogenous_pairs": 62, "eigenvalues": [4.385008645672981, -4.450387332249308]}, "7": {"diameter": 5, "conjugate_isogenous_pairs": 79, "eigenvalues": [5.279295885814122, -5.27249001803046]}, "11": {"diameter": 4, "conjugate_isogenous_pairs": 137, "eigenvalues": [6.570238770967362, -6.461789519731868]}}}