{"prime": 29753, "nodes": 2480, "minpoly": "x^2 + 29746*x + 3", "spine": 76, "undirected": false, "ell": {"2": {"diameter": 15, "conjugate_isogenous_pairs": 38, "eigenvalues": [2.8229147221818467, -2.827616087383327]}, "3": {"diameter": 10, "conjugate_isogenous_pairs": 68, "eigenvalues": [3.45694144619719, -3.4639746105656006]}, "5": {"diameter": 7, "conjugate_isogenous_pairs": 40, "eigenvalues": [4.463179272446716, -4.450866970759977]}, "7": {"diameter": 6, "conjugate_isogenous_pairs": 294, "eigenvalues": [5.272972664387146, -5.2716607406028135]}, "11": {"diameter": 5, "conjugate_isogenous_pairs": 72, "eigenvalues": [6.609200246066648, -6.595249782079005]}}}