{"prime": 17471, "nodes": 1457, "minpoly": "x^2 + 17468*x + 11", "spine": 183, "undirected": false, "ell": {"2": {"diameter": 15, "conjugate_isogenous_pairs": 20, "eigenvalues": [2.8109470222076074, -2.827150420234604]}, "3": {"diameter": 10, "conjugate_isogenous_pairs": 26, "eigenvalues": [3.4604876261003286, -3.4211261381402056]}, "5": {"diameter": 7, "conjugate_isogenous_pairs": 32, "eigenvalues": [4.446741517562301, -4.417752492372701]}, "7": {"diameter": 6, "conjugate_isogenous_pairs": 65, "eigenvalues": [5.2692498339320775, -5.287944484375196]}, "11": {"diameter": 5, "conjugate_isogenous_pairs": 65, "eigenvalues": [6.527345687423586, -6.5494080483224515]}}}