{"prime": 1471, "nodes": 123, "minpoly": "x^2 + 1470*x + 6", "spine": 23, "undirected": false, "ell": {"2": {"diameter": 9, "conjugate_isogenous_pairs": 9, "eigenvalues": [2.7822965093072414, -2.8013389857772326]}, "3": {"diameter": 7, "conjugate_isogenous_pairs": 9, "eigenvalues": [3.379999799151095, -3.4526151915716516]}, "5": {"diameter": 5, "conjugate_isogenous_pairs": 26, "eigenvalues": [4.418863978735645, -4.239109664345557]}, "7": {"diameter": 4, "conjugate_isogenous_pairs": 9, "eigenvalues": [5.082826995777157, -5.027157503093191]}, "11": {"diameter": 4, "conjugate_isogenous_pairs": 28, "eigenvalues": [6.597121623865701, -6.539074377674559]}}}