{"prime": 167, "nodes": 15, "minpoly": "x^2 + 166*x + 5", "spine": 11, "undirected": false, "ell": {"2": {"diameter": 5, "conjugate_isogenous_pairs": 1, "eigenvalues": [2.639326679491427, -2.548915521291709]}, "3": {"diameter": 5, "conjugate_isogenous_pairs": 1, "eigenvalues": [3.3645870928830046, -3.1059539369705704]}, "5": {"diameter": 4, "conjugate_isogenous_pairs": 2, "eigenvalues": [4.206930278881451, -3.628233562219358]}, "7": {"diameter": 3, "conjugate_isogenous_pairs": 2, "eigenvalues": [4.806203316742016, -4.460269510760415]}, "11": {"diameter": 3, "conjugate_isogenous_pairs": 1, "eigenvalues": [6.023305395171922, -5.712820524424095]}}}