{"prime": 5011, "nodes": 418, "minpoly": "x^2 + 5010*x + 2", "spine": 42, "undirected": false, "ell": {"2": {"diameter": 12, "conjugate_isogenous_pairs": 22, "eigenvalues": [2.8182741437792003, -2.815514101789101]}, "3": {"diameter": 8, "conjugate_isogenous_pairs": 14, "eigenvalues": [3.429248059174541, -3.4171092877977567]}, "5": {"diameter": 6, "conjugate_isogenous_pairs": 67, "eigenvalues": [4.444073916513648, -4.458051144530542]}, "7": {"diameter": 5, "conjugate_isogenous_pairs": 15, "eigenvalues": [5.191857370003579, -5.158268297337314]}, "11": {"diameter": 4, "conjugate_isogenous_pairs": 65, "eigenvalues": [6.552480211321183, -6.415530281910436]}}}