{"prime": 5953, "nodes": 496, "minpoly": "x^2 + 5946*x + 7", "spine": 22, "undirected": true, "ell": {"2": {"diameter": 13, "conjugate_isogenous_pairs": 31, "eigenvalues": [2.8137993104053627, -2.821229957930602]}, "3": {"diameter": 8, "conjugate_isogenous_pairs": 42, "eigenvalues": [3.4320089142629335, -3.45762052450984]}, "5": {"diameter": 6, "conjugate_isogenous_pairs": 26, "eigenvalues": [4.4682325908818, -4.40461991721859]}, "7": {"diameter": 5, "conjugate_isogenous_pairs": 40, "eigenvalues": [5.2312537939172055, -5.195056567319491]}, "11": {"diameter": 4, "conjugate_isogenous_pairs": 76, "eigenvalues": [6.588331458425255, -6.440463062543746]}}}