{"prime": 3797, "nodes": 317, "minpoly": "x^2 + 3796*x + 2", "spine": 29, "undirected": false, "ell": {"2": {"diameter": 12, "conjugate_isogenous_pairs": 13, "eigenvalues": [2.824184505695481, -2.770437931789859]}, "3": {"diameter": 8, "conjugate_isogenous_pairs": 42, "eigenvalues": [3.4399721894488957, -3.41440324566549]}, "5": {"diameter": 5, "conjugate_isogenous_pairs": 15, "eigenvalues": [4.301685547019704, -4.40533768251106]}, "7": {"diameter": 5, "conjugate_isogenous_pairs": 44, "eigenvalues": [5.081192962419057, -5.214821028230057]}, "11": {"diameter": 4, "conjugate_isogenous_pairs": 33, "eigenvalues": [6.510524955642171, -6.582730392004145]}}}