{"prime": 18797, "nodes": 1567, "minpoly": "x^2 + 18795*x + 3", "spine": 45, "undirected": false, "ell": {"2": {"diameter": 15, "conjugate_isogenous_pairs": 25, "eigenvalues": [2.8266113313436656, -2.8234199817575942]}, "3": {"diameter": 10, "conjugate_isogenous_pairs": 118, "eigenvalues": [3.4601596527835823, -3.4358121418471645]}, "5": {"diameter": 7, "conjugate_isogenous_pairs": 42, "eigenvalues": [4.421881674929812, -4.422036431920107]}, "7": {"diameter": 6, "conjugate_isogenous_pairs": 160, "eigenvalues": [5.251203017319128, -5.272683521354307]}, "11": {"diameter": 5, "conjugate_isogenous_pairs": 70, "eigenvalues": [6.585093953426489, -6.503566085374517]}}}