{"prime": 14633, "nodes": 1220, "minpoly": "x^2 + 14627*x + 3", "spine": 46, "undirected": false, "ell": {"2": {"diameter": 14, "conjugate_isogenous_pairs": 39, "eigenvalues": [2.8165752586567625, -2.822271175192042]}, "3": {"diameter": 10, "conjugate_isogenous_pairs": 36, "eigenvalues": [3.4427769246367412, -3.4385003601504742]}, "5": {"diameter": 7, "conjugate_isogenous_pairs": 26, "eigenvalues": [4.419955986939983, -4.438774440723316]}, "7": {"diameter": 6, "conjugate_isogenous_pairs": 178, "eigenvalues": [5.246896132244913, -5.276476678121068]}, "11": {"diameter": 5, "conjugate_isogenous_pairs": 58, "eigenvalues": [6.625151142408178, -6.547679724997622]}}}