{"prime": 27809, "nodes": 2318, "minpoly": "x^2 + 27804*x + 3", "spine": 76, "undirected": false, "ell": {"2": {"diameter": 15, "conjugate_isogenous_pairs": 29, "eigenvalues": [2.8214988079209053, -2.8220154140519544]}, "3": {"diameter": 10, "conjugate_isogenous_pairs": 37, "eigenvalues": [3.4453514145266597, -3.456765495363626]}, "5": {"diameter": 7, "conjugate_isogenous_pairs": 39, "eigenvalues": [4.459042495625637, -4.446750420055007]}, "7": {"diameter": 6, "conjugate_isogenous_pairs": 224, "eigenvalues": [5.279751507894119, -5.271563933490183]}, "11": {"diameter": 5, "conjugate_isogenous_pairs": 169, "eigenvalues": [6.601880575695633, -6.59601871091772]}}}