{"prime": 3767, "nodes": 315, "minpoly": "x^2 + 3765*x + 5", "spine": 39, "undirected": false, "ell": {"2": {"diameter": 11, "conjugate_isogenous_pairs": 8, "eigenvalues": [2.812526425192489, -2.819188835018791]}, "3": {"diameter": 8, "conjugate_isogenous_pairs": 25, "eigenvalues": [3.3796309853632254, -3.438577618256212]}, "5": {"diameter": 6, "conjugate_isogenous_pairs": 20, "eigenvalues": [4.248344886746944, -4.431995688235421]}, "7": {"diameter": 5, "conjugate_isogenous_pairs": 42, "eigenvalues": [5.054809035798831, -5.227190151336464]}, "11": {"diameter": 4, "conjugate_isogenous_pairs": 19, "eigenvalues": [6.445558407357493, -6.447749403658317]}}}