{"prime": 7933, "nodes": 661, "minpoly": "x^2 + 7929*x + 2", "spine": 19, "undirected": true, "ell": {"2": {"diameter": 12, "conjugate_isogenous_pairs": 23, "eigenvalues": [2.817866004749058, -2.807678624871832]}, "3": {"diameter": 8, "conjugate_isogenous_pairs": 79, "eigenvalues": [3.4495993900683173, -3.4321063355134016]}, "5": {"diameter": 6, "conjugate_isogenous_pairs": 61, "eigenvalues": [4.4655643887493595, -4.382615849130874]}, "7": {"diameter": 5, "conjugate_isogenous_pairs": 34, "eigenvalues": [5.156027506559309, -5.221825306058806]}, "11": {"diameter": 4, "conjugate_isogenous_pairs": 81, "eigenvalues": [6.602688788195395, -6.60539319306718]}}}