{"prime": 27077, "nodes": 2257, "minpoly": "x^2 + 27073*x + 2", "spine": 73, "undirected": false, "ell": {"2": {"diameter": 15, "conjugate_isogenous_pairs": 24, "eigenvalues": [2.8187423366085698, -2.8216069543805435]}, "3": {"diameter": 10, "conjugate_isogenous_pairs": 119, "eigenvalues": [3.463107440818931, -3.450766488303726]}, "5": {"diameter": 7, "conjugate_isogenous_pairs": 57, "eigenvalues": [4.443151551869388, -4.447584422251608]}, "7": {"diameter": 6, "conjugate_isogenous_pairs": 178, "eigenvalues": [5.260385830817351, -5.257391398239827]}, "11": {"diameter": 5, "conjugate_isogenous_pairs": 110, "eigenvalues": [6.614818039200874, -6.612456124415598]}}}