{"prime": 29209, "nodes": 2434, "minpoly": "x^2 + 29196*x + 7", "spine": 54, "undirected": true, "ell": {"2": {"diameter": 14, "conjugate_isogenous_pairs": 65, "eigenvalues": [2.821510497731019, -2.821762771704775]}, "3": {"diameter": 10, "conjugate_isogenous_pairs": 48, "eigenvalues": [3.4490073806263584, -3.453169345789985]}, "5": {"diameter": 7, "conjugate_isogenous_pairs": 69, "eigenvalues": [4.418935635597036, -4.458176078111649]}, "7": {"diameter": 6, "conjugate_isogenous_pairs": 106, "eigenvalues": [5.271603821271508, -5.222593598705881]}, "11": {"diameter": 5, "conjugate_isogenous_pairs": 286, "eigenvalues": [6.614544850187279, -6.579064494195837]}}}