{"prime": 9421, "nodes": 785, "minpoly": "x^2 + 9420*x + 2", "spine": 33, "undirected": true, "ell": {"2": {"diameter": 13, "conjugate_isogenous_pairs": 30, "eigenvalues": [2.8164824560246204, -2.8175253851580733]}, "3": {"diameter": 9, "conjugate_isogenous_pairs": 44, "eigenvalues": [3.4491106420425326, -3.445012640889325]}, "5": {"diameter": 6, "conjugate_isogenous_pairs": 34, "eigenvalues": [4.421411671789942, -4.432357859469503]}, "7": {"diameter": 5, "conjugate_isogenous_pairs": 32, "eigenvalues": [5.215533808424899, -5.190579469659958]}, "11": {"diameter": 4, "conjugate_isogenous_pairs": 159, "eigenvalues": [6.555985631274484, -6.498476916791642]}}}