{"prime": 73, "nodes": 6, "minpoly": "x^2 + 70*x + 5", "spine": 2, "undirected": true, "ell": {"2": {"diameter": 3, "conjugate_isogenous_pairs": 2, "eigenvalues": [2.3027756377319952, -2.618033988749893]}, "3": {"diameter": 2, "conjugate_isogenous_pairs": 2, "eigenvalues": [2.3027756377319917, -2.6180339887498882]}, "5": {"diameter": 2, "conjugate_isogenous_pairs": 2, "eigenvalues": [1.9999999999999998, -2.618033988749894]}, "7": {"diameter": 1, "conjugate_isogenous_pairs": 2, "eigenvalues": [2.0, -3.0000000000000013]}, "11": {"diameter": 2, "conjugate_isogenous_pairs": 2, "eigenvalues": [5.302775637731997, -2.618033988749899]}}}