{"prime": 27437, "nodes": 2287, "minpoly": "x^2 + 27433*x + 2", "spine": 57, "undirected": false, "ell": {"2": {"diameter": 15, "conjugate_isogenous_pairs": 43, "eigenvalues": [2.8237133632447917, -2.82228749175763]}, "3": {"diameter": 10, "conjugate_isogenous_pairs": 112, "eigenvalues": [3.4551901471588873, -3.4606667961382693]}, "5": {"diameter": 7, "conjugate_isogenous_pairs": 45, "eigenvalues": [4.460293122792382, -4.460280455607979]}, "7": {"diameter": 6, "conjugate_isogenous_pairs": 139, "eigenvalues": [5.2177130125577795, -5.271342912423124]}, "11": {"diameter": 5, "conjugate_isogenous_pairs": 95, "eigenvalues": [6.602332100700838, -6.536943080315836]}}}