{"prime": 3319, "nodes": 277, "minpoly": "x^2 + 3317*x + 6", "spine": 41, "undirected": false, "ell": {"2": {"diameter": 11, "conjugate_isogenous_pairs": 10, "eigenvalues": [2.797963547058935, -2.807014750210108]}, "3": {"diameter": 8, "conjugate_isogenous_pairs": 17, "eigenvalues": [3.449410684640771, -3.4346179736206786]}, "5": {"diameter": 6, "conjugate_isogenous_pairs": 39, "eigenvalues": [4.405709728606958, -4.409518168950501]}, "7": {"diameter": 5, "conjugate_isogenous_pairs": 11, "eigenvalues": [5.264887970955653, -5.185702168250664]}, "11": {"diameter": 4, "conjugate_isogenous_pairs": 34, "eigenvalues": [6.369534810231742, -6.41572506283246]}}}