{"prime": 1789, "nodes": 149, "minpoly": "x^2 + 1781*x + 6", "spine": 13, "undirected": true, "ell": {"2": {"diameter": 9, "conjugate_isogenous_pairs": 9, "eigenvalues": [2.7762249526889446, -2.791918244861138]}, "3": {"diameter": 7, "conjugate_isogenous_pairs": 17, "eigenvalues": [3.383292970728055, -3.4160648005233867]}, "5": {"diameter": 5, "conjugate_isogenous_pairs": 29, "eigenvalues": [4.4038033445979465, -4.215162908273003]}, "7": {"diameter": 4, "conjugate_isogenous_pairs": 14, "eigenvalues": [4.995132284483723, -4.976134190209055]}, "11": {"diameter": 4, "conjugate_isogenous_pairs": 51, "eigenvalues": [6.392821765171747, -6.52698351731355]}}}