{"prime": 21799, "nodes": 1817, "minpoly": "x^2 + 21788*x + 7", "spine": 69, "undirected": false, "ell": {"2": {"diameter": 14, "conjugate_isogenous_pairs": 30, "eigenvalues": [2.821671438676502, -2.826705967865567]}, "3": {"diameter": 9, "conjugate_isogenous_pairs": 39, "eigenvalues": [3.4482688154866863, -3.463076143981621]}, "5": {"diameter": 7, "conjugate_isogenous_pairs": 158, "eigenvalues": [4.4534308797384945, -4.4612135262959445]}, "7": {"diameter": 6, "conjugate_isogenous_pairs": 48, "eigenvalues": [5.267290137963279, -5.254381384286991]}, "11": {"diameter": 5, "conjugate_isogenous_pairs": 124, "eigenvalues": [6.541889514472598, -6.484321599494871]}}}