{"prime": 21397, "nodes": 1783, "minpoly": "x^2 + 21396*x + 2", "spine": 45, "undirected": true, "ell": {"2": {"diameter": 14, "conjugate_isogenous_pairs": 44, "eigenvalues": [2.8153172582644053, -2.8241304447008244]}, "3": {"diameter": 9, "conjugate_isogenous_pairs": 110, "eigenvalues": [3.454700143890679, -3.4511206092812534]}, "5": {"diameter": 7, "conjugate_isogenous_pairs": 71, "eigenvalues": [4.396718044606789, -4.46644094849927]}, "7": {"diameter": 6, "conjugate_isogenous_pairs": 63, "eigenvalues": [5.278806876884084, -5.2591644444669265]}, "11": {"diameter": 5, "conjugate_isogenous_pairs": 210, "eigenvalues": [6.579272686371469, -6.576898060974399]}}}