{"prime": 10477, "nodes": 873, "minpoly": "x^2 + 10476*x + 2", "spine": 25, "undirected": true, "ell": {"2": {"diameter": 13, "conjugate_isogenous_pairs": 45, "eigenvalues": [2.811295413932654, -2.812323077458774]}, "3": {"diameter": 9, "conjugate_isogenous_pairs": 59, "eigenvalues": [3.441581875963435, -3.459203425675026]}, "5": {"diameter": 6, "conjugate_isogenous_pairs": 37, "eigenvalues": [4.444707554439221, -4.458525102656973]}, "7": {"diameter": 5, "conjugate_isogenous_pairs": 65, "eigenvalues": [5.219590162439552, -5.269501169144653]}, "11": {"diameter": 4, "conjugate_isogenous_pairs": 152, "eigenvalues": [6.5065093356478645, -6.578317439704601]}}}