{"prime": 12041, "nodes": 1004, "minpoly": "x^2 + 12040*x + 3", "spine": 70, "undirected": false, "ell": {"2": {"diameter": 14, "conjugate_isogenous_pairs": 10, "eigenvalues": [2.8193873584625364, -2.825162234342122]}, "3": {"diameter": 10, "conjugate_isogenous_pairs": 40, "eigenvalues": [3.4481986362587174, -3.410297324200717]}, "5": {"diameter": 7, "conjugate_isogenous_pairs": 40, "eigenvalues": [4.383207829825532, -4.461812799924295]}, "7": {"diameter": 6, "conjugate_isogenous_pairs": 120, "eigenvalues": [5.277602402533067, -5.232642318578867]}, "11": {"diameter": 5, "conjugate_isogenous_pairs": 65, "eigenvalues": [6.610677693002305, -6.501218054322343]}}}