{"prime": 12071, "nodes": 1007, "minpoly": "x^2 + 12068*x + 11", "spine": 141, "undirected": false, "ell": {"2": {"diameter": 14, "conjugate_isogenous_pairs": 23, "eigenvalues": [2.8153352388349284, -2.8231581633261813]}, "3": {"diameter": 10, "conjugate_isogenous_pairs": 16, "eigenvalues": [3.431945352276923, -3.4550339134465213]}, "5": {"diameter": 7, "conjugate_isogenous_pairs": 25, "eigenvalues": [4.391782741288668, -4.409420535830673]}, "7": {"diameter": 6, "conjugate_isogenous_pairs": 64, "eigenvalues": [5.261492332100807, -5.2710681917273]}, "11": {"diameter": 5, "conjugate_isogenous_pairs": 51, "eigenvalues": [6.618759223629934, -6.5433356674441505]}}}