{"prime": 25867, "nodes": 2156, "minpoly": "x^2 + 25863*x + 2", "spine": 54, "undirected": false, "ell": {"2": {"diameter": 15, "conjugate_isogenous_pairs": 48, "eigenvalues": [2.8245259933860156, -2.821410474783754]}, "3": {"diameter": 10, "conjugate_isogenous_pairs": 81, "eigenvalues": [3.450882949605128, -3.4554321501070167]}, "5": {"diameter": 7, "conjugate_isogenous_pairs": 226, "eigenvalues": [4.4446464394752905, -4.4613405266154595]}, "7": {"diameter": 6, "conjugate_isogenous_pairs": 50, "eigenvalues": [5.266612583112607, -5.278418447384583]}, "11": {"diameter": 5, "conjugate_isogenous_pairs": 76, "eigenvalues": [6.619270459186578, -6.55473605740327]}}}