{"prime": 7687, "nodes": 641, "minpoly": "x^2 + 7686*x + 6", "spine": 29, "undirected": false, "ell": {"2": {"diameter": 13, "conjugate_isogenous_pairs": 37, "eigenvalues": [2.8166939460549525, -2.822726602126444]}, "3": {"diameter": 9, "conjugate_isogenous_pairs": 39, "eigenvalues": [3.4407670972019684, -3.4423898968510804]}, "5": {"diameter": 6, "conjugate_isogenous_pairs": 52, "eigenvalues": [4.443067681682572, -4.455864902010089]}, "7": {"diameter": 5, "conjugate_isogenous_pairs": 33, "eigenvalues": [5.225311571293152, -5.229043881860751]}, "11": {"diameter": 4, "conjugate_isogenous_pairs": 42, "eigenvalues": [6.572873269740159, -6.609935812943707]}}}