{"prime": 3037, "nodes": 253, "minpoly": "x^2 + 3036*x + 2", "spine": 9, "undirected": true, "ell": {"2": {"diameter": 11, "conjugate_isogenous_pairs": 29, "eigenvalues": [2.8158997467223688, -2.8187207441143163]}, "3": {"diameter": 7, "conjugate_isogenous_pairs": 29, "eigenvalues": [3.4067802077407534, -3.448325666840393]}, "5": {"diameter": 5, "conjugate_isogenous_pairs": 24, "eigenvalues": [4.412290484334388, -4.45471199374753]}, "7": {"diameter": 4, "conjugate_isogenous_pairs": 33, "eigenvalues": [4.992576230450848, -5.174386720830503]}, "11": {"diameter": 4, "conjugate_isogenous_pairs": 76, "eigenvalues": [6.325624112609265, -6.61391310337625]}}}