{"prime": 8443, "nodes": 704, "minpoly": "x^2 + 8439*x + 2", "spine": 22, "undirected": false, "ell": {"2": {"diameter": 12, "conjugate_isogenous_pairs": 30, "eigenvalues": [2.8123205550039825, -2.8177719909592143]}, "3": {"diameter": 8, "conjugate_isogenous_pairs": 43, "eigenvalues": [3.461813480691227, -3.444153182924036]}, "5": {"diameter": 6, "conjugate_isogenous_pairs": 128, "eigenvalues": [4.425873610426441, -4.429930695659444]}, "7": {"diameter": 5, "conjugate_isogenous_pairs": 42, "eigenvalues": [5.241289803907339, -5.09633283569804]}, "11": {"diameter": 4, "conjugate_isogenous_pairs": 52, "eigenvalues": [6.507074830658156, -6.4877578260835405]}}}