{"prime": 27617, "nodes": 2302, "minpoly": "x^2 + 27616*x + 3", "spine": 66, "undirected": false, "ell": {"2": {"diameter": 14, "conjugate_isogenous_pairs": 33, "eigenvalues": [2.8213577607413107, -2.8218273581603897]}, "3": {"diameter": 10, "conjugate_isogenous_pairs": 74, "eigenvalues": [3.461882380775403, -3.430505123496665]}, "5": {"diameter": 7, "conjugate_isogenous_pairs": 60, "eigenvalues": [4.4159373920344684, -4.451379190615503]}, "7": {"diameter": 6, "conjugate_isogenous_pairs": 238, "eigenvalues": [5.279025098657972, -5.250131517509785]}, "11": {"diameter": 5, "conjugate_isogenous_pairs": 55, "eigenvalues": [6.6163438803952594, -6.6099683846540955]}}}