{"prime": 4957, "nodes": 413, "minpoly": "x^2 + 4953*x + 2", "spine": 13, "undirected": true, "ell": {"2": {"diameter": 11, "conjugate_isogenous_pairs": 18, "eigenvalues": [2.7858284415731744, -2.7954927546772335]}, "3": {"diameter": 8, "conjugate_isogenous_pairs": 65, "eigenvalues": [3.4615568850690366, -3.449840658953016]}, "5": {"diameter": 5, "conjugate_isogenous_pairs": 38, "eigenvalues": [4.427919716225511, -4.401397694517411]}, "7": {"diameter": 5, "conjugate_isogenous_pairs": 30, "eigenvalues": [5.274949299240245, -5.1935191359108135]}, "11": {"diameter": 4, "conjugate_isogenous_pairs": 77, "eigenvalues": [6.4854186507015665, -6.565302723408015]}}}