{"prime": 563, "nodes": 48, "minpoly": "x^2 + 559*x + 2", "spine": 18, "undirected": false, "ell": {"2": {"diameter": 8, "conjugate_isogenous_pairs": 4, "eigenvalues": [2.766608916917826, -2.7135108241079973]}, "3": {"diameter": 6, "conjugate_isogenous_pairs": 7, "eigenvalues": [3.344431845088045, -3.285635863340208]}, "5": {"diameter": 5, "conjugate_isogenous_pairs": 6, "eigenvalues": [4.268926056847781, -3.999999999999997]}, "7": {"diameter": 4, "conjugate_isogenous_pairs": 7, "eigenvalues": [4.764224075757518, -4.999999999999993]}, "11": {"diameter": 3, "conjugate_isogenous_pairs": 3, "eigenvalues": [5.867184624904993, -5.806423851823096]}}}