{"prime": 11897, "nodes": 992, "minpoly": "x^2 + 11896*x + 3", "spine": 40, "undirected": false, "ell": {"2": {"diameter": 13, "conjugate_isogenous_pairs": 15, "eigenvalues": [2.8128317999832158, -2.8104213749512947]}, "3": {"diameter": 10, "conjugate_isogenous_pairs": 46, "eigenvalues": [3.447557464854006, -3.4412713644003095]}, "5": {"diameter": 6, "conjugate_isogenous_pairs": 46, "eigenvalues": [4.412079699566606, -4.460836702855744]}, "7": {"diameter": 6, "conjugate_isogenous_pairs": 179, "eigenvalues": [5.227577778904404, -5.235781086065149]}, "11": {"diameter": 5, "conjugate_isogenous_pairs": 50, "eigenvalues": [6.588880082626324, -6.597892371180018]}}}