{"prime": 10303, "nodes": 859, "minpoly": "x^2 + 10302*x + 3", "spine": 51, "undirected": false, "ell": {"2": {"diameter": 14, "conjugate_isogenous_pairs": 57, "eigenvalues": [2.8249955477193702, -2.820040790758038]}, "3": {"diameter": 9, "conjugate_isogenous_pairs": 27, "eigenvalues": [3.4291632325782317, -3.441276076227798]}, "5": {"diameter": 6, "conjugate_isogenous_pairs": 61, "eigenvalues": [4.468892555591211, -4.417930520637244]}, "7": {"diameter": 5, "conjugate_isogenous_pairs": 33, "eigenvalues": [5.23953875166138, -5.1341001184317605]}, "11": {"diameter": 5, "conjugate_isogenous_pairs": 67, "eigenvalues": [6.556194878445339, -6.496126516294222]}}}