{"prime": 26431, "nodes": 2203, "minpoly": "x^2 + 26429*x + 3", "spine": 95, "undirected": false, "ell": {"2": {"diameter": 15, "conjugate_isogenous_pairs": 58, "eigenvalues": [2.82621060735766, -2.827828653380656]}, "3": {"diameter": 10, "conjugate_isogenous_pairs": 24, "eigenvalues": [3.456051082038596, -3.436141260611155]}, "5": {"diameter": 7, "conjugate_isogenous_pairs": 95, "eigenvalues": [4.460079412862981, -4.436869438941571]}, "7": {"diameter": 6, "conjugate_isogenous_pairs": 46, "eigenvalues": [5.240753759524646, -5.290023707096921]}, "11": {"diameter": 5, "conjugate_isogenous_pairs": 220, "eigenvalues": [6.576749178879854, -6.54969501780076]}}}