{"prime": 9029, "nodes": 753, "minpoly": "x^2 + 9028*x + 2", "spine": 57, "undirected": false, "ell": {"2": {"diameter": 14, "conjugate_isogenous_pairs": 19, "eigenvalues": [2.806876192267738, -2.82713219085738]}, "3": {"diameter": 9, "conjugate_isogenous_pairs": 30, "eigenvalues": [3.4324450663053843, -3.4505974427106243]}, "5": {"diameter": 6, "conjugate_isogenous_pairs": 18, "eigenvalues": [4.393102805524001, -4.435233787619238]}, "7": {"diameter": 6, "conjugate_isogenous_pairs": 58, "eigenvalues": [5.264912671113673, -5.27774001651952]}, "11": {"diameter": 5, "conjugate_isogenous_pairs": 99, "eigenvalues": [6.614165248947512, -6.569424779454979]}}}