{"prime": 10169, "nodes": 848, "minpoly": "x^2 + 10163*x + 3", "spine": 56, "undirected": false, "ell": {"2": {"diameter": 14, "conjugate_isogenous_pairs": 16, "eigenvalues": [2.8179065678125887, -2.8225789263854315]}, "3": {"diameter": 10, "conjugate_isogenous_pairs": 25, "eigenvalues": [3.4419735891988745, -3.4466898926978056]}, "5": {"diameter": 6, "conjugate_isogenous_pairs": 20, "eigenvalues": [4.453697597906851, -4.431332060727811]}, "7": {"diameter": 6, "conjugate_isogenous_pairs": 95, "eigenvalues": [5.234692913697189, -5.177811946288854]}, "11": {"diameter": 5, "conjugate_isogenous_pairs": 81, "eigenvalues": [6.604159986141784, -6.5917984753185275]}}}