{"prime": 4111, "nodes": 343, "minpoly": "x^2 + 4110*x + 12", "spine": 39, "undirected": false, "ell": {"2": {"diameter": 11, "conjugate_isogenous_pairs": 11, "eigenvalues": [2.807856373845566, -2.8115902745944057]}, "3": {"diameter": 8, "conjugate_isogenous_pairs": 23, "eigenvalues": [3.4353099404496708, -3.363081739713375]}, "5": {"diameter": 6, "conjugate_isogenous_pairs": 43, "eigenvalues": [4.422951525753498, -4.445988221377039]}, "7": {"diameter": 5, "conjugate_isogenous_pairs": 16, "eigenvalues": [5.2475700259346825, -5.23212030720242]}, "11": {"diameter": 4, "conjugate_isogenous_pairs": 43, "eigenvalues": [6.476624445359978, -6.574048679965517]}}}