{"prime": 29879, "nodes": 2491, "minpoly": "x^2 + 29877*x + 11", "spine": 195, "undirected": false, "ell": {"2": {"diameter": 15, "conjugate_isogenous_pairs": 31, "eigenvalues": [2.819632040496076, -2.821156846991792]}, "3": {"diameter": 10, "conjugate_isogenous_pairs": 26, "eigenvalues": [3.4589045057743366, -3.456967542334887]}, "5": {"diameter": 7, "conjugate_isogenous_pairs": 61, "eigenvalues": [4.470230004719594, -4.467741453084623]}, "7": {"diameter": 6, "conjugate_isogenous_pairs": 99, "eigenvalues": [5.286915656440594, -5.2053150284620235]}, "11": {"diameter": 5, "conjugate_isogenous_pairs": 113, "eigenvalues": [6.584743437727544, -6.614578203786733]}}}