{"prime": 5659, "nodes": 472, "minpoly": "x^2 + 5658*x + 2", "spine": 38, "undirected": false, "ell": {"2": {"diameter": 12, "conjugate_isogenous_pairs": 26, "eigenvalues": [2.8061150388040095, -2.809181411302561]}, "3": {"diameter": 8, "conjugate_isogenous_pairs": 15, "eigenvalues": [3.439244259025585, -3.4602172363970016]}, "5": {"diameter": 6, "conjugate_isogenous_pairs": 52, "eigenvalues": [4.395703489162135, -4.3516561015328605]}, "7": {"diameter": 5, "conjugate_isogenous_pairs": 20, "eigenvalues": [5.283472078745746, -5.231003321411299]}, "11": {"diameter": 4, "conjugate_isogenous_pairs": 51, "eigenvalues": [6.574960809478627, -6.621137201679965]}}}