{"prime": 20959, "nodes": 1747, "minpoly": "x^2 + 20948*x + 7", "spine": 89, "undirected": false, "ell": {"2": {"diameter": 14, "conjugate_isogenous_pairs": 37, "eigenvalues": [2.826877305819927, -2.825923594018005]}, "3": {"diameter": 9, "conjugate_isogenous_pairs": 34, "eigenvalues": [3.4424707130205707, -3.460024976103603]}, "5": {"diameter": 7, "conjugate_isogenous_pairs": 113, "eigenvalues": [4.454089455775189, -4.428807584382503]}, "7": {"diameter": 6, "conjugate_isogenous_pairs": 37, "eigenvalues": [5.234105763860814, -5.251967332943463]}, "11": {"diameter": 5, "conjugate_isogenous_pairs": 110, "eigenvalues": [6.617400804624337, -6.624795193796001]}}}