{"prime": 21017, "nodes": 1752, "minpoly": "x^2 + 21011*x + 3", "spine": 86, "undirected": false, "ell": {"2": {"diameter": 15, "conjugate_isogenous_pairs": 23, "eigenvalues": [2.822585653043232, -2.8133065825836376]}, "3": {"diameter": 10, "conjugate_isogenous_pairs": 59, "eigenvalues": [3.4481087366399965, -3.456794681410851]}, "5": {"diameter": 7, "conjugate_isogenous_pairs": 37, "eigenvalues": [4.429785331695178, -4.4351674244746055]}, "7": {"diameter": 6, "conjugate_isogenous_pairs": 212, "eigenvalues": [5.26976085219723, -5.276902857272717]}, "11": {"diameter": 5, "conjugate_isogenous_pairs": 83, "eigenvalues": [6.559831714240002, -6.606339704664685]}}}