{"prime": 27847, "nodes": 2321, "minpoly": "x^2 + 27846*x + 6", "spine": 87, "undirected": false, "ell": {"2": {"diameter": 15, "conjugate_isogenous_pairs": 55, "eigenvalues": [2.825933395977703, -2.820101847530114]}, "3": {"diameter": 10, "conjugate_isogenous_pairs": 66, "eigenvalues": [3.4542783176976646, -3.45600881392403]}, "5": {"diameter": 7, "conjugate_isogenous_pairs": 126, "eigenvalues": [4.429697755259642, -4.457056780643491]}, "7": {"diameter": 6, "conjugate_isogenous_pairs": 53, "eigenvalues": [5.253871964120535, -5.262192398844484]}, "11": {"diameter": 5, "conjugate_isogenous_pairs": 79, "eigenvalues": [6.548541295313231, -6.557202742381712]}}}