{"prime": 6871, "nodes": 573, "minpoly": "x^2 + 6870*x + 3", "spine": 45, "undirected": false, "ell": {"2": {"diameter": 13, "conjugate_isogenous_pairs": 18, "eigenvalues": [2.8054599062827803, -2.802714381266574]}, "3": {"diameter": 8, "conjugate_isogenous_pairs": 25, "eigenvalues": [3.4377916746346124, -3.4128991495329415]}, "5": {"diameter": 6, "conjugate_isogenous_pairs": 73, "eigenvalues": [4.4367346413619115, -4.439070790662901]}, "7": {"diameter": 5, "conjugate_isogenous_pairs": 19, "eigenvalues": [5.24685297808445, -5.1351716293778615]}, "11": {"diameter": 4, "conjugate_isogenous_pairs": 78, "eigenvalues": [6.4723075336262665, -6.537617747360053]}}}