{"prime": 13931, "nodes": 1162, "minpoly": "x^2 + 13927*x + 2", "spine": 66, "undirected": false, "ell": {"2": {"diameter": 14, "conjugate_isogenous_pairs": 22, "eigenvalues": [2.814820741784756, -2.8228890717369177]}, "3": {"diameter": 10, "conjugate_isogenous_pairs": 24, "eigenvalues": [3.4555388795107818, -3.4603270988111228]}, "5": {"diameter": 6, "conjugate_isogenous_pairs": 65, "eigenvalues": [4.43716699178731, -4.467961627882166]}, "7": {"diameter": 6, "conjugate_isogenous_pairs": 59, "eigenvalues": [5.164701695761419, -5.225903442786057]}, "11": {"diameter": 5, "conjugate_isogenous_pairs": 48, "eigenvalues": [6.583758657738463, -6.524630652547027]}}}