{"prime": 27967, "nodes": 2331, "minpoly": "x^2 + 27965*x + 3", "spine": 63, "undirected": false, "ell": {"2": {"diameter": 15, "conjugate_isogenous_pairs": 72, "eigenvalues": [2.82515462563778, -2.8211093296052763]}, "3": {"diameter": 10, "conjugate_isogenous_pairs": 55, "eigenvalues": [3.4469229652876727, -3.446316445476932]}, "5": {"diameter": 7, "conjugate_isogenous_pairs": 88, "eigenvalues": [4.439149040389332, -4.460540640507172]}, "7": {"diameter": 6, "conjugate_isogenous_pairs": 65, "eigenvalues": [5.254359945751985, -5.2753822959979555]}, "11": {"diameter": 5, "conjugate_isogenous_pairs": 88, "eigenvalues": [6.550627726467576, -6.616137294833194]}}}