{"prime": 12107, "nodes": 1010, "minpoly": "x^2 + 12102*x + 2", "spine": 42, "undirected": false, "ell": {"2": {"diameter": 13, "conjugate_isogenous_pairs": 18, "eigenvalues": [2.8166043919022625, -2.816452256389929]}, "3": {"diameter": 9, "conjugate_isogenous_pairs": 54, "eigenvalues": [3.447303386622177, -3.4354546232209624]}, "5": {"diameter": 6, "conjugate_isogenous_pairs": 73, "eigenvalues": [4.448106906636253, -4.426061729487527]}, "7": {"diameter": 6, "conjugate_isogenous_pairs": 76, "eigenvalues": [5.228618324883565, -5.235847032543818]}, "11": {"diameter": 5, "conjugate_isogenous_pairs": 30, "eigenvalues": [6.6261873309283015, -6.5439688692031615]}}}