{"prime": 29243, "nodes": 2438, "minpoly": "x^2 + 29239*x + 2", "spine": 66, "undirected": false, "ell": {"2": {"diameter": 15, "conjugate_isogenous_pairs": 30, "eigenvalues": [2.8199411931330145, -2.826552098202059]}, "3": {"diameter": 10, "conjugate_isogenous_pairs": 55, "eigenvalues": [3.460935868252915, -3.44551840812857]}, "5": {"diameter": 8, "conjugate_isogenous_pairs": 110, "eigenvalues": [4.431382338233113, -4.460203774712478]}, "7": {"diameter": 6, "conjugate_isogenous_pairs": 148, "eigenvalues": [5.193973601687108, -5.255299073059964]}, "11": {"diameter": 5, "conjugate_isogenous_pairs": 50, "eigenvalues": [6.586898623983649, -6.583335249406062]}}}