{"prime": 20411, "nodes": 1702, "minpoly": "x^2 + 20410*x + 6", "spine": 158, "undirected": false, "ell": {"2": {"diameter": 15, "conjugate_isogenous_pairs": 18, "eigenvalues": [2.8220138350519406, -2.824362628315859]}, "3": {"diameter": 10, "conjugate_isogenous_pairs": 35, "eigenvalues": [3.4489835510943556, -3.4468691398873306]}, "5": {"diameter": 7, "conjugate_isogenous_pairs": 65, "eigenvalues": [4.405988875766814, -4.454432809289215]}, "7": {"diameter": 6, "conjugate_isogenous_pairs": 67, "eigenvalues": [5.279877667257141, -5.273859004088362]}, "11": {"diameter": 5, "conjugate_isogenous_pairs": 69, "eigenvalues": [6.631900176762593, -6.615596232926368]}}}