{"prime": 13799, "nodes": 1151, "minpoly": "x^2 + 13798*x + 7", "spine": 103, "undirected": false, "ell": {"2": {"diameter": 14, "conjugate_isogenous_pairs": 18, "eigenvalues": [2.8133078697144844, -2.815145099221211]}, "3": {"diameter": 9, "conjugate_isogenous_pairs": 28, "eigenvalues": [3.406237636382666, -3.4396793704692232]}, "5": {"diameter": 7, "conjugate_isogenous_pairs": 44, "eigenvalues": [4.408244894285069, -4.45856187688285]}, "7": {"diameter": 6, "conjugate_isogenous_pairs": 54, "eigenvalues": [5.27619302362494, -5.26828992919107]}, "11": {"diameter": 5, "conjugate_isogenous_pairs": 52, "eigenvalues": [6.527158466425851, -6.50895200487688]}}}