{"prime": 10891, "nodes": 908, "minpoly": "x^2 + 10890*x + 2", "spine": 38, "undirected": false, "ell": {"2": {"diameter": 13, "conjugate_isogenous_pairs": 30, "eigenvalues": [2.8135747134013362, -2.8259845597805158]}, "3": {"diameter": 9, "conjugate_isogenous_pairs": 23, "eigenvalues": [3.437371036432999, -3.4564040377142953]}, "5": {"diameter": 6, "conjugate_isogenous_pairs": 81, "eigenvalues": [4.452332261701784, -4.438697583623831]}, "7": {"diameter": 5, "conjugate_isogenous_pairs": 27, "eigenvalues": [5.2198018747283275, -5.202665468235109]}, "11": {"diameter": 5, "conjugate_isogenous_pairs": 116, "eigenvalues": [6.534164190373305, -6.611747667559909]}}}