{"prime": 13291, "nodes": 1108, "minpoly": "x^2 + 13290*x + 2", "spine": 42, "undirected": false, "ell": {"2": {"diameter": 14, "conjugate_isogenous_pairs": 45, "eigenvalues": [2.819596558862953, -2.8241057087844728]}, "3": {"diameter": 9, "conjugate_isogenous_pairs": 21, "eigenvalues": [3.435958568889304, -3.4562705193439065]}, "5": {"diameter": 7, "conjugate_isogenous_pairs": 120, "eigenvalues": [4.434844874627804, -4.4313585458804745]}, "7": {"diameter": 5, "conjugate_isogenous_pairs": 40, "eigenvalues": [5.289561341652623, -5.180011573438132]}, "11": {"diameter": 5, "conjugate_isogenous_pairs": 131, "eigenvalues": [6.492467839104412, -6.511209062156334]}}}