{"prime": 12703, "nodes": 1059, "minpoly": "x^2 + 12701*x + 3", "spine": 55, "undirected": false, "ell": {"2": {"diameter": 14, "conjugate_isogenous_pairs": 69, "eigenvalues": [2.823629721276203, -2.826024812959758]}, "3": {"diameter": 9, "conjugate_isogenous_pairs": 32, "eigenvalues": [3.442988249227164, -3.447406207670198]}, "5": {"diameter": 7, "conjugate_isogenous_pairs": 55, "eigenvalues": [4.438133614356742, -4.471032236377336]}, "7": {"diameter": 5, "conjugate_isogenous_pairs": 49, "eigenvalues": [5.265141535581286, -5.288499176311604]}, "11": {"diameter": 5, "conjugate_isogenous_pairs": 74, "eigenvalues": [6.551288914762542, -6.540812067264462]}}}