{"prime": 16831, "nodes": 1403, "minpoly": "x^2 + 16829*x + 6", "spine": 93, "undirected": false, "ell": {"2": {"diameter": 14, "conjugate_isogenous_pairs": 50, "eigenvalues": [2.819773030657899, -2.8242436917408575]}, "3": {"diameter": 9, "conjugate_isogenous_pairs": 24, "eigenvalues": [3.4559368543035838, -3.4483967157564037]}, "5": {"diameter": 7, "conjugate_isogenous_pairs": 56, "eigenvalues": [4.428267337143654, -4.415437555710056]}, "7": {"diameter": 6, "conjugate_isogenous_pairs": 31, "eigenvalues": [5.280714604734092, -5.261678991518914]}, "11": {"diameter": 5, "conjugate_isogenous_pairs": 113, "eigenvalues": [6.557094588048367, -6.582795618247112]}}}