{"prime": 15233, "nodes": 1270, "minpoly": "x^2 + 15227*x + 3", "spine": 50, "undirected": false, "ell": {"2": {"diameter": 13, "conjugate_isogenous_pairs": 27, "eigenvalues": [2.8244665494257593, -2.8199222152965735]}, "3": {"diameter": 10, "conjugate_isogenous_pairs": 71, "eigenvalues": [3.4562819891741405, -3.441415310726239]}, "5": {"diameter": 7, "conjugate_isogenous_pairs": 32, "eigenvalues": [4.420791678771009, -4.423749659694359]}, "7": {"diameter": 6, "conjugate_isogenous_pairs": 189, "eigenvalues": [5.249383288447405, -5.286188059542496]}, "11": {"diameter": 5, "conjugate_isogenous_pairs": 39, "eigenvalues": [6.484590427924304, -6.481876497251347]}}}