{"prime": 8693, "nodes": 725, "minpoly": "x^2 + 8688*x + 2", "spine": 51, "undirected": false, "ell": {"2": {"diameter": 13, "conjugate_isogenous_pairs": 22, "eigenvalues": [2.8265670216560443, -2.8203604753034996]}, "3": {"diameter": 9, "conjugate_isogenous_pairs": 49, "eigenvalues": [3.4215803446992625, -3.447869491197812]}, "5": {"diameter": 6, "conjugate_isogenous_pairs": 19, "eigenvalues": [4.376475999927524, -4.4367978470364084]}, "7": {"diameter": 5, "conjugate_isogenous_pairs": 96, "eigenvalues": [5.228609894571214, -5.262177889638548]}, "11": {"diameter": 4, "conjugate_isogenous_pairs": 57, "eigenvalues": [6.588218125153575, -6.596445374928279]}}}