{"prime": 7919, "nodes": 661, "minpoly": "x^2 + 7918*x + 7", "spine": 97, "undirected": false, "ell": {"2": {"diameter": 13, "conjugate_isogenous_pairs": 9, "eigenvalues": [2.8222471515763345, -2.8021320741584996]}, "3": {"diameter": 9, "conjugate_isogenous_pairs": 27, "eigenvalues": [3.429481856957209, -3.4289386878017027]}, "5": {"diameter": 7, "conjugate_isogenous_pairs": 34, "eigenvalues": [4.433345725601531, -4.4691326991876]}, "7": {"diameter": 5, "conjugate_isogenous_pairs": 45, "eigenvalues": [5.172148266034214, -5.227968625291606]}, "11": {"diameter": 5, "conjugate_isogenous_pairs": 44, "eigenvalues": [6.626141354366585, -6.595220823701797]}}}