{"prime": 28751, "nodes": 2397, "minpoly": "x^2 + 28750*x + 14", "spine": 177, "undirected": false, "ell": {"2": {"diameter": 16, "conjugate_isogenous_pairs": 21, "eigenvalues": [2.824245961108885, -2.8131649989657603]}, "3": {"diameter": 10, "conjugate_isogenous_pairs": 37, "eigenvalues": [3.4423206937756987, -3.453912344127241]}, "5": {"diameter": 7, "conjugate_isogenous_pairs": 79, "eigenvalues": [4.458996394834377, -4.466663002397511]}, "7": {"diameter": 6, "conjugate_isogenous_pairs": 65, "eigenvalues": [5.271166493615317, -5.260036791757712]}, "11": {"diameter": 5, "conjugate_isogenous_pairs": 64, "eigenvalues": [6.577323836824714, -6.568924736704059]}}}