{"prime": 21599, "nodes": 1801, "minpoly": "x^2 + 21598*x + 7", "spine": 179, "undirected": false, "ell": {"2": {"diameter": 15, "conjugate_isogenous_pairs": 17, "eigenvalues": [2.817603900298354, -2.827277756379427]}, "3": {"diameter": 10, "conjugate_isogenous_pairs": 33, "eigenvalues": [3.455458266048832, -3.4479003639958963]}, "5": {"diameter": 7, "conjugate_isogenous_pairs": 74, "eigenvalues": [4.447089460849467, -4.452938360214288]}, "7": {"diameter": 6, "conjugate_isogenous_pairs": 83, "eigenvalues": [5.255524472402634, -5.2764008814096295]}, "11": {"diameter": 5, "conjugate_isogenous_pairs": 64, "eigenvalues": [6.595095411398229, -6.5442467089246]}}}