{"prime": 10867, "nodes": 906, "minpoly": "x^2 + 10866*x + 2", "spine": 46, "undirected": false, "ell": {"2": {"diameter": 14, "conjugate_isogenous_pairs": 48, "eigenvalues": [2.825898980306237, -2.806775592399682]}, "3": {"diameter": 9, "conjugate_isogenous_pairs": 38, "eigenvalues": [3.4308592024409994, -3.4313482906120694]}, "5": {"diameter": 6, "conjugate_isogenous_pairs": 89, "eigenvalues": [4.459767093311619, -4.4453312939244585]}, "7": {"diameter": 5, "conjugate_isogenous_pairs": 28, "eigenvalues": [5.227390558757903, -5.2021952004904835]}, "11": {"diameter": 4, "conjugate_isogenous_pairs": 61, "eigenvalues": [6.580207927764761, -6.585582888926934]}}}