{"prime": 6247, "nodes": 521, "minpoly": "x^2 + 6246*x + 5", "spine": 43, "undirected": false, "ell": {"2": {"diameter": 13, "conjugate_isogenous_pairs": 38, "eigenvalues": [2.8224117205062327, -2.8225530224196045]}, "3": {"diameter": 8, "conjugate_isogenous_pairs": 23, "eigenvalues": [3.4503190453879915, -3.443016384936787]}, "5": {"diameter": 6, "conjugate_isogenous_pairs": 48, "eigenvalues": [4.450899301811691, -4.389184608807019]}, "7": {"diameter": 5, "conjugate_isogenous_pairs": 28, "eigenvalues": [5.217442250365496, -5.191872464849081]}, "11": {"diameter": 4, "conjugate_isogenous_pairs": 63, "eigenvalues": [6.567462103245328, -6.5106913688660155]}}}