{"prime": 1361, "nodes": 114, "minpoly": "x^2 + 1355*x + 3", "spine": 30, "undirected": false, "ell": {"2": {"diameter": 10, "conjugate_isogenous_pairs": 4, "eigenvalues": [2.7996561149718313, -2.8043183889160894]}, "3": {"diameter": 8, "conjugate_isogenous_pairs": 8, "eigenvalues": [3.397473694473674, -3.310080163537538]}, "5": {"diameter": 5, "conjugate_isogenous_pairs": 6, "eigenvalues": [4.277397561626205, -4.173538250054243]}, "7": {"diameter": 4, "conjugate_isogenous_pairs": 20, "eigenvalues": [5.215923623554004, -5.152296533659817]}, "11": {"diameter": 4, "conjugate_isogenous_pairs": 21, "eigenvalues": [6.6215983727986405, -6.368997599532503]}}}