{"prime": 17137, "nodes": 1428, "minpoly": "x^2 + 17136*x + 5", "spine": 28, "undirected": true, "ell": {"2": {"diameter": 13, "conjugate_isogenous_pairs": 45, "eigenvalues": [2.8280008373479437, -2.8196069767119027]}, "3": {"diameter": 9, "conjugate_isogenous_pairs": 77, "eigenvalues": [3.4515778843380893, -3.432123936173177]}, "5": {"diameter": 7, "conjugate_isogenous_pairs": 80, "eigenvalues": [4.405486206347807, -4.467814060067025]}, "7": {"diameter": 6, "conjugate_isogenous_pairs": 68, "eigenvalues": [5.278375142201102, -5.274263937632544]}, "11": {"diameter": 5, "conjugate_isogenous_pairs": 82, "eigenvalues": [6.597347580322069, -6.582634915739777]}}}