{"prime": 27767, "nodes": 2315, "minpoly": "x^2 + 27766*x + 5", "spine": 151, "undirected": false, "ell": {"2": {"diameter": 15, "conjugate_isogenous_pairs": 37, "eigenvalues": [2.822356921967501, -2.826973283141171]}, "3": {"diameter": 10, "conjugate_isogenous_pairs": 50, "eigenvalues": [3.459651176722235, -3.451148648758212]}, "5": {"diameter": 7, "conjugate_isogenous_pairs": 51, "eigenvalues": [4.467259966846546, -4.444203880532874]}, "7": {"diameter": 6, "conjugate_isogenous_pairs": 141, "eigenvalues": [5.2643656529757, -5.268263258578199]}, "11": {"diameter": 5, "conjugate_isogenous_pairs": 68, "eigenvalues": [6.628207687411276, -6.523866676599662]}}}