{"prime": 5563, "nodes": 464, "minpoly": "x^2 + 5562*x + 2", "spine": 30, "undirected": false, "ell": {"2": {"diameter": 12, "conjugate_isogenous_pairs": 29, "eigenvalues": [2.821461092504921, -2.8158838865216445]}, "3": {"diameter": 8, "conjugate_isogenous_pairs": 24, "eigenvalues": [3.4409874894074144, -3.3827341258576564]}, "5": {"diameter": 6, "conjugate_isogenous_pairs": 63, "eigenvalues": [4.388011746776545, -4.384875715802976]}, "7": {"diameter": 5, "conjugate_isogenous_pairs": 20, "eigenvalues": [5.254870487236645, -5.272240574967123]}, "11": {"diameter": 4, "conjugate_isogenous_pairs": 49, "eigenvalues": [6.4471148655969355, -6.442854123956956]}}}