{"prime": 21611, "nodes": 1802, "minpoly": "x^2 + 21607*x + 2", "spine": 126, "undirected": false, "ell": {"2": {"diameter": 15, "conjugate_isogenous_pairs": 19, "eigenvalues": [2.8195420178171586, -2.8268982505408995]}, "3": {"diameter": 10, "conjugate_isogenous_pairs": 37, "eigenvalues": [3.45724157279503, -3.4408716489043565]}, "5": {"diameter": 7, "conjugate_isogenous_pairs": 95, "eigenvalues": [4.433295201530374, -4.412115692021457]}, "7": {"diameter": 6, "conjugate_isogenous_pairs": 79, "eigenvalues": [5.231711356748729, -5.267687719487948]}, "11": {"diameter": 5, "conjugate_isogenous_pairs": 61, "eigenvalues": [6.53654362259509, -6.610713619298004]}}}