{"prime": 10321, "nodes": 860, "minpoly": "x^2 + 10314*x + 7", "spine": 34, "undirected": true, "ell": {"2": {"diameter": 14, "conjugate_isogenous_pairs": 40, "eigenvalues": [2.820028563819765, -2.8084192670049775]}, "3": {"diameter": 8, "conjugate_isogenous_pairs": 32, "eigenvalues": [3.454506189137466, -3.439562248889266]}, "5": {"diameter": 6, "conjugate_isogenous_pairs": 42, "eigenvalues": [4.4464068906737895, -4.405792087337978]}, "7": {"diameter": 5, "conjugate_isogenous_pairs": 44, "eigenvalues": [5.2621502507267035, -5.153171859446471]}, "11": {"diameter": 4, "conjugate_isogenous_pairs": 92, "eigenvalues": [6.548337431176382, -6.508762046012135]}}}