{"prime": 22619, "nodes": 1886, "minpoly": "x^2 + 22612*x + 2", "spine": 106, "undirected": false, "ell": {"2": {"diameter": 16, "conjugate_isogenous_pairs": 18, "eigenvalues": [2.8255184515548937, -2.8221057298972667]}, "3": {"diameter": 10, "conjugate_isogenous_pairs": 44, "eigenvalues": [3.449289550333222, -3.448932725556531]}, "5": {"diameter": 7, "conjugate_isogenous_pairs": 64, "eigenvalues": [4.462112317536389, -4.460194127913839]}, "7": {"diameter": 6, "conjugate_isogenous_pairs": 75, "eigenvalues": [5.211310655195587, -5.2707102712911365]}, "11": {"diameter": 5, "conjugate_isogenous_pairs": 53, "eigenvalues": [6.55950513451553, -6.605099909262594]}}}