{"prime": 1637, "nodes": 137, "minpoly": "x^2 + 1633*x + 2", "spine": 19, "undirected": false, "ell": {"2": {"diameter": 10, "conjugate_isogenous_pairs": 6, "eigenvalues": [2.771092829133181, -2.8144134298062102]}, "3": {"diameter": 7, "conjugate_isogenous_pairs": 21, "eigenvalues": [3.377329919878713, -3.394889126592715]}, "5": {"diameter": 5, "conjugate_isogenous_pairs": 7, "eigenvalues": [4.355413670649791, -4.42567394384718]}, "7": {"diameter": 4, "conjugate_isogenous_pairs": 39, "eigenvalues": [5.145835149950065, -5.195143627761152]}, "11": {"diameter": 4, "conjugate_isogenous_pairs": 28, "eigenvalues": [6.128012207692398, -6.515601063806676]}}}