{"prime": 9109, "nodes": 759, "minpoly": "x^2 + 9106*x + 10", "spine": 27, "undirected": true, "ell": {"2": {"diameter": 12, "conjugate_isogenous_pairs": 21, "eigenvalues": [2.8215371144024184, -2.8138867817994737]}, "3": {"diameter": 8, "conjugate_isogenous_pairs": 54, "eigenvalues": [3.4416673224687924, -3.4150221829585528]}, "5": {"diameter": 6, "conjugate_isogenous_pairs": 55, "eigenvalues": [4.385335976627672, -4.448428849036857]}, "7": {"diameter": 5, "conjugate_isogenous_pairs": 42, "eigenvalues": [5.256866959172924, -5.212444180669078]}, "11": {"diameter": 4, "conjugate_isogenous_pairs": 151, "eigenvalues": [6.605265869584602, -6.547892789479558]}}}