{"prime": 4547, "nodes": 380, "minpoly": "x^2 + 4541*x + 2", "spine": 34, "undirected": false, "ell": {"2": {"diameter": 12, "conjugate_isogenous_pairs": 13, "eigenvalues": [2.8106046990726505, -2.810021062933448]}, "3": {"diameter": 8, "conjugate_isogenous_pairs": 21, "eigenvalues": [3.3740504586698297, -3.411647315089071]}, "5": {"diameter": 6, "conjugate_isogenous_pairs": 30, "eigenvalues": [4.35375202285304, -4.353876024724996]}, "7": {"diameter": 5, "conjugate_isogenous_pairs": 50, "eigenvalues": [5.266136104713992, -5.238289962955748]}, "11": {"diameter": 4, "conjugate_isogenous_pairs": 16, "eigenvalues": [6.55278505179825, -6.451588904791637]}}}