{"prime": 27103, "nodes": 2259, "minpoly": "x^2 + 27102*x + 3", "spine": 59, "undirected": false, "ell": {"2": {"diameter": 15, "conjugate_isogenous_pairs": 83, "eigenvalues": [2.820470714097498, -2.825055625846071]}, "3": {"diameter": 9, "conjugate_isogenous_pairs": 61, "eigenvalues": [3.4616537973777057, -3.4384354268864747]}, "5": {"diameter": 7, "conjugate_isogenous_pairs": 132, "eigenvalues": [4.452709040295168, -4.463342294471278]}, "7": {"diameter": 6, "conjugate_isogenous_pairs": 54, "eigenvalues": [5.286998406699229, -5.240451695971215]}, "11": {"diameter": 5, "conjugate_isogenous_pairs": 136, "eigenvalues": [6.602339003073562, -6.572785322897486]}}}