{"prime": 19441, "nodes": 1620, "minpoly": "x^2 + 19440*x + 13", "spine": 28, "undirected": true, "ell": {"2": {"diameter": 14, "conjugate_isogenous_pairs": 36, "eigenvalues": [2.826494221712682, -2.8243094498471613]}, "3": {"diameter": 9, "conjugate_isogenous_pairs": 48, "eigenvalues": [3.447388481198883, -3.4469172714569414]}, "5": {"diameter": 7, "conjugate_isogenous_pairs": 70, "eigenvalues": [4.46763900161799, -4.437771495026919]}, "7": {"diameter": 5, "conjugate_isogenous_pairs": 88, "eigenvalues": [5.248139209256276, -5.255479170597257]}, "11": {"diameter": 5, "conjugate_isogenous_pairs": 198, "eigenvalues": [6.626607710195039, -6.567642608651835]}}}