{"prime": 14957, "nodes": 1247, "minpoly": "x^2 + 14956*x + 2", "spine": 65, "undirected": false, "ell": {"2": {"diameter": 14, "conjugate_isogenous_pairs": 30, "eigenvalues": [2.811617589962842, -2.8237858334671264]}, "3": {"diameter": 10, "conjugate_isogenous_pairs": 84, "eigenvalues": [3.4393841682681763, -3.450828043976118]}, "5": {"diameter": 7, "conjugate_isogenous_pairs": 35, "eigenvalues": [4.43740731194032, -4.449800791253388]}, "7": {"diameter": 6, "conjugate_isogenous_pairs": 130, "eigenvalues": [5.2179988992535815, -5.203289176093152]}, "11": {"diameter": 5, "conjugate_isogenous_pairs": 75, "eigenvalues": [6.53486799800732, -6.573355492254957]}}}