{"prime": 14207, "nodes": 1185, "minpoly": "x^2 + 14206*x + 5", "spine": 81, "undirected": false, "ell": {"2": {"diameter": 14, "conjugate_isogenous_pairs": 21, "eigenvalues": [2.8243308210050335, -2.8161348172168776]}, "3": {"diameter": 10, "conjugate_isogenous_pairs": 48, "eigenvalues": [3.4299336216277365, -3.46187595863099]}, "5": {"diameter": 7, "conjugate_isogenous_pairs": 61, "eigenvalues": [4.467840429042025, -4.4376911615998225]}, "7": {"diameter": 6, "conjugate_isogenous_pairs": 99, "eigenvalues": [5.213466144293483, -5.263483231146741]}, "11": {"diameter": 5, "conjugate_isogenous_pairs": 38, "eigenvalues": [6.610165075246731, -6.617233036693567]}}}