{"prime": 16981, "nodes": 1415, "minpoly": "x^2 + 16980*x + 2", "spine": 63, "undirected": true, "ell": {"2": {"diameter": 14, "conjugate_isogenous_pairs": 38, "eigenvalues": [2.824194581583816, -2.822777742574394]}, "3": {"diameter": 9, "conjugate_isogenous_pairs": 43, "eigenvalues": [3.4392548819851316, -3.439258203819252]}, "5": {"diameter": 6, "conjugate_isogenous_pairs": 58, "eigenvalues": [4.456202951570665, -4.465995433601746]}, "7": {"diameter": 5, "conjugate_isogenous_pairs": 36, "eigenvalues": [5.189549176876149, -5.259660097148126]}, "11": {"diameter": 5, "conjugate_isogenous_pairs": 231, "eigenvalues": [6.535347102570552, -6.5725229116477255]}}}