{"prime": 10487, "nodes": 875, "minpoly": "x^2 + 10486*x + 5", "spine": 81, "undirected": false, "ell": {"2": {"diameter": 13, "conjugate_isogenous_pairs": 20, "eigenvalues": [2.8192748427698167, -2.8082922846300815]}, "3": {"diameter": 9, "conjugate_isogenous_pairs": 39, "eigenvalues": [3.435066930295013, -3.4604526235193442]}, "5": {"diameter": 7, "conjugate_isogenous_pairs": 31, "eigenvalues": [4.447135186308071, -4.457113374912413]}, "7": {"diameter": 6, "conjugate_isogenous_pairs": 68, "eigenvalues": [5.227757010321185, -5.1890324856364956]}, "11": {"diameter": 5, "conjugate_isogenous_pairs": 25, "eigenvalues": [6.441256853676027, -6.593458116583673]}}}