{"prime": 1193, "nodes": 100, "minpoly": "x^2 + 1187*x + 3", "spine": 18, "undirected": false, "ell": {"2": {"diameter": 10, "conjugate_isogenous_pairs": 7, "eigenvalues": [2.8026327995104623, -2.7861197725622944]}, "3": {"diameter": 7, "conjugate_isogenous_pairs": 12, "eigenvalues": [3.350544923160036, -3.438812304145731]}, "5": {"diameter": 5, "conjugate_isogenous_pairs": 8, "eigenvalues": [4.207078231386099, -4.362523192665256]}, "7": {"diameter": 4, "conjugate_isogenous_pairs": 37, "eigenvalues": [5.004278274065294, -5.213837660890385]}, "11": {"diameter": 4, "conjugate_isogenous_pairs": 10, "eigenvalues": [6.085460461707181, -6.427167838744567]}}}