{"prime": 14747, "nodes": 1230, "minpoly": "x^2 + 14740*x + 2", "spine": 86, "undirected": false, "ell": {"2": {"diameter": 14, "conjugate_isogenous_pairs": 26, "eigenvalues": [2.821762997366726, -2.819113197307331]}, "3": {"diameter": 10, "conjugate_isogenous_pairs": 33, "eigenvalues": [3.4540886067925887, -3.4561653241050414]}, "5": {"diameter": 7, "conjugate_isogenous_pairs": 62, "eigenvalues": [4.440524527348421, -4.407774320041416]}, "7": {"diameter": 6, "conjugate_isogenous_pairs": 94, "eigenvalues": [5.242804977616624, -5.26271595403866]}, "11": {"diameter": 5, "conjugate_isogenous_pairs": 54, "eigenvalues": [6.485521271449898, -6.540401855595845]}}}