{"prime": 9539, "nodes": 796, "minpoly": "x^2 + 9538*x + 2", "spine": 110, "undirected": false, "ell": {"2": {"diameter": 14, "conjugate_isogenous_pairs": 17, "eigenvalues": [2.824608643322995, -2.8244679603763703]}, "3": {"diameter": 9, "conjugate_isogenous_pairs": 23, "eigenvalues": [3.4312022514880725, -3.429492975007678]}, "5": {"diameter": 7, "conjugate_isogenous_pairs": 31, "eigenvalues": [4.44767291085405, -4.400580340216987]}, "7": {"diameter": 6, "conjugate_isogenous_pairs": 39, "eigenvalues": [5.229848471540138, -5.281866945959222]}, "11": {"diameter": 5, "conjugate_isogenous_pairs": 43, "eigenvalues": [6.585220402721808, -6.615816463784962]}}}