{"prime": 3739, "nodes": 312, "minpoly": "x^2 + 3736*x + 7", "spine": 22, "undirected": false, "ell": {"2": {"diameter": 11, "conjugate_isogenous_pairs": 17, "eigenvalues": [2.815992260420751, -2.808331445036163]}, "3": {"diameter": 7, "conjugate_isogenous_pairs": 14, "eigenvalues": [3.4188816517555396, -3.3875731526134314]}, "5": {"diameter": 6, "conjugate_isogenous_pairs": 74, "eigenvalues": [4.398722217429432, -4.416808603845447]}, "7": {"diameter": 5, "conjugate_isogenous_pairs": 13, "eigenvalues": [5.236318886613084, -5.280756365546456]}, "11": {"diameter": 4, "conjugate_isogenous_pairs": 50, "eigenvalues": [6.327209773603859, -6.245225478567009]}}}