{"prime": 4561, "nodes": 380, "minpoly": "x^2 + 4560*x + 11", "spine": 18, "undirected": true, "ell": {"2": {"diameter": 11, "conjugate_isogenous_pairs": 17, "eigenvalues": [2.812979150999824, -2.817109109148028]}, "3": {"diameter": 8, "conjugate_isogenous_pairs": 31, "eigenvalues": [3.4531345590921028, -3.3750362631738002]}, "5": {"diameter": 5, "conjugate_isogenous_pairs": 44, "eigenvalues": [4.358991129316733, -4.3898486720472265]}, "7": {"diameter": 5, "conjugate_isogenous_pairs": 25, "eigenvalues": [5.0919805953031485, -5.248328918229525]}, "11": {"diameter": 4, "conjugate_isogenous_pairs": 76, "eigenvalues": [6.407708998999066, -6.504324880501221]}}}