{"prime": 17581, "nodes": 1465, "minpoly": "x^2 + 17580*x + 10", "spine": 27, "undirected": true, "ell": {"2": {"diameter": 14, "conjugate_isogenous_pairs": 36, "eigenvalues": [2.818152966268623, -2.8113912776585064]}, "3": {"diameter": 9, "conjugate_isogenous_pairs": 58, "eigenvalues": [3.456651772057227, -3.459628731764956]}, "5": {"diameter": 6, "conjugate_isogenous_pairs": 89, "eigenvalues": [4.45036767778574, -4.459587634458847]}, "7": {"diameter": 5, "conjugate_isogenous_pairs": 50, "eigenvalues": [5.257208532890488, -5.214006892605216]}, "11": {"diameter": 5, "conjugate_isogenous_pairs": 221, "eigenvalues": [6.491839997266803, -6.567814537422821]}}}