{"prime": 22937, "nodes": 1912, "minpoly": "x^2 + 22936*x + 3", "spine": 64, "undirected": false, "ell": {"2": {"diameter": 14, "conjugate_isogenous_pairs": 40, "eigenvalues": [2.8105510478818836, -2.826394500831965]}, "3": {"diameter": 10, "conjugate_isogenous_pairs": 51, "eigenvalues": [3.4559920405316187, -3.445470046957012]}, "5": {"diameter": 7, "conjugate_isogenous_pairs": 36, "eigenvalues": [4.466977104805562, -4.442758752877616]}, "7": {"diameter": 6, "conjugate_isogenous_pairs": 183, "eigenvalues": [5.226889867325394, -5.268744454060182]}, "11": {"diameter": 5, "conjugate_isogenous_pairs": 82, "eigenvalues": [6.627863872936407, -6.613102836841288]}}}