{"prime": 25247, "nodes": 2105, "minpoly": "x^2 + 25246*x + 5", "spine": 177, "undirected": false, "ell": {"2": {"diameter": 15, "conjugate_isogenous_pairs": 38, "eigenvalues": [2.8196847745047173, -2.81985625608964]}, "3": {"diameter": 10, "conjugate_isogenous_pairs": 49, "eigenvalues": [3.443521164514484, -3.435691236289824]}, "5": {"diameter": 7, "conjugate_isogenous_pairs": 54, "eigenvalues": [4.470318610801773, -4.458648800080924]}, "7": {"diameter": 6, "conjugate_isogenous_pairs": 104, "eigenvalues": [5.234190209747107, -5.2515176554208]}, "11": {"diameter": 5, "conjugate_isogenous_pairs": 53, "eigenvalues": [6.573847606008095, -6.582818810790626]}}}