{"prime": 25253, "nodes": 2105, "minpoly": "x^2 + 25249*x + 2", "spine": 59, "undirected": false, "ell": {"2": {"diameter": 14, "conjugate_isogenous_pairs": 25, "eigenvalues": [2.826625724375896, -2.8206543909803745]}, "3": {"diameter": 10, "conjugate_isogenous_pairs": 113, "eigenvalues": [3.457866777135294, -3.436042522114331]}, "5": {"diameter": 7, "conjugate_isogenous_pairs": 53, "eigenvalues": [4.469029465355152, -4.447905454738207]}, "7": {"diameter": 6, "conjugate_isogenous_pairs": 143, "eigenvalues": [5.261037126246983, -5.247694553145838]}, "11": {"diameter": 5, "conjugate_isogenous_pairs": 90, "eigenvalues": [6.610338046754896, -6.549185474365368]}}}