{"prime": 6569, "nodes": 548, "minpoly": "x^2 + 6568*x + 3", "spine": 66, "undirected": false, "ell": {"2": {"diameter": 13, "conjugate_isogenous_pairs": 11, "eigenvalues": [2.810406762887125, -2.8181081315204968]}, "3": {"diameter": 9, "conjugate_isogenous_pairs": 24, "eigenvalues": [3.459023333953674, -3.3981545571440304]}, "5": {"diameter": 6, "conjugate_isogenous_pairs": 18, "eigenvalues": [4.425931502235018, -4.465709649068544]}, "7": {"diameter": 5, "conjugate_isogenous_pairs": 50, "eigenvalues": [5.249080174246946, -5.207332635122404]}, "11": {"diameter": 4, "conjugate_isogenous_pairs": 55, "eigenvalues": [6.60727335899807, -6.6005884943933175]}}}