{"prime": 27691, "nodes": 2308, "minpoly": "x^2 + 27684*x + 3", "spine": 94, "undirected": false, "ell": {"2": {"diameter": 16, "conjugate_isogenous_pairs": 54, "eigenvalues": [2.8270131528369333, -2.8210122733985243]}, "3": {"diameter": 10, "conjugate_isogenous_pairs": 27, "eigenvalues": [3.436067973354589, -3.4535149281736985]}, "5": {"diameter": 7, "conjugate_isogenous_pairs": 117, "eigenvalues": [4.444775271295645, -4.444108587220669]}, "7": {"diameter": 6, "conjugate_isogenous_pairs": 39, "eigenvalues": [5.254366520062605, -5.279704993829961]}, "11": {"diameter": 5, "conjugate_isogenous_pairs": 155, "eigenvalues": [6.598111440400114, -6.576873127288542]}}}