{"prime": 7883, "nodes": 658, "minpoly": "x^2 + 7879*x + 2", "spine": 34, "undirected": false, "ell": {"2": {"diameter": 13, "conjugate_isogenous_pairs": 14, "eigenvalues": [2.8017586563254775, -2.818210395398395]}, "3": {"diameter": 9, "conjugate_isogenous_pairs": 42, "eigenvalues": [3.4401432849914415, -3.3978537690544792]}, "5": {"diameter": 6, "conjugate_isogenous_pairs": 62, "eigenvalues": [4.451143614563751, -4.428562866257573]}, "7": {"diameter": 6, "conjugate_isogenous_pairs": 57, "eigenvalues": [5.269058571245144, -5.252532095139501]}, "11": {"diameter": 4, "conjugate_isogenous_pairs": 25, "eigenvalues": [6.601518871627334, -6.568481155341872]}}}