{"prime": 21187, "nodes": 1766, "minpoly": "x^2 + 21186*x + 2", "spine": 38, "undirected": false, "ell": {"2": {"diameter": 14, "conjugate_isogenous_pairs": 62, "eigenvalues": [2.817684435657192, -2.824504727370783]}, "3": {"diameter": 9, "conjugate_isogenous_pairs": 39, "eigenvalues": [3.45590654337392, -3.4391856213176104]}, "5": {"diameter": 7, "conjugate_isogenous_pairs": 138, "eigenvalues": [4.394157421875377, -4.452845509147617]}, "7": {"diameter": 6, "conjugate_isogenous_pairs": 62, "eigenvalues": [5.245877687668424, -5.263636458435655]}, "11": {"diameter": 5, "conjugate_isogenous_pairs": 123, "eigenvalues": [6.6035864500403285, -6.56839438245546]}}}