{"prime": 4211, "nodes": 352, "minpoly": "x^2 + 4208*x + 6", "spine": 46, "undirected": false, "ell": {"2": {"diameter": 12, "conjugate_isogenous_pairs": 6, "eigenvalues": [2.797169467042791, -2.811619645964337]}, "3": {"diameter": 8, "conjugate_isogenous_pairs": 14, "eigenvalues": [3.396840517307402, -3.447908264569338]}, "5": {"diameter": 6, "conjugate_isogenous_pairs": 37, "eigenvalues": [4.347271081051029, -4.27297672056652]}, "7": {"diameter": 5, "conjugate_isogenous_pairs": 38, "eigenvalues": [5.23749877001854, -5.1904932582327765]}, "11": {"diameter": 4, "conjugate_isogenous_pairs": 31, "eigenvalues": [6.343265220314359, -6.473825521990516]}}}