{"prime": 25903, "nodes": 2159, "minpoly": "x^2 + 25901*x + 5", "spine": 63, "undirected": false, "ell": {"2": {"diameter": 15, "conjugate_isogenous_pairs": 91, "eigenvalues": [2.8226987658401756, -2.8275663541274323]}, "3": {"diameter": 10, "conjugate_isogenous_pairs": 50, "eigenvalues": [3.454582373085975, -3.455984781724101]}, "5": {"diameter": 7, "conjugate_isogenous_pairs": 110, "eigenvalues": [4.4578023031727305, -4.433008001720501]}, "7": {"diameter": 6, "conjugate_isogenous_pairs": 60, "eigenvalues": [5.265911733975077, -5.281067310170953]}, "11": {"diameter": 5, "conjugate_isogenous_pairs": 109, "eigenvalues": [6.5756585041369515, -6.588747089374958]}}}