{"prime": 12149, "nodes": 1013, "minpoly": "x^2 + 12144*x + 2", "spine": 41, "undirected": false, "ell": {"2": {"diameter": 13, "conjugate_isogenous_pairs": 16, "eigenvalues": [2.8111485719896265, -2.813474216435628]}, "3": {"diameter": 9, "conjugate_isogenous_pairs": 58, "eigenvalues": [3.4435437666549435, -3.4420482458805464]}, "5": {"diameter": 6, "conjugate_isogenous_pairs": 34, "eigenvalues": [4.437382487289762, -4.437050034343762]}, "7": {"diameter": 6, "conjugate_isogenous_pairs": 94, "eigenvalues": [5.273289848980033, -5.217543739951698]}, "11": {"diameter": 5, "conjugate_isogenous_pairs": 108, "eigenvalues": [6.530823348222844, -6.592800761704956]}}}