{"prime": 20023, "nodes": 1669, "minpoly": "x^2 + 20021*x + 3", "spine": 53, "undirected": false, "ell": {"2": {"diameter": 14, "conjugate_isogenous_pairs": 56, "eigenvalues": [2.821811963197947, -2.8198312578799287]}, "3": {"diameter": 9, "conjugate_isogenous_pairs": 40, "eigenvalues": [3.4482824609747804, -3.449298170300011]}, "5": {"diameter": 7, "conjugate_isogenous_pairs": 74, "eigenvalues": [4.441980138549198, -4.436600217728417]}, "7": {"diameter": 6, "conjugate_isogenous_pairs": 55, "eigenvalues": [5.253114102364215, -5.25611705535351]}, "11": {"diameter": 5, "conjugate_isogenous_pairs": 101, "eigenvalues": [6.572668907995897, -6.606500706692837]}}}