{"prime": 15121, "nodes": 1260, "minpoly": "x^2 + 15120*x + 11", "spine": 36, "undirected": true, "ell": {"2": {"diameter": 13, "conjugate_isogenous_pairs": 36, "eigenvalues": [2.8182613103104592, -2.8136739893835294]}, "3": {"diameter": 9, "conjugate_isogenous_pairs": 43, "eigenvalues": [3.445522008889477, -3.452549929860494]}, "5": {"diameter": 6, "conjugate_isogenous_pairs": 71, "eigenvalues": [4.462592886138186, -4.4394425828524255]}, "7": {"diameter": 5, "conjugate_isogenous_pairs": 51, "eigenvalues": [5.2704692310074, -5.275467367064523]}, "11": {"diameter": 4, "conjugate_isogenous_pairs": 145, "eigenvalues": [6.607480264006846, -6.493008534169176]}}}