{"prime": 11173, "nodes": 931, "minpoly": "x^2 + 11170*x + 5", "spine": 19, "undirected": true, "ell": {"2": {"diameter": 13, "conjugate_isogenous_pairs": 46, "eigenvalues": [2.812514305449264, -2.8227770727116996]}, "3": {"diameter": 9, "conjugate_isogenous_pairs": 79, "eigenvalues": [3.447692364911813, -3.4494708763257522]}, "5": {"diameter": 6, "conjugate_isogenous_pairs": 68, "eigenvalues": [4.414980199807078, -4.4520865190969205]}, "7": {"diameter": 5, "conjugate_isogenous_pairs": 45, "eigenvalues": [5.204901759814098, -5.261568491311109]}, "11": {"diameter": 4, "conjugate_isogenous_pairs": 119, "eigenvalues": [6.548848581913304, -6.602691922728315]}}}