{"prime": 11437, "nodes": 953, "minpoly": "x^2 + 11436*x + 2", "spine": 35, "undirected": true, "ell": {"2": {"diameter": 13, "conjugate_isogenous_pairs": 42, "eigenvalues": [2.822863987463545, -2.8143063794911805]}, "3": {"diameter": 9, "conjugate_isogenous_pairs": 62, "eigenvalues": [3.4570362065435183, -3.4237353742963017]}, "5": {"diameter": 6, "conjugate_isogenous_pairs": 50, "eigenvalues": [4.457315114262896, -4.435992710203645]}, "7": {"diameter": 5, "conjugate_isogenous_pairs": 42, "eigenvalues": [5.259514752111815, -5.259890448545042]}, "11": {"diameter": 4, "conjugate_isogenous_pairs": 154, "eigenvalues": [6.560983450957931, -6.526379283538656]}}}