{"prime": 191, "nodes": 17, "minpoly": "x^2 + 190*x + 19", "spine": 13, "undirected": false, "ell": {"2": {"diameter": 6, "conjugate_isogenous_pairs": 1, "eigenvalues": [2.7089422869348048, -2.6815645359062]}, "3": {"diameter": 5, "conjugate_isogenous_pairs": 2, "eigenvalues": [3.228798552115359, -3.1998335926664407]}, "5": {"diameter": 3, "conjugate_isogenous_pairs": 1, "eigenvalues": [3.3870177149427043, -3.9603951581852606]}, "7": {"diameter": 3, "conjugate_isogenous_pairs": 1, "eigenvalues": [4.698860323561379, -5.1383811493454115]}, "11": {"diameter": 3, "conjugate_isogenous_pairs": 1, "eigenvalues": [6.211156630387171, -5.910736677714042]}}}