{"prime": 5813, "nodes": 485, "minpoly": "x^2 + 5812*x + 2", "spine": 39, "undirected": false, "ell": {"2": {"diameter": 13, "conjugate_isogenous_pairs": 20, "eigenvalues": [2.807765112174561, -2.8157563669029044]}, "3": {"diameter": 8, "conjugate_isogenous_pairs": 31, "eigenvalues": [3.437217355890731, -3.4443897092844318]}, "5": {"diameter": 6, "conjugate_isogenous_pairs": 15, "eigenvalues": [4.441386032932464, -4.422087929059223]}, "7": {"diameter": 5, "conjugate_isogenous_pairs": 78, "eigenvalues": [5.10722855760518, -5.125129730112745]}, "11": {"diameter": 5, "conjugate_isogenous_pairs": 48, "eigenvalues": [6.518252884545376, -6.537277170010882]}}}