{"prime": 3989, "nodes": 333, "minpoly": "x^2 + 3988*x + 2", "spine": 49, "undirected": false, "ell": {"2": {"diameter": 12, "conjugate_isogenous_pairs": 9, "eigenvalues": [2.809712794328228, -2.817171233991609]}, "3": {"diameter": 8, "conjugate_isogenous_pairs": 23, "eigenvalues": [3.415663351837398, -3.453007846082561]}, "5": {"diameter": 6, "conjugate_isogenous_pairs": 16, "eigenvalues": [4.3388902265269795, -4.383339274543275]}, "7": {"diameter": 5, "conjugate_isogenous_pairs": 46, "eigenvalues": [5.149676910027971, -5.209911847575693]}, "11": {"diameter": 4, "conjugate_isogenous_pairs": 66, "eigenvalues": [6.301453882695305, -6.4218326631730065]}}}