{"prime": 21739, "nodes": 1812, "minpoly": "x^2 + 21735*x + 2", "spine": 50, "undirected": false, "ell": {"2": {"diameter": 15, "conjugate_isogenous_pairs": 38, "eigenvalues": [2.8143533037986477, -2.820963309822235]}, "3": {"diameter": 9, "conjugate_isogenous_pairs": 33, "eigenvalues": [3.453921936749804, -3.4567630836213987]}, "5": {"diameter": 7, "conjugate_isogenous_pairs": 153, "eigenvalues": [4.463773786767737, -4.469925342665219]}, "7": {"diameter": 6, "conjugate_isogenous_pairs": 39, "eigenvalues": [5.264275678209261, -5.287361530296767]}, "11": {"diameter": 5, "conjugate_isogenous_pairs": 128, "eigenvalues": [6.567667883547935, -6.626177414860122]}}}