{"prime": 25931, "nodes": 2162, "minpoly": "x^2 + 25930*x + 2", "spine": 158, "undirected": false, "ell": {"2": {"diameter": 15, "conjugate_isogenous_pairs": 26, "eigenvalues": [2.817845259958889, -2.815196409058822]}, "3": {"diameter": 10, "conjugate_isogenous_pairs": 32, "eigenvalues": [3.4592597686445186, -3.456073650803687]}, "5": {"diameter": 7, "conjugate_isogenous_pairs": 65, "eigenvalues": [4.45982166586029, -4.43853527179077]}, "7": {"diameter": 6, "conjugate_isogenous_pairs": 94, "eigenvalues": [5.2554607673153475, -5.276736451900134]}, "11": {"diameter": 5, "conjugate_isogenous_pairs": 86, "eigenvalues": [6.5296456457601515, -6.557666197189949]}}}