{"prime": 4027, "nodes": 336, "minpoly": "x^2 + 4020*x + 3", "spine": 18, "undirected": false, "ell": {"2": {"diameter": 12, "conjugate_isogenous_pairs": 21, "eigenvalues": [2.8011163338523044, -2.821393832883999]}, "3": {"diameter": 8, "conjugate_isogenous_pairs": 18, "eigenvalues": [3.398315656807081, -3.3897231687412974]}, "5": {"diameter": 6, "conjugate_isogenous_pairs": 63, "eigenvalues": [4.429024381073925, -4.4493760585338]}, "7": {"diameter": 5, "conjugate_isogenous_pairs": 19, "eigenvalues": [5.170823457607471, -5.216634507893667]}, "11": {"diameter": 4, "conjugate_isogenous_pairs": 36, "eigenvalues": [6.46663784709215, -6.471596138549301]}}}