{"prime": 27749, "nodes": 2313, "minpoly": "x^2 + 27744*x + 3", "spine": 85, "undirected": false, "ell": {"2": {"diameter": 16, "conjugate_isogenous_pairs": 22, "eigenvalues": [2.819701311507177, -2.817609966216046]}, "3": {"diameter": 10, "conjugate_isogenous_pairs": 107, "eigenvalues": [3.452231848068605, -3.455664823410314]}, "5": {"diameter": 7, "conjugate_isogenous_pairs": 56, "eigenvalues": [4.467334219456405, -4.457712298124803]}, "7": {"diameter": 6, "conjugate_isogenous_pairs": 119, "eigenvalues": [5.280686823282479, -5.274691486113926]}, "11": {"diameter": 5, "conjugate_isogenous_pairs": 122, "eigenvalues": [6.601182257557203, -6.601433773478428]}}}