{"prime": 22481, "nodes": 1874, "minpoly": "x^2 + 22480*x + 3", "spine": 90, "undirected": false, "ell": {"2": {"diameter": 15, "conjugate_isogenous_pairs": 17, "eigenvalues": [2.8224323257267496, -2.8191957393784186]}, "3": {"diameter": 10, "conjugate_isogenous_pairs": 72, "eigenvalues": [3.4561277578593916, -3.45825708163692]}, "5": {"diameter": 7, "conjugate_isogenous_pairs": 45, "eigenvalues": [4.425646394330994, -4.4481496024144995]}, "7": {"diameter": 6, "conjugate_isogenous_pairs": 152, "eigenvalues": [5.245989583295574, -5.261798302890087]}, "11": {"diameter": 5, "conjugate_isogenous_pairs": 71, "eigenvalues": [6.616237547519182, -6.554609498753633]}}}