{"prime": 4643, "nodes": 388, "minpoly": "x^2 + 4634*x + 5", "spine": 26, "undirected": false, "ell": {"2": {"diameter": 13, "conjugate_isogenous_pairs": 19, "eigenvalues": [2.8006028196075468, -2.8250007474054004]}, "3": {"diameter": 8, "conjugate_isogenous_pairs": 19, "eigenvalues": [3.460594930580043, -3.389586598067225]}, "5": {"diameter": 6, "conjugate_isogenous_pairs": 35, "eigenvalues": [4.393112911522169, -4.428631028383555]}, "7": {"diameter": 5, "conjugate_isogenous_pairs": 43, "eigenvalues": [5.261226161358381, -5.140908678566401]}, "11": {"diameter": 4, "conjugate_isogenous_pairs": 18, "eigenvalues": [6.51220797172717, -6.429660473982408]}}}