{"prime": 11579, "nodes": 966, "minpoly": "x^2 + 11566*x + 2", "spine": 94, "undirected": false, "ell": {"2": {"diameter": 14, "conjugate_isogenous_pairs": 11, "eigenvalues": [2.824977739967195, -2.812513177209052]}, "3": {"diameter": 9, "conjugate_isogenous_pairs": 31, "eigenvalues": [3.4621314687881974, -3.4504046537964776]}, "5": {"diameter": 7, "conjugate_isogenous_pairs": 54, "eigenvalues": [4.453080832441013, -4.457032340289343]}, "7": {"diameter": 6, "conjugate_isogenous_pairs": 41, "eigenvalues": [5.257193463401989, -5.2326471552558775]}, "11": {"diameter": 5, "conjugate_isogenous_pairs": 47, "eigenvalues": [6.610982532200346, -6.624133614204251]}}}