{"prime": 26171, "nodes": 2182, "minpoly": "x^2 + 26170*x + 2", "spine": 182, "undirected": false, "ell": {"2": {"diameter": 15, "conjugate_isogenous_pairs": 22, "eigenvalues": [2.8224231104764894, -2.8209409371577014]}, "3": {"diameter": 10, "conjugate_isogenous_pairs": 31, "eigenvalues": [3.4555810973632277, -3.4548649528766764]}, "5": {"diameter": 7, "conjugate_isogenous_pairs": 68, "eigenvalues": [4.455723440164483, -4.440916870716144]}, "7": {"diameter": 6, "conjugate_isogenous_pairs": 79, "eigenvalues": [5.27858532209072, -5.2543423453048295]}, "11": {"diameter": 5, "conjugate_isogenous_pairs": 97, "eigenvalues": [6.6266518183651435, -6.599519659179077]}}}