{"prime": 71, "nodes": 7, "minpoly": "x^2 + 69*x + 7", "spine": 7, "undirected": false, "ell": {"2": {"diameter": 3, "conjugate_isogenous_pairs": 0, "eigenvalues": [1.9122291784843977, -2.490863615361034]}, "3": {"diameter": 3, "conjugate_isogenous_pairs": 0, "eigenvalues": [2.5688496095315068, -3.2044015503294285]}, "5": {"diameter": 3, "conjugate_isogenous_pairs": 0, "eigenvalues": [3.7773256803926296, -2.8342431843139226]}, "7": {"diameter": 3, "conjugate_isogenous_pairs": 0, "eigenvalues": [4.397382487031992, -3.8244583569687975]}, "11": {"diameter": 2, "conjugate_isogenous_pairs": 0, "eigenvalues": [3.8244583569687913, -4.981727230722065]}}}