{"prime": 8513, "nodes": 710, "minpoly": "x^2 + 8502*x + 5", "spine": 30, "undirected": false, "ell": {"2": {"diameter": 13, "conjugate_isogenous_pairs": 15, "eigenvalues": [2.816559704603045, -2.816256574289396]}, "3": {"diameter": 9, "conjugate_isogenous_pairs": 46, "eigenvalues": [3.424161392876697, -3.4187300082234295]}, "5": {"diameter": 7, "conjugate_isogenous_pairs": 27, "eigenvalues": [4.454901488514375, -4.405260926706919]}, "7": {"diameter": 6, "conjugate_isogenous_pairs": 119, "eigenvalues": [5.2735352308295935, -5.255852805514748]}, "11": {"diameter": 5, "conjugate_isogenous_pairs": 38, "eigenvalues": [6.5554500430455, -6.541871072237678]}}}