{"prime": 22721, "nodes": 1894, "minpoly": "x^2 + 22720*x + 3", "spine": 132, "undirected": false, "ell": {"2": {"diameter": 15, "conjugate_isogenous_pairs": 23, "eigenvalues": [2.827399528481522, -2.82024104705903]}, "3": {"diameter": 10, "conjugate_isogenous_pairs": 52, "eigenvalues": [3.4557036609296685, -3.4539116177267335]}, "5": {"diameter": 7, "conjugate_isogenous_pairs": 29, "eigenvalues": [4.432590917334242, -4.436110867365918]}, "7": {"diameter": 6, "conjugate_isogenous_pairs": 122, "eigenvalues": [5.281256623588916, -5.24671574944972]}, "11": {"diameter": 5, "conjugate_isogenous_pairs": 79, "eigenvalues": [6.508725576184843, -6.613848446675504]}}}