{"prime": 3851, "nodes": 322, "minpoly": "x^2 + 3847*x + 2", "spine": 50, "undirected": false, "ell": {"2": {"diameter": 12, "conjugate_isogenous_pairs": 8, "eigenvalues": [2.806943173230796, -2.8259375725770015]}, "3": {"diameter": 8, "conjugate_isogenous_pairs": 16, "eigenvalues": [3.3864343140298487, -3.4582030257041874]}, "5": {"diameter": 6, "conjugate_isogenous_pairs": 25, "eigenvalues": [4.3297809312560105, -4.407540330247945]}, "7": {"diameter": 5, "conjugate_isogenous_pairs": 29, "eigenvalues": [5.272591012353784, -5.227724346726422]}, "11": {"diameter": 4, "conjugate_isogenous_pairs": 19, "eigenvalues": [6.5298723181469605, -6.504024822438928]}}}