{"prime": 14149, "nodes": 1179, "minpoly": "x^2 + 14145*x + 6", "spine": 23, "undirected": true, "ell": {"2": {"diameter": 13, "conjugate_isogenous_pairs": 29, "eigenvalues": [2.8183371982188947, -2.8229878103365595]}, "3": {"diameter": 9, "conjugate_isogenous_pairs": 44, "eigenvalues": [3.450385961148596, -3.44288050546622]}, "5": {"diameter": 6, "conjugate_isogenous_pairs": 90, "eigenvalues": [4.450572201772819, -4.439633886306609]}, "7": {"diameter": 5, "conjugate_isogenous_pairs": 49, "eigenvalues": [5.25480109887798, -5.284713812266433]}, "11": {"diameter": 5, "conjugate_isogenous_pairs": 218, "eigenvalues": [6.565949178736164, -6.570864234016411]}}}