{"prime": 26053, "nodes": 2171, "minpoly": "x^2 + 26052*x + 2", "spine": 39, "undirected": true, "ell": {"2": {"diameter": 14, "conjugate_isogenous_pairs": 101, "eigenvalues": [2.8278983309966637, -2.8237257754443643]}, "3": {"diameter": 10, "conjugate_isogenous_pairs": 103, "eigenvalues": [3.452796897960085, -3.448461845406962]}, "5": {"diameter": 7, "conjugate_isogenous_pairs": 61, "eigenvalues": [4.465831989061122, -4.435597174186106]}, "7": {"diameter": 6, "conjugate_isogenous_pairs": 76, "eigenvalues": [5.255705271387702, -5.272801157721363]}, "11": {"diameter": 5, "conjugate_isogenous_pairs": 141, "eigenvalues": [6.5979755472185815, -6.594008370998905]}}}