{"prime": 22877, "nodes": 1907, "minpoly": "x^2 + 22873*x + 2", "spine": 65, "undirected": false, "ell": {"2": {"diameter": 15, "conjugate_isogenous_pairs": 27, "eigenvalues": [2.8206650847800834, -2.8220569875998995]}, "3": {"diameter": 10, "conjugate_isogenous_pairs": 151, "eigenvalues": [3.459694966128303, -3.4499420762981754]}, "5": {"diameter": 7, "conjugate_isogenous_pairs": 49, "eigenvalues": [4.4539575486756755, -4.46272580743657]}, "7": {"diameter": 6, "conjugate_isogenous_pairs": 156, "eigenvalues": [5.282337630559331, -5.283192714314355]}, "11": {"diameter": 5, "conjugate_isogenous_pairs": 64, "eigenvalues": [6.6199248903701715, -6.617833533416596]}}}