{"prime": 23039, "nodes": 1921, "minpoly": "x^2 + 23038*x + 7", "spine": 165, "undirected": false, "ell": {"2": {"diameter": 15, "conjugate_isogenous_pairs": 19, "eigenvalues": [2.8273109415888267, -2.8206280972825333]}, "3": {"diameter": 11, "conjugate_isogenous_pairs": 34, "eigenvalues": [3.4550432853287694, -3.456312939791356]}, "5": {"diameter": 7, "conjugate_isogenous_pairs": 45, "eigenvalues": [4.465377597705535, -4.444279539899664]}, "7": {"diameter": 6, "conjugate_isogenous_pairs": 77, "eigenvalues": [5.239321659804778, -5.241085665060828]}, "11": {"diameter": 5, "conjugate_isogenous_pairs": 51, "eigenvalues": [6.5957447274557595, -6.60577789210084]}}}