{"prime": 2207, "nodes": 185, "minpoly": "x^2 + 2205*x + 5", "spine": 39, "undirected": false, "ell": {"2": {"diameter": 11, "conjugate_isogenous_pairs": 7, "eigenvalues": [2.806558775579391, -2.7842321906868284]}, "3": {"diameter": 8, "conjugate_isogenous_pairs": 20, "eigenvalues": [3.422945225602695, -3.405595508166463]}, "5": {"diameter": 6, "conjugate_isogenous_pairs": 18, "eigenvalues": [4.413583700534696, -4.367766886538223]}, "7": {"diameter": 5, "conjugate_isogenous_pairs": 28, "eigenvalues": [5.172473473962434, -5.133304316865053]}, "11": {"diameter": 4, "conjugate_isogenous_pairs": 11, "eigenvalues": [6.586576315042295, -6.548656695305373]}}}