{"prime": 13033, "nodes": 1086, "minpoly": "x^2 + 13028*x + 5", "spine": 20, "undirected": true, "ell": {"2": {"diameter": 14, "conjugate_isogenous_pairs": 67, "eigenvalues": [2.826520659932907, -2.8224904371710644]}, "3": {"diameter": 9, "conjugate_isogenous_pairs": 39, "eigenvalues": [3.419317628196082, -3.461190760809901]}, "5": {"diameter": 6, "conjugate_isogenous_pairs": 59, "eigenvalues": [4.393711949944769, -4.39819223440169]}, "7": {"diameter": 5, "conjugate_isogenous_pairs": 107, "eigenvalues": [5.235600741411101, -5.1889140383529675]}, "11": {"diameter": 5, "conjugate_isogenous_pairs": 138, "eigenvalues": [6.6076466751328145, -6.52209549524938]}}}