{"prime": 24623, "nodes": 2053, "minpoly": "x^2 + 24622*x + 5", "spine": 95, "undirected": false, "ell": {"2": {"diameter": 15, "conjugate_isogenous_pairs": 27, "eigenvalues": [2.82613275275832, -2.8211123772537503]}, "3": {"diameter": 10, "conjugate_isogenous_pairs": 51, "eigenvalues": [3.4612225098253413, -3.451649611359139]}, "5": {"diameter": 8, "conjugate_isogenous_pairs": 55, "eigenvalues": [4.454374814476816, -4.449838290183405]}, "7": {"diameter": 6, "conjugate_isogenous_pairs": 122, "eigenvalues": [5.2644539942687985, -5.156643922605803]}, "11": {"diameter": 5, "conjugate_isogenous_pairs": 52, "eigenvalues": [6.618223386888463, -6.559982993324225]}}}