{"prime": 13007, "nodes": 1085, "minpoly": "x^2 + 13005*x + 5", "spine": 59, "undirected": false, "ell": {"2": {"diameter": 14, "conjugate_isogenous_pairs": 29, "eigenvalues": [2.817064447962377, -2.8232183816279304]}, "3": {"diameter": 9, "conjugate_isogenous_pairs": 41, "eigenvalues": [3.458006476024428, -3.4411572979888887]}, "5": {"diameter": 7, "conjugate_isogenous_pairs": 43, "eigenvalues": [4.465106632908167, -4.447060669429247]}, "7": {"diameter": 6, "conjugate_isogenous_pairs": 79, "eigenvalues": [5.230372925998828, -5.280430994792245]}, "11": {"diameter": 5, "conjugate_isogenous_pairs": 31, "eigenvalues": [6.522566394678304, -6.510745456691636]}}}