{"prime": 8167, "nodes": 681, "minpoly": "x^2 + 8165*x + 3", "spine": 33, "undirected": false, "ell": {"2": {"diameter": 14, "conjugate_isogenous_pairs": 44, "eigenvalues": [2.823480675917007, -2.8199660268129567]}, "3": {"diameter": 8, "conjugate_isogenous_pairs": 28, "eigenvalues": [3.4288007811747567, -3.444641668526119]}, "5": {"diameter": 6, "conjugate_isogenous_pairs": 46, "eigenvalues": [4.464154005936706, -4.437615116038698]}, "7": {"diameter": 5, "conjugate_isogenous_pairs": 29, "eigenvalues": [5.117734167124279, -5.231669024293528]}, "11": {"diameter": 4, "conjugate_isogenous_pairs": 68, "eigenvalues": [6.625089965032809, -6.591302570568885]}}}