{"prime": 18367, "nodes": 1531, "minpoly": "x^2 + 18366*x + 3", "spine": 59, "undirected": false, "ell": {"2": {"diameter": 14, "conjugate_isogenous_pairs": 61, "eigenvalues": [2.8243702996130677, -2.825528960769422]}, "3": {"diameter": 9, "conjugate_isogenous_pairs": 35, "eigenvalues": [3.438081894597216, -3.459782762247754]}, "5": {"diameter": 7, "conjugate_isogenous_pairs": 119, "eigenvalues": [4.438690575983518, -4.450425634662382]}, "7": {"diameter": 6, "conjugate_isogenous_pairs": 63, "eigenvalues": [5.228009025712137, -5.175931983941444]}, "11": {"diameter": 5, "conjugate_isogenous_pairs": 130, "eigenvalues": [6.587140154522622, -6.607813788172293]}}}