{"prime": 25183, "nodes": 2099, "minpoly": "x^2 + 25182*x + 5", "spine": 51, "undirected": false, "ell": {"2": {"diameter": 15, "conjugate_isogenous_pairs": 76, "eigenvalues": [2.825263699219151, -2.8262689965699477]}, "3": {"diameter": 10, "conjugate_isogenous_pairs": 49, "eigenvalues": [3.4463587153389224, -3.4561744936515706]}, "5": {"diameter": 7, "conjugate_isogenous_pairs": 130, "eigenvalues": [4.463756745539883, -4.445582194696938]}, "7": {"diameter": 6, "conjugate_isogenous_pairs": 76, "eigenvalues": [5.280229971449702, -5.2247956472895245]}, "11": {"diameter": 5, "conjugate_isogenous_pairs": 99, "eigenvalues": [6.59130677006644, -6.595896013738499]}}}