{"prime": 19841, "nodes": 1654, "minpoly": "x^2 + 19840*x + 3", "spine": 120, "undirected": false, "ell": {"2": {"diameter": 15, "conjugate_isogenous_pairs": 19, "eigenvalues": [2.8252478210122876, -2.8242456891724146]}, "3": {"diameter": 10, "conjugate_isogenous_pairs": 44, "eigenvalues": [3.4527603447843718, -3.434090482364289]}, "5": {"diameter": 7, "conjugate_isogenous_pairs": 29, "eigenvalues": [4.433946913629113, -4.468405345789266]}, "7": {"diameter": 6, "conjugate_isogenous_pairs": 88, "eigenvalues": [5.26918395882622, -5.2646171089363]}, "11": {"diameter": 5, "conjugate_isogenous_pairs": 90, "eigenvalues": [6.593346042729632, -6.5701789921899945]}}}