{"prime": 8969, "nodes": 748, "minpoly": "x^2 + 8957*x + 3", "spine": 42, "undirected": false, "ell": {"2": {"diameter": 14, "conjugate_isogenous_pairs": 14, "eigenvalues": [2.8258596009552126, -2.8233789711101447]}, "3": {"diameter": 9, "conjugate_isogenous_pairs": 41, "eigenvalues": [3.4445591434302485, -3.459505214508922]}, "5": {"diameter": 7, "conjugate_isogenous_pairs": 26, "eigenvalues": [4.443820709109424, -4.455612004036593]}, "7": {"diameter": 6, "conjugate_isogenous_pairs": 79, "eigenvalues": [5.239857621799747, -5.274798859128073]}, "11": {"diameter": 5, "conjugate_isogenous_pairs": 46, "eigenvalues": [6.563300347477224, -6.6141779973617485]}}}