{"prime": 43, "nodes": 4, "minpoly": "x^2 + 42*x + 3", "spine": 2, "undirected": false, "ell": {"2": {"diameter": 2, "conjugate_isogenous_pairs": 1, "eigenvalues": [1.4142135623730958, -2.0000000000000018]}, "3": {"diameter": 2, "conjugate_isogenous_pairs": 1, "eigenvalues": [1.4142135623730947, -2.0]}, "5": {"diameter": 2, "conjugate_isogenous_pairs": 1, "eigenvalues": [3.4142135623730954, -3.999999999999999]}, "7": {"diameter": 1, "conjugate_isogenous_pairs": 1, "eigenvalues": [1.8195880975430564e-16, -3.414213562373095]}, "11": {"diameter": 1, "conjugate_isogenous_pairs": 1, "eigenvalues": [3.0, -3.828427124746191]}}}