{"prime": 223, "nodes": 19, "minpoly": "x^2 + 221*x + 3", "spine": 7, "undirected": false, "ell": {"2": {"diameter": 6, "conjugate_isogenous_pairs": 5, "eigenvalues": [2.7282360860975188, -2.7640149251945805]}, "3": {"diameter": 4, "conjugate_isogenous_pairs": 2, "eigenvalues": [2.9254396362579156, -3.4044325940393043]}, "5": {"diameter": 4, "conjugate_isogenous_pairs": 6, "eigenvalues": [4.302840673743516, -3.4192011072465807]}, "7": {"diameter": 3, "conjugate_isogenous_pairs": 5, "eigenvalues": [4.810162301061487, -4.506001251509156]}, "11": {"diameter": 2, "conjugate_isogenous_pairs": 5, "eigenvalues": [6.33471801090802, -5.188759364320411]}}}