{"prime": 10861, "nodes": 905, "minpoly": "x^2 + 10857*x + 2", "spine": 29, "undirected": true, "ell": {"2": {"diameter": 13, "conjugate_isogenous_pairs": 35, "eigenvalues": [2.8165997764507043, -2.816479279526621]}, "3": {"diameter": 9, "conjugate_isogenous_pairs": 40, "eigenvalues": [3.4177720644354217, -3.4475045868574994]}, "5": {"diameter": 6, "conjugate_isogenous_pairs": 61, "eigenvalues": [4.456731819961102, -4.458427863113391]}, "7": {"diameter": 5, "conjugate_isogenous_pairs": 34, "eigenvalues": [5.288599098630745, -5.215804050343311]}, "11": {"diameter": 4, "conjugate_isogenous_pairs": 153, "eigenvalues": [6.56598689624051, -6.538949311526266]}}}