{"prime": 7213, "nodes": 601, "minpoly": "x^2 + 7212*x + 5", "spine": 21, "undirected": true, "ell": {"2": {"diameter": 14, "conjugate_isogenous_pairs": 41, "eigenvalues": [2.822676807229089, -2.8169460016484646]}, "3": {"diameter": 8, "conjugate_isogenous_pairs": 52, "eigenvalues": [3.424102002156531, -3.455904072822427]}, "5": {"diameter": 6, "conjugate_isogenous_pairs": 47, "eigenvalues": [4.425902886642584, -4.453289058608003]}, "7": {"diameter": 5, "conjugate_isogenous_pairs": 38, "eigenvalues": [5.233718878498931, -5.133824047072072]}, "11": {"diameter": 4, "conjugate_isogenous_pairs": 123, "eigenvalues": [6.613637920700271, -6.435893396689912]}}}