{"prime": 29881, "nodes": 2490, "minpoly": "x^2 + 29878*x + 7", "spine": 48, "undirected": true, "ell": {"2": {"diameter": 15, "conjugate_isogenous_pairs": 56, "eigenvalues": [2.8250758178834725, -2.82275833751752]}, "3": {"diameter": 9, "conjugate_isogenous_pairs": 36, "eigenvalues": [3.448948503340261, -3.4374461522355366]}, "5": {"diameter": 7, "conjugate_isogenous_pairs": 86, "eigenvalues": [4.466391182043755, -4.435769925521477]}, "7": {"diameter": 6, "conjugate_isogenous_pairs": 105, "eigenvalues": [5.259883081241392, -5.26232314898078]}, "11": {"diameter": 5, "conjugate_isogenous_pairs": 312, "eigenvalues": [6.624973239660536, -6.628650472624059]}}}