{"prime": 4451, "nodes": 372, "minpoly": "x^2 + 4447*x + 2", "spine": 58, "undirected": false, "ell": {"2": {"diameter": 12, "conjugate_isogenous_pairs": 10, "eigenvalues": [2.7992859560024677, -2.824500455896728]}, "3": {"diameter": 8, "conjugate_isogenous_pairs": 13, "eigenvalues": [3.4497109368234544, -3.4256067431917754]}, "5": {"diameter": 6, "conjugate_isogenous_pairs": 29, "eigenvalues": [4.421508892940719, -4.424886016234954]}, "7": {"diameter": 5, "conjugate_isogenous_pairs": 33, "eigenvalues": [5.279458108856992, -5.223191074018053]}, "11": {"diameter": 4, "conjugate_isogenous_pairs": 43, "eigenvalues": [6.44393576188777, -6.183098367697837]}}}