{"prime": 5009, "nodes": 418, "minpoly": "x^2 + 5003*x + 3", "spine": 30, "undirected": false, "ell": {"2": {"diameter": 12, "conjugate_isogenous_pairs": 9, "eigenvalues": [2.81657639910808, -2.803587537092334]}, "3": {"diameter": 8, "conjugate_isogenous_pairs": 25, "eigenvalues": [3.387118048015808, -3.4204611277545136]}, "5": {"diameter": 6, "conjugate_isogenous_pairs": 21, "eigenvalues": [4.448329975159845, -4.4334233532331915]}, "7": {"diameter": 5, "conjugate_isogenous_pairs": 69, "eigenvalues": [5.280043135035308, -5.1604764889028445]}, "11": {"diameter": 4, "conjugate_isogenous_pairs": 44, "eigenvalues": [6.492938770471843, -6.465993098117922]}}}