{"prime": 4339, "nodes": 362, "minpoly": "x^2 + 4337*x + 10", "spine": 34, "undirected": false, "ell": {"2": {"diameter": 12, "conjugate_isogenous_pairs": 24, "eigenvalues": [2.791197015204369, -2.79355511377741]}, "3": {"diameter": 8, "conjugate_isogenous_pairs": 15, "eigenvalues": [3.4394946086352443, -3.441627672538039]}, "5": {"diameter": 6, "conjugate_isogenous_pairs": 32, "eigenvalues": [4.324983148098612, -4.397634886429121]}, "7": {"diameter": 5, "conjugate_isogenous_pairs": 14, "eigenvalues": [5.169591000546597, -5.204815045974085]}, "11": {"diameter": 4, "conjugate_isogenous_pairs": 49, "eigenvalues": [6.555499045553454, -6.533314407691495]}}}