{"prime": 7517, "nodes": 627, "minpoly": "x^2 + 7516*x + 2", "spine": 47, "undirected": false, "ell": {"2": {"diameter": 13, "conjugate_isogenous_pairs": 19, "eigenvalues": [2.794190590207751, -2.814166077290223]}, "3": {"diameter": 9, "conjugate_isogenous_pairs": 51, "eigenvalues": [3.446142102505877, -3.4334759254729668]}, "5": {"diameter": 6, "conjugate_isogenous_pairs": 19, "eigenvalues": [4.379679897346886, -4.4510733902049315]}, "7": {"diameter": 5, "conjugate_isogenous_pairs": 96, "eigenvalues": [5.207213841386167, -5.272912924529973]}, "11": {"diameter": 5, "conjugate_isogenous_pairs": 46, "eigenvalues": [6.569658402627233, -6.475232193986925]}}}