{"prime": 13397, "nodes": 1117, "minpoly": "x^2 + 13387*x + 2", "spine": 63, "undirected": false, "ell": {"2": {"diameter": 13, "conjugate_isogenous_pairs": 28, "eigenvalues": [2.8162186291168325, -2.8149075103376493]}, "3": {"diameter": 10, "conjugate_isogenous_pairs": 64, "eigenvalues": [3.424921225152749, -3.4182818848632834]}, "5": {"diameter": 7, "conjugate_isogenous_pairs": 28, "eigenvalues": [4.4106201083958725, -4.411454796875037]}, "7": {"diameter": 6, "conjugate_isogenous_pairs": 100, "eigenvalues": [5.253701594723982, -5.266299737874066]}, "11": {"diameter": 5, "conjugate_isogenous_pairs": 91, "eigenvalues": [6.584901967253799, -6.577206320135506]}}}