{"prime": 21433, "nodes": 1786, "minpoly": "x^2 + 21428*x + 5", "spine": 38, "undirected": true, "ell": {"2": {"diameter": 14, "conjugate_isogenous_pairs": 88, "eigenvalues": [2.823753632637619, -2.8251107115936582]}, "3": {"diameter": 9, "conjugate_isogenous_pairs": 59, "eigenvalues": [3.4338069385777543, -3.4467560810785933]}, "5": {"diameter": 7, "conjugate_isogenous_pairs": 57, "eigenvalues": [4.454320711416294, -4.4289255238726986]}, "7": {"diameter": 6, "conjugate_isogenous_pairs": 80, "eigenvalues": [5.279436408073601, -5.261273813318312]}, "11": {"diameter": 5, "conjugate_isogenous_pairs": 129, "eigenvalues": [6.594785634624989, -6.61979772090001]}}}