{"prime": 6151, "nodes": 513, "minpoly": "x^2 + 6150*x + 3", "spine": 59, "undirected": false, "ell": {"2": {"diameter": 12, "conjugate_isogenous_pairs": 27, "eigenvalues": [2.8111047430193414, -2.815744679798197]}, "3": {"diameter": 8, "conjugate_isogenous_pairs": 13, "eigenvalues": [3.460988844333389, -3.45630104035586]}, "5": {"diameter": 6, "conjugate_isogenous_pairs": 52, "eigenvalues": [4.462733310654575, -4.423935658697741]}, "7": {"diameter": 5, "conjugate_isogenous_pairs": 20, "eigenvalues": [5.127222853253309, -5.2072922499436345]}, "11": {"diameter": 4, "conjugate_isogenous_pairs": 89, "eigenvalues": [6.558962731491289, -6.604251573215595]}}}