{"prime": 18917, "nodes": 1577, "minpoly": "x^2 + 18916*x + 2", "spine": 81, "undirected": false, "ell": {"2": {"diameter": 14, "conjugate_isogenous_pairs": 33, "eigenvalues": [2.821319914261898, -2.826617464988934]}, "3": {"diameter": 10, "conjugate_isogenous_pairs": 80, "eigenvalues": [3.4501105649136137, -3.4588346623217747]}, "5": {"diameter": 7, "conjugate_isogenous_pairs": 38, "eigenvalues": [4.432075990711327, -4.457947590048071]}, "7": {"diameter": 6, "conjugate_isogenous_pairs": 144, "eigenvalues": [5.2230400270098425, -5.244992517311253]}, "11": {"diameter": 5, "conjugate_isogenous_pairs": 93, "eigenvalues": [6.524978358322331, -6.573981313635217]}}}