{"prime": 149, "nodes": 13, "minpoly": "x^2 + 145*x + 2", "spine": 7, "undirected": false, "ell": {"2": {"diameter": 5, "conjugate_isogenous_pairs": 1, "eigenvalues": [2.371029239347197, -2.754115749959411]}, "3": {"diameter": 4, "conjugate_isogenous_pairs": 3, "eigenvalues": [3.25834747902022, -2.8019377358048367]}, "5": {"diameter": 3, "conjugate_isogenous_pairs": 2, "eigenvalues": [2.7783176641204506, -4.157094481369131]}, "7": {"diameter": 3, "conjugate_isogenous_pairs": 3, "eigenvalues": [4.5802875495865845, -5.1765055704630685]}, "11": {"diameter": 3, "conjugate_isogenous_pairs": 3, "eigenvalues": [4.572693712696805, -6.295896943239771]}}}