{"prime": 19603, "nodes": 1634, "minpoly": "x^2 + 19602*x + 2", "spine": 54, "undirected": false, "ell": {"2": {"diameter": 14, "conjugate_isogenous_pairs": 70, "eigenvalues": [2.826453584974531, -2.8239372784888714]}, "3": {"diameter": 9, "conjugate_isogenous_pairs": 39, "eigenvalues": [3.4508067850715727, -3.447926938813904]}, "5": {"diameter": 7, "conjugate_isogenous_pairs": 109, "eigenvalues": [4.460478148159405, -4.424126681302592]}, "7": {"diameter": 6, "conjugate_isogenous_pairs": 52, "eigenvalues": [5.26943233562208, -5.264918980656796]}, "11": {"diameter": 5, "conjugate_isogenous_pairs": 88, "eigenvalues": [6.567668383259712, -6.628838150234338]}}}