{"prime": 11119, "nodes": 927, "minpoly": "x^2 + 11117*x + 3", "spine": 75, "undirected": false, "ell": {"2": {"diameter": 13, "conjugate_isogenous_pairs": 44, "eigenvalues": [2.818293452750111, -2.824849167069286]}, "3": {"diameter": 9, "conjugate_isogenous_pairs": 20, "eigenvalues": [3.4571313723283, -3.450418845760935]}, "5": {"diameter": 7, "conjugate_isogenous_pairs": 44, "eigenvalues": [4.441099331620649, -4.449839397877963]}, "7": {"diameter": 5, "conjugate_isogenous_pairs": 23, "eigenvalues": [5.1601597376307, -5.25297853118695]}, "11": {"diameter": 4, "conjugate_isogenous_pairs": 89, "eigenvalues": [6.455985596937837, -6.613829402918172]}}}