{"prime": 14033, "nodes": 1170, "minpoly": "x^2 + 14032*x + 3", "spine": 54, "undirected": false, "ell": {"2": {"diameter": 14, "conjugate_isogenous_pairs": 30, "eigenvalues": [2.8177997327393864, -2.8166740890779107]}, "3": {"diameter": 10, "conjugate_isogenous_pairs": 51, "eigenvalues": [3.449933685561587, -3.4442001185851647]}, "5": {"diameter": 7, "conjugate_isogenous_pairs": 32, "eigenvalues": [4.45753703826833, -4.425133201851361]}, "7": {"diameter": 6, "conjugate_isogenous_pairs": 161, "eigenvalues": [5.269834248429876, -5.266875176500826]}, "11": {"diameter": 5, "conjugate_isogenous_pairs": 56, "eigenvalues": [6.624720484574948, -6.601532436688185]}}}