{"prime": 25639, "nodes": 2137, "minpoly": "x^2 + 25637*x + 3", "spine": 107, "undirected": false, "ell": {"2": {"diameter": 15, "conjugate_isogenous_pairs": 47, "eigenvalues": [2.824701662387532, -2.8243411903207694]}, "3": {"diameter": 10, "conjugate_isogenous_pairs": 32, "eigenvalues": [3.4497930935303693, -3.4570399710717044]}, "5": {"diameter": 7, "conjugate_isogenous_pairs": 74, "eigenvalues": [4.435080103121769, -4.451033932362963]}, "7": {"diameter": 6, "conjugate_isogenous_pairs": 37, "eigenvalues": [5.286611475196056, -5.252046599901559]}, "11": {"diameter": 5, "conjugate_isogenous_pairs": 178, "eigenvalues": [6.596048466502016, -6.606214221397193]}}}