{"prime": 15439, "nodes": 1287, "minpoly": "x^2 + 15438*x + 3", "spine": 59, "undirected": false, "ell": {"2": {"diameter": 14, "conjugate_isogenous_pairs": 29, "eigenvalues": [2.819007559766723, -2.817324626654825]}, "3": {"diameter": 9, "conjugate_isogenous_pairs": 37, "eigenvalues": [3.460252584667137, -3.4440237731508807]}, "5": {"diameter": 7, "conjugate_isogenous_pairs": 110, "eigenvalues": [4.45773711252031, -4.448963881328856]}, "7": {"diameter": 6, "conjugate_isogenous_pairs": 30, "eigenvalues": [5.223606435404597, -5.215032576470745]}, "11": {"diameter": 5, "conjugate_isogenous_pairs": 123, "eigenvalues": [6.6038874717094105, -6.5137169173582885]}}}