{"prime": 26863, "nodes": 2239, "minpoly": "x^2 + 26861*x + 5", "spine": 53, "undirected": false, "ell": {"2": {"diameter": 15, "conjugate_isogenous_pairs": 78, "eigenvalues": [2.8188451092144575, -2.8252718039249287]}, "3": {"diameter": 9, "conjugate_isogenous_pairs": 69, "eigenvalues": [3.4383335165775075, -3.4531215802849258]}, "5": {"diameter": 7, "conjugate_isogenous_pairs": 127, "eigenvalues": [4.43990013287847, -4.449275442119652]}, "7": {"diameter": 6, "conjugate_isogenous_pairs": 85, "eigenvalues": [5.205941402505218, -5.259968709025726]}, "11": {"diameter": 5, "conjugate_isogenous_pairs": 95, "eigenvalues": [6.59481750467633, -6.553417447363633]}}}