{"prime": 28723, "nodes": 2394, "minpoly": "x^2 + 28719*x + 2", "spine": 42, "undirected": false, "ell": {"2": {"diameter": 15, "conjugate_isogenous_pairs": 60, "eigenvalues": [2.823917307996931, -2.8228215918567843]}, "3": {"diameter": 10, "conjugate_isogenous_pairs": 67, "eigenvalues": [3.4558473648391597, -3.453150995727664]}, "5": {"diameter": 7, "conjugate_isogenous_pairs": 261, "eigenvalues": [4.454543567127357, -4.450872201145279]}, "7": {"diameter": 6, "conjugate_isogenous_pairs": 76, "eigenvalues": [5.278693411388819, -5.250478422756453]}, "11": {"diameter": 5, "conjugate_isogenous_pairs": 107, "eigenvalues": [6.61840914900834, -6.5945932402619345]}}}