{"prime": 7333, "nodes": 611, "minpoly": "x^2 + 7332*x + 6", "spine": 17, "undirected": true, "ell": {"2": {"diameter": 13, "conjugate_isogenous_pairs": 21, "eigenvalues": [2.8111486499918317, -2.8107553126511626]}, "3": {"diameter": 8, "conjugate_isogenous_pairs": 77, "eigenvalues": [3.418853893960431, -3.4271952859425356]}, "5": {"diameter": 6, "conjugate_isogenous_pairs": 57, "eigenvalues": [4.459851475669764, -4.425704620049278]}, "7": {"diameter": 5, "conjugate_isogenous_pairs": 46, "eigenvalues": [5.2486076710172345, -5.239839144059816]}, "11": {"diameter": 4, "conjugate_isogenous_pairs": 78, "eigenvalues": [6.499952902680317, -6.609658276718921]}}}