{"prime": 17599, "nodes": 1467, "minpoly": "x^2 + 17597*x + 6", "spine": 85, "undirected": false, "ell": {"2": {"diameter": 15, "conjugate_isogenous_pairs": 33, "eigenvalues": [2.8177105069923907, -2.8235589590897954]}, "3": {"diameter": 9, "conjugate_isogenous_pairs": 29, "eigenvalues": [3.4409936822600096, -3.4563833027427835]}, "5": {"diameter": 7, "conjugate_isogenous_pairs": 112, "eigenvalues": [4.44933671773567, -4.4092495057323715]}, "7": {"diameter": 6, "conjugate_isogenous_pairs": 26, "eigenvalues": [5.260134629775345, -5.22705188221495]}, "11": {"diameter": 5, "conjugate_isogenous_pairs": 78, "eigenvalues": [6.531142961606237, -6.6052335668716635]}}}