{"prime": 1069, "nodes": 89, "minpoly": "x^2 + 1065*x + 6", "spine": 15, "undirected": true, "ell": {"2": {"diameter": 8, "conjugate_isogenous_pairs": 9, "eigenvalues": [2.7330804637384176, -2.743596213495243]}, "3": {"diameter": 6, "conjugate_isogenous_pairs": 13, "eigenvalues": [3.377221797397918, -3.3125725416433585]}, "5": {"diameter": 4, "conjugate_isogenous_pairs": 9, "eigenvalues": [4.289981773584065, -4.308057010097866]}, "7": {"diameter": 4, "conjugate_isogenous_pairs": 9, "eigenvalues": [4.960998597271882, -4.642329317142132]}, "11": {"diameter": 3, "conjugate_isogenous_pairs": 31, "eigenvalues": [6.562472340731276, -6.236067977499777]}}}