{"prime": 1301, "nodes": 109, "minpoly": "x^2 + 1295*x + 2", "spine": 25, "undirected": false, "ell": {"2": {"diameter": 11, "conjugate_isogenous_pairs": 5, "eigenvalues": [2.8083413873516907, -2.8186436230902387]}, "3": {"diameter": 7, "conjugate_isogenous_pairs": 10, "eigenvalues": [3.3740856071195395, -3.398329652737896]}, "5": {"diameter": 5, "conjugate_isogenous_pairs": 8, "eigenvalues": [4.140864980498487, -4.4126543946122085]}, "7": {"diameter": 5, "conjugate_isogenous_pairs": 19, "eigenvalues": [5.15689298114269, -4.960517750593235]}, "11": {"diameter": 4, "conjugate_isogenous_pairs": 23, "eigenvalues": [6.117714587492778, -6.38589730098004]}}}