{"prime": 21023, "nodes": 1753, "minpoly": "x^2 + 21020*x + 5", "spine": 87, "undirected": false, "ell": {"2": {"diameter": 15, "conjugate_isogenous_pairs": 23, "eigenvalues": [2.824911214253878, -2.8173668785829658]}, "3": {"diameter": 10, "conjugate_isogenous_pairs": 68, "eigenvalues": [3.456002834541881, -3.4396248457245973]}, "5": {"diameter": 7, "conjugate_isogenous_pairs": 62, "eigenvalues": [4.441842156753396, -4.465164874189903]}, "7": {"diameter": 6, "conjugate_isogenous_pairs": 91, "eigenvalues": [5.258064860347442, -5.263142935609636]}, "11": {"diameter": 5, "conjugate_isogenous_pairs": 46, "eigenvalues": [6.630221313286945, -6.626868726363607]}}}