{"prime": 257, "nodes": 22, "minpoly": "x^2 + 251*x + 3", "spine": 8, "undirected": false, "ell": {"2": {"diameter": 8, "conjugate_isogenous_pairs": 3, "eigenvalues": [2.728169011423812, -2.7299888189257056]}, "3": {"diameter": 5, "conjugate_isogenous_pairs": 4, "eigenvalues": [3.0497343617913164, -3.2501090141057896]}, "5": {"diameter": 4, "conjugate_isogenous_pairs": 2, "eigenvalues": [3.826239183803742, -4.2581644571293635]}, "7": {"diameter": 3, "conjugate_isogenous_pairs": 7, "eigenvalues": [4.8059982193930875, -4.971591064213007]}, "11": {"diameter": 3, "conjugate_isogenous_pairs": 3, "eigenvalues": [5.7113044514293705, -6.210969272575632]}}}