{"prime": 12821, "nodes": 1069, "minpoly": "x^2 + 12817*x + 2", "spine": 67, "undirected": false, "ell": {"2": {"diameter": 13, "conjugate_isogenous_pairs": 11, "eigenvalues": [2.8231637331521346, -2.8123489358160314]}, "3": {"diameter": 9, "conjugate_isogenous_pairs": 77, "eigenvalues": [3.4093346610091353, -3.4376126019953546]}, "5": {"diameter": 6, "conjugate_isogenous_pairs": 36, "eigenvalues": [4.455016253567147, -4.435336626160697]}, "7": {"diameter": 6, "conjugate_isogenous_pairs": 58, "eigenvalues": [5.2558403712188255, -5.2543645084096156]}, "11": {"diameter": 5, "conjugate_isogenous_pairs": 95, "eigenvalues": [6.5483448892665255, -6.550371826809012]}}}