{"prime": 20771, "nodes": 1732, "minpoly": "x^2 + 20767*x + 2", "spine": 82, "undirected": false, "ell": {"2": {"diameter": 15, "conjugate_isogenous_pairs": 17, "eigenvalues": [2.822677752298492, -2.825147698020929]}, "3": {"diameter": 10, "conjugate_isogenous_pairs": 42, "eigenvalues": [3.4371835626545675, -3.456991048895876]}, "5": {"diameter": 7, "conjugate_isogenous_pairs": 86, "eigenvalues": [4.452539825887556, -4.467951933868745]}, "7": {"diameter": 6, "conjugate_isogenous_pairs": 70, "eigenvalues": [5.279748849360753, -5.255882125788349]}, "11": {"diameter": 5, "conjugate_isogenous_pairs": 60, "eigenvalues": [6.570413687716652, -6.631129862577923]}}}