{"prime": 2309, "nodes": 193, "minpoly": "x^2 + 2305*x + 2", "spine": 33, "undirected": false, "ell": {"2": {"diameter": 11, "conjugate_isogenous_pairs": 5, "eigenvalues": [2.7956753271922863, -2.8097995758719727]}, "3": {"diameter": 8, "conjugate_isogenous_pairs": 15, "eigenvalues": [3.4408887118554183, -3.420460185732631]}, "5": {"diameter": 5, "conjugate_isogenous_pairs": 14, "eigenvalues": [4.426715734689037, -4.323405799690798]}, "7": {"diameter": 5, "conjugate_isogenous_pairs": 30, "eigenvalues": [5.152139217423739, -5.0174343685595115]}, "11": {"diameter": 4, "conjugate_isogenous_pairs": 47, "eigenvalues": [6.560186038958433, -6.2892320819955145]}}}