{"prime": 10529, "nodes": 878, "minpoly": "x^2 + 10520*x + 3", "spine": 58, "undirected": false, "ell": {"2": {"diameter": 13, "conjugate_isogenous_pairs": 9, "eigenvalues": [2.811390738519713, -2.819427828180252]}, "3": {"diameter": 9, "conjugate_isogenous_pairs": 44, "eigenvalues": [3.4498375462587783, -3.4268395462936176]}, "5": {"diameter": 7, "conjugate_isogenous_pairs": 34, "eigenvalues": [4.4236300908746236, -4.402886652571317]}, "7": {"diameter": 6, "conjugate_isogenous_pairs": 86, "eigenvalues": [5.279490411721711, -5.240149792457863]}, "11": {"diameter": 5, "conjugate_isogenous_pairs": 68, "eigenvalues": [6.605697492880445, -6.554122739166951]}}}