{"prime": 3947, "nodes": 330, "minpoly": "x^2 + 3946*x + 2", "spine": 34, "undirected": false, "ell": {"2": {"diameter": 12, "conjugate_isogenous_pairs": 15, "eigenvalues": [2.821877294284214, -2.813130039041871]}, "3": {"diameter": 8, "conjugate_isogenous_pairs": 18, "eigenvalues": [3.4587781411023073, -3.440721305123163]}, "5": {"diameter": 6, "conjugate_isogenous_pairs": 21, "eigenvalues": [4.357323061703252, -4.346635317273248]}, "7": {"diameter": 5, "conjugate_isogenous_pairs": 54, "eigenvalues": [5.2518545587533, -5.2866624048181725]}, "11": {"diameter": 4, "conjugate_isogenous_pairs": 27, "eigenvalues": [6.517957691171189, -6.35412022898104]}}}