{"prime": 28549, "nodes": 2379, "minpoly": "x^2 + 28548*x + 2", "spine": 55, "undirected": true, "ell": {"2": {"diameter": 15, "conjugate_isogenous_pairs": 56, "eigenvalues": [2.827598245105502, -2.8176814431482837]}, "3": {"diameter": 10, "conjugate_isogenous_pairs": 78, "eigenvalues": [3.446600814154612, -3.4431699934863693]}, "5": {"diameter": 7, "conjugate_isogenous_pairs": 78, "eigenvalues": [4.439721789467004, -4.4538308247067295]}, "7": {"diameter": 6, "conjugate_isogenous_pairs": 64, "eigenvalues": [5.257300765857149, -5.24048321107016]}, "11": {"diameter": 5, "conjugate_isogenous_pairs": 300, "eigenvalues": [6.564386371068397, -6.605408381777768]}}}