{"prime": 5557, "nodes": 463, "minpoly": "x^2 + 5556*x + 2", "spine": 17, "undirected": true, "ell": {"2": {"diameter": 13, "conjugate_isogenous_pairs": 40, "eigenvalues": [2.8176908676014523, -2.8005532307543883]}, "3": {"diameter": 8, "conjugate_isogenous_pairs": 50, "eigenvalues": [3.4477768991818456, -3.431586645029285]}, "5": {"diameter": 6, "conjugate_isogenous_pairs": 27, "eigenvalues": [4.425260173576693, -4.441125773729327]}, "7": {"diameter": 5, "conjugate_isogenous_pairs": 31, "eigenvalues": [5.217572172426378, -5.075399388971562]}, "11": {"diameter": 4, "conjugate_isogenous_pairs": 93, "eigenvalues": [6.586233353066728, -6.47192543436027]}}}