{"prime": 15731, "nodes": 1312, "minpoly": "x^2 + 15726*x + 2", "spine": 90, "undirected": false, "ell": {"2": {"diameter": 14, "conjugate_isogenous_pairs": 13, "eigenvalues": [2.804373512816753, -2.824173590090799]}, "3": {"diameter": 10, "conjugate_isogenous_pairs": 34, "eigenvalues": [3.4487069542193347, -3.449511026586544]}, "5": {"diameter": 7, "conjugate_isogenous_pairs": 65, "eigenvalues": [4.417710745233001, -4.405837363089507]}, "7": {"diameter": 6, "conjugate_isogenous_pairs": 72, "eigenvalues": [5.254114824999402, -5.264608080697511]}, "11": {"diameter": 5, "conjugate_isogenous_pairs": 47, "eigenvalues": [6.543111212576032, -6.585724633754921]}}}