{"prime": 17497, "nodes": 1458, "minpoly": "x^2 + 17494*x + 5", "spine": 34, "undirected": true, "ell": {"2": {"diameter": 14, "conjugate_isogenous_pairs": 53, "eigenvalues": [2.8266468967713907, -2.8155021770019077]}, "3": {"diameter": 9, "conjugate_isogenous_pairs": 85, "eigenvalues": [3.4441568971278813, -3.4572006496009635]}, "5": {"diameter": 6, "conjugate_isogenous_pairs": 65, "eigenvalues": [4.4516994645863175, -4.428210525587104]}, "7": {"diameter": 5, "conjugate_isogenous_pairs": 76, "eigenvalues": [5.257291577833227, -5.276311830884641]}, "11": {"diameter": 5, "conjugate_isogenous_pairs": 76, "eigenvalues": [6.561687603826447, -6.565845612002394]}}}