{"prime": 8243, "nodes": 688, "minpoly": "x^2 + 8239*x + 2", "spine": 42, "undirected": false, "ell": {"2": {"diameter": 13, "conjugate_isogenous_pairs": 19, "eigenvalues": [2.7885878720886574, -2.801943334351262]}, "3": {"diameter": 9, "conjugate_isogenous_pairs": 29, "eigenvalues": [3.4561954560250525, -3.4459002885504764]}, "5": {"diameter": 7, "conjugate_isogenous_pairs": 44, "eigenvalues": [4.444172837089813, -4.407516943443443]}, "7": {"diameter": 6, "conjugate_isogenous_pairs": 56, "eigenvalues": [5.160854907042954, -5.2555672591006415]}, "11": {"diameter": 5, "conjugate_isogenous_pairs": 22, "eigenvalues": [6.4438764482962245, -6.592662372689725]}}}