{"prime": 22901, "nodes": 1909, "minpoly": "x^2 + 22897*x + 2", "spine": 75, "undirected": false, "ell": {"2": {"diameter": 15, "conjugate_isogenous_pairs": 23, "eigenvalues": [2.8221732225873906, -2.820883740358944]}, "3": {"diameter": 10, "conjugate_isogenous_pairs": 67, "eigenvalues": [3.449378632223947, -3.4456403570728287]}, "5": {"diameter": 7, "conjugate_isogenous_pairs": 60, "eigenvalues": [4.454646871545602, -4.454048159252651]}, "7": {"diameter": 6, "conjugate_isogenous_pairs": 103, "eigenvalues": [5.233190447377785, -5.204881080914632]}, "11": {"diameter": 5, "conjugate_isogenous_pairs": 115, "eigenvalues": [6.57457438288876, -6.571705436090638]}}}