{"prime": 4397, "nodes": 367, "minpoly": "x^2 + 4393*x + 2", "spine": 27, "undirected": false, "ell": {"2": {"diameter": 11, "conjugate_isogenous_pairs": 10, "eigenvalues": [2.8005779995214213, -2.7939040477914703]}, "3": {"diameter": 8, "conjugate_isogenous_pairs": 55, "eigenvalues": [3.4380715309066225, -3.4607891311915475]}, "5": {"diameter": 6, "conjugate_isogenous_pairs": 26, "eigenvalues": [4.341428678949353, -4.406496278002057]}, "7": {"diameter": 5, "conjugate_isogenous_pairs": 57, "eigenvalues": [5.065135411399252, -5.253151660307305]}, "11": {"diameter": 4, "conjugate_isogenous_pairs": 29, "eigenvalues": [6.256299836913255, -6.3436557568688645]}}}