{"prime": 25763, "nodes": 2148, "minpoly": "x^2 + 25762*x + 5", "spine": 94, "undirected": false, "ell": {"2": {"diameter": 15, "conjugate_isogenous_pairs": 41, "eigenvalues": [2.826249487041462, -2.821462034715944]}, "3": {"diameter": 11, "conjugate_isogenous_pairs": 48, "eigenvalues": [3.450210287274932, -3.4569966296075085]}, "5": {"diameter": 7, "conjugate_isogenous_pairs": 61, "eigenvalues": [4.459510460321581, -4.451708708497415]}, "7": {"diameter": 6, "conjugate_isogenous_pairs": 126, "eigenvalues": [5.264399537306554, -5.259027160174715]}, "11": {"diameter": 5, "conjugate_isogenous_pairs": 65, "eigenvalues": [6.597954249349995, -6.5585714301639415]}}}