{"prime": 7457, "nodes": 622, "minpoly": "x^2 + 7456*x + 3", "spine": 34, "undirected": false, "ell": {"2": {"diameter": 12, "conjugate_isogenous_pairs": 15, "eigenvalues": [2.8115332061625073, -2.8039589356577395]}, "3": {"diameter": 9, "conjugate_isogenous_pairs": 46, "eigenvalues": [3.4283978533841784, -3.4586217718505132]}, "5": {"diameter": 6, "conjugate_isogenous_pairs": 31, "eigenvalues": [4.339647251802695, -4.450176800760495]}, "7": {"diameter": 5, "conjugate_isogenous_pairs": 118, "eigenvalues": [5.231402682681556, -5.209718047710645]}, "11": {"diameter": 4, "conjugate_isogenous_pairs": 27, "eigenvalues": [6.599411233743599, -6.565335144537096]}}}