{"prime": 20983, "nodes": 1749, "minpoly": "x^2 + 20982*x + 3", "spine": 69, "undirected": false, "ell": {"2": {"diameter": 14, "conjugate_isogenous_pairs": 43, "eigenvalues": [2.8187846821395275, -2.8226017920688657]}, "3": {"diameter": 10, "conjugate_isogenous_pairs": 72, "eigenvalues": [3.455973876602386, -3.4417808856593033]}, "5": {"diameter": 7, "conjugate_isogenous_pairs": 126, "eigenvalues": [4.4237652410763015, -4.4469667539863655]}, "7": {"diameter": 6, "conjugate_isogenous_pairs": 46, "eigenvalues": [5.282127870796824, -5.262855015418658]}, "11": {"diameter": 5, "conjugate_isogenous_pairs": 64, "eigenvalues": [6.592337974482476, -6.496143285650793]}}}