{"prime": 21379, "nodes": 1782, "minpoly": "x^2 + 21375*x + 2", "spine": 42, "undirected": false, "ell": {"2": {"diameter": 14, "conjugate_isogenous_pairs": 31, "eigenvalues": [2.8194757477841437, -2.8186780821032067]}, "3": {"diameter": 9, "conjugate_isogenous_pairs": 42, "eigenvalues": [3.4415458987254617, -3.449269637914538]}, "5": {"diameter": 7, "conjugate_isogenous_pairs": 206, "eigenvalues": [4.4303466138731915, -4.457160386619248]}, "7": {"diameter": 6, "conjugate_isogenous_pairs": 42, "eigenvalues": [5.244196554386136, -5.269400554906772]}, "11": {"diameter": 5, "conjugate_isogenous_pairs": 139, "eigenvalues": [6.619634398917701, -6.607242805857607]}}}