{"prime": 449, "nodes": 38, "minpoly": "x^2 + 444*x + 3", "spine": 10, "undirected": false, "ell": {"2": {"diameter": 7, "conjugate_isogenous_pairs": 3, "eigenvalues": [2.70172206048115, -2.686059692135145]}, "3": {"diameter": 5, "conjugate_isogenous_pairs": 5, "eigenvalues": [3.0245452544522657, -3.1268892327513425]}, "5": {"diameter": 4, "conjugate_isogenous_pairs": 6, "eigenvalues": [3.955826726459203, -4.153661368886708]}, "7": {"diameter": 4, "conjugate_isogenous_pairs": 13, "eigenvalues": [5.216310490522292, -5.032766967803723]}, "11": {"diameter": 3, "conjugate_isogenous_pairs": 10, "eigenvalues": [6.565736815223725, -5.720286211298758]}}}