{"prime": 12743, "nodes": 1063, "minpoly": "x^2 + 12742*x + 5", "spine": 97, "undirected": false, "ell": {"2": {"diameter": 15, "conjugate_isogenous_pairs": 27, "eigenvalues": [2.812672255295737, -2.817168725395299]}, "3": {"diameter": 10, "conjugate_isogenous_pairs": 30, "eigenvalues": [3.44743645790302, -3.4276771066086553]}, "5": {"diameter": 7, "conjugate_isogenous_pairs": 35, "eigenvalues": [4.449813288275953, -4.415428066151025]}, "7": {"diameter": 6, "conjugate_isogenous_pairs": 81, "eigenvalues": [5.264610397062611, -5.283171312454068]}, "11": {"diameter": 5, "conjugate_isogenous_pairs": 43, "eigenvalues": [6.542706039738566, -6.552171365938367]}}}