{"prime": 18593, "nodes": 1550, "minpoly": "x^2 + 18587*x + 3", "spine": 48, "undirected": false, "ell": {"2": {"diameter": 14, "conjugate_isogenous_pairs": 26, "eigenvalues": [2.8195636587836046, -2.810927027074435]}, "3": {"diameter": 10, "conjugate_isogenous_pairs": 67, "eigenvalues": [3.4617555910894535, -3.451213228679082]}, "5": {"diameter": 7, "conjugate_isogenous_pairs": 45, "eigenvalues": [4.459737824574851, -4.464702746598899]}, "7": {"diameter": 6, "conjugate_isogenous_pairs": 213, "eigenvalues": [5.259672908003941, -5.254587735255723]}, "11": {"diameter": 5, "conjugate_isogenous_pairs": 48, "eigenvalues": [6.621026824832347, -6.579873627857052]}}}