{"prime": 11801, "nodes": 984, "minpoly": "x^2 + 11795*x + 3", "spine": 70, "undirected": false, "ell": {"2": {"diameter": 14, "conjugate_isogenous_pairs": 17, "eigenvalues": [2.8212061015453727, -2.817412905533015]}, "3": {"diameter": 9, "conjugate_isogenous_pairs": 25, "eigenvalues": [3.4378023758474843, -3.442854638645717]}, "5": {"diameter": 7, "conjugate_isogenous_pairs": 23, "eigenvalues": [4.462541426561065, -4.398950792700107]}, "7": {"diameter": 6, "conjugate_isogenous_pairs": 115, "eigenvalues": [5.248123472502961, -5.205553294491803]}, "11": {"diameter": 5, "conjugate_isogenous_pairs": 90, "eigenvalues": [6.574869670904527, -6.597522781775288]}}}