{"prime": 12007, "nodes": 1001, "minpoly": "x^2 + 12006*x + 13", "spine": 35, "undirected": false, "ell": {"2": {"diameter": 13, "conjugate_isogenous_pairs": 31, "eigenvalues": [2.824208135655829, -2.8219326926137156]}, "3": {"diameter": 9, "conjugate_isogenous_pairs": 42, "eigenvalues": [3.424023472532388, -3.4386739208991397]}, "5": {"diameter": 7, "conjugate_isogenous_pairs": 116, "eigenvalues": [4.44875689538979, -4.394439384459827]}, "7": {"diameter": 5, "conjugate_isogenous_pairs": 54, "eigenvalues": [5.224997817484401, -5.2751924438656355]}, "11": {"diameter": 5, "conjugate_isogenous_pairs": 76, "eigenvalues": [6.565307787340476, -6.594485275874815]}}}