{"prime": 3067, "nodes": 256, "minpoly": "x^2 + 3063*x + 2", "spine": 14, "undirected": false, "ell": {"2": {"diameter": 11, "conjugate_isogenous_pairs": 16, "eigenvalues": [2.8078191082649835, -2.8012756549677236]}, "3": {"diameter": 7, "conjugate_isogenous_pairs": 20, "eigenvalues": [3.414344308174205, -3.3622476096049145]}, "5": {"diameter": 6, "conjugate_isogenous_pairs": 60, "eigenvalues": [4.425934626373062, -4.430468586589915]}, "7": {"diameter": 4, "conjugate_isogenous_pairs": 26, "eigenvalues": [5.197009904322503, -5.095364513235686]}, "11": {"diameter": 4, "conjugate_isogenous_pairs": 25, "eigenvalues": [6.365051131824167, -6.52429138457095]}}}