{"prime": 20143, "nodes": 1679, "minpoly": "x^2 + 20142*x + 5", "spine": 53, "undirected": false, "ell": {"2": {"diameter": 15, "conjugate_isogenous_pairs": 48, "eigenvalues": [2.8250647766215864, -2.826706795743391]}, "3": {"diameter": 10, "conjugate_isogenous_pairs": 46, "eigenvalues": [3.4360263815238254, -3.443269855157464]}, "5": {"diameter": 7, "conjugate_isogenous_pairs": 141, "eigenvalues": [4.435268959758037, -4.456150573435279]}, "7": {"diameter": 6, "conjugate_isogenous_pairs": 52, "eigenvalues": [5.2678589560576, -5.268665466820628]}, "11": {"diameter": 5, "conjugate_isogenous_pairs": 94, "eigenvalues": [6.50786238161186, -6.557300203523532]}}}