{"prime": 12611, "nodes": 1052, "minpoly": "x^2 + 12607*x + 2", "spine": 82, "undirected": false, "ell": {"2": {"diameter": 15, "conjugate_isogenous_pairs": 13, "eigenvalues": [2.8251156613543014, -2.8168513735342424]}, "3": {"diameter": 9, "conjugate_isogenous_pairs": 34, "eigenvalues": [3.430062604755791, -3.4582954917499444]}, "5": {"diameter": 7, "conjugate_isogenous_pairs": 61, "eigenvalues": [4.463662273324088, -4.44768496844088]}, "7": {"diameter": 6, "conjugate_isogenous_pairs": 60, "eigenvalues": [5.265055700447378, -5.260716212793815]}, "11": {"diameter": 5, "conjugate_isogenous_pairs": 40, "eigenvalues": [6.594750541840687, -6.503265114957547]}}}