{"prime": 14327, "nodes": 1195, "minpoly": "x^2 + 14319*x + 5", "spine": 119, "undirected": false, "ell": {"2": {"diameter": 14, "conjugate_isogenous_pairs": 35, "eigenvalues": [2.8162512079283895, -2.8224739660699156]}, "3": {"diameter": 9, "conjugate_isogenous_pairs": 32, "eigenvalues": [3.454439373651112, -3.4247720205441023]}, "5": {"diameter": 7, "conjugate_isogenous_pairs": 28, "eigenvalues": [4.455773435175463, -4.406915968669673]}, "7": {"diameter": 6, "conjugate_isogenous_pairs": 69, "eigenvalues": [5.217001009234034, -5.279874128622358]}, "11": {"diameter": 5, "conjugate_isogenous_pairs": 35, "eigenvalues": [6.630794678499832, -6.5780961772215525]}}}