{"prime": 13553, "nodes": 1130, "minpoly": "x^2 + 13548*x + 3", "spine": 38, "undirected": false, "ell": {"2": {"diameter": 13, "conjugate_isogenous_pairs": 29, "eigenvalues": [2.813079098123256, -2.81660175267644]}, "3": {"diameter": 10, "conjugate_isogenous_pairs": 47, "eigenvalues": [3.4515239338558907, -3.437113585584093]}, "5": {"diameter": 7, "conjugate_isogenous_pairs": 32, "eigenvalues": [4.441396183516235, -4.4635484445019955]}, "7": {"diameter": 6, "conjugate_isogenous_pairs": 181, "eigenvalues": [5.280780821332562, -5.229544924956344]}, "11": {"diameter": 5, "conjugate_isogenous_pairs": 50, "eigenvalues": [6.519738836168067, -6.625211937117359]}}}