{"prime": 10343, "nodes": 863, "minpoly": "x^2 + 10341*x + 5", "spine": 43, "undirected": false, "ell": {"2": {"diameter": 14, "conjugate_isogenous_pairs": 22, "eigenvalues": [2.8063612179808075, -2.8109232900518024]}, "3": {"diameter": 10, "conjugate_isogenous_pairs": 41, "eigenvalues": [3.448174327349967, -3.4346491190507824]}, "5": {"diameter": 6, "conjugate_isogenous_pairs": 39, "eigenvalues": [4.409547516683318, -4.435761409365908]}, "7": {"diameter": 6, "conjugate_isogenous_pairs": 86, "eigenvalues": [5.271150736596464, -5.242552079324789]}, "11": {"diameter": 5, "conjugate_isogenous_pairs": 31, "eigenvalues": [6.609310618331795, -6.603292041787166]}}}