{"prime": 13841, "nodes": 1154, "minpoly": "x^2 + 13835*x + 6", "spine": 48, "undirected": false, "ell": {"2": {"diameter": 14, "conjugate_isogenous_pairs": 16, "eigenvalues": [2.8182511607994147, -2.8242465907245204]}, "3": {"diameter": 9, "conjugate_isogenous_pairs": 49, "eigenvalues": [3.433151487189331, -3.456785398560819]}, "5": {"diameter": 7, "conjugate_isogenous_pairs": 30, "eigenvalues": [4.432075763366975, -4.432780938412331]}, "7": {"diameter": 6, "conjugate_isogenous_pairs": 133, "eigenvalues": [5.281370627177212, -5.260323835569807]}, "11": {"diameter": 5, "conjugate_isogenous_pairs": 58, "eigenvalues": [6.6244456299497845, -6.62324493672889]}}}