{"prime": 8821, "nodes": 735, "minpoly": "x^2 + 8817*x + 2", "spine": 23, "undirected": true, "ell": {"2": {"diameter": 12, "conjugate_isogenous_pairs": 27, "eigenvalues": [2.81955141032742, -2.809118894153107]}, "3": {"diameter": 8, "conjugate_isogenous_pairs": 45, "eigenvalues": [3.4492209397432503, -3.4159799406859235]}, "5": {"diameter": 6, "conjugate_isogenous_pairs": 70, "eigenvalues": [4.394640314807009, -4.458653481413488]}, "7": {"diameter": 5, "conjugate_isogenous_pairs": 27, "eigenvalues": [5.285215001857361, -5.220353769375274]}, "11": {"diameter": 4, "conjugate_isogenous_pairs": 126, "eigenvalues": [6.599458254577485, -6.543191635973539]}}}