{"prime": 21569, "nodes": 1798, "minpoly": "x^2 + 21564*x + 3", "spine": 68, "undirected": false, "ell": {"2": {"diameter": 15, "conjugate_isogenous_pairs": 24, "eigenvalues": [2.8224983150981613, -2.81613766818524]}, "3": {"diameter": 10, "conjugate_isogenous_pairs": 41, "eigenvalues": [3.4444007522834807, -3.4557172021457334]}, "5": {"diameter": 7, "conjugate_isogenous_pairs": 45, "eigenvalues": [4.451728952700684, -4.425707969873553]}, "7": {"diameter": 6, "conjugate_isogenous_pairs": 179, "eigenvalues": [5.232536319542542, -5.266200594420319]}, "11": {"diameter": 5, "conjugate_isogenous_pairs": 70, "eigenvalues": [6.5281740472246605, -6.609157311161357]}}}