{"prime": 9067, "nodes": 756, "minpoly": "x^2 + 9062*x + 3", "spine": 18, "undirected": false, "ell": {"2": {"diameter": 13, "conjugate_isogenous_pairs": 43, "eigenvalues": [2.81791566469098, -2.8121268174755563]}, "3": {"diameter": 9, "conjugate_isogenous_pairs": 36, "eigenvalues": [3.4418529488936653, -3.439886527763541]}, "5": {"diameter": 6, "conjugate_isogenous_pairs": 106, "eigenvalues": [4.397847812617516, -4.42370353281326]}, "7": {"diameter": 5, "conjugate_isogenous_pairs": 44, "eigenvalues": [5.201751105732213, -5.266119165585044]}, "11": {"diameter": 4, "conjugate_isogenous_pairs": 54, "eigenvalues": [6.364509345184269, -6.564375884696337]}}}