{"prime": 18947, "nodes": 1580, "minpoly": "x^2 + 18946*x + 2", "spine": 74, "undirected": false, "ell": {"2": {"diameter": 14, "conjugate_isogenous_pairs": 44, "eigenvalues": [2.8129945801507916, -2.8253884364475983]}, "3": {"diameter": 10, "conjugate_isogenous_pairs": 30, "eigenvalues": [3.4455962433648715, -3.4557457860924177]}, "5": {"diameter": 7, "conjugate_isogenous_pairs": 62, "eigenvalues": [4.4537997231342485, -4.453957888542195]}, "7": {"diameter": 6, "conjugate_isogenous_pairs": 104, "eigenvalues": [5.27983948821167, -5.275721399292405]}, "11": {"diameter": 5, "conjugate_isogenous_pairs": 53, "eigenvalues": [6.608459261676466, -6.548313409900431]}}}