{"prime": 23629, "nodes": 1969, "minpoly": "x^2 + 23625*x + 2", "spine": 39, "undirected": true, "ell": {"2": {"diameter": 14, "conjugate_isogenous_pairs": 40, "eigenvalues": [2.809501959960031, -2.8233652679760795]}, "3": {"diameter": 9, "conjugate_isogenous_pairs": 50, "eigenvalues": [3.458214911168149, -3.462823860203009]}, "5": {"diameter": 7, "conjugate_isogenous_pairs": 87, "eigenvalues": [4.463276398753907, -4.4663779867804845]}, "7": {"diameter": 6, "conjugate_isogenous_pairs": 66, "eigenvalues": [5.214669106101973, -5.282306701672895]}, "11": {"diameter": 5, "conjugate_isogenous_pairs": 272, "eigenvalues": [6.625019467358085, -6.566881705154508]}}}