{"prime": 20341, "nodes": 1695, "minpoly": "x^2 + 20340*x + 2", "spine": 55, "undirected": true, "ell": {"2": {"diameter": 14, "conjugate_isogenous_pairs": 42, "eigenvalues": [2.8194441458133728, -2.823124347160818]}, "3": {"diameter": 10, "conjugate_isogenous_pairs": 63, "eigenvalues": [3.452249542962725, -3.442735589410065]}, "5": {"diameter": 7, "conjugate_isogenous_pairs": 53, "eigenvalues": [4.421497797795498, -4.4314758962009195]}, "7": {"diameter": 6, "conjugate_isogenous_pairs": 37, "eigenvalues": [5.252711552806266, -5.283985393287401]}, "11": {"diameter": 5, "conjugate_isogenous_pairs": 293, "eigenvalues": [6.618254571663264, -6.602237122380113]}}}