{"prime": 14669, "nodes": 1223, "minpoly": "x^2 + 14657*x + 2", "spine": 69, "undirected": false, "ell": {"2": {"diameter": 13, "conjugate_isogenous_pairs": 17, "eigenvalues": [2.8276896863926106, -2.824514663900306]}, "3": {"diameter": 9, "conjugate_isogenous_pairs": 55, "eigenvalues": [3.4601181657738684, -3.4468925629368625]}, "5": {"diameter": 7, "conjugate_isogenous_pairs": 48, "eigenvalues": [4.442966319870964, -4.433414106121271]}, "7": {"diameter": 6, "conjugate_isogenous_pairs": 79, "eigenvalues": [5.202525900731437, -5.269206506178771]}, "11": {"diameter": 5, "conjugate_isogenous_pairs": 73, "eigenvalues": [6.5746549768123295, -6.576923776127983]}}}