{"prime": 23209, "nodes": 1934, "minpoly": "x^2 + 23208*x + 31", "spine": 58, "undirected": true, "ell": {"2": {"diameter": 14, "conjugate_isogenous_pairs": 28, "eigenvalues": [2.826815816257856, -2.818954678392119]}, "3": {"diameter": 10, "conjugate_isogenous_pairs": 51, "eigenvalues": [3.448167077447371, -3.4414629656768545]}, "5": {"diameter": 7, "conjugate_isogenous_pairs": 93, "eigenvalues": [4.447283135000604, -4.437684710516095]}, "7": {"diameter": 6, "conjugate_isogenous_pairs": 79, "eigenvalues": [5.251540464421205, -5.270742176950987]}, "11": {"diameter": 5, "conjugate_isogenous_pairs": 175, "eigenvalues": [6.482881780504178, -6.608008588235434]}}}