{"prime": 12161, "nodes": 1014, "minpoly": "x^2 + 12153*x + 3", "spine": 56, "undirected": false, "ell": {"2": {"diameter": 13, "conjugate_isogenous_pairs": 14, "eigenvalues": [2.8260031858029397, -2.8120899654240152]}, "3": {"diameter": 9, "conjugate_isogenous_pairs": 48, "eigenvalues": [3.43759410245275, -3.439148365461766]}, "5": {"diameter": 7, "conjugate_isogenous_pairs": 32, "eigenvalues": [4.41440101495869, -4.453828871822664]}, "7": {"diameter": 6, "conjugate_isogenous_pairs": 97, "eigenvalues": [5.21862103115739, -5.203218741694955]}, "11": {"diameter": 5, "conjugate_isogenous_pairs": 73, "eigenvalues": [6.61855823469548, -6.5968214055855]}}}