{"prime": 2357, "nodes": 197, "minpoly": "x^2 + 2352*x + 2", "spine": 21, "undirected": false, "ell": {"2": {"diameter": 11, "conjugate_isogenous_pairs": 11, "eigenvalues": [2.817988964933913, -2.814739820727277]}, "3": {"diameter": 8, "conjugate_isogenous_pairs": 31, "eigenvalues": [3.397783151199102, -3.457103943815195]}, "5": {"diameter": 6, "conjugate_isogenous_pairs": 10, "eigenvalues": [4.387496491117825, -4.402252648666748]}, "7": {"diameter": 5, "conjugate_isogenous_pairs": 38, "eigenvalues": [4.999918911667337, -5.072610654659536]}, "11": {"diameter": 4, "conjugate_isogenous_pairs": 28, "eigenvalues": [6.29363663559268, -6.404227374380818]}}}