{"prime": 11383, "nodes": 949, "minpoly": "x^2 + 11382*x + 5", "spine": 27, "undirected": false, "ell": {"2": {"diameter": 13, "conjugate_isogenous_pairs": 49, "eigenvalues": [2.8116569865438175, -2.8201973808619236]}, "3": {"diameter": 8, "conjugate_isogenous_pairs": 35, "eigenvalues": [3.458288966428209, -3.450308931735197]}, "5": {"diameter": 6, "conjugate_isogenous_pairs": 98, "eigenvalues": [4.432821778968915, -4.449769627344266]}, "7": {"diameter": 5, "conjugate_isogenous_pairs": 52, "eigenvalues": [5.252900566098773, -5.26438850328425]}, "11": {"diameter": 5, "conjugate_isogenous_pairs": 61, "eigenvalues": [6.542873387381156, -6.544831566160114]}}}