{"prime": 10331, "nodes": 862, "minpoly": "x^2 + 10330*x + 2", "spine": 110, "undirected": false, "ell": {"2": {"diameter": 14, "conjugate_isogenous_pairs": 10, "eigenvalues": [2.823278515636612, -2.8062339842336295]}, "3": {"diameter": 9, "conjugate_isogenous_pairs": 23, "eigenvalues": [3.455457322587494, -3.457930391204274]}, "5": {"diameter": 7, "conjugate_isogenous_pairs": 52, "eigenvalues": [4.454354884370104, -4.42691542138984]}, "7": {"diameter": 6, "conjugate_isogenous_pairs": 45, "eigenvalues": [5.268012695203225, -5.268176358108563]}, "11": {"diameter": 5, "conjugate_isogenous_pairs": 52, "eigenvalues": [6.544825559224044, -6.5748884190448065]}}}