{"prime": 18049, "nodes": 1504, "minpoly": "x^2 + 18048*x + 13", "spine": 42, "undirected": true, "ell": {"2": {"diameter": 14, "conjugate_isogenous_pairs": 48, "eigenvalues": [2.826842611880022, -2.817844986904749]}, "3": {"diameter": 9, "conjugate_isogenous_pairs": 32, "eigenvalues": [3.4581936763509304, -3.453391676467111]}, "5": {"diameter": 7, "conjugate_isogenous_pairs": 60, "eigenvalues": [4.416351303210444, -4.459134416961092]}, "7": {"diameter": 6, "conjugate_isogenous_pairs": 83, "eigenvalues": [5.276709180760345, -5.273312987319989]}, "11": {"diameter": 5, "conjugate_isogenous_pairs": 233, "eigenvalues": [6.6104564702262065, -6.567716130056621]}}}