{"prime": 17443, "nodes": 1454, "minpoly": "x^2 + 17439*x + 2", "spine": 54, "undirected": false, "ell": {"2": {"diameter": 15, "conjugate_isogenous_pairs": 56, "eigenvalues": [2.8233118089970963, -2.818686598295707]}, "3": {"diameter": 9, "conjugate_isogenous_pairs": 44, "eigenvalues": [3.4354168616123655, -3.4452306213915147]}, "5": {"diameter": 7, "conjugate_isogenous_pairs": 112, "eigenvalues": [4.463023919441654, -4.4512048983513]}, "7": {"diameter": 6, "conjugate_isogenous_pairs": 36, "eigenvalues": [5.26181842552498, -5.27474134621986]}, "11": {"diameter": 5, "conjugate_isogenous_pairs": 93, "eigenvalues": [6.582938183899626, -6.618832508390653]}}}