{"prime": 24697, "nodes": 2058, "minpoly": "x^2 + 24694*x + 5", "spine": 32, "undirected": true, "ell": {"2": {"diameter": 14, "conjugate_isogenous_pairs": 60, "eigenvalues": [2.818697671049173, -2.823920566886809]}, "3": {"diameter": 9, "conjugate_isogenous_pairs": 93, "eigenvalues": [3.444240439325815, -3.4507305922593137]}, "5": {"diameter": 7, "conjugate_isogenous_pairs": 83, "eigenvalues": [4.46617015757161, -4.423303309839743]}, "7": {"diameter": 6, "conjugate_isogenous_pairs": 109, "eigenvalues": [5.253411971695714, -5.2740951503952544]}, "11": {"diameter": 5, "conjugate_isogenous_pairs": 108, "eigenvalues": [6.598781635527945, -6.581565351077655]}}}