{"prime": 6733, "nodes": 561, "minpoly": "x^2 + 6732*x + 2", "spine": 19, "undirected": true, "ell": {"2": {"diameter": 13, "conjugate_isogenous_pairs": 46, "eigenvalues": [2.824104715274814, -2.815240204197059]}, "3": {"diameter": 8, "conjugate_isogenous_pairs": 47, "eigenvalues": [3.400829930795295, -3.4585852010206004]}, "5": {"diameter": 6, "conjugate_isogenous_pairs": 33, "eigenvalues": [4.469582576648428, -4.401668004815324]}, "7": {"diameter": 5, "conjugate_isogenous_pairs": 40, "eigenvalues": [5.2512322074496645, -5.180751832305824]}, "11": {"diameter": 4, "conjugate_isogenous_pairs": 76, "eigenvalues": [6.614609044366098, -6.612196834001551]}}}