{"prime": 3673, "nodes": 306, "minpoly": "x^2 + 3670*x + 5", "spine": 14, "undirected": true, "ell": {"2": {"diameter": 11, "conjugate_isogenous_pairs": 30, "eigenvalues": [2.812661721157639, -2.8040184754031734]}, "3": {"diameter": 8, "conjugate_isogenous_pairs": 22, "eigenvalues": [3.4029104983450122, -3.447242620731473]}, "5": {"diameter": 5, "conjugate_isogenous_pairs": 29, "eigenvalues": [4.452500957987178, -4.377320120359324]}, "7": {"diameter": 5, "conjugate_isogenous_pairs": 38, "eigenvalues": [5.088187010083153, -5.270188055097793]}, "11": {"diameter": 4, "conjugate_isogenous_pairs": 56, "eigenvalues": [6.534249417658152, -6.334245465238905]}}}