{"prime": 25169, "nodes": 2098, "minpoly": "x^2 + 25158*x + 3", "spine": 100, "undirected": false, "ell": {"2": {"diameter": 15, "conjugate_isogenous_pairs": 22, "eigenvalues": [2.8231745399082238, -2.8267284160032307]}, "3": {"diameter": 10, "conjugate_isogenous_pairs": 49, "eigenvalues": [3.457816879596845, -3.450412922884056]}, "5": {"diameter": 7, "conjugate_isogenous_pairs": 35, "eigenvalues": [4.449059498067467, -4.462694118683809]}, "7": {"diameter": 6, "conjugate_isogenous_pairs": 136, "eigenvalues": [5.2815385255668845, -5.273914660772389]}, "11": {"diameter": 5, "conjugate_isogenous_pairs": 94, "eigenvalues": [6.581213994770585, -6.598653401416927]}}}