{"prime": 26317, "nodes": 2193, "minpoly": "x^2 + 26316*x + 6", "spine": 27, "undirected": true, "ell": {"2": {"diameter": 14, "conjugate_isogenous_pairs": 81, "eigenvalues": [2.8164584059985778, -2.8180508492802394]}, "3": {"diameter": 9, "conjugate_isogenous_pairs": 106, "eigenvalues": [3.4570319678634425, -3.4595532408563896]}, "5": {"diameter": 7, "conjugate_isogenous_pairs": 85, "eigenvalues": [4.468081369345767, -4.400376483243641]}, "7": {"diameter": 6, "conjugate_isogenous_pairs": 101, "eigenvalues": [5.241711322311378, -5.248182749693237]}, "11": {"diameter": 5, "conjugate_isogenous_pairs": 164, "eigenvalues": [6.630799982118566, -6.611109582088112]}}}