{"prime": 26347, "nodes": 2196, "minpoly": "x^2 + 26346*x + 3", "spine": 54, "undirected": false, "ell": {"2": {"diameter": 15, "conjugate_isogenous_pairs": 51, "eigenvalues": [2.8258275391925487, -2.8264403851408497]}, "3": {"diameter": 10, "conjugate_isogenous_pairs": 60, "eigenvalues": [3.44239313174323, -3.457977554287542]}, "5": {"diameter": 7, "conjugate_isogenous_pairs": 172, "eigenvalues": [4.444919023897528, -4.463480936659302]}, "7": {"diameter": 6, "conjugate_isogenous_pairs": 57, "eigenvalues": [5.2641589856840545, -5.264600303381406]}, "11": {"diameter": 5, "conjugate_isogenous_pairs": 135, "eigenvalues": [6.525560025177014, -6.564367677255614]}}}