{"prime": 25537, "nodes": 2128, "minpoly": "x^2 + 25536*x + 10", "spine": 24, "undirected": true, "ell": {"2": {"diameter": 14, "conjugate_isogenous_pairs": 57, "eigenvalues": [2.8155900402375598, -2.8139428678128358]}, "3": {"diameter": 9, "conjugate_isogenous_pairs": 105, "eigenvalues": [3.4580911230219673, -3.4562599263719243]}, "5": {"diameter": 7, "conjugate_isogenous_pairs": 107, "eigenvalues": [4.4573101423900106, -4.4303311568876405]}, "7": {"diameter": 6, "conjugate_isogenous_pairs": 129, "eigenvalues": [5.271104777146326, -5.278111361998497]}, "11": {"diameter": 5, "conjugate_isogenous_pairs": 131, "eigenvalues": [6.598121923844924, -6.543517942138659]}}}