{"prime": 28181, "nodes": 2349, "minpoly": "x^2 + 28180*x + 2", "spine": 121, "undirected": false, "ell": {"2": {"diameter": 15, "conjugate_isogenous_pairs": 21, "eigenvalues": [2.8161285474690168, -2.826987279089856]}, "3": {"diameter": 10, "conjugate_isogenous_pairs": 81, "eigenvalues": [3.4454079556156434, -3.456397534840334]}, "5": {"diameter": 7, "conjugate_isogenous_pairs": 47, "eigenvalues": [4.463778109367188, -4.447177264743418]}, "7": {"diameter": 6, "conjugate_isogenous_pairs": 97, "eigenvalues": [5.280293568138312, -5.271335909559594]}, "11": {"diameter": 5, "conjugate_isogenous_pairs": 169, "eigenvalues": [6.59481169941441, -6.608784095031329]}}}