{"prime": 27179, "nodes": 2266, "minpoly": "x^2 + 27175*x + 2", "spine": 174, "undirected": false, "ell": {"2": {"diameter": 15, "conjugate_isogenous_pairs": 28, "eigenvalues": [2.8264228992557845, -2.8254423406923173]}, "3": {"diameter": 10, "conjugate_isogenous_pairs": 28, "eigenvalues": [3.4562970089137686, -3.451272124803161]}, "5": {"diameter": 7, "conjugate_isogenous_pairs": 64, "eigenvalues": [4.466353542744834, -4.42336083598068]}, "7": {"diameter": 6, "conjugate_isogenous_pairs": 87, "eigenvalues": [5.284895043111248, -5.259849357876122]}, "11": {"diameter": 5, "conjugate_isogenous_pairs": 65, "eigenvalues": [6.601157301245731, -6.610287613045988]}}}