{"prime": 15161, "nodes": 1264, "minpoly": "x^2 + 15155*x + 3", "spine": 80, "undirected": false, "ell": {"2": {"diameter": 14, "conjugate_isogenous_pairs": 16, "eigenvalues": [2.823744662170077, -2.8185257256172185]}, "3": {"diameter": 10, "conjugate_isogenous_pairs": 33, "eigenvalues": [3.4538257508677686, -3.444710538108085]}, "5": {"diameter": 7, "conjugate_isogenous_pairs": 25, "eigenvalues": [4.429887594881574, -4.46908969956793]}, "7": {"diameter": 6, "conjugate_isogenous_pairs": 145, "eigenvalues": [5.247905822593171, -5.227298502414241]}, "11": {"diameter": 5, "conjugate_isogenous_pairs": 102, "eigenvalues": [6.5213871157978645, -6.59265011471553]}}}