{"prime": 9743, "nodes": 813, "minpoly": "x^2 + 9740*x + 5", "spine": 105, "undirected": false, "ell": {"2": {"diameter": 14, "conjugate_isogenous_pairs": 20, "eigenvalues": [2.813748250549553, -2.8196836890633064]}, "3": {"diameter": 9, "conjugate_isogenous_pairs": 25, "eigenvalues": [3.437613996996213, -3.4243973964767207]}, "5": {"diameter": 7, "conjugate_isogenous_pairs": 26, "eigenvalues": [4.442978677457981, -4.396832360774826]}, "7": {"diameter": 6, "conjugate_isogenous_pairs": 71, "eigenvalues": [5.274176364390565, -5.274192169244758]}, "11": {"diameter": 5, "conjugate_isogenous_pairs": 37, "eigenvalues": [6.562262980751157, -6.457809693836032]}}}