{"prime": 27827, "nodes": 2320, "minpoly": "x^2 + 27821*x + 2", "spine": 78, "undirected": false, "ell": {"2": {"diameter": 15, "conjugate_isogenous_pairs": 32, "eigenvalues": [2.8254182344527385, -2.8225318587621606]}, "3": {"diameter": 10, "conjugate_isogenous_pairs": 76, "eigenvalues": [3.4521287900391844, -3.4536465001603927]}, "5": {"diameter": 8, "conjugate_isogenous_pairs": 106, "eigenvalues": [4.405786152896526, -4.438262846322409]}, "7": {"diameter": 6, "conjugate_isogenous_pairs": 115, "eigenvalues": [5.2491111451736945, -5.258987828618319]}, "11": {"diameter": 5, "conjugate_isogenous_pairs": 45, "eigenvalues": [6.619208513885975, -6.623642503192758]}}}