{"prime": 23869, "nodes": 1989, "minpoly": "x^2 + 23863*x + 2", "spine": 61, "undirected": true, "ell": {"2": {"diameter": 15, "conjugate_isogenous_pairs": 52, "eigenvalues": [2.8247476445020925, -2.816725191422384]}, "3": {"diameter": 10, "conjugate_isogenous_pairs": 81, "eigenvalues": [3.459398850369974, -3.4588960537448465]}, "5": {"diameter": 7, "conjugate_isogenous_pairs": 69, "eigenvalues": [4.446867290795355, -4.406168044740719]}, "7": {"diameter": 6, "conjugate_isogenous_pairs": 45, "eigenvalues": [5.2688284075543415, -5.234330981179207]}, "11": {"diameter": 5, "conjugate_isogenous_pairs": 267, "eigenvalues": [6.595606124708945, -6.5541510412798365]}}}