{"prime": 10139, "nodes": 846, "minpoly": "x^2 + 10138*x + 2", "spine": 110, "undirected": false, "ell": {"2": {"diameter": 13, "conjugate_isogenous_pairs": 10, "eigenvalues": [2.8082994611696765, -2.81306466046345]}, "3": {"diameter": 9, "conjugate_isogenous_pairs": 25, "eigenvalues": [3.436578691995129, -3.4539055022021192]}, "5": {"diameter": 6, "conjugate_isogenous_pairs": 38, "eigenvalues": [4.446552776370503, -4.445553553656132]}, "7": {"diameter": 6, "conjugate_isogenous_pairs": 47, "eigenvalues": [5.208694373484727, -5.244727496302703]}, "11": {"diameter": 5, "conjugate_isogenous_pairs": 60, "eigenvalues": [6.573743669521812, -6.501840971434838]}}}