{"prime": 13597, "nodes": 1133, "minpoly": "x^2 + 13592*x + 5", "spine": 21, "undirected": true, "ell": {"2": {"diameter": 14, "conjugate_isogenous_pairs": 45, "eigenvalues": [2.817643521546961, -2.8268186482507556]}, "3": {"diameter": 9, "conjugate_isogenous_pairs": 63, "eigenvalues": [3.4498393518771255, -3.4168039836428226]}, "5": {"diameter": 6, "conjugate_isogenous_pairs": 51, "eigenvalues": [4.457120679451217, -4.4296829873637185]}, "7": {"diameter": 5, "conjugate_isogenous_pairs": 73, "eigenvalues": [5.263242435889457, -5.241247875622215]}, "11": {"diameter": 4, "conjugate_isogenous_pairs": 177, "eigenvalues": [6.620140113340975, -6.571971261719123]}}}