{"prime": 1093, "nodes": 91, "minpoly": "x^2 + 1092*x + 5", "spine": 5, "undirected": true, "ell": {"2": {"diameter": 8, "conjugate_isogenous_pairs": 9, "eigenvalues": [2.742149107165669, -2.7812152758311273]}, "3": {"diameter": 6, "conjugate_isogenous_pairs": 22, "eigenvalues": [3.4351622740435594, -3.429918585842317]}, "5": {"diameter": 5, "conjugate_isogenous_pairs": 19, "eigenvalues": [4.158833603697055, -4.391336644084951]}, "7": {"diameter": 4, "conjugate_isogenous_pairs": 16, "eigenvalues": [5.062294107143119, -5.167841420239646]}, "11": {"diameter": 3, "conjugate_isogenous_pairs": 26, "eigenvalues": [6.3202786175772685, -6.170610897442745]}}}