{"prime": 22811, "nodes": 1902, "minpoly": "x^2 + 22809*x + 6", "spine": 142, "undirected": false, "ell": {"2": {"diameter": 16, "conjugate_isogenous_pairs": 20, "eigenvalues": [2.8234507144161487, -2.823400514599983]}, "3": {"diameter": 11, "conjugate_isogenous_pairs": 37, "eigenvalues": [3.4564194218210162, -3.435475693255622]}, "5": {"diameter": 7, "conjugate_isogenous_pairs": 73, "eigenvalues": [4.467190157715585, -4.4672572367609185]}, "7": {"diameter": 6, "conjugate_isogenous_pairs": 59, "eigenvalues": [5.2584686000675545, -5.2667700280668]}, "11": {"diameter": 5, "conjugate_isogenous_pairs": 82, "eigenvalues": [6.616313436942972, -6.6137940694137445]}}}