{"prime": 14741, "nodes": 1229, "minpoly": "x^2 + 14740*x + 2", "spine": 89, "undirected": false, "ell": {"2": {"diameter": 14, "conjugate_isogenous_pairs": 21, "eigenvalues": [2.8219001919584636, -2.8143900188404585]}, "3": {"diameter": 10, "conjugate_isogenous_pairs": 52, "eigenvalues": [3.462226743838196, -3.4448549393542502]}, "5": {"diameter": 7, "conjugate_isogenous_pairs": 22, "eigenvalues": [4.4300016897718635, -4.458986183457032]}, "7": {"diameter": 6, "conjugate_isogenous_pairs": 79, "eigenvalues": [5.273357487619569, -5.278683485530745]}, "11": {"diameter": 5, "conjugate_isogenous_pairs": 97, "eigenvalues": [6.5997768101601695, -6.554071593359296]}}}