{"prime": 10567, "nodes": 881, "minpoly": "x^2 + 10566*x + 6", "spine": 39, "undirected": false, "ell": {"2": {"diameter": 13, "conjugate_isogenous_pairs": 37, "eigenvalues": [2.8171562699763673, -2.8183106647077]}, "3": {"diameter": 9, "conjugate_isogenous_pairs": 46, "eigenvalues": [3.428053718517387, -3.4436233272343038]}, "5": {"diameter": 7, "conjugate_isogenous_pairs": 100, "eigenvalues": [4.404124853161472, -4.456898153494426]}, "7": {"diameter": 5, "conjugate_isogenous_pairs": 39, "eigenvalues": [5.259926828349167, -5.179711034233243]}, "11": {"diameter": 5, "conjugate_isogenous_pairs": 58, "eigenvalues": [6.607667592573021, -6.606510369484739]}}}