{"prime": 18127, "nodes": 1511, "minpoly": "x^2 + 18126*x + 3", "spine": 39, "undirected": false, "ell": {"2": {"diameter": 14, "conjugate_isogenous_pairs": 52, "eigenvalues": [2.8195607894109367, -2.819634055218525]}, "3": {"diameter": 10, "conjugate_isogenous_pairs": 60, "eigenvalues": [3.4557282270218566, -3.45784992620934]}, "5": {"diameter": 7, "conjugate_isogenous_pairs": 133, "eigenvalues": [4.457659658323273, -4.411108954289086]}, "7": {"diameter": 6, "conjugate_isogenous_pairs": 55, "eigenvalues": [5.21513622435607, -5.247651632855381]}, "11": {"diameter": 5, "conjugate_isogenous_pairs": 85, "eigenvalues": [6.592046216299568, -6.630975272990296]}}}