{"prime": 28393, "nodes": 2366, "minpoly": "x^2 + 28392*x + 15", "spine": 30, "undirected": true, "ell": {"2": {"diameter": 14, "conjugate_isogenous_pairs": 59, "eigenvalues": [2.8143410921457943, -2.828093124792913]}, "3": {"diameter": 10, "conjugate_isogenous_pairs": 125, "eigenvalues": [3.4566561171352412, -3.455512945899864]}, "5": {"diameter": 7, "conjugate_isogenous_pairs": 94, "eigenvalues": [4.4525257718003095, -4.446472920233095]}, "7": {"diameter": 6, "conjugate_isogenous_pairs": 100, "eigenvalues": [5.2729518864240585, -5.257729512945196]}, "11": {"diameter": 5, "conjugate_isogenous_pairs": 111, "eigenvalues": [6.583006854371348, -6.632197084744006]}}}