{"prime": 22739, "nodes": 1896, "minpoly": "x^2 + 22738*x + 2", "spine": 150, "undirected": false, "ell": {"2": {"diameter": 15, "conjugate_isogenous_pairs": 21, "eigenvalues": [2.820156761693374, -2.819137379202711]}, "3": {"diameter": 10, "conjugate_isogenous_pairs": 35, "eigenvalues": [3.4466841294591544, -3.460654459068875]}, "5": {"diameter": 7, "conjugate_isogenous_pairs": 86, "eigenvalues": [4.448969616513522, -4.444360248624612]}, "7": {"diameter": 7, "conjugate_isogenous_pairs": 71, "eigenvalues": [5.202957634198443, -5.266557575335727]}, "11": {"diameter": 5, "conjugate_isogenous_pairs": 102, "eigenvalues": [6.613086314201491, -6.601002785468162]}}}