{"prime": 15661, "nodes": 1305, "minpoly": "x^2 + 15657*x + 2", "spine": 47, "undirected": true, "ell": {"2": {"diameter": 13, "conjugate_isogenous_pairs": 32, "eigenvalues": [2.8248845943067735, -2.819535682042822]}, "3": {"diameter": 9, "conjugate_isogenous_pairs": 81, "eigenvalues": [3.4358903569355803, -3.444332094852452]}, "5": {"diameter": 6, "conjugate_isogenous_pairs": 73, "eigenvalues": [4.463388672213323, -4.455823123806413]}, "7": {"diameter": 5, "conjugate_isogenous_pairs": 36, "eigenvalues": [5.244282329323702, -5.250320818798121]}, "11": {"diameter": 5, "conjugate_isogenous_pairs": 122, "eigenvalues": [6.613827606476283, -6.52587730394201]}}}