{"prime": 14387, "nodes": 1200, "minpoly": "x^2 + 14383*x + 2", "spine": 58, "undirected": false, "ell": {"2": {"diameter": 14, "conjugate_isogenous_pairs": 21, "eigenvalues": [2.8145080322284204, -2.816940880249761]}, "3": {"diameter": 9, "conjugate_isogenous_pairs": 60, "eigenvalues": [3.441095803858608, -3.4625390526446735]}, "5": {"diameter": 7, "conjugate_isogenous_pairs": 81, "eigenvalues": [4.391089280408996, -4.44007021002691]}, "7": {"diameter": 6, "conjugate_isogenous_pairs": 86, "eigenvalues": [5.240904316541722, -5.263569125926077]}, "11": {"diameter": 5, "conjugate_isogenous_pairs": 30, "eigenvalues": [6.624013967714405, -6.610457134216714]}}}