{"prime": 4231, "nodes": 353, "minpoly": "x^2 + 4230*x + 3", "spine": 51, "undirected": false, "ell": {"2": {"diameter": 12, "conjugate_isogenous_pairs": 23, "eigenvalues": [2.7875453060133517, -2.8173646381278976]}, "3": {"diameter": 8, "conjugate_isogenous_pairs": 11, "eigenvalues": [3.422830634067614, -3.42360966410597]}, "5": {"diameter": 6, "conjugate_isogenous_pairs": 45, "eigenvalues": [4.313674038835344, -4.451109796936478]}, "7": {"diameter": 5, "conjugate_isogenous_pairs": 14, "eigenvalues": [5.223359001145468, -5.246523185841282]}, "11": {"diameter": 4, "conjugate_isogenous_pairs": 57, "eigenvalues": [6.619565930889161, -6.4161322651236645]}}}