{"prime": 14009, "nodes": 1168, "minpoly": "x^2 + 14002*x + 3", "spine": 52, "undirected": false, "ell": {"2": {"diameter": 14, "conjugate_isogenous_pairs": 15, "eigenvalues": [2.8223988263150326, -2.804449564046653]}, "3": {"diameter": 10, "conjugate_isogenous_pairs": 36, "eigenvalues": [3.426059447168901, -3.4538974939295235]}, "5": {"diameter": 7, "conjugate_isogenous_pairs": 36, "eigenvalues": [4.428579566705543, -4.4282191721914765]}, "7": {"diameter": 6, "conjugate_isogenous_pairs": 93, "eigenvalues": [5.216689411276094, -5.2601111133803276]}, "11": {"diameter": 5, "conjugate_isogenous_pairs": 78, "eigenvalues": [6.58927811442525, -6.545033220657027]}}}