{"prime": 25799, "nodes": 2151, "minpoly": "x^2 + 25798*x + 7", "spine": 125, "undirected": false, "ell": {"2": {"diameter": 15, "conjugate_isogenous_pairs": 22, "eigenvalues": [2.8165237976617794, -2.815491400845919]}, "3": {"diameter": 10, "conjugate_isogenous_pairs": 42, "eigenvalues": [3.458738231985357, -3.44540706745579]}, "5": {"diameter": 7, "conjugate_isogenous_pairs": 68, "eigenvalues": [4.46777579587998, -4.471161237844635]}, "7": {"diameter": 6, "conjugate_isogenous_pairs": 86, "eigenvalues": [5.270276800550775, -5.261602477352551]}, "11": {"diameter": 5, "conjugate_isogenous_pairs": 76, "eigenvalues": [6.629593693714843, -6.57315895678112]}}}