{"prime": 2789, "nodes": 233, "minpoly": "x^2 + 2783*x + 2", "spine": 41, "undirected": false, "ell": {"2": {"diameter": 12, "conjugate_isogenous_pairs": 7, "eigenvalues": [2.812416939344439, -2.8115708914752426]}, "3": {"diameter": 8, "conjugate_isogenous_pairs": 11, "eigenvalues": [3.356870737153883, -3.4359806993933035]}, "5": {"diameter": 5, "conjugate_isogenous_pairs": 14, "eigenvalues": [4.350374401779481, -4.273398134924677]}, "7": {"diameter": 5, "conjugate_isogenous_pairs": 30, "eigenvalues": [5.223087408223862, -5.25596616402217]}, "11": {"diameter": 4, "conjugate_isogenous_pairs": 49, "eigenvalues": [6.563558718919146, -6.6056007863616175]}}}