{"prime": 2579, "nodes": 216, "minpoly": "x^2 + 2560*x + 2", "spine": 42, "undirected": false, "ell": {"2": {"diameter": 11, "conjugate_isogenous_pairs": 8, "eigenvalues": [2.7646905277317853, -2.8212044437064208]}, "3": {"diameter": 7, "conjugate_isogenous_pairs": 8, "eigenvalues": [3.3943491768036735, -3.3456884685270714]}, "5": {"diameter": 5, "conjugate_isogenous_pairs": 23, "eigenvalues": [4.438362000268015, -4.418904841757262]}, "7": {"diameter": 5, "conjugate_isogenous_pairs": 30, "eigenvalues": [5.228944966646392, -5.153235997934695]}, "11": {"diameter": 4, "conjugate_isogenous_pairs": 29, "eigenvalues": [6.417620743515336, -6.613374944363369]}}}