{"prime": 5923, "nodes": 494, "minpoly": "x^2 + 5919*x + 2", "spine": 14, "undirected": false, "ell": {"2": {"diameter": 12, "conjugate_isogenous_pairs": 23, "eigenvalues": [2.8204318448475227, -2.8149058791639843]}, "3": {"diameter": 8, "conjugate_isogenous_pairs": 22, "eigenvalues": [3.4435981912803215, -3.426420641116232]}, "5": {"diameter": 6, "conjugate_isogenous_pairs": 93, "eigenvalues": [4.46302433420496, -4.398064993340136]}, "7": {"diameter": 5, "conjugate_isogenous_pairs": 40, "eigenvalues": [5.227901878155947, -5.235183090747678]}, "11": {"diameter": 4, "conjugate_isogenous_pairs": 58, "eigenvalues": [6.399125015677973, -6.325238484171132]}}}