{"prime": 15467, "nodes": 1290, "minpoly": "x^2 + 15462*x + 5", "spine": 58, "undirected": false, "ell": {"2": {"diameter": 14, "conjugate_isogenous_pairs": 24, "eigenvalues": [2.8253051281625257, -2.8155728657783508]}, "3": {"diameter": 9, "conjugate_isogenous_pairs": 55, "eigenvalues": [3.4619352769052676, -3.450914273068413]}, "5": {"diameter": 7, "conjugate_isogenous_pairs": 54, "eigenvalues": [4.444257729903775, -4.426099849753614]}, "7": {"diameter": 6, "conjugate_isogenous_pairs": 84, "eigenvalues": [5.253893362877224, -5.207606864377021]}, "11": {"diameter": 5, "conjugate_isogenous_pairs": 34, "eigenvalues": [6.60749622583068, -6.5791371527233276]}}}