{"prime": 20809, "nodes": 1734, "minpoly": "x^2 + 20802*x + 7", "spine": 58, "undirected": true, "ell": {"2": {"diameter": 14, "conjugate_isogenous_pairs": 51, "eigenvalues": [2.813850031134998, -2.815373477963183]}, "3": {"diameter": 9, "conjugate_isogenous_pairs": 47, "eigenvalues": [3.4557069215022986, -3.460873555453205]}, "5": {"diameter": 7, "conjugate_isogenous_pairs": 52, "eigenvalues": [4.4433544091592845, -4.4230564851763745]}, "7": {"diameter": 6, "conjugate_isogenous_pairs": 56, "eigenvalues": [5.253116556233681, -5.259346822288508]}, "11": {"diameter": 5, "conjugate_isogenous_pairs": 159, "eigenvalues": [6.580929386153848, -6.591685879889974]}}}