{"prime": 25171, "nodes": 2098, "minpoly": "x^2 + 25160*x + 3", "spine": 82, "undirected": false, "ell": {"2": {"diameter": 15, "conjugate_isogenous_pairs": 38, "eigenvalues": [2.8191140949028064, -2.8138794780020864]}, "3": {"diameter": 10, "conjugate_isogenous_pairs": 33, "eigenvalues": [3.4613449460630616, -3.449019826198259]}, "5": {"diameter": 7, "conjugate_isogenous_pairs": 140, "eigenvalues": [4.43789024857242, -4.446674714951566]}, "7": {"diameter": 6, "conjugate_isogenous_pairs": 60, "eigenvalues": [5.269388473717522, -5.277847152638547]}, "11": {"diameter": 5, "conjugate_isogenous_pairs": 180, "eigenvalues": [6.559727337533627, -6.614026988463463]}}}