{"prime": 22171, "nodes": 1848, "minpoly": "x^2 + 22167*x + 2", "spine": 46, "undirected": false, "ell": {"2": {"diameter": 15, "conjugate_isogenous_pairs": 37, "eigenvalues": [2.8206102889072797, -2.821101114689196]}, "3": {"diameter": 10, "conjugate_isogenous_pairs": 38, "eigenvalues": [3.4467293106075663, -3.463458503366734]}, "5": {"diameter": 7, "conjugate_isogenous_pairs": 204, "eigenvalues": [4.4712305465771545, -4.462938770468851]}, "7": {"diameter": 6, "conjugate_isogenous_pairs": 36, "eigenvalues": [5.271384626726404, -5.275330475200909]}, "11": {"diameter": 5, "conjugate_isogenous_pairs": 126, "eigenvalues": [6.601591398694762, -6.6169268628751094]}}}