{"prime": 25657, "nodes": 2138, "minpoly": "x^2 + 25652*x + 5", "spine": 24, "undirected": true, "ell": {"2": {"diameter": 14, "conjugate_isogenous_pairs": 80, "eigenvalues": [2.824242068970573, -2.8251588346788536]}, "3": {"diameter": 9, "conjugate_isogenous_pairs": 66, "eigenvalues": [3.450665331014929, -3.4445174482827525]}, "5": {"diameter": 7, "conjugate_isogenous_pairs": 84, "eigenvalues": [4.44563075354425, -4.470467733601297]}, "7": {"diameter": 6, "conjugate_isogenous_pairs": 116, "eigenvalues": [5.252849487686208, -5.27873049799307]}, "11": {"diameter": 5, "conjugate_isogenous_pairs": 139, "eigenvalues": [6.583304296945144, -6.587971039675948]}}}