{"prime": 17839, "nodes": 1487, "minpoly": "x^2 + 17837*x + 6", "spine": 105, "undirected": false, "ell": {"2": {"diameter": 15, "conjugate_isogenous_pairs": 40, "eigenvalues": [2.821284736599621, -2.8223492949359477]}, "3": {"diameter": 9, "conjugate_isogenous_pairs": 35, "eigenvalues": [3.455051522270576, -3.445678441473413]}, "5": {"diameter": 7, "conjugate_isogenous_pairs": 73, "eigenvalues": [4.4387045672687595, -4.444673623831995]}, "7": {"diameter": 6, "conjugate_isogenous_pairs": 25, "eigenvalues": [5.216658126680627, -5.2540914825605745]}, "11": {"diameter": 5, "conjugate_isogenous_pairs": 118, "eigenvalues": [6.582187526181874, -6.611414367236909]}}}