{"prime": 1297, "nodes": 108, "minpoly": "x^2 + 1294*x + 10", "spine": 6, "undirected": true, "ell": {"2": {"diameter": 8, "conjugate_isogenous_pairs": 10, "eigenvalues": [2.718558415531709, -2.7727992942678825]}, "3": {"diameter": 6, "conjugate_isogenous_pairs": 21, "eigenvalues": [3.2877525761088893, -3.4482254210511694]}, "5": {"diameter": 5, "conjugate_isogenous_pairs": 22, "eigenvalues": [4.329583337011888, -4.247065780920305]}, "7": {"diameter": 4, "conjugate_isogenous_pairs": 21, "eigenvalues": [5.223432821728823, -5.12012223223921]}, "11": {"diameter": 3, "conjugate_isogenous_pairs": 25, "eigenvalues": [6.507690312974463, -6.265391541413835]}}}