{"prime": 19231, "nodes": 1603, "minpoly": "x^2 + 19229*x + 6", "spine": 87, "undirected": false, "ell": {"2": {"diameter": 14, "conjugate_isogenous_pairs": 35, "eigenvalues": [2.818458223256243, -2.8244427998900785]}, "3": {"diameter": 9, "conjugate_isogenous_pairs": 34, "eigenvalues": [3.458506212138827, -3.456946127600933]}, "5": {"diameter": 7, "conjugate_isogenous_pairs": 109, "eigenvalues": [4.464598055624993, -4.427648760181694]}, "7": {"diameter": 6, "conjugate_isogenous_pairs": 35, "eigenvalues": [5.286624325785888, -5.279999362696851]}, "11": {"diameter": 5, "conjugate_isogenous_pairs": 97, "eigenvalues": [6.504006024913841, -6.574079179520472]}}}