{"prime": 18859, "nodes": 1572, "minpoly": "x^2 + 18855*x + 2", "spine": 54, "undirected": false, "ell": {"2": {"diameter": 14, "conjugate_isogenous_pairs": 37, "eigenvalues": [2.814880394815771, -2.8074918663053183]}, "3": {"diameter": 9, "conjugate_isogenous_pairs": 39, "eigenvalues": [3.4561109416232636, -3.438730522654997]}, "5": {"diameter": 7, "conjugate_isogenous_pairs": 145, "eigenvalues": [4.461947660838938, -4.468341622596875]}, "7": {"diameter": 6, "conjugate_isogenous_pairs": 41, "eigenvalues": [5.201664211273789, -5.251343748998211]}, "11": {"diameter": 5, "conjugate_isogenous_pairs": 92, "eigenvalues": [6.560717324474687, -6.577138119078491]}}}