{"prime": 1097, "nodes": 92, "minpoly": "x^2 + 1096*x + 3", "spine": 18, "undirected": false, "ell": {"2": {"diameter": 10, "conjugate_isogenous_pairs": 7, "eigenvalues": [2.7662711075816824, -2.7701663854714482]}, "3": {"diameter": 7, "conjugate_isogenous_pairs": 7, "eigenvalues": [3.3707440462485296, -3.427014883748374]}, "5": {"diameter": 5, "conjugate_isogenous_pairs": 9, "eigenvalues": [4.088654389521922, -4.351046910836512]}, "7": {"diameter": 4, "conjugate_isogenous_pairs": 31, "eigenvalues": [5.142253636093071, -5.242253796151274]}, "11": {"diameter": 3, "conjugate_isogenous_pairs": 11, "eigenvalues": [6.55084398413893, -6.249152471368792]}}}