{"prime": 19207, "nodes": 1601, "minpoly": "x^2 + 19205*x + 5", "spine": 47, "undirected": false, "ell": {"2": {"diameter": 14, "conjugate_isogenous_pairs": 68, "eigenvalues": [2.8233096186633357, -2.8140013162976567]}, "3": {"diameter": 9, "conjugate_isogenous_pairs": 42, "eigenvalues": [3.452782634313081, -3.458751608750972]}, "5": {"diameter": 7, "conjugate_isogenous_pairs": 74, "eigenvalues": [4.448392943445729, -4.468231287870803]}, "7": {"diameter": 6, "conjugate_isogenous_pairs": 67, "eigenvalues": [5.215794384163587, -5.291271197502533]}, "11": {"diameter": 5, "conjugate_isogenous_pairs": 113, "eigenvalues": [6.533549179554975, -6.561179482643859]}}}