{"prime": 827, "nodes": 70, "minpoly": "x^2 + 821*x + 2", "spine": 14, "undirected": false, "ell": {"2": {"diameter": 8, "conjugate_isogenous_pairs": 5, "eigenvalues": [2.6680832516023307, -2.7230223183740523]}, "3": {"diameter": 6, "conjugate_isogenous_pairs": 10, "eigenvalues": [3.4280468002281594, -3.2948182678603213]}, "5": {"diameter": 5, "conjugate_isogenous_pairs": 17, "eigenvalues": [4.11579438541344, -4.264484071222616]}, "7": {"diameter": 4, "conjugate_isogenous_pairs": 15, "eigenvalues": [5.0624985565020015, -5.149055763141184]}, "11": {"diameter": 3, "conjugate_isogenous_pairs": 7, "eigenvalues": [6.601336713778977, -6.284572963227899]}}}