{"prime": 5749, "nodes": 479, "minpoly": "x^2 + 5745*x + 2", "spine": 25, "undirected": true, "ell": {"2": {"diameter": 11, "conjugate_isogenous_pairs": 16, "eigenvalues": [2.8087104173324913, -2.814405223761557]}, "3": {"diameter": 8, "conjugate_isogenous_pairs": 51, "eigenvalues": [3.4246871863432333, -3.428358226955215]}, "5": {"diameter": 6, "conjugate_isogenous_pairs": 44, "eigenvalues": [4.423456126871939, -4.391448490607491]}, "7": {"diameter": 5, "conjugate_isogenous_pairs": 20, "eigenvalues": [5.240359204991514, -5.233682652486664]}, "11": {"diameter": 4, "conjugate_isogenous_pairs": 93, "eigenvalues": [6.532573170948181, -6.537248473036014]}}}