{"prime": 29101, "nodes": 2425, "minpoly": "x^2 + 29097*x + 2", "spine": 49, "undirected": true, "ell": {"2": {"diameter": 14, "conjugate_isogenous_pairs": 37, "eigenvalues": [2.822814569014535, -2.8267303007339635]}, "3": {"diameter": 10, "conjugate_isogenous_pairs": 81, "eigenvalues": [3.4178706876191995, -3.459442111131569]}, "5": {"diameter": 7, "conjugate_isogenous_pairs": 154, "eigenvalues": [4.45693465858764, -4.453017524176722]}, "7": {"diameter": 6, "conjugate_isogenous_pairs": 62, "eigenvalues": [5.230924400560892, -5.280272004153922]}, "11": {"diameter": 5, "conjugate_isogenous_pairs": 344, "eigenvalues": [6.60597731493714, -6.615052206969615]}}}