{"prime": 26029, "nodes": 2169, "minpoly": "x^2 + 26025*x + 6", "spine": 59, "undirected": true, "ell": {"2": {"diameter": 15, "conjugate_isogenous_pairs": 49, "eigenvalues": [2.825657491508656, -2.8236045345518583]}, "3": {"diameter": 10, "conjugate_isogenous_pairs": 58, "eigenvalues": [3.4414302695511, -3.4613777494613487]}, "5": {"diameter": 7, "conjugate_isogenous_pairs": 56, "eigenvalues": [4.438961605755748, -4.454063200689395]}, "7": {"diameter": 6, "conjugate_isogenous_pairs": 68, "eigenvalues": [5.238168779172384, -5.251529103192997]}, "11": {"diameter": 5, "conjugate_isogenous_pairs": 312, "eigenvalues": [6.589530587443201, -6.608542836110474]}}}