{"prime": 17623, "nodes": 1469, "minpoly": "x^2 + 17621*x + 3", "spine": 43, "undirected": false, "ell": {"2": {"diameter": 14, "conjugate_isogenous_pairs": 55, "eigenvalues": [2.818088500568691, -2.819422879669333]}, "3": {"diameter": 9, "conjugate_isogenous_pairs": 41, "eigenvalues": [3.462085731149308, -3.438785519393753]}, "5": {"diameter": 7, "conjugate_isogenous_pairs": 114, "eigenvalues": [4.389805890441222, -4.4460569428294185]}, "7": {"diameter": 6, "conjugate_isogenous_pairs": 74, "eigenvalues": [5.2401557088336785, -5.233462607769981]}, "11": {"diameter": 5, "conjugate_isogenous_pairs": 79, "eigenvalues": [6.629418383275912, -6.5961491647455075]}}}