{"prime": 7417, "nodes": 618, "minpoly": "x^2 + 7412*x + 5", "spine": 12, "undirected": true, "ell": {"2": {"diameter": 12, "conjugate_isogenous_pairs": 40, "eigenvalues": [2.8091719830725324, -2.819403608559198]}, "3": {"diameter": 8, "conjugate_isogenous_pairs": 46, "eigenvalues": [3.437733279290525, -3.4560145297071236]}, "5": {"diameter": 6, "conjugate_isogenous_pairs": 59, "eigenvalues": [4.380904519554982, -4.4409451358972465]}, "7": {"diameter": 5, "conjugate_isogenous_pairs": 74, "eigenvalues": [5.196191815084292, -5.244152625478824]}, "11": {"diameter": 4, "conjugate_isogenous_pairs": 50, "eigenvalues": [6.5233104779849755, -6.532606758004823]}}}