{"prime": 23447, "nodes": 1955, "minpoly": "x^2 + 23444*x + 5", "spine": 123, "undirected": false, "ell": {"2": {"diameter": 15, "conjugate_isogenous_pairs": 36, "eigenvalues": [2.8219064816805197, -2.825442195094062]}, "3": {"diameter": 10, "conjugate_isogenous_pairs": 62, "eigenvalues": [3.4589764683579416, -3.4462291702686234]}, "5": {"diameter": 7, "conjugate_isogenous_pairs": 66, "eigenvalues": [4.453114477095458, -4.4352243411786665]}, "7": {"diameter": 6, "conjugate_isogenous_pairs": 98, "eigenvalues": [5.277760628757885, -5.262518854823856]}, "11": {"diameter": 5, "conjugate_isogenous_pairs": 37, "eigenvalues": [6.605541709182045, -6.585207229702107]}}}