{"prime": 22189, "nodes": 1849, "minpoly": "x^2 + 22185*x + 2", "spine": 63, "undirected": true, "ell": {"2": {"diameter": 14, "conjugate_isogenous_pairs": 61, "eigenvalues": [2.827654310654148, -2.8253690626370855]}, "3": {"diameter": 9, "conjugate_isogenous_pairs": 59, "eigenvalues": [3.4585855167800137, -3.4473418965644003]}, "5": {"diameter": 7, "conjugate_isogenous_pairs": 71, "eigenvalues": [4.4691932795690335, -4.437502747316795]}, "7": {"diameter": 6, "conjugate_isogenous_pairs": 44, "eigenvalues": [5.271141685095978, -5.242654069266092]}, "11": {"diameter": 5, "conjugate_isogenous_pairs": 257, "eigenvalues": [6.627732087632768, -6.542941056239066]}}}