{"prime": 10753, "nodes": 896, "minpoly": "x^2 + 10752*x + 11", "spine": 18, "undirected": true, "ell": {"2": {"diameter": 13, "conjugate_isogenous_pairs": 34, "eigenvalues": [2.8177453850199874, -2.8159603182474173]}, "3": {"diameter": 9, "conjugate_isogenous_pairs": 37, "eigenvalues": [3.4588127609593675, -3.4488043949509533]}, "5": {"diameter": 6, "conjugate_isogenous_pairs": 81, "eigenvalues": [4.423087923315954, -4.457194569609943]}, "7": {"diameter": 5, "conjugate_isogenous_pairs": 87, "eigenvalues": [5.273693147640417, -5.242177620328073]}, "11": {"diameter": 4, "conjugate_isogenous_pairs": 89, "eigenvalues": [6.521882086264819, -6.5109963053197815]}}}