{"prime": 22973, "nodes": 1915, "minpoly": "x^2 + 22972*x + 2", "spine": 55, "undirected": false, "ell": {"2": {"diameter": 15, "conjugate_isogenous_pairs": 37, "eigenvalues": [2.8151686014468953, -2.826009951190998]}, "3": {"diameter": 10, "conjugate_isogenous_pairs": 79, "eigenvalues": [3.45357517999768, -3.4504059845487434]}, "5": {"diameter": 7, "conjugate_isogenous_pairs": 37, "eigenvalues": [4.457910592678314, -4.469553289085716]}, "7": {"diameter": 6, "conjugate_isogenous_pairs": 201, "eigenvalues": [5.282880779725976, -5.242072523028896]}, "11": {"diameter": 5, "conjugate_isogenous_pairs": 141, "eigenvalues": [6.556247308686991, -6.624958927335152]}}}