{"prime": 24329, "nodes": 2028, "minpoly": "x^2 + 24328*x + 3", "spine": 74, "undirected": false, "ell": {"2": {"diameter": 15, "conjugate_isogenous_pairs": 22, "eigenvalues": [2.8207711795150963, -2.825342094985145]}, "3": {"diameter": 10, "conjugate_isogenous_pairs": 52, "eigenvalues": [3.453376750049363, -3.4535239722093007]}, "5": {"diameter": 7, "conjugate_isogenous_pairs": 52, "eigenvalues": [4.443671913809212, -4.447819963230363]}, "7": {"diameter": 6, "conjugate_isogenous_pairs": 117, "eigenvalues": [5.283232599808891, -5.248575950581005]}, "11": {"diameter": 5, "conjugate_isogenous_pairs": 78, "eigenvalues": [6.542387599417733, -6.579803020971855]}}}