{"prime": 25321, "nodes": 2110, "minpoly": "x^2 + 25302*x + 19", "spine": 60, "undirected": true, "ell": {"2": {"diameter": 15, "conjugate_isogenous_pairs": 35, "eigenvalues": [2.8276903513637395, -2.817685888162759]}, "3": {"diameter": 9, "conjugate_isogenous_pairs": 55, "eigenvalues": [3.442085378570334, -3.447804779628844]}, "5": {"diameter": 7, "conjugate_isogenous_pairs": 87, "eigenvalues": [4.468788929079501, -4.439779178834376]}, "7": {"diameter": 6, "conjugate_isogenous_pairs": 77, "eigenvalues": [5.272736885105391, -5.256202672950262]}, "11": {"diameter": 5, "conjugate_isogenous_pairs": 179, "eigenvalues": [6.591047206034037, -6.556499155990651]}}}