{"prime": 4243, "nodes": 354, "minpoly": "x^2 + 4239*x + 2", "spine": 18, "undirected": false, "ell": {"2": {"diameter": 11, "conjugate_isogenous_pairs": 24, "eigenvalues": [2.7907452562816486, -2.8007959039149855]}, "3": {"diameter": 8, "conjugate_isogenous_pairs": 29, "eigenvalues": [3.362300543495144, -3.423988571488595]}, "5": {"diameter": 6, "conjugate_isogenous_pairs": 82, "eigenvalues": [4.435556965345477, -4.331574439220539]}, "7": {"diameter": 5, "conjugate_isogenous_pairs": 25, "eigenvalues": [5.243023563466077, -5.215932923781228]}, "11": {"diameter": 4, "conjugate_isogenous_pairs": 32, "eigenvalues": [6.532070435075196, -6.564186173741231]}}}