{"prime": 3181, "nodes": 265, "minpoly": "x^2 + 3179*x + 7", "spine": 27, "undirected": true, "ell": {"2": {"diameter": 11, "conjugate_isogenous_pairs": 11, "eigenvalues": [2.8105715955428545, -2.8077464155542384]}, "3": {"diameter": 8, "conjugate_isogenous_pairs": 23, "eigenvalues": [3.3892373774519946, -3.4166051662329417]}, "5": {"diameter": 5, "conjugate_isogenous_pairs": 20, "eigenvalues": [4.435794207511214, -4.410610641942471]}, "7": {"diameter": 4, "conjugate_isogenous_pairs": 16, "eigenvalues": [5.180754223313214, -5.231648411382575]}, "11": {"diameter": 4, "conjugate_isogenous_pairs": 82, "eigenvalues": [6.33900262987546, -6.538923456510551]}}}