{"prime": 17891, "nodes": 1492, "minpoly": "x^2 + 17887*x + 2", "spine": 126, "undirected": false, "ell": {"2": {"diameter": 14, "conjugate_isogenous_pairs": 21, "eigenvalues": [2.822457570542017, -2.824403588529171]}, "3": {"diameter": 10, "conjugate_isogenous_pairs": 30, "eigenvalues": [3.4544274106448687, -3.440793838140012]}, "5": {"diameter": 7, "conjugate_isogenous_pairs": 45, "eigenvalues": [4.398108426218619, -4.463988156883924]}, "7": {"diameter": 6, "conjugate_isogenous_pairs": 56, "eigenvalues": [5.257561492453472, -5.196021111638527]}, "11": {"diameter": 5, "conjugate_isogenous_pairs": 72, "eigenvalues": [6.542478202762433, -6.587107647081591]}}}