{"prime": 11587, "nodes": 966, "minpoly": "x^2 + 11583*x + 2", "spine": 26, "undirected": false, "ell": {"2": {"diameter": 13, "conjugate_isogenous_pairs": 38, "eigenvalues": [2.81945496925794, -2.819669033869288]}, "3": {"diameter": 9, "conjugate_isogenous_pairs": 40, "eigenvalues": [3.4581097328727983, -3.4541140570959934]}, "5": {"diameter": 6, "conjugate_isogenous_pairs": 127, "eigenvalues": [4.405497840244558, -4.4631327380921]}, "7": {"diameter": 5, "conjugate_isogenous_pairs": 39, "eigenvalues": [5.250369909300998, -5.235740370936773]}, "11": {"diameter": 4, "conjugate_isogenous_pairs": 51, "eigenvalues": [6.5860424020548205, -6.522502742221263]}}}