{"prime": 18461, "nodes": 1539, "minpoly": "x^2 + 18453*x + 2", "spine": 73, "undirected": false, "ell": {"2": {"diameter": 14, "conjugate_isogenous_pairs": 19, "eigenvalues": [2.8136480986230277, -2.8243631251269954]}, "3": {"diameter": 10, "conjugate_isogenous_pairs": 70, "eigenvalues": [3.4527420815460186, -3.4323128621073073]}, "5": {"diameter": 7, "conjugate_isogenous_pairs": 31, "eigenvalues": [4.429018203142921, -4.441193071246834]}, "7": {"diameter": 6, "conjugate_isogenous_pairs": 76, "eigenvalues": [5.239664676584849, -5.230639223123286]}, "11": {"diameter": 5, "conjugate_isogenous_pairs": 108, "eigenvalues": [6.599660643293105, -6.616921675118961]}}}