{"prime": 7129, "nodes": 594, "minpoly": "x^2 + 7120*x + 7", "spine": 26, "undirected": true, "ell": {"2": {"diameter": 12, "conjugate_isogenous_pairs": 33, "eigenvalues": [2.8080148903204347, -2.820813933129644]}, "3": {"diameter": 8, "conjugate_isogenous_pairs": 20, "eigenvalues": [3.420005088831838, -3.4404683356175414]}, "5": {"diameter": 6, "conjugate_isogenous_pairs": 35, "eigenvalues": [4.437015638040297, -4.42695255865588]}, "7": {"diameter": 5, "conjugate_isogenous_pairs": 48, "eigenvalues": [5.254379847616352, -5.217154398145573]}, "11": {"diameter": 4, "conjugate_isogenous_pairs": 112, "eigenvalues": [6.550122920056244, -6.51931833896804]}}}