{"prime": 11503, "nodes": 959, "minpoly": "x^2 + 11502*x + 3", "spine": 35, "undirected": false, "ell": {"2": {"diameter": 14, "conjugate_isogenous_pairs": 32, "eigenvalues": [2.8247725819789684, -2.8174401592056393]}, "3": {"diameter": 9, "conjugate_isogenous_pairs": 40, "eigenvalues": [3.438939861794847, -3.442952427805885]}, "5": {"diameter": 7, "conjugate_isogenous_pairs": 104, "eigenvalues": [4.462797332866344, -4.438363632699813]}, "7": {"diameter": 6, "conjugate_isogenous_pairs": 42, "eigenvalues": [5.261014665324077, -5.229567939470708]}, "11": {"diameter": 5, "conjugate_isogenous_pairs": 82, "eigenvalues": [6.550702004319569, -6.6198186470083105]}}}