{"prime": 10141, "nodes": 845, "minpoly": "x^2 + 10140*x + 2", "spine": 49, "undirected": true, "ell": {"2": {"diameter": 13, "conjugate_isogenous_pairs": 26, "eigenvalues": [2.8209785129086247, -2.8158177840930643]}, "3": {"diameter": 9, "conjugate_isogenous_pairs": 49, "eigenvalues": [3.4473907042732246, -3.4233732826284737]}, "5": {"diameter": 6, "conjugate_isogenous_pairs": 48, "eigenvalues": [4.469386728674891, -4.405263542902806]}, "7": {"diameter": 5, "conjugate_isogenous_pairs": 28, "eigenvalues": [5.226346559761667, -5.232285880444153]}, "11": {"diameter": 4, "conjugate_isogenous_pairs": 173, "eigenvalues": [6.565533894131185, -6.498340490171672]}}}