{"prime": 16889, "nodes": 1408, "minpoly": "x^2 + 16882*x + 3", "spine": 72, "undirected": false, "ell": {"2": {"diameter": 14, "conjugate_isogenous_pairs": 30, "eigenvalues": [2.8221899578113776, -2.8117432597597563]}, "3": {"diameter": 10, "conjugate_isogenous_pairs": 29, "eigenvalues": [3.454351921365358, -3.441409112379641]}, "5": {"diameter": 7, "conjugate_isogenous_pairs": 24, "eigenvalues": [4.44478168775909, -4.461601734562551]}, "7": {"diameter": 6, "conjugate_isogenous_pairs": 107, "eigenvalues": [5.216247335717981, -5.26217488583645]}, "11": {"diameter": 5, "conjugate_isogenous_pairs": 100, "eigenvalues": [6.608858699581536, -6.547920770568817]}}}