{"prime": 1549, "nodes": 129, "minpoly": "x^2 + 1541*x + 2", "spine": 9, "undirected": true, "ell": {"2": {"diameter": 9, "conjugate_isogenous_pairs": 13, "eigenvalues": [2.802927860559519, -2.779823427116372]}, "3": {"diameter": 6, "conjugate_isogenous_pairs": 14, "eigenvalues": [3.343876554061658, -3.447121935764612]}, "5": {"diameter": 5, "conjugate_isogenous_pairs": 23, "eigenvalues": [4.207093440897235, -4.119686545824925]}, "7": {"diameter": 4, "conjugate_isogenous_pairs": 14, "eigenvalues": [5.1129072352117975, -5.258667027831468]}, "11": {"diameter": 3, "conjugate_isogenous_pairs": 46, "eigenvalues": [6.3425224191457925, -6.514725308953143]}}}