{"prime": 24223, "nodes": 2019, "minpoly": "x^2 + 24221*x + 3", "spine": 67, "undirected": false, "ell": {"2": {"diameter": 16, "conjugate_isogenous_pairs": 87, "eigenvalues": [2.8244748692221275, -2.823264567706017]}, "3": {"diameter": 10, "conjugate_isogenous_pairs": 46, "eigenvalues": [3.4572176203366882, -3.444499055004906]}, "5": {"diameter": 7, "conjugate_isogenous_pairs": 87, "eigenvalues": [4.462105328130033, -4.41875685639144]}, "7": {"diameter": 6, "conjugate_isogenous_pairs": 60, "eigenvalues": [5.266131299885749, -5.26676046951638]}, "11": {"diameter": 5, "conjugate_isogenous_pairs": 88, "eigenvalues": [6.602701088782088, -6.542720593520956]}}}