{"prime": 24103, "nodes": 2009, "minpoly": "x^2 + 24101*x + 5", "spine": 65, "undirected": false, "ell": {"2": {"diameter": 14, "conjugate_isogenous_pairs": 47, "eigenvalues": [2.825086095241305, -2.826557500930622]}, "3": {"diameter": 10, "conjugate_isogenous_pairs": 88, "eigenvalues": [3.4534940877565754, -3.4426252367043766]}, "5": {"diameter": 7, "conjugate_isogenous_pairs": 126, "eigenvalues": [4.447326552804168, -4.393412564771927]}, "7": {"diameter": 6, "conjugate_isogenous_pairs": 52, "eigenvalues": [5.250126695973543, -5.279671529291745]}, "11": {"diameter": 5, "conjugate_isogenous_pairs": 73, "eigenvalues": [6.589051381793712, -6.624949016457942]}}}