{"prime": 19087, "nodes": 1591, "minpoly": "x^2 + 19085*x + 19", "spine": 83, "undirected": false, "ell": {"2": {"diameter": 15, "conjugate_isogenous_pairs": 67, "eigenvalues": [2.8266487024488236, -2.820677901508966]}, "3": {"diameter": 9, "conjugate_isogenous_pairs": 53, "eigenvalues": [3.461117665511361, -3.461422028407223]}, "5": {"diameter": 7, "conjugate_isogenous_pairs": 81, "eigenvalues": [4.442771848007843, -4.439108025796677]}, "7": {"diameter": 6, "conjugate_isogenous_pairs": 47, "eigenvalues": [5.183633456943793, -5.218320034255266]}, "11": {"diameter": 5, "conjugate_isogenous_pairs": 74, "eigenvalues": [6.559756380495782, -6.614862863930385]}}}