{"prime": 6959, "nodes": 581, "minpoly": "x^2 + 6957*x + 7", "spine": 95, "undirected": false, "ell": {"2": {"diameter": 13, "conjugate_isogenous_pairs": 7, "eigenvalues": [2.8254119158208786, -2.8229104667973206]}, "3": {"diameter": 10, "conjugate_isogenous_pairs": 25, "eigenvalues": [3.4402167195098685, -3.4142654803740444]}, "5": {"diameter": 6, "conjugate_isogenous_pairs": 36, "eigenvalues": [4.389625934007608, -4.401407510269889]}, "7": {"diameter": 5, "conjugate_isogenous_pairs": 37, "eigenvalues": [5.2349461547577665, -5.269476492268255]}, "11": {"diameter": 5, "conjugate_isogenous_pairs": 32, "eigenvalues": [6.4567237696276285, -6.588297349616316]}}}