{"prime": 19991, "nodes": 1667, "minpoly": "x^2 + 19990*x + 11", "spine": 199, "undirected": false, "ell": {"2": {"diameter": 15, "conjugate_isogenous_pairs": 19, "eigenvalues": [2.817757457214015, -2.819143952121485]}, "3": {"diameter": 10, "conjugate_isogenous_pairs": 24, "eigenvalues": [3.4610108436032436, -3.4604144978599813]}, "5": {"diameter": 7, "conjugate_isogenous_pairs": 32, "eigenvalues": [4.448804498597951, -4.455927499518703]}, "7": {"diameter": 6, "conjugate_isogenous_pairs": 78, "eigenvalues": [5.2430370488001845, -5.2643546480194425]}, "11": {"diameter": 5, "conjugate_isogenous_pairs": 86, "eigenvalues": [6.574614744159038, -6.569937238835249]}}}