{"prime": 7577, "nodes": 632, "minpoly": "x^2 + 7572*x + 3", "spine": 34, "undirected": false, "ell": {"2": {"diameter": 13, "conjugate_isogenous_pairs": 27, "eigenvalues": [2.8141955872377253, -2.8274842992215192]}, "3": {"diameter": 9, "conjugate_isogenous_pairs": 32, "eigenvalues": [3.43368437182347, -3.4466246454968967]}, "5": {"diameter": 6, "conjugate_isogenous_pairs": 24, "eigenvalues": [4.434281334182204, -4.375447688108208]}, "7": {"diameter": 5, "conjugate_isogenous_pairs": 141, "eigenvalues": [5.264374091834213, -5.259196557264911]}, "11": {"diameter": 4, "conjugate_isogenous_pairs": 43, "eigenvalues": [6.581802474607069, -6.563098041690653]}}}