{"prime": 709, "nodes": 59, "minpoly": "x^2 + 705*x + 2", "spine": 5, "undirected": true, "ell": {"2": {"diameter": 8, "conjugate_isogenous_pairs": 8, "eigenvalues": [2.7774519533695607, -2.7267809797099924]}, "3": {"diameter": 5, "conjugate_isogenous_pairs": 12, "eigenvalues": [3.2151243364476505, -3.2900560112482937]}, "5": {"diameter": 4, "conjugate_isogenous_pairs": 15, "eigenvalues": [4.211737712664157, -4.255195209346544]}, "7": {"diameter": 4, "conjugate_isogenous_pairs": 10, "eigenvalues": [4.999368073964157, -5.108680281878508]}, "11": {"diameter": 3, "conjugate_isogenous_pairs": 23, "eigenvalues": [6.1650180154248355, -6.361703400279184]}}}