{"prime": 8831, "nodes": 737, "minpoly": "x^2 + 8830*x + 7", "spine": 109, "undirected": false, "ell": {"2": {"diameter": 13, "conjugate_isogenous_pairs": 13, "eigenvalues": [2.7834201436055297, -2.8079012516039015]}, "3": {"diameter": 9, "conjugate_isogenous_pairs": 24, "eigenvalues": [3.459248834027171, -3.455811118739704]}, "5": {"diameter": 6, "conjugate_isogenous_pairs": 32, "eigenvalues": [4.408276873927959, -4.435775514999808]}, "7": {"diameter": 6, "conjugate_isogenous_pairs": 41, "eigenvalues": [5.252388055085241, -5.25551625663201]}, "11": {"diameter": 5, "conjugate_isogenous_pairs": 32, "eigenvalues": [6.567816047405589, -6.617873766428714]}}}