{"prime": 10429, "nodes": 869, "minpoly": "x^2 + 10423*x + 7", "spine": 33, "undirected": true, "ell": {"2": {"diameter": 14, "conjugate_isogenous_pairs": 42, "eigenvalues": [2.8165628376453093, -2.8094244070260284]}, "3": {"diameter": 8, "conjugate_isogenous_pairs": 42, "eigenvalues": [3.4383853529765407, -3.402824436032126]}, "5": {"diameter": 6, "conjugate_isogenous_pairs": 33, "eigenvalues": [4.428728410431368, -4.4523523588356015]}, "7": {"diameter": 5, "conjugate_isogenous_pairs": 29, "eigenvalues": [5.251685048705751, -5.271187100405889]}, "11": {"diameter": 4, "conjugate_isogenous_pairs": 158, "eigenvalues": [6.525369104551469, -6.621313186201336]}}}