{"prime": 3457, "nodes": 288, "minpoly": "x^2 + 3454*x + 7", "spine": 14, "undirected": true, "ell": {"2": {"diameter": 12, "conjugate_isogenous_pairs": 25, "eigenvalues": [2.8271351180212, -2.820068179665987]}, "3": {"diameter": 7, "conjugate_isogenous_pairs": 27, "eigenvalues": [3.4384647747039447, -3.4273173546851483]}, "5": {"diameter": 6, "conjugate_isogenous_pairs": 23, "eigenvalues": [4.3708654545006915, -4.4709134824021515]}, "7": {"diameter": 4, "conjugate_isogenous_pairs": 48, "eigenvalues": [5.269060694641319, -5.121649734934376]}, "11": {"diameter": 4, "conjugate_isogenous_pairs": 52, "eigenvalues": [6.445233630981899, -6.46188945085143]}}}