{"prime": 24097, "nodes": 2008, "minpoly": "x^2 + 24094*x + 5", "spine": 30, "undirected": true, "ell": {"2": {"diameter": 14, "conjugate_isogenous_pairs": 83, "eigenvalues": [2.8276640295965505, -2.821113293239678]}, "3": {"diameter": 9, "conjugate_isogenous_pairs": 70, "eigenvalues": [3.458916274399748, -3.4583331247721416]}, "5": {"diameter": 7, "conjugate_isogenous_pairs": 67, "eigenvalues": [4.450132052649286, -4.45397142866409]}, "7": {"diameter": 6, "conjugate_isogenous_pairs": 110, "eigenvalues": [5.263815621455083, -5.229761520108978]}, "11": {"diameter": 5, "conjugate_isogenous_pairs": 164, "eigenvalues": [6.541036604509442, -6.625960169963089]}}}