{"prime": 9433, "nodes": 786, "minpoly": "x^2 + 9430*x + 5", "spine": 16, "undirected": true, "ell": {"2": {"diameter": 13, "conjugate_isogenous_pairs": 38, "eigenvalues": [2.807272329637256, -2.823150757502186]}, "3": {"diameter": 8, "conjugate_isogenous_pairs": 57, "eigenvalues": [3.414810096086914, -3.4337292654480986]}, "5": {"diameter": 6, "conjugate_isogenous_pairs": 60, "eigenvalues": [4.4305493878459234, -4.44010424716491]}, "7": {"diameter": 5, "conjugate_isogenous_pairs": 62, "eigenvalues": [5.254916100874704, -5.249275748727323]}, "11": {"diameter": 4, "conjugate_isogenous_pairs": 68, "eigenvalues": [6.616844004770767, -6.519525604489187]}}}