{"prime": 14621, "nodes": 1219, "minpoly": "x^2 + 14615*x + 2", "spine": 105, "undirected": false, "ell": {"2": {"diameter": 14, "conjugate_isogenous_pairs": 14, "eigenvalues": [2.819138364927384, -2.8268594848488275]}, "3": {"diameter": 10, "conjugate_isogenous_pairs": 41, "eigenvalues": [3.4618928161209417, -3.4526248140740754]}, "5": {"diameter": 7, "conjugate_isogenous_pairs": 34, "eigenvalues": [4.456338673894472, -4.451029548584745]}, "7": {"diameter": 6, "conjugate_isogenous_pairs": 67, "eigenvalues": [5.228176269674154, -5.275433800380025]}, "11": {"diameter": 5, "conjugate_isogenous_pairs": 117, "eigenvalues": [6.59496230590844, -6.5673758934461945]}}}