{"prime": 5393, "nodes": 450, "minpoly": "x^2 + 5388*x + 3", "spine": 36, "undirected": false, "ell": {"2": {"diameter": 13, "conjugate_isogenous_pairs": 23, "eigenvalues": [2.818870064564422, -2.8041359421804466]}, "3": {"diameter": 9, "conjugate_isogenous_pairs": 24, "eigenvalues": [3.452172661699144, -3.449980236991292]}, "5": {"diameter": 6, "conjugate_isogenous_pairs": 15, "eigenvalues": [4.365977698035817, -4.428163146479846]}, "7": {"diameter": 5, "conjugate_isogenous_pairs": 108, "eigenvalues": [5.149114046753116, -5.236612358366139]}, "11": {"diameter": 4, "conjugate_isogenous_pairs": 30, "eigenvalues": [6.539203900874385, -6.5212695386848685]}}}