{"prime": 131, "nodes": 12, "minpoly": "x^2 + 127*x + 2", "spine": 10, "undirected": false, "ell": {"2": {"diameter": 5, "conjugate_isogenous_pairs": 0, "eigenvalues": [2.5739444595807845, -2.7759480624612167]}, "3": {"diameter": 4, "conjugate_isogenous_pairs": 1, "eigenvalues": [3.045908565256717, -3.3177618278830536]}, "5": {"diameter": 4, "conjugate_isogenous_pairs": 1, "eigenvalues": [4.243606817115053, -3.947589367360614]}, "7": {"diameter": 3, "conjugate_isogenous_pairs": 1, "eigenvalues": [4.53364097785472, -4.342665952142359]}, "11": {"diameter": 2, "conjugate_isogenous_pairs": 1, "eigenvalues": [4.936078179015183, -4.114243269449882]}}}