{"prime": 17789, "nodes": 1483, "minpoly": "x^2 + 17784*x + 2", "spine": 71, "undirected": false, "ell": {"2": {"diameter": 14, "conjugate_isogenous_pairs": 20, "eigenvalues": [2.802329286171088, -2.823223058481283]}, "3": {"diameter": 10, "conjugate_isogenous_pairs": 79, "eigenvalues": [3.4472807684174276, -3.452178588901175]}, "5": {"diameter": 7, "conjugate_isogenous_pairs": 50, "eigenvalues": [4.452910011167099, -4.467666804306735]}, "7": {"diameter": 6, "conjugate_isogenous_pairs": 75, "eigenvalues": [5.247829857031365, -5.262543156667201]}, "11": {"diameter": 5, "conjugate_isogenous_pairs": 94, "eigenvalues": [6.575207875282074, -6.564629720753276]}}}