{"prime": 811, "nodes": 68, "minpoly": "x^2 + 806*x + 3", "spine": 14, "undirected": false, "ell": {"2": {"diameter": 9, "conjugate_isogenous_pairs": 6, "eigenvalues": [2.7483173378147585, -2.7586827662961304]}, "3": {"diameter": 6, "conjugate_isogenous_pairs": 4, "eigenvalues": [3.4271616550761985, -3.3595651187458593]}, "5": {"diameter": 5, "conjugate_isogenous_pairs": 22, "eigenvalues": [4.296611736690057, -4.385614196766629]}, "7": {"diameter": 4, "conjugate_isogenous_pairs": 7, "eigenvalues": [5.18176855279428, -5.282285565411787]}, "11": {"diameter": 3, "conjugate_isogenous_pairs": 22, "eigenvalues": [6.198216429905788, -6.522140632974367]}}}