{"prime": 6007, "nodes": 501, "minpoly": "x^2 + 6005*x + 3", "spine": 27, "undirected": false, "ell": {"2": {"diameter": 12, "conjugate_isogenous_pairs": 25, "eigenvalues": [2.808335207604321, -2.8203987787910663]}, "3": {"diameter": 8, "conjugate_isogenous_pairs": 23, "eigenvalues": [3.45442512374355, -3.457411436672595]}, "5": {"diameter": 6, "conjugate_isogenous_pairs": 63, "eigenvalues": [4.398046190986571, -4.430739238256829]}, "7": {"diameter": 5, "conjugate_isogenous_pairs": 35, "eigenvalues": [5.104421982825543, -5.22540126542008]}, "11": {"diameter": 4, "conjugate_isogenous_pairs": 37, "eigenvalues": [6.543868124014464, -6.573583260605679]}}}