{"prime": 6673, "nodes": 556, "minpoly": "x^2 + 6670*x + 5", "spine": 14, "undirected": true, "ell": {"2": {"diameter": 12, "conjugate_isogenous_pairs": 30, "eigenvalues": [2.8030962147267053, -2.8223604068890804]}, "3": {"diameter": 9, "conjugate_isogenous_pairs": 49, "eigenvalues": [3.4489443206102353, -3.4368348173281595]}, "5": {"diameter": 6, "conjugate_isogenous_pairs": 49, "eigenvalues": [4.445393455412626, -4.45785453540493]}, "7": {"diameter": 5, "conjugate_isogenous_pairs": 39, "eigenvalues": [5.235735263591714, -5.21680090531054]}, "11": {"diameter": 4, "conjugate_isogenous_pairs": 52, "eigenvalues": [6.446993844678309, -6.377950961666297]}}}