{"prime": 15013, "nodes": 1251, "minpoly": "x^2 + 15012*x + 2", "spine": 29, "undirected": true, "ell": {"2": {"diameter": 14, "conjugate_isogenous_pairs": 70, "eigenvalues": [2.8237911642227296, -2.8093736052424605]}, "3": {"diameter": 9, "conjugate_isogenous_pairs": 59, "eigenvalues": [3.400798055475898, -3.4395196038671596]}, "5": {"diameter": 6, "conjugate_isogenous_pairs": 44, "eigenvalues": [4.4618116006524104, -4.436756258355127]}, "7": {"diameter": 5, "conjugate_isogenous_pairs": 78, "eigenvalues": [5.266773398217542, -5.274900341445719]}, "11": {"diameter": 5, "conjugate_isogenous_pairs": 172, "eigenvalues": [6.580012053009165, -6.530299788248255]}}}