{"prime": 15749, "nodes": 1313, "minpoly": "x^2 + 15744*x + 2", "spine": 77, "undirected": false, "ell": {"2": {"diameter": 14, "conjugate_isogenous_pairs": 21, "eigenvalues": [2.8191389373341638, -2.822578407125161]}, "3": {"diameter": 10, "conjugate_isogenous_pairs": 63, "eigenvalues": [3.456892539530742, -3.452849627826265]}, "5": {"diameter": 7, "conjugate_isogenous_pairs": 33, "eigenvalues": [4.447541393884307, -4.434800616884419]}, "7": {"diameter": 6, "conjugate_isogenous_pairs": 64, "eigenvalues": [5.257932185243088, -5.269806145672907]}, "11": {"diameter": 5, "conjugate_isogenous_pairs": 145, "eigenvalues": [6.622913394400094, -6.588007083561266]}}}