{"prime": 27017, "nodes": 2252, "minpoly": "x^2 + 27016*x + 5", "spine": 68, "undirected": false, "ell": {"2": {"diameter": 15, "conjugate_isogenous_pairs": 33, "eigenvalues": [2.8208680247759976, -2.8252327280653162]}, "3": {"diameter": 10, "conjugate_isogenous_pairs": 87, "eigenvalues": [3.4602672601415434, -3.458888226618295]}, "5": {"diameter": 7, "conjugate_isogenous_pairs": 38, "eigenvalues": [4.462793388683544, -4.402421110208399]}, "7": {"diameter": 6, "conjugate_isogenous_pairs": 249, "eigenvalues": [5.2726736330033415, -5.249013395582309]}, "11": {"diameter": 5, "conjugate_isogenous_pairs": 59, "eigenvalues": [6.628387665177149, -6.600338726632427]}}}