{"prime": 15823, "nodes": 1319, "minpoly": "x^2 + 15821*x + 3", "spine": 61, "undirected": false, "ell": {"2": {"diameter": 14, "conjugate_isogenous_pairs": 77, "eigenvalues": [2.818304898715987, -2.822353498673924]}, "3": {"diameter": 9, "conjugate_isogenous_pairs": 32, "eigenvalues": [3.4537832097436256, -3.4514622260399115]}, "5": {"diameter": 7, "conjugate_isogenous_pairs": 58, "eigenvalues": [4.455416436840718, -4.462804475643037]}, "7": {"diameter": 6, "conjugate_isogenous_pairs": 56, "eigenvalues": [5.269163197300538, -5.264579278702526]}, "11": {"diameter": 5, "conjugate_isogenous_pairs": 92, "eigenvalues": [6.553485154038744, -6.545644630713138]}}}