{"prime": 5987, "nodes": 500, "minpoly": "x^2 + 5983*x + 2", "spine": 30, "undirected": false, "ell": {"2": {"diameter": 12, "conjugate_isogenous_pairs": 16, "eigenvalues": [2.807285343044053, -2.8120684019546744]}, "3": {"diameter": 9, "conjugate_isogenous_pairs": 29, "eigenvalues": [3.3991699303547507, -3.4055725037918227]}, "5": {"diameter": 6, "conjugate_isogenous_pairs": 50, "eigenvalues": [4.418862428942831, -4.404075667302698]}, "7": {"diameter": 5, "conjugate_isogenous_pairs": 68, "eigenvalues": [5.211557123963932, -5.221119954732171]}, "11": {"diameter": 4, "conjugate_isogenous_pairs": 23, "eigenvalues": [6.552219930156944, -6.613095103343932]}}}