{"prime": 953, "nodes": 80, "minpoly": "x^2 + 947*x + 3", "spine": 16, "undirected": false, "ell": {"2": {"diameter": 9, "conjugate_isogenous_pairs": 5, "eigenvalues": [2.73519426875566, -2.7509670665094323]}, "3": {"diameter": 7, "conjugate_isogenous_pairs": 14, "eigenvalues": [3.4394070688369958, -3.298872514656575]}, "5": {"diameter": 5, "conjugate_isogenous_pairs": 7, "eigenvalues": [4.3537520692865055, -4.294926444147547]}, "7": {"diameter": 4, "conjugate_isogenous_pairs": 26, "eigenvalues": [5.031857881916396, -4.938693823653721]}, "11": {"diameter": 3, "conjugate_isogenous_pairs": 7, "eigenvalues": [6.251971252320432, -5.976278927596573]}}}