{"prime": 26209, "nodes": 2184, "minpoly": "x^2 + 26208*x + 11", "spine": 48, "undirected": true, "ell": {"2": {"diameter": 14, "conjugate_isogenous_pairs": 30, "eigenvalues": [2.8240828033551804, -2.8173424036606987]}, "3": {"diameter": 10, "conjugate_isogenous_pairs": 63, "eigenvalues": [3.463165648207884, -3.429345327139896]}, "5": {"diameter": 7, "conjugate_isogenous_pairs": 118, "eigenvalues": [4.460950790573649, -4.450400806132793]}, "7": {"diameter": 6, "conjugate_isogenous_pairs": 81, "eigenvalues": [5.255874237754838, -5.269182703644992]}, "11": {"diameter": 5, "conjugate_isogenous_pairs": 168, "eigenvalues": [6.618359907275491, -6.593900577381242]}}}