{"prime": 22153, "nodes": 1846, "minpoly": "x^2 + 22152*x + 5", "spine": 40, "undirected": true, "ell": {"2": {"diameter": 15, "conjugate_isogenous_pairs": 53, "eigenvalues": [2.818864285580806, -2.822476207392255]}, "3": {"diameter": 10, "conjugate_isogenous_pairs": 58, "eigenvalues": [3.4336021278651803, -3.4487503162913486]}, "5": {"diameter": 7, "conjugate_isogenous_pairs": 60, "eigenvalues": [4.4497589712563235, -4.442392310673417]}, "7": {"diameter": 6, "conjugate_isogenous_pairs": 90, "eigenvalues": [5.276488887922735, -5.235588022527679]}, "11": {"diameter": 5, "conjugate_isogenous_pairs": 172, "eigenvalues": [6.613850405213083, -6.592225516663843]}}}