{"prime": 25589, "nodes": 2133, "minpoly": "x^2 + 25581*x + 2", "spine": 63, "undirected": false, "ell": {"2": {"diameter": 14, "conjugate_isogenous_pairs": 23, "eigenvalues": [2.824480893211658, -2.821777408724518]}, "3": {"diameter": 10, "conjugate_isogenous_pairs": 54, "eigenvalues": [3.449428026530536, -3.4511847813426537]}, "5": {"diameter": 7, "conjugate_isogenous_pairs": 52, "eigenvalues": [4.465522977745087, -4.468875812688897]}, "7": {"diameter": 6, "conjugate_isogenous_pairs": 139, "eigenvalues": [5.2756773334272316, -5.280183399422458]}, "11": {"diameter": 5, "conjugate_isogenous_pairs": 146, "eigenvalues": [6.605839743654631, -6.604738847879681]}}}