{"prime": 21107, "nodes": 1760, "minpoly": "x^2 + 21102*x + 2", "spine": 50, "undirected": false, "ell": {"2": {"diameter": 15, "conjugate_isogenous_pairs": 27, "eigenvalues": [2.8174380993756927, -2.8182382047551893]}, "3": {"diameter": 10, "conjugate_isogenous_pairs": 39, "eigenvalues": [3.4493190595400574, -3.4553694560333814]}, "5": {"diameter": 7, "conjugate_isogenous_pairs": 101, "eigenvalues": [4.439080246497441, -4.454104252156007]}, "7": {"diameter": 6, "conjugate_isogenous_pairs": 135, "eigenvalues": [5.213374125307329, -5.250562210238891]}, "11": {"diameter": 5, "conjugate_isogenous_pairs": 44, "eigenvalues": [6.531778871814547, -6.624822107949837]}}}