{"prime": 25733, "nodes": 2145, "minpoly": "x^2 + 25728*x + 2", "spine": 45, "undirected": false, "ell": {"2": {"diameter": 14, "conjugate_isogenous_pairs": 38, "eigenvalues": [2.8233107719878316, -2.819473110403994]}, "3": {"diameter": 10, "conjugate_isogenous_pairs": 118, "eigenvalues": [3.4455319796855393, -3.4494087838782983]}, "5": {"diameter": 7, "conjugate_isogenous_pairs": 51, "eigenvalues": [4.466298857668799, -4.464165505133085]}, "7": {"diameter": 6, "conjugate_isogenous_pairs": 170, "eigenvalues": [5.253740413494666, -5.214113975976642]}, "11": {"diameter": 5, "conjugate_isogenous_pairs": 86, "eigenvalues": [6.570927622304902, -6.58369396779467]}}}