{"prime": 16693, "nodes": 1391, "minpoly": "x^2 + 16692*x + 2", "spine": 31, "undirected": true, "ell": {"2": {"diameter": 15, "conjugate_isogenous_pairs": 65, "eigenvalues": [2.8260234186394086, -2.8265275567298507]}, "3": {"diameter": 9, "conjugate_isogenous_pairs": 88, "eigenvalues": [3.4323814663846743, -3.453471991634504]}, "5": {"diameter": 6, "conjugate_isogenous_pairs": 61, "eigenvalues": [4.46466882349478, -4.434899371374025]}, "7": {"diameter": 5, "conjugate_isogenous_pairs": 51, "eigenvalues": [5.270738101904211, -5.21485478663801]}, "11": {"diameter": 5, "conjugate_isogenous_pairs": 156, "eigenvalues": [6.595927420193521, -6.585464017898466]}}}