{"prime": 26177, "nodes": 2182, "minpoly": "x^2 + 26176*x + 3", "spine": 48, "undirected": false, "ell": {"2": {"diameter": 15, "conjugate_isogenous_pairs": 28, "eigenvalues": [2.8246849022257927, -2.822139547391733]}, "3": {"diameter": 10, "conjugate_isogenous_pairs": 82, "eigenvalues": [3.4440101658158846, -3.4585650129909604]}, "5": {"diameter": 7, "conjugate_isogenous_pairs": 70, "eigenvalues": [4.4407726733320905, -4.425095840968889]}, "7": {"diameter": 6, "conjugate_isogenous_pairs": 277, "eigenvalues": [5.280871886255158, -5.241616896795597]}, "11": {"diameter": 5, "conjugate_isogenous_pairs": 82, "eigenvalues": [6.611280263002003, -6.582939120765052]}}}