{"prime": 13567, "nodes": 1131, "minpoly": "x^2 + 13565*x + 3", "spine": 41, "undirected": false, "ell": {"2": {"diameter": 15, "conjugate_isogenous_pairs": 54, "eigenvalues": [2.811839483895371, -2.817161157339751]}, "3": {"diameter": 9, "conjugate_isogenous_pairs": 35, "eigenvalues": [3.4398663913951086, -3.4462397918043535]}, "5": {"diameter": 7, "conjugate_isogenous_pairs": 76, "eigenvalues": [4.455395908307784, -4.430377856301799]}, "7": {"diameter": 5, "conjugate_isogenous_pairs": 50, "eigenvalues": [5.236813061964971, -5.2285780848716445]}, "11": {"diameter": 5, "conjugate_isogenous_pairs": 65, "eigenvalues": [6.594701806332342, -6.543590616129226]}}}