{"prime": 26227, "nodes": 2186, "minpoly": "x^2 + 26222*x + 3", "spine": 38, "undirected": false, "ell": {"2": {"diameter": 15, "conjugate_isogenous_pairs": 106, "eigenvalues": [2.8239259535799492, -2.8235246574246706]}, "3": {"diameter": 10, "conjugate_isogenous_pairs": 43, "eigenvalues": [3.44431890248075, -3.453348841950659]}, "5": {"diameter": 7, "conjugate_isogenous_pairs": 124, "eigenvalues": [4.446398409168146, -4.461261211383183]}, "7": {"diameter": 6, "conjugate_isogenous_pairs": 59, "eigenvalues": [5.284928371251455, -5.277397221422772]}, "11": {"diameter": 5, "conjugate_isogenous_pairs": 112, "eigenvalues": [6.600383657332483, -6.62876672379706]}}}