{"prime": 1597, "nodes": 133, "minpoly": "x^2 + 1594*x + 11", "spine": 7, "undirected": true, "ell": {"2": {"diameter": 11, "conjugate_isogenous_pairs": 17, "eigenvalues": [2.8157684772220164, -2.8012776428301196]}, "3": {"diameter": 7, "conjugate_isogenous_pairs": 29, "eigenvalues": [3.3939000794435947, -3.4115812058786914]}, "5": {"diameter": 5, "conjugate_isogenous_pairs": 22, "eigenvalues": [4.312161551673523, -4.280591439566523]}, "7": {"diameter": 4, "conjugate_isogenous_pairs": 14, "eigenvalues": [5.068906276427923, -5.242761221813922]}, "11": {"diameter": 3, "conjugate_isogenous_pairs": 31, "eigenvalues": [6.402205010808295, -6.272068740465959]}}}