{"prime": 22027, "nodes": 1836, "minpoly": "x^2 + 22022*x + 3", "spine": 42, "undirected": false, "ell": {"2": {"diameter": 15, "conjugate_isogenous_pairs": 88, "eigenvalues": [2.8253254908141066, -2.827124320282478]}, "3": {"diameter": 9, "conjugate_isogenous_pairs": 41, "eigenvalues": [3.442872218838393, -3.45651053014174]}, "5": {"diameter": 7, "conjugate_isogenous_pairs": 145, "eigenvalues": [4.459647792149261, -4.465257192251497]}, "7": {"diameter": 6, "conjugate_isogenous_pairs": 77, "eigenvalues": [5.260424474130369, -5.2402963890728875]}, "11": {"diameter": 5, "conjugate_isogenous_pairs": 105, "eigenvalues": [6.6157746363812295, -6.6312231075443195]}}}