{"prime": 14533, "nodes": 1211, "minpoly": "x^2 + 14526*x + 2", "spine": 27, "undirected": true, "ell": {"2": {"diameter": 13, "conjugate_isogenous_pairs": 38, "eigenvalues": [2.819795747024562, -2.8248235931737393]}, "3": {"diameter": 9, "conjugate_isogenous_pairs": 111, "eigenvalues": [3.447574480527372, -3.457002049245454]}, "5": {"diameter": 6, "conjugate_isogenous_pairs": 51, "eigenvalues": [4.454994287731945, -4.39368568457636]}, "7": {"diameter": 6, "conjugate_isogenous_pairs": 47, "eigenvalues": [5.243589577152202, -5.258524788382477]}, "11": {"diameter": 4, "conjugate_isogenous_pairs": 92, "eigenvalues": [6.550323607185948, -6.519343592909859]}}}