{"prime": 5581, "nodes": 465, "minpoly": "x^2 + 5580*x + 6", "spine": 21, "undirected": true, "ell": {"2": {"diameter": 12, "conjugate_isogenous_pairs": 15, "eigenvalues": [2.8048174593668196, -2.8172363412818786]}, "3": {"diameter": 8, "conjugate_isogenous_pairs": 38, "eigenvalues": [3.420735061049256, -3.3673374105088416]}, "5": {"diameter": 6, "conjugate_isogenous_pairs": 37, "eigenvalues": [4.4109712023641325, -4.398592923125182]}, "7": {"diameter": 5, "conjugate_isogenous_pairs": 30, "eigenvalues": [5.188093391145012, -5.222627844741269]}, "11": {"diameter": 4, "conjugate_isogenous_pairs": 103, "eigenvalues": [6.4912933844986584, -6.603516019338613]}}}