{"prime": 1511, "nodes": 127, "minpoly": "x^2 + 1509*x + 11", "spine": 49, "undirected": false, "ell": {"2": {"diameter": 11, "conjugate_isogenous_pairs": 5, "eigenvalues": [2.8118535621110747, -2.80581914931639]}, "3": {"diameter": 7, "conjugate_isogenous_pairs": 4, "eigenvalues": [3.3987192546664646, -3.428069374183807]}, "5": {"diameter": 5, "conjugate_isogenous_pairs": 8, "eigenvalues": [4.294106355518948, -4.228415199565787]}, "7": {"diameter": 5, "conjugate_isogenous_pairs": 14, "eigenvalues": [5.110584212992655, -5.05703085535405]}, "11": {"diameter": 4, "conjugate_isogenous_pairs": 12, "eigenvalues": [6.312411718602617, -6.48610979304455]}}}