{"prime": 7499, "nodes": 626, "minpoly": "x^2 + 7493*x + 2", "spine": 66, "undirected": false, "ell": {"2": {"diameter": 13, "conjugate_isogenous_pairs": 10, "eigenvalues": [2.814961638653547, -2.813420580229327]}, "3": {"diameter": 9, "conjugate_isogenous_pairs": 23, "eigenvalues": [3.4254347187061214, -3.4486413284918362]}, "5": {"diameter": 7, "conjugate_isogenous_pairs": 61, "eigenvalues": [4.438216622998773, -4.43851006930099]}, "7": {"diameter": 6, "conjugate_isogenous_pairs": 45, "eigenvalues": [5.2763983029086, -5.219037233491625]}, "11": {"diameter": 5, "conjugate_isogenous_pairs": 37, "eigenvalues": [6.621239662604406, -6.499381211753425]}}}