{"prime": 13649, "nodes": 1138, "minpoly": "x^2 + 13643*x + 3", "spine": 90, "undirected": false, "ell": {"2": {"diameter": 14, "conjugate_isogenous_pairs": 22, "eigenvalues": [2.8257135381803065, -2.8210072239315616]}, "3": {"diameter": 9, "conjugate_isogenous_pairs": 33, "eigenvalues": [3.452210819170084, -3.449484746920189]}, "5": {"diameter": 7, "conjugate_isogenous_pairs": 18, "eigenvalues": [4.440576746530082, -4.433722327048849]}, "7": {"diameter": 6, "conjugate_isogenous_pairs": 78, "eigenvalues": [5.2863825722125295, -5.263167638556893]}, "11": {"diameter": 5, "conjugate_isogenous_pairs": 65, "eigenvalues": [6.573509689986116, -6.56110224239568]}}}