{"prime": 16519, "nodes": 1377, "minpoly": "x^2 + 16517*x + 3", "spine": 111, "undirected": false, "ell": {"2": {"diameter": 14, "conjugate_isogenous_pairs": 33, "eigenvalues": [2.825050558418685, -2.82320669394466]}, "3": {"diameter": 9, "conjugate_isogenous_pairs": 31, "eigenvalues": [3.4602228610902084, -3.452380713117273]}, "5": {"diameter": 7, "conjugate_isogenous_pairs": 88, "eigenvalues": [4.451327592056036, -4.467454110829603]}, "7": {"diameter": 6, "conjugate_isogenous_pairs": 28, "eigenvalues": [5.279597355318061, -5.273760631328748]}, "11": {"diameter": 5, "conjugate_isogenous_pairs": 116, "eigenvalues": [6.612127658865962, -6.558595369063005]}}}