{"prime": 857, "nodes": 72, "minpoly": "x^2 + 850*x + 3", "spine": 16, "undirected": false, "ell": {"2": {"diameter": 9, "conjugate_isogenous_pairs": 4, "eigenvalues": [2.7298533513151866, -2.8085069976740074]}, "3": {"diameter": 6, "conjugate_isogenous_pairs": 11, "eigenvalues": [3.302112683635312, -3.343994788368332]}, "5": {"diameter": 5, "conjugate_isogenous_pairs": 7, "eigenvalues": [4.236977524224395, -4.372647447309229]}, "7": {"diameter": 4, "conjugate_isogenous_pairs": 25, "eigenvalues": [5.1237420309286925, -5.180145907260448]}, "11": {"diameter": 3, "conjugate_isogenous_pairs": 9, "eigenvalues": [6.209011419077454, -6.258193684191121]}}}