{"prime": 12889, "nodes": 1074, "minpoly": "x^2 + 12876*x + 13", "spine": 28, "undirected": true, "ell": {"2": {"diameter": 13, "conjugate_isogenous_pairs": 29, "eigenvalues": [2.823783469493377, -2.8231222969271084]}, "3": {"diameter": 9, "conjugate_isogenous_pairs": 39, "eigenvalues": [3.4587953687853052, -3.428604828789029]}, "5": {"diameter": 6, "conjugate_isogenous_pairs": 86, "eigenvalues": [4.441862911700067, -4.425122848120213]}, "7": {"diameter": 5, "conjugate_isogenous_pairs": 71, "eigenvalues": [5.2215461655483875, -5.260614933260255]}, "11": {"diameter": 4, "conjugate_isogenous_pairs": 150, "eigenvalues": [6.532230207501815, -6.622184311532038]}}}