{"prime": 26699, "nodes": 2226, "minpoly": "x^2 + 26693*x + 2", "spine": 142, "undirected": false, "ell": {"2": {"diameter": 15, "conjugate_isogenous_pairs": 19, "eigenvalues": [2.819175157718883, -2.8212914947482637]}, "3": {"diameter": 10, "conjugate_isogenous_pairs": 53, "eigenvalues": [3.440327086575758, -3.4630326070583446]}, "5": {"diameter": 7, "conjugate_isogenous_pairs": 75, "eigenvalues": [4.429107179930291, -4.45458981207155]}, "7": {"diameter": 6, "conjugate_isogenous_pairs": 55, "eigenvalues": [5.260099628411753, -5.276148725072564]}, "11": {"diameter": 5, "conjugate_isogenous_pairs": 63, "eigenvalues": [6.527347941506253, -6.557950616870581]}}}