{"prime": 7481, "nodes": 624, "minpoly": "x^2 + 7478*x + 6", "spine": 58, "undirected": false, "ell": {"2": {"diameter": 13, "conjugate_isogenous_pairs": 13, "eigenvalues": [2.812365682476719, -2.8164312408719634]}, "3": {"diameter": 9, "conjugate_isogenous_pairs": 17, "eigenvalues": [3.4310799705362247, -3.4636975018734257]}, "5": {"diameter": 6, "conjugate_isogenous_pairs": 21, "eigenvalues": [4.461207155862766, -4.367125676552522]}, "7": {"diameter": 5, "conjugate_isogenous_pairs": 95, "eigenvalues": [5.160689253554817, -5.245942767970688]}, "11": {"diameter": 4, "conjugate_isogenous_pairs": 65, "eigenvalues": [6.582297837758014, -6.560522488530138]}}}