{"prime": 18251, "nodes": 1522, "minpoly": "x^2 + 18246*x + 2", "spine": 102, "undirected": false, "ell": {"2": {"diameter": 15, "conjugate_isogenous_pairs": 13, "eigenvalues": [2.8196726322725416, -2.8242116337965886]}, "3": {"diameter": 10, "conjugate_isogenous_pairs": 47, "eigenvalues": [3.452464888971686, -3.4563844494569285]}, "5": {"diameter": 7, "conjugate_isogenous_pairs": 77, "eigenvalues": [4.468903430316514, -4.427647360704777]}, "7": {"diameter": 6, "conjugate_isogenous_pairs": 67, "eigenvalues": [5.288927477842924, -5.272526323582395]}, "11": {"diameter": 5, "conjugate_isogenous_pairs": 55, "eigenvalues": [6.616684231237816, -6.611133337036396]}}}