{"prime": 13859, "nodes": 1156, "minpoly": "x^2 + 13849*x + 2", "spine": 134, "undirected": false, "ell": {"2": {"diameter": 15, "conjugate_isogenous_pairs": 17, "eigenvalues": [2.816718008652207, -2.812963066949769]}, "3": {"diameter": 10, "conjugate_isogenous_pairs": 25, "eigenvalues": [3.4575271220905686, -3.4414357587438356]}, "5": {"diameter": 7, "conjugate_isogenous_pairs": 54, "eigenvalues": [4.397556873683457, -4.460106359468786]}, "7": {"diameter": 6, "conjugate_isogenous_pairs": 45, "eigenvalues": [5.277321865998846, -5.205875974839721]}, "11": {"diameter": 5, "conjugate_isogenous_pairs": 57, "eigenvalues": [6.571512881517189, -6.576768562190967]}}}