{"prime": 16759, "nodes": 1397, "minpoly": "x^2 + 16754*x + 3", "spine": 61, "undirected": false, "ell": {"2": {"diameter": 13, "conjugate_isogenous_pairs": 30, "eigenvalues": [2.8084541948027533, -2.82168894524444]}, "3": {"diameter": 9, "conjugate_isogenous_pairs": 43, "eigenvalues": [3.443521899247994, -3.4307031332854696]}, "5": {"diameter": 7, "conjugate_isogenous_pairs": 110, "eigenvalues": [4.430631780282607, -4.454988041308311]}, "7": {"diameter": 5, "conjugate_isogenous_pairs": 28, "eigenvalues": [5.266784656978537, -5.200438648109681]}, "11": {"diameter": 5, "conjugate_isogenous_pairs": 119, "eigenvalues": [6.583861887426037, -6.499962047274786]}}}