{"prime": 8807, "nodes": 735, "minpoly": "x^2 + 8805*x + 5", "spine": 81, "undirected": false, "ell": {"2": {"diameter": 13, "conjugate_isogenous_pairs": 16, "eigenvalues": [2.824235913770001, -2.79755356885899]}, "3": {"diameter": 9, "conjugate_isogenous_pairs": 26, "eigenvalues": [3.4610317103843116, -3.4382780640546557]}, "5": {"diameter": 7, "conjugate_isogenous_pairs": 45, "eigenvalues": [4.4516977908999955, -4.424013039388789]}, "7": {"diameter": 6, "conjugate_isogenous_pairs": 70, "eigenvalues": [5.2810500078762, -5.2711919448182405]}, "11": {"diameter": 5, "conjugate_isogenous_pairs": 25, "eigenvalues": [6.482851810975572, -6.4408844874168825]}}}