{"prime": 18427, "nodes": 1536, "minpoly": "x^2 + 18426*x + 2", "spine": 42, "undirected": false, "ell": {"2": {"diameter": 15, "conjugate_isogenous_pairs": 72, "eigenvalues": [2.82596017740333, -2.815656820024403]}, "3": {"diameter": 9, "conjugate_isogenous_pairs": 34, "eigenvalues": [3.4447786424841533, -3.4486746082484663]}, "5": {"diameter": 7, "conjugate_isogenous_pairs": 136, "eigenvalues": [4.430009582131365, -4.397119716717289]}, "7": {"diameter": 6, "conjugate_isogenous_pairs": 48, "eigenvalues": [5.25854306250133, -5.240544819054586]}, "11": {"diameter": 5, "conjugate_isogenous_pairs": 100, "eigenvalues": [6.587709792018512, -6.588928684349417]}}}