{"prime": 5519, "nodes": 461, "minpoly": "x^2 + 5517*x + 13", "spine": 97, "undirected": false, "ell": {"2": {"diameter": 13, "conjugate_isogenous_pairs": 12, "eigenvalues": [2.7917428883076068, -2.807662087353904]}, "3": {"diameter": 9, "conjugate_isogenous_pairs": 13, "eigenvalues": [3.4383789382963874, -3.4383515713882375]}, "5": {"diameter": 6, "conjugate_isogenous_pairs": 28, "eigenvalues": [4.403340677884074, -4.346132609794921]}, "7": {"diameter": 5, "conjugate_isogenous_pairs": 34, "eigenvalues": [5.269793691478951, -5.270430975605998]}, "11": {"diameter": 4, "conjugate_isogenous_pairs": 35, "eigenvalues": [6.588101652763356, -6.435977119690928]}}}