{"prime": 17681, "nodes": 1474, "minpoly": "x^2 + 17675*x + 3", "spine": 102, "undirected": false, "ell": {"2": {"diameter": 15, "conjugate_isogenous_pairs": 24, "eigenvalues": [2.8117214502233074, -2.8203498109499328]}, "3": {"diameter": 10, "conjugate_isogenous_pairs": 33, "eigenvalues": [3.4564127740738217, -3.460276636248034]}, "5": {"diameter": 7, "conjugate_isogenous_pairs": 26, "eigenvalues": [4.440563599604734, -4.466792614763275]}, "7": {"diameter": 6, "conjugate_isogenous_pairs": 110, "eigenvalues": [5.265108176209677, -5.270419139581455]}, "11": {"diameter": 5, "conjugate_isogenous_pairs": 74, "eigenvalues": [6.588670128069588, -6.614289904575439]}}}