{"prime": 6379, "nodes": 532, "minpoly": "x^2 + 6370*x + 2", "spine": 34, "undirected": false, "ell": {"2": {"diameter": 12, "conjugate_isogenous_pairs": 16, "eigenvalues": [2.802689144088604, -2.8150125980613754]}, "3": {"diameter": 8, "conjugate_isogenous_pairs": 18, "eigenvalues": [3.433183133576964, -3.455041665041819]}, "5": {"diameter": 6, "conjugate_isogenous_pairs": 99, "eigenvalues": [4.410146278827499, -4.43567234233376]}, "7": {"diameter": 5, "conjugate_isogenous_pairs": 19, "eigenvalues": [5.254760146730229, -5.272948066620445]}, "11": {"diameter": 4, "conjugate_isogenous_pairs": 60, "eigenvalues": [6.437070424211174, -6.582927695383731]}}}