{"prime": 23167, "nodes": 1931, "minpoly": "x^2 + 23165*x + 3", "spine": 57, "undirected": false, "ell": {"2": {"diameter": 15, "conjugate_isogenous_pairs": 58, "eigenvalues": [2.8217305786335376, -2.8217624063714]}, "3": {"diameter": 9, "conjugate_isogenous_pairs": 53, "eigenvalues": [3.441642908128961, -3.447222364452017]}, "5": {"diameter": 7, "conjugate_isogenous_pairs": 93, "eigenvalues": [4.417156544703981, -4.439828134598583]}, "7": {"diameter": 6, "conjugate_isogenous_pairs": 59, "eigenvalues": [5.249207940226865, -5.281628515049857]}, "11": {"diameter": 5, "conjugate_isogenous_pairs": 72, "eigenvalues": [6.616184099449553, -6.591862759077073]}}}