{"prime": 28019, "nodes": 2336, "minpoly": "x^2 + 28015*x + 2", "spine": 198, "undirected": false, "ell": {"2": {"diameter": 16, "conjugate_isogenous_pairs": 19, "eigenvalues": [2.8271869463819392, -2.8232259195732685]}, "3": {"diameter": 10, "conjugate_isogenous_pairs": 33, "eigenvalues": [3.443196028458907, -3.461559743499038]}, "5": {"diameter": 7, "conjugate_isogenous_pairs": 94, "eigenvalues": [4.468352157135223, -4.454268316966154]}, "7": {"diameter": 6, "conjugate_isogenous_pairs": 75, "eigenvalues": [5.250279999125186, -5.255858598181079]}, "11": {"diameter": 5, "conjugate_isogenous_pairs": 88, "eigenvalues": [6.587890102950979, -6.595835822836656]}}}