{"prime": 701, "nodes": 59, "minpoly": "x^2 + 697*x + 2", "spine": 17, "undirected": false, "ell": {"2": {"diameter": 9, "conjugate_isogenous_pairs": 3, "eigenvalues": [2.71389259725368, -2.8025077643958594]}, "3": {"diameter": 7, "conjugate_isogenous_pairs": 13, "eigenvalues": [3.4375080028212666, -3.3561381253801432]}, "5": {"diameter": 4, "conjugate_isogenous_pairs": 7, "eigenvalues": [3.983445306064662, -4.250113762680187]}, "7": {"diameter": 4, "conjugate_isogenous_pairs": 8, "eigenvalues": [4.9172166879731245, -4.728665764702936]}, "11": {"diameter": 3, "conjugate_isogenous_pairs": 10, "eigenvalues": [6.15818174575835, -6.4901892687303135]}}}