{"prime": 15373, "nodes": 1281, "minpoly": "x^2 + 15369*x + 2", "spine": 21, "undirected": true, "ell": {"2": {"diameter": 13, "conjugate_isogenous_pairs": 34, "eigenvalues": [2.8143568390235303, -2.8173613466008263]}, "3": {"diameter": 9, "conjugate_isogenous_pairs": 97, "eigenvalues": [3.4487496764641623, -3.4251078753701814]}, "5": {"diameter": 6, "conjugate_isogenous_pairs": 102, "eigenvalues": [4.458929936329268, -4.432079861011928]}, "7": {"diameter": 5, "conjugate_isogenous_pairs": 56, "eigenvalues": [5.2347965759766115, -5.281114243833404]}, "11": {"diameter": 5, "conjugate_isogenous_pairs": 168, "eigenvalues": [6.620283749319775, -6.506140395323605]}}}