{"prime": 11287, "nodes": 941, "minpoly": "x^2 + 11285*x + 3", "spine": 53, "undirected": false, "ell": {"2": {"diameter": 14, "conjugate_isogenous_pairs": 60, "eigenvalues": [2.8184750914307304, -2.8098459487481966]}, "3": {"diameter": 9, "conjugate_isogenous_pairs": 30, "eigenvalues": [3.442801130452694, -3.4421028071815347]}, "5": {"diameter": 7, "conjugate_isogenous_pairs": 55, "eigenvalues": [4.462881300177982, -4.456500088367638]}, "7": {"diameter": 5, "conjugate_isogenous_pairs": 35, "eigenvalues": [5.2521692474644395, -5.2384695997242]}, "11": {"diameter": 4, "conjugate_isogenous_pairs": 54, "eigenvalues": [6.560091926076267, -6.568795535693698]}}}