{"prime": 17509, "nodes": 1459, "minpoly": "x^2 + 17505*x + 2", "spine": 35, "undirected": true, "ell": {"2": {"diameter": 14, "conjugate_isogenous_pairs": 27, "eigenvalues": [2.8164850532325034, -2.8230765003512492]}, "3": {"diameter": 9, "conjugate_isogenous_pairs": 53, "eigenvalues": [3.4558224340332817, -3.4602790939293877]}, "5": {"diameter": 6, "conjugate_isogenous_pairs": 99, "eigenvalues": [4.471814966814745, -4.454096146722406]}, "7": {"diameter": 5, "conjugate_isogenous_pairs": 42, "eigenvalues": [5.276777662885712, -5.2889071491616715]}, "11": {"diameter": 5, "conjugate_isogenous_pairs": 235, "eigenvalues": [6.620712003375111, -6.575382037753321]}}}