{"prime": 19163, "nodes": 1598, "minpoly": "x^2 + 19159*x + 2", "spine": 66, "undirected": false, "ell": {"2": {"diameter": 15, "conjugate_isogenous_pairs": 24, "eigenvalues": [2.824311530498356, -2.8181089032612796]}, "3": {"diameter": 10, "conjugate_isogenous_pairs": 57, "eigenvalues": [3.446143953006825, -3.4574588183207133]}, "5": {"diameter": 7, "conjugate_isogenous_pairs": 64, "eigenvalues": [4.440014999417645, -4.438897281245407]}, "7": {"diameter": 6, "conjugate_isogenous_pairs": 102, "eigenvalues": [5.235777745882115, -5.250528966935915]}, "11": {"diameter": 5, "conjugate_isogenous_pairs": 32, "eigenvalues": [6.567309337437337, -6.553739371640085]}}}