{"prime": 12097, "nodes": 1008, "minpoly": "x^2 + 12096*x + 5", "spine": 18, "undirected": true, "ell": {"2": {"diameter": 13, "conjugate_isogenous_pairs": 32, "eigenvalues": [2.8233414062709894, -2.8134412358544845]}, "3": {"diameter": 9, "conjugate_isogenous_pairs": 61, "eigenvalues": [3.4419810868940797, -3.452412391474221]}, "5": {"diameter": 6, "conjugate_isogenous_pairs": 90, "eigenvalues": [4.451471477353073, -4.433080469340427]}, "7": {"diameter": 5, "conjugate_isogenous_pairs": 90, "eigenvalues": [5.233851795952134, -5.256631931274669]}, "11": {"diameter": 4, "conjugate_isogenous_pairs": 80, "eigenvalues": [6.498701073808929, -6.550421089773203]}}}