{"prime": 26647, "nodes": 2221, "minpoly": "x^2 + 26645*x + 3", "spine": 79, "undirected": false, "ell": {"2": {"diameter": 15, "conjugate_isogenous_pairs": 80, "eigenvalues": [2.8166722813648994, -2.822226922401164]}, "3": {"diameter": 10, "conjugate_isogenous_pairs": 44, "eigenvalues": [3.4588859352219616, -3.4576206776271365]}, "5": {"diameter": 7, "conjugate_isogenous_pairs": 75, "eigenvalues": [4.465379360692707, -4.443430889858886]}, "7": {"diameter": 6, "conjugate_isogenous_pairs": 60, "eigenvalues": [5.249839096951285, -5.246351839005971]}, "11": {"diameter": 5, "conjugate_isogenous_pairs": 102, "eigenvalues": [6.630902247244592, -6.629891627451353]}}}