{"prime": 16963, "nodes": 1414, "minpoly": "x^2 + 16959*x + 2", "spine": 26, "undirected": false, "ell": {"2": {"diameter": 14, "conjugate_isogenous_pairs": 58, "eigenvalues": [2.8268412382953545, -2.8204758383381914]}, "3": {"diameter": 9, "conjugate_isogenous_pairs": 44, "eigenvalues": [3.441241193546956, -3.460741218596195]}, "5": {"diameter": 7, "conjugate_isogenous_pairs": 179, "eigenvalues": [4.460257851035314, -4.4689566230060525]}, "7": {"diameter": 5, "conjugate_isogenous_pairs": 64, "eigenvalues": [5.267068934166596, -5.2465915425549206]}, "11": {"diameter": 5, "conjugate_isogenous_pairs": 76, "eigenvalues": [6.560265937632706, -6.612290056096325]}}}