{"prime": 4133, "nodes": 345, "minpoly": "x^2 + 4132*x + 2", "spine": 39, "undirected": false, "ell": {"2": {"diameter": 12, "conjugate_isogenous_pairs": 10, "eigenvalues": [2.825197775771714, -2.802628361958038]}, "3": {"diameter": 8, "conjugate_isogenous_pairs": 38, "eigenvalues": [3.425350490048201, -3.4312179501754683]}, "5": {"diameter": 6, "conjugate_isogenous_pairs": 12, "eigenvalues": [4.383457356138154, -4.378735412338803]}, "7": {"diameter": 5, "conjugate_isogenous_pairs": 46, "eigenvalues": [5.234271362447911, -5.256890730622241]}, "11": {"diameter": 4, "conjugate_isogenous_pairs": 44, "eigenvalues": [6.526523484495929, -6.532115778573068]}}}