{"prime": 6991, "nodes": 583, "minpoly": "x^2 + 6990*x + 6", "spine": 71, "undirected": false, "ell": {"2": {"diameter": 13, "conjugate_isogenous_pairs": 28, "eigenvalues": [2.8068474371769967, -2.8149577962631573]}, "3": {"diameter": 9, "conjugate_isogenous_pairs": 17, "eigenvalues": [3.4348215532777977, -3.4550819531606427]}, "5": {"diameter": 6, "conjugate_isogenous_pairs": 45, "eigenvalues": [4.367250608101603, -4.4143073941547035]}, "7": {"diameter": 5, "conjugate_isogenous_pairs": 16, "eigenvalues": [5.117375940178931, -5.185042431641398]}, "11": {"diameter": 4, "conjugate_isogenous_pairs": 71, "eigenvalues": [6.440837487038749, -6.554053940322579]}}}