{"prime": 359, "nodes": 31, "minpoly": "x^2 + 358*x + 7", "spine": 19, "undirected": false, "ell": {"2": {"diameter": 8, "conjugate_isogenous_pairs": 2, "eigenvalues": [2.739210755271618, -2.7377107587254574]}, "3": {"diameter": 6, "conjugate_isogenous_pairs": 3, "eigenvalues": [3.2227976994424385, -3.3379313702405224]}, "5": {"diameter": 4, "conjugate_isogenous_pairs": 3, "eigenvalues": [3.9609738403280903, -4.402533603682785]}, "7": {"diameter": 3, "conjugate_isogenous_pairs": 3, "eigenvalues": [4.717992808676054, -4.985011413193407]}, "11": {"diameter": 3, "conjugate_isogenous_pairs": 4, "eigenvalues": [6.178627070282298, -6.012911817074789]}}}