{"prime": 17351, "nodes": 1447, "minpoly": "x^2 + 17350*x + 11", "spine": 167, "undirected": false, "ell": {"2": {"diameter": 16, "conjugate_isogenous_pairs": 19, "eigenvalues": [2.823249742773766, -2.8227482694390233]}, "3": {"diameter": 10, "conjugate_isogenous_pairs": 22, "eigenvalues": [3.4435625609986644, -3.453611422796808]}, "5": {"diameter": 7, "conjugate_isogenous_pairs": 41, "eigenvalues": [4.433128242830762, -4.440735875213438]}, "7": {"diameter": 6, "conjugate_isogenous_pairs": 61, "eigenvalues": [5.274597862272035, -5.288721929874612]}, "11": {"diameter": 5, "conjugate_isogenous_pairs": 53, "eigenvalues": [6.603113637440933, -6.603840378466455]}}}