{"prime": 14731, "nodes": 1228, "minpoly": "x^2 + 14730*x + 10", "spine": 62, "undirected": false, "ell": {"2": {"diameter": 14, "conjugate_isogenous_pairs": 48, "eigenvalues": [2.824542514424143, -2.805789152128648]}, "3": {"diameter": 9, "conjugate_isogenous_pairs": 26, "eigenvalues": [3.4215606058756824, -3.422164556345195]}, "5": {"diameter": 7, "conjugate_isogenous_pairs": 120, "eigenvalues": [4.445430619902608, -4.428890531713903]}, "7": {"diameter": 5, "conjugate_isogenous_pairs": 30, "eigenvalues": [5.24216490359733, -5.268553107096948]}, "11": {"diameter": 5, "conjugate_isogenous_pairs": 100, "eigenvalues": [6.611258310824619, -6.565567058119327]}}}