{"prime": 22279, "nodes": 1857, "minpoly": "x^2 + 22277*x + 3", "spine": 113, "undirected": false, "ell": {"2": {"diameter": 15, "conjugate_isogenous_pairs": 61, "eigenvalues": [2.8269807545087025, -2.8212930767000977]}, "3": {"diameter": 10, "conjugate_isogenous_pairs": 28, "eigenvalues": [3.461226660835823, -3.447023302059207]}, "5": {"diameter": 7, "conjugate_isogenous_pairs": 76, "eigenvalues": [4.462436938967333, -4.468893882457125]}, "7": {"diameter": 6, "conjugate_isogenous_pairs": 35, "eigenvalues": [5.265279352964428, -5.253147948863966]}, "11": {"diameter": 5, "conjugate_isogenous_pairs": 112, "eigenvalues": [6.600697794365906, -6.570961570288269]}}}