{"prime": 29077, "nodes": 2423, "minpoly": "x^2 + 29076*x + 2", "spine": 35, "undirected": true, "ell": {"2": {"diameter": 15, "conjugate_isogenous_pairs": 97, "eigenvalues": [2.8245672339220973, -2.826933662990776]}, "3": {"diameter": 10, "conjugate_isogenous_pairs": 119, "eigenvalues": [3.4639337844609837, -3.4522005004771654]}, "5": {"diameter": 7, "conjugate_isogenous_pairs": 66, "eigenvalues": [4.4594716042835945, -4.438145076324682]}, "7": {"diameter": 6, "conjugate_isogenous_pairs": 83, "eigenvalues": [5.225985540253076, -5.279953833415447]}, "11": {"diameter": 5, "conjugate_isogenous_pairs": 179, "eigenvalues": [6.607409304513328, -6.599880608747311]}}}