{"prime": 307, "nodes": 26, "minpoly": "x^2 + 306*x + 5", "spine": 6, "undirected": false, "ell": {"2": {"diameter": 7, "conjugate_isogenous_pairs": 6, "eigenvalues": [2.7114106807250806, -2.7349651690132637]}, "3": {"diameter": 4, "conjugate_isogenous_pairs": 4, "eigenvalues": [2.9967412765887667, -3.302775637731998]}, "5": {"diameter": 4, "conjugate_isogenous_pairs": 10, "eigenvalues": [3.999999999999997, -4.367061274445832]}, "7": {"diameter": 3, "conjugate_isogenous_pairs": 3, "eigenvalues": [4.30277563773199, -5.067782598442477]}, "11": {"diameter": 3, "conjugate_isogenous_pairs": 9, "eigenvalues": [5.537359835087793, -5.900667480812869]}}}