{"prime": 15427, "nodes": 1286, "minpoly": "x^2 + 15426*x + 2", "spine": 42, "undirected": false, "ell": {"2": {"diameter": 14, "conjugate_isogenous_pairs": 61, "eigenvalues": [2.8207045847664913, -2.8152656680901194]}, "3": {"diameter": 9, "conjugate_isogenous_pairs": 35, "eigenvalues": [3.462056544152504, -3.4524547103146985]}, "5": {"diameter": 7, "conjugate_isogenous_pairs": 73, "eigenvalues": [4.449405653475745, -4.409933411569088]}, "7": {"diameter": 5, "conjugate_isogenous_pairs": 50, "eigenvalues": [5.234091241122646, -5.271058262862556]}, "11": {"diameter": 5, "conjugate_isogenous_pairs": 77, "eigenvalues": [6.565682817762635, -6.60603000203363]}}}