{"prime": 26297, "nodes": 2192, "minpoly": "x^2 + 26296*x + 3", "spine": 78, "undirected": false, "ell": {"2": {"diameter": 15, "conjugate_isogenous_pairs": 37, "eigenvalues": [2.8209817857070636, -2.8202092094667592]}, "3": {"diameter": 10, "conjugate_isogenous_pairs": 55, "eigenvalues": [3.4623126912887936, -3.4398053126936006]}, "5": {"diameter": 7, "conjugate_isogenous_pairs": 48, "eigenvalues": [4.449523117525074, -4.4398826157738425]}, "7": {"diameter": 6, "conjugate_isogenous_pairs": 237, "eigenvalues": [5.242138372008644, -5.284298143302668]}, "11": {"diameter": 5, "conjugate_isogenous_pairs": 83, "eigenvalues": [6.588774542343853, -6.622624601220411]}}}