{"prime": 27743, "nodes": 2313, "minpoly": "x^2 + 27738*x + 5", "spine": 147, "undirected": false, "ell": {"2": {"diameter": 15, "conjugate_isogenous_pairs": 35, "eigenvalues": [2.8216809385244206, -2.8238731799954424]}, "3": {"diameter": 11, "conjugate_isogenous_pairs": 61, "eigenvalues": [3.4545903995695353, -3.4571962498190834]}, "5": {"diameter": 7, "conjugate_isogenous_pairs": 47, "eigenvalues": [4.445730994740325, -4.429908877630348]}, "7": {"diameter": 7, "conjugate_isogenous_pairs": 122, "eigenvalues": [5.257335283440955, -5.2660162040855205]}, "11": {"diameter": 5, "conjugate_isogenous_pairs": 40, "eigenvalues": [6.58931629912658, -6.622497598421034]}}}