{"prime": 12119, "nodes": 1011, "minpoly": "x^2 + 12118*x + 7", "spine": 135, "undirected": false, "ell": {"2": {"diameter": 14, "conjugate_isogenous_pairs": 14, "eigenvalues": [2.8048418889643867, -2.8075297138295716]}, "3": {"diameter": 11, "conjugate_isogenous_pairs": 39, "eigenvalues": [3.4628439168216727, -3.4471876074053336]}, "5": {"diameter": 7, "conjugate_isogenous_pairs": 36, "eigenvalues": [4.448552013400795, -4.443287797773914]}, "7": {"diameter": 6, "conjugate_isogenous_pairs": 41, "eigenvalues": [5.244574742796222, -5.28715949498847]}, "11": {"diameter": 5, "conjugate_isogenous_pairs": 32, "eigenvalues": [6.541751526277091, -6.575297064822006]}}}