{"prime": 5639, "nodes": 471, "minpoly": "x^2 + 5632*x + 7", "spine": 87, "undirected": false, "ell": {"2": {"diameter": 13, "conjugate_isogenous_pairs": 6, "eigenvalues": [2.823737411802802, -2.814853754243594]}, "3": {"diameter": 8, "conjugate_isogenous_pairs": 21, "eigenvalues": [3.422843160722655, -3.422100301239804]}, "5": {"diameter": 6, "conjugate_isogenous_pairs": 35, "eigenvalues": [4.3624555463032335, -4.397802061074258]}, "7": {"diameter": 5, "conjugate_isogenous_pairs": 33, "eigenvalues": [5.259024977644564, -5.272010870056846]}, "11": {"diameter": 4, "conjugate_isogenous_pairs": 26, "eigenvalues": [6.4758195737828075, -6.554474300552984]}}}