{"prime": 1459, "nodes": 122, "minpoly": "x^2 + 1458*x + 3", "spine": 22, "undirected": false, "ell": {"2": {"diameter": 11, "conjugate_isogenous_pairs": 7, "eigenvalues": [2.771108278350707, -2.769555609707788]}, "3": {"diameter": 7, "conjugate_isogenous_pairs": 10, "eigenvalues": [3.369830668671142, -3.454892526878986]}, "5": {"diameter": 5, "conjugate_isogenous_pairs": 28, "eigenvalues": [4.4151610864225885, -4.405552685651935]}, "7": {"diameter": 4, "conjugate_isogenous_pairs": 7, "eigenvalues": [5.053609758153853, -5.170829002208463]}, "11": {"diameter": 3, "conjugate_isogenous_pairs": 29, "eigenvalues": [6.280950001231616, -6.42174189615435]}}}