{"prime": 28229, "nodes": 2353, "minpoly": "x^2 + 28220*x + 2", "spine": 97, "undirected": false, "ell": {"2": {"diameter": 15, "conjugate_isogenous_pairs": 35, "eigenvalues": [2.826051757958406, -2.827275520077872]}, "3": {"diameter": 10, "conjugate_isogenous_pairs": 50, "eigenvalues": [3.4531509981087245, -3.4387225330099676]}, "5": {"diameter": 7, "conjugate_isogenous_pairs": 43, "eigenvalues": [4.450698600157792, -4.448333111710962]}, "7": {"diameter": 6, "conjugate_isogenous_pairs": 116, "eigenvalues": [5.277908474441273, -5.279403541643909]}, "11": {"diameter": 5, "conjugate_isogenous_pairs": 203, "eigenvalues": [6.608167521953, -6.603167518681541]}}}