{"prime": 23917, "nodes": 1993, "minpoly": "x^2 + 23916*x + 2", "spine": 35, "undirected": true, "ell": {"2": {"diameter": 15, "conjugate_isogenous_pairs": 86, "eigenvalues": [2.826668373854546, -2.8240781849926284]}, "3": {"diameter": 9, "conjugate_isogenous_pairs": 99, "eigenvalues": [3.437083654138745, -3.4588581666219818]}, "5": {"diameter": 7, "conjugate_isogenous_pairs": 60, "eigenvalues": [4.442055223017003, -4.457774602525923]}, "7": {"diameter": 6, "conjugate_isogenous_pairs": 67, "eigenvalues": [5.232104556116143, -5.265133913461865]}, "11": {"diameter": 5, "conjugate_isogenous_pairs": 181, "eigenvalues": [6.512930246384836, -6.594381354117769]}}}