{"prime": 21649, "nodes": 1804, "minpoly": "x^2 + 21646*x + 14", "spine": 62, "undirected": true, "ell": {"2": {"diameter": 15, "conjugate_isogenous_pairs": 54, "eigenvalues": [2.8130743571397274, -2.820816481433216]}, "3": {"diameter": 9, "conjugate_isogenous_pairs": 32, "eigenvalues": [3.461024992944492, -3.442871145579682]}, "5": {"diameter": 7, "conjugate_isogenous_pairs": 57, "eigenvalues": [4.390782879793391, -4.457758970999439]}, "7": {"diameter": 6, "conjugate_isogenous_pairs": 73, "eigenvalues": [5.2321682856124605, -5.251720666983197]}, "11": {"diameter": 5, "conjugate_isogenous_pairs": 209, "eigenvalues": [6.599778180851869, -6.583970614137816]}}}