{"prime": 2111, "nodes": 177, "minpoly": "x^2 + 2110*x + 7", "spine": 49, "undirected": false, "ell": {"2": {"diameter": 10, "conjugate_isogenous_pairs": 5, "eigenvalues": [2.761446264442003, -2.7952610027743514]}, "3": {"diameter": 7, "conjugate_isogenous_pairs": 7, "eigenvalues": [3.3390771823191225, -3.426270315442203]}, "5": {"diameter": 5, "conjugate_isogenous_pairs": 22, "eigenvalues": [4.401962265419487, -4.34577507757739]}, "7": {"diameter": 5, "conjugate_isogenous_pairs": 23, "eigenvalues": [5.124012616203335, -5.234389117480413]}, "11": {"diameter": 4, "conjugate_isogenous_pairs": 16, "eigenvalues": [6.329979475069648, -6.618666761596288]}}}