{"prime": 18043, "nodes": 1504, "minpoly": "x^2 + 18039*x + 2", "spine": 30, "undirected": false, "ell": {"2": {"diameter": 14, "conjugate_isogenous_pairs": 38, "eigenvalues": [2.8255156763075373, -2.8277203720403916]}, "3": {"diameter": 9, "conjugate_isogenous_pairs": 58, "eigenvalues": [3.445773057816005, -3.459212011849131]}, "5": {"diameter": 7, "conjugate_isogenous_pairs": 142, "eigenvalues": [4.451676504872249, -4.391504163495581]}, "7": {"diameter": 6, "conjugate_isogenous_pairs": 45, "eigenvalues": [5.2501855890340146, -5.289859966882353]}, "11": {"diameter": 5, "conjugate_isogenous_pairs": 71, "eigenvalues": [6.6017508160538005, -6.627313261614625]}}}