{"prime": 28817, "nodes": 2402, "minpoly": "x^2 + 28816*x + 3", "spine": 108, "undirected": false, "ell": {"2": {"diameter": 15, "conjugate_isogenous_pairs": 33, "eigenvalues": [2.8264567408877213, -2.82668093373022]}, "3": {"diameter": 11, "conjugate_isogenous_pairs": 71, "eigenvalues": [3.4562072511311857, -3.4611364501770527]}, "5": {"diameter": 7, "conjugate_isogenous_pairs": 37, "eigenvalues": [4.437017130619384, -4.4320718977049935]}, "7": {"diameter": 6, "conjugate_isogenous_pairs": 183, "eigenvalues": [5.268742044505844, -5.278356340182553]}, "11": {"diameter": 5, "conjugate_isogenous_pairs": 76, "eigenvalues": [6.623664699999595, -6.60859663454497]}}}