{"prime": 21647, "nodes": 1805, "minpoly": "x^2 + 21644*x + 5", "spine": 123, "undirected": false, "ell": {"2": {"diameter": 15, "conjugate_isogenous_pairs": 32, "eigenvalues": [2.8207182033800953, -2.822489863017657]}, "3": {"diameter": 11, "conjugate_isogenous_pairs": 41, "eigenvalues": [3.438690180324633, -3.4386695215371175]}, "5": {"diameter": 7, "conjugate_isogenous_pairs": 59, "eigenvalues": [4.4298366612292455, -4.458211964168344]}, "7": {"diameter": 6, "conjugate_isogenous_pairs": 102, "eigenvalues": [5.251981683716378, -5.258042947116459]}, "11": {"diameter": 5, "conjugate_isogenous_pairs": 64, "eigenvalues": [6.621576928071028, -6.567631167167882]}}}