{"prime": 4091, "nodes": 342, "minpoly": "x^2 + 4090*x + 2", "spine": 66, "undirected": false, "ell": {"2": {"diameter": 12, "conjugate_isogenous_pairs": 9, "eigenvalues": [2.7863776110664102, -2.8092238843670523]}, "3": {"diameter": 9, "conjugate_isogenous_pairs": 17, "eigenvalues": [3.457339099072272, -3.3682938274336074]}, "5": {"diameter": 6, "conjugate_isogenous_pairs": 25, "eigenvalues": [4.365097496085195, -4.462728209462725]}, "7": {"diameter": 5, "conjugate_isogenous_pairs": 25, "eigenvalues": [5.272842390830038, -5.232071653307052]}, "11": {"diameter": 4, "conjugate_isogenous_pairs": 29, "eigenvalues": [6.495645175805299, -6.444751014792439]}}}