{"prime": 2371, "nodes": 198, "minpoly": "x^2 + 2370*x + 2", "spine": 26, "undirected": false, "ell": {"2": {"diameter": 11, "conjugate_isogenous_pairs": 14, "eigenvalues": [2.7984573878184325, -2.817554940960458]}, "3": {"diameter": 7, "conjugate_isogenous_pairs": 8, "eigenvalues": [3.40616294147731, -3.43691442168199]}, "5": {"diameter": 6, "conjugate_isogenous_pairs": 47, "eigenvalues": [4.35415442357082, -4.343604251380104]}, "7": {"diameter": 4, "conjugate_isogenous_pairs": 13, "eigenvalues": [5.160981116897565, -5.283126861692101]}, "11": {"diameter": 4, "conjugate_isogenous_pairs": 45, "eigenvalues": [6.573529051120699, -6.592185956558249]}}}