{"prime": 23827, "nodes": 1986, "minpoly": "x^2 + 23826*x + 2", "spine": 42, "undirected": false, "ell": {"2": {"diameter": 15, "conjugate_isogenous_pairs": 89, "eigenvalues": [2.8250864991051188, -2.8257555900332276]}, "3": {"diameter": 9, "conjugate_isogenous_pairs": 51, "eigenvalues": [3.458530989230791, -3.463464515196245]}, "5": {"diameter": 7, "conjugate_isogenous_pairs": 113, "eigenvalues": [4.465024599061417, -4.461682021934305]}, "7": {"diameter": 6, "conjugate_isogenous_pairs": 60, "eigenvalues": [5.2478573274098865, -5.245804683226398]}, "11": {"diameter": 5, "conjugate_isogenous_pairs": 140, "eigenvalues": [6.582633931223051, -6.621510282674785]}}}