{"prime": 26489, "nodes": 2208, "minpoly": "x^2 + 26478*x + 3", "spine": 60, "undirected": false, "ell": {"2": {"diameter": 14, "conjugate_isogenous_pairs": 21, "eigenvalues": [2.8126681247225687, -2.816430525172372]}, "3": {"diameter": 10, "conjugate_isogenous_pairs": 53, "eigenvalues": [3.459465611869232, -3.4506591574977334]}, "5": {"diameter": 7, "conjugate_isogenous_pairs": 58, "eigenvalues": [4.464423732998616, -4.4434749174041475]}, "7": {"diameter": 6, "conjugate_isogenous_pairs": 228, "eigenvalues": [5.243885161071167, -5.249265499135793]}, "11": {"diameter": 5, "conjugate_isogenous_pairs": 131, "eigenvalues": [6.585594592788125, -6.612312195786678]}}}