{"prime": 18059, "nodes": 1506, "minpoly": "x^2 + 18054*x + 2", "spine": 114, "undirected": false, "ell": {"2": {"diameter": 14, "conjugate_isogenous_pairs": 19, "eigenvalues": [2.8189934591428365, -2.8212018837313204]}, "3": {"diameter": 10, "conjugate_isogenous_pairs": 27, "eigenvalues": [3.459968768240988, -3.4485107245702253]}, "5": {"diameter": 7, "conjugate_isogenous_pairs": 75, "eigenvalues": [4.429445679805484, -4.430261741063351]}, "7": {"diameter": 6, "conjugate_isogenous_pairs": 73, "eigenvalues": [5.2536472972437585, -5.2789275678986]}, "11": {"diameter": 5, "conjugate_isogenous_pairs": 86, "eigenvalues": [6.499908813947372, -6.5917835254377675]}}}