{"prime": 991, "nodes": 83, "minpoly": "x^2 + 989*x + 6", "spine": 17, "undirected": false, "ell": {"2": {"diameter": 8, "conjugate_isogenous_pairs": 5, "eigenvalues": [2.740410360606483, -2.723140135748421]}, "3": {"diameter": 6, "conjugate_isogenous_pairs": 6, "eigenvalues": [3.394561660772223, -3.2912493684616146]}, "5": {"diameter": 5, "conjugate_isogenous_pairs": 20, "eigenvalues": [4.115131855424947, -4.335276706302192]}, "7": {"diameter": 4, "conjugate_isogenous_pairs": 8, "eigenvalues": [5.091297698420409, -4.933681013396561]}, "11": {"diameter": 3, "conjugate_isogenous_pairs": 19, "eigenvalues": [6.3176374340302655, -6.4154490037514424]}}}