{"prime": 1993, "nodes": 166, "minpoly": "x^2 + 1990*x + 5", "spine": 12, "undirected": true, "ell": {"2": {"diameter": 10, "conjugate_isogenous_pairs": 21, "eigenvalues": [2.8071421889458725, -2.7942000436457066]}, "3": {"diameter": 7, "conjugate_isogenous_pairs": 22, "eigenvalues": [3.3278137642963532, -3.4050863821723247]}, "5": {"diameter": 5, "conjugate_isogenous_pairs": 15, "eigenvalues": [4.4087429143227705, -4.343421693451257]}, "7": {"diameter": 4, "conjugate_isogenous_pairs": 18, "eigenvalues": [5.062025629671908, -5.248553619980592]}, "11": {"diameter": 3, "conjugate_isogenous_pairs": 28, "eigenvalues": [6.371322332404956, -6.620262056272292]}}}