{"prime": 15683, "nodes": 1308, "minpoly": "x^2 + 15682*x + 2", "spine": 90, "undirected": false, "ell": {"2": {"diameter": 14, "conjugate_isogenous_pairs": 34, "eigenvalues": [2.8120378862897475, -2.8249044249006525]}, "3": {"diameter": 10, "conjugate_isogenous_pairs": 33, "eigenvalues": [3.4578265830748203, -3.4346820766408572]}, "5": {"diameter": 7, "conjugate_isogenous_pairs": 66, "eigenvalues": [4.440641864567537, -4.452361617805773]}, "7": {"diameter": 6, "conjugate_isogenous_pairs": 75, "eigenvalues": [5.204750381650567, -5.254131948515303]}, "11": {"diameter": 5, "conjugate_isogenous_pairs": 44, "eigenvalues": [6.611073823112675, -6.610500214970353]}}}