{"prime": 1163, "nodes": 98, "minpoly": "x^2 + 1161*x + 5", "spine": 14, "undirected": false, "ell": {"2": {"diameter": 9, "conjugate_isogenous_pairs": 5, "eigenvalues": [2.7268770834212552, -2.7744567392920434]}, "3": {"diameter": 7, "conjugate_isogenous_pairs": 14, "eigenvalues": [3.305307656232205, -3.3525390318085897]}, "5": {"diameter": 5, "conjugate_isogenous_pairs": 20, "eigenvalues": [4.1634525086315275, -4.29280900166858]}, "7": {"diameter": 4, "conjugate_isogenous_pairs": 20, "eigenvalues": [5.210077510389374, -5.073600432621449]}, "11": {"diameter": 3, "conjugate_isogenous_pairs": 10, "eigenvalues": [6.3208224570195215, -6.243103486239202]}}}