{"prime": 26417, "nodes": 2202, "minpoly": "x^2 + 26408*x + 3", "spine": 80, "undirected": false, "ell": {"2": {"diameter": 15, "conjugate_isogenous_pairs": 33, "eigenvalues": [2.8233821522381435, -2.827502761533656]}, "3": {"diameter": 10, "conjugate_isogenous_pairs": 87, "eigenvalues": [3.4588661276067705, -3.4584355719988165]}, "5": {"diameter": 7, "conjugate_isogenous_pairs": 36, "eigenvalues": [4.461776023633053, -4.448269271552154]}, "7": {"diameter": 6, "conjugate_isogenous_pairs": 178, "eigenvalues": [5.248702774078716, -5.2745351865240595]}, "11": {"diameter": 5, "conjugate_isogenous_pairs": 73, "eigenvalues": [6.608855561551692, -6.599161327358466]}}}