{"prime": 2477, "nodes": 207, "minpoly": "x^2 + 2476*x + 2", "spine": 19, "undirected": false, "ell": {"2": {"diameter": 11, "conjugate_isogenous_pairs": 11, "eigenvalues": [2.814757001259875, -2.775821083139686]}, "3": {"diameter": 8, "conjugate_isogenous_pairs": 30, "eigenvalues": [3.3722590215878676, -3.4227631877902343]}, "5": {"diameter": 5, "conjugate_isogenous_pairs": 13, "eigenvalues": [4.262963752822159, -4.360415577742205]}, "7": {"diameter": 5, "conjugate_isogenous_pairs": 41, "eigenvalues": [4.994718634406692, -5.09926803287997]}, "11": {"diameter": 4, "conjugate_isogenous_pairs": 36, "eigenvalues": [6.265874685663736, -6.375012732538518]}}}