{"prime": 22549, "nodes": 1879, "minpoly": "x^2 + 22545*x + 2", "spine": 43, "undirected": true, "ell": {"2": {"diameter": 14, "conjugate_isogenous_pairs": 35, "eigenvalues": [2.81664506430749, -2.8203565362644456]}, "3": {"diameter": 9, "conjugate_isogenous_pairs": 73, "eigenvalues": [3.4367567406931494, -3.447500928439067]}, "5": {"diameter": 7, "conjugate_isogenous_pairs": 134, "eigenvalues": [4.464928888943215, -4.4556651552130155]}, "7": {"diameter": 6, "conjugate_isogenous_pairs": 70, "eigenvalues": [5.246275534156055, -5.266657910611041]}, "11": {"diameter": 5, "conjugate_isogenous_pairs": 283, "eigenvalues": [6.579242936070213, -6.592404702422942]}}}