{"prime": 5743, "nodes": 479, "minpoly": "x^2 + 5741*x + 10", "spine": 29, "undirected": false, "ell": {"2": {"diameter": 12, "conjugate_isogenous_pairs": 33, "eigenvalues": [2.796195868951225, -2.819995020346711]}, "3": {"diameter": 8, "conjugate_isogenous_pairs": 24, "eigenvalues": [3.4263854657945667, -3.3906649188356712]}, "5": {"diameter": 6, "conjugate_isogenous_pairs": 42, "eigenvalues": [4.435870534768006, -4.387620840625426]}, "7": {"diameter": 5, "conjugate_isogenous_pairs": 27, "eigenvalues": [5.2101279295110485, -5.179391493818719]}, "11": {"diameter": 4, "conjugate_isogenous_pairs": 42, "eigenvalues": [6.497257131424355, -6.563597354510142]}}}