{"prime": 20333, "nodes": 1695, "minpoly": "x^2 + 20326*x + 3", "spine": 69, "undirected": false, "ell": {"2": {"diameter": 15, "conjugate_isogenous_pairs": 30, "eigenvalues": [2.8249149508792057, -2.8189813524829024]}, "3": {"diameter": 10, "conjugate_isogenous_pairs": 67, "eigenvalues": [3.4492182338575987, -3.4510280187710407]}, "5": {"diameter": 7, "conjugate_isogenous_pairs": 29, "eigenvalues": [4.425088637658855, -4.461579996258876]}, "7": {"diameter": 6, "conjugate_isogenous_pairs": 152, "eigenvalues": [5.276462783158524, -5.258810726541579]}, "11": {"diameter": 5, "conjugate_isogenous_pairs": 87, "eigenvalues": [6.6184321952361564, -6.5850387289725765]}}}