{"prime": 24979, "nodes": 2082, "minpoly": "x^2 + 24978*x + 2", "spine": 62, "undirected": false, "ell": {"2": {"diameter": 15, "conjugate_isogenous_pairs": 55, "eigenvalues": [2.821194307594573, -2.8138084325392905]}, "3": {"diameter": 9, "conjugate_isogenous_pairs": 25, "eigenvalues": [3.447108556063904, -3.44167274492598]}, "5": {"diameter": 7, "conjugate_isogenous_pairs": 150, "eigenvalues": [4.433013794968773, -4.443332065419126]}, "7": {"diameter": 6, "conjugate_isogenous_pairs": 60, "eigenvalues": [5.283006479161538, -5.239819692922047]}, "11": {"diameter": 5, "conjugate_isogenous_pairs": 228, "eigenvalues": [6.62003300382923, -6.553811087484089]}}}