{"prime": 27883, "nodes": 2324, "minpoly": "x^2 + 27878*x + 3", "spine": 30, "undirected": false, "ell": {"2": {"diameter": 14, "conjugate_isogenous_pairs": 72, "eigenvalues": [2.827158208951868, -2.820689650882901]}, "3": {"diameter": 9, "conjugate_isogenous_pairs": 64, "eigenvalues": [3.4358609799673854, -3.45897704212703]}, "5": {"diameter": 7, "conjugate_isogenous_pairs": 197, "eigenvalues": [4.457824800610973, -4.448983773616108]}, "7": {"diameter": 6, "conjugate_isogenous_pairs": 69, "eigenvalues": [5.266677627081534, -5.226634322554317]}, "11": {"diameter": 5, "conjugate_isogenous_pairs": 124, "eigenvalues": [6.586300880223149, -6.583850871886806]}}}