{"prime": 17483, "nodes": 1458, "minpoly": "x^2 + 17478*x + 2", "spine": 50, "undirected": false, "ell": {"2": {"diameter": 14, "conjugate_isogenous_pairs": 26, "eigenvalues": [2.8104014652379528, -2.818330384959475]}, "3": {"diameter": 10, "conjugate_isogenous_pairs": 37, "eigenvalues": [3.431230020538978, -3.427923453622313]}, "5": {"diameter": 7, "conjugate_isogenous_pairs": 94, "eigenvalues": [4.463739262111047, -4.438137915961031]}, "7": {"diameter": 6, "conjugate_isogenous_pairs": 145, "eigenvalues": [5.278013606916498, -5.281545595284321]}, "11": {"diameter": 5, "conjugate_isogenous_pairs": 44, "eigenvalues": [6.52914874571175, -6.627786691464928]}}}