{"prime": 15083, "nodes": 1258, "minpoly": "x^2 + 15075*x + 2", "spine": 94, "undirected": false, "ell": {"2": {"diameter": 14, "conjugate_isogenous_pairs": 30, "eigenvalues": [2.823175394353498, -2.8116581125158615]}, "3": {"diameter": 10, "conjugate_isogenous_pairs": 43, "eigenvalues": [3.4514460343820903, -3.424787635713866]}, "5": {"diameter": 7, "conjugate_isogenous_pairs": 53, "eigenvalues": [4.4323317588049065, -4.460663865846278]}, "7": {"diameter": 6, "conjugate_isogenous_pairs": 58, "eigenvalues": [5.239116812214292, -5.28592694297488]}, "11": {"diameter": 5, "conjugate_isogenous_pairs": 35, "eigenvalues": [6.596758874114679, -6.56537377037346]}}}