{"prime": 14723, "nodes": 1228, "minpoly": "x^2 + 14719*x + 2", "spine": 54, "undirected": false, "ell": {"2": {"diameter": 14, "conjugate_isogenous_pairs": 26, "eigenvalues": [2.811018699024491, -2.815796769379563]}, "3": {"diameter": 9, "conjugate_isogenous_pairs": 35, "eigenvalues": [3.4443431433748355, -3.4579224600182714]}, "5": {"diameter": 7, "conjugate_isogenous_pairs": 77, "eigenvalues": [4.420508781633375, -4.450122147868029]}, "7": {"diameter": 6, "conjugate_isogenous_pairs": 108, "eigenvalues": [5.226319934138322, -5.255288832102474]}, "11": {"diameter": 5, "conjugate_isogenous_pairs": 33, "eigenvalues": [6.625348773934505, -6.585080208200389]}}}