{"prime": 26953, "nodes": 2246, "minpoly": "x^2 + 26946*x + 7", "spine": 42, "undirected": true, "ell": {"2": {"diameter": 15, "conjugate_isogenous_pairs": 102, "eigenvalues": [2.8202995858616364, -2.826299261597902]}, "3": {"diameter": 9, "conjugate_isogenous_pairs": 71, "eigenvalues": [3.4485940358871945, -3.4528481581356614]}, "5": {"diameter": 7, "conjugate_isogenous_pairs": 59, "eigenvalues": [4.453580866324787, -4.445972909021806]}, "7": {"diameter": 6, "conjugate_isogenous_pairs": 92, "eigenvalues": [5.232610648462875, -5.271946652596716]}, "11": {"diameter": 5, "conjugate_isogenous_pairs": 123, "eigenvalues": [6.526541018789813, -6.5441456556816]}}}