{"prime": 929, "nodes": 78, "minpoly": "x^2 + 917*x + 3", "spine": 18, "undirected": false, "ell": {"2": {"diameter": 9, "conjugate_isogenous_pairs": 4, "eigenvalues": [2.8030094180860208, -2.809132415291792]}, "3": {"diameter": 7, "conjugate_isogenous_pairs": 5, "eigenvalues": [3.35103217152842, -3.451969962106369]}, "5": {"diameter": 4, "conjugate_isogenous_pairs": 8, "eigenvalues": [4.0773382709067425, -4.264847789783563]}, "7": {"diameter": 4, "conjugate_isogenous_pairs": 26, "eigenvalues": [5.28246864718988, -5.083263672911025]}, "11": {"diameter": 3, "conjugate_isogenous_pairs": 18, "eigenvalues": [6.27062680708597, -5.9703292671713415]}}}