{"prime": 14143, "nodes": 1179, "minpoly": "x^2 + 14142*x + 3", "spine": 75, "undirected": false, "ell": {"2": {"diameter": 14, "conjugate_isogenous_pairs": 53, "eigenvalues": [2.823076600577126, -2.8230853016732786]}, "3": {"diameter": 9, "conjugate_isogenous_pairs": 47, "eigenvalues": [3.4444870214822516, -3.4437480980494617]}, "5": {"diameter": 7, "conjugate_isogenous_pairs": 61, "eigenvalues": [4.4069820828309725, -4.438528366166648]}, "7": {"diameter": 6, "conjugate_isogenous_pairs": 33, "eigenvalues": [5.273269360863585, -5.226263795970964]}, "11": {"diameter": 5, "conjugate_isogenous_pairs": 61, "eigenvalues": [6.577198388240617, -6.622052614036915]}}}