{"prime": 11239, "nodes": 937, "minpoly": "x^2 + 11238*x + 3", "spine": 71, "undirected": false, "ell": {"2": {"diameter": 14, "conjugate_isogenous_pairs": 28, "eigenvalues": [2.8276297173802134, -2.821217678402795]}, "3": {"diameter": 9, "conjugate_isogenous_pairs": 23, "eigenvalues": [3.443550995266147, -3.459978953402831]}, "5": {"diameter": 7, "conjugate_isogenous_pairs": 102, "eigenvalues": [4.45716939694767, -4.443356271611342]}, "7": {"diameter": 5, "conjugate_isogenous_pairs": 29, "eigenvalues": [5.245679779757943, -5.269237703952496]}, "11": {"diameter": 5, "conjugate_isogenous_pairs": 73, "eigenvalues": [6.61301609136472, -6.5238027538890755]}}}