{"prime": 22079, "nodes": 1841, "minpoly": "x^2 + 22075*x + 7", "spine": 165, "undirected": false, "ell": {"2": {"diameter": 14, "conjugate_isogenous_pairs": 19, "eigenvalues": [2.823917776446935, -2.8149946296607897]}, "3": {"diameter": 10, "conjugate_isogenous_pairs": 45, "eigenvalues": [3.4564018387300566, -3.4455516079765767]}, "5": {"diameter": 7, "conjugate_isogenous_pairs": 59, "eigenvalues": [4.438952655657053, -4.424265034970618]}, "7": {"diameter": 6, "conjugate_isogenous_pairs": 57, "eigenvalues": [5.278932727941982, -5.2486215920883925]}, "11": {"diameter": 5, "conjugate_isogenous_pairs": 62, "eigenvalues": [6.58075821612569, -6.628275294563183]}}}