{"prime": 16993, "nodes": 1416, "minpoly": "x^2 + 16992*x + 10", "spine": 18, "undirected": true, "ell": {"2": {"diameter": 13, "conjugate_isogenous_pairs": 56, "eigenvalues": [2.8151736036658788, -2.828069680652857]}, "3": {"diameter": 9, "conjugate_isogenous_pairs": 70, "eigenvalues": [3.459287994103725, -3.4489738580446287]}, "5": {"diameter": 6, "conjugate_isogenous_pairs": 63, "eigenvalues": [4.446854272502759, -4.465345204233889]}, "7": {"diameter": 5, "conjugate_isogenous_pairs": 116, "eigenvalues": [5.2726954716631385, -5.259949059086633]}, "11": {"diameter": 5, "conjugate_isogenous_pairs": 88, "eigenvalues": [6.5932941790351585, -6.573395604006775]}}}