{"prime": 20551, "nodes": 1713, "minpoly": "x^2 + 20549*x + 3", "spine": 93, "undirected": false, "ell": {"2": {"diameter": 14, "conjugate_isogenous_pairs": 59, "eigenvalues": [2.823913145318077, -2.8216820172666446]}, "3": {"diameter": 9, "conjugate_isogenous_pairs": 20, "eigenvalues": [3.4392849684647864, -3.444058724428637]}, "5": {"diameter": 7, "conjugate_isogenous_pairs": 79, "eigenvalues": [4.417292758429943, -4.458436510904223]}, "7": {"diameter": 6, "conjugate_isogenous_pairs": 50, "eigenvalues": [5.2803557020279515, -5.273101551939866]}, "11": {"diameter": 5, "conjugate_isogenous_pairs": 184, "eigenvalues": [6.58741435136247, -6.5729950886744755]}}}