{"prime": 17747, "nodes": 1480, "minpoly": "x^2 + 17743*x + 2", "spine": 54, "undirected": false, "ell": {"2": {"diameter": 14, "conjugate_isogenous_pairs": 36, "eigenvalues": [2.825935102450986, -2.826553387321404]}, "3": {"diameter": 10, "conjugate_isogenous_pairs": 49, "eigenvalues": [3.451326627747171, -3.455544302716131]}, "5": {"diameter": 7, "conjugate_isogenous_pairs": 83, "eigenvalues": [4.4627627731594055, -4.420445085368966]}, "7": {"diameter": 6, "conjugate_isogenous_pairs": 109, "eigenvalues": [5.207845094216919, -5.285660244438153]}, "11": {"diameter": 5, "conjugate_isogenous_pairs": 31, "eigenvalues": [6.542727437031819, -6.617407995386082]}}}