{"prime": 11177, "nodes": 932, "minpoly": "x^2 + 11171*x + 3", "spine": 54, "undirected": false, "ell": {"2": {"diameter": 13, "conjugate_isogenous_pairs": 33, "eigenvalues": [2.8126265796655434, -2.8085856285390527]}, "3": {"diameter": 9, "conjugate_isogenous_pairs": 48, "eigenvalues": [3.4455355987424934, -3.45253487823128]}, "5": {"diameter": 7, "conjugate_isogenous_pairs": 17, "eigenvalues": [4.447332263680925, -4.426671212081405]}, "7": {"diameter": 6, "conjugate_isogenous_pairs": 139, "eigenvalues": [5.230406651882384, -5.282702798501339]}, "11": {"diameter": 5, "conjugate_isogenous_pairs": 40, "eigenvalues": [6.549371912934669, -6.593044527769534]}}}