{"prime": 3329, "nodes": 278, "minpoly": "x^2 + 3328*x + 3", "spine": 38, "undirected": false, "ell": {"2": {"diameter": 11, "conjugate_isogenous_pairs": 7, "eigenvalues": [2.822246511175541, -2.801891140320866]}, "3": {"diameter": 8, "conjugate_isogenous_pairs": 24, "eigenvalues": [3.404953428190201, -3.4087786607646082]}, "5": {"diameter": 5, "conjugate_isogenous_pairs": 17, "eigenvalues": [4.361306372857782, -4.350482021584549]}, "7": {"diameter": 5, "conjugate_isogenous_pairs": 44, "eigenvalues": [5.239332138456578, -5.049428844040599]}, "11": {"diameter": 4, "conjugate_isogenous_pairs": 26, "eigenvalues": [6.414280978874145, -6.307910875030518]}}}