{"prime": 7331, "nodes": 612, "minpoly": "x^2 + 7327*x + 2", "spine": 66, "undirected": false, "ell": {"2": {"diameter": 13, "conjugate_isogenous_pairs": 13, "eigenvalues": [2.8001049797926147, -2.7959921143205695]}, "3": {"diameter": 9, "conjugate_isogenous_pairs": 18, "eigenvalues": [3.44912106380035, -3.4516057492411747]}, "5": {"diameter": 6, "conjugate_isogenous_pairs": 38, "eigenvalues": [4.447494617863174, -4.4482899690876305]}, "7": {"diameter": 6, "conjugate_isogenous_pairs": 41, "eigenvalues": [5.282908631468196, -5.161845289443038]}, "11": {"diameter": 4, "conjugate_isogenous_pairs": 27, "eigenvalues": [6.602893964721203, -6.588462395160447]}}}