{"prime": 23537, "nodes": 1962, "minpoly": "x^2 + 23536*x + 3", "spine": 68, "undirected": false, "ell": {"2": {"diameter": 15, "conjugate_isogenous_pairs": 33, "eigenvalues": [2.822640187079231, -2.8244609948562194]}, "3": {"diameter": 10, "conjugate_isogenous_pairs": 55, "eigenvalues": [3.461890932753679, -3.461463628859836]}, "5": {"diameter": 7, "conjugate_isogenous_pairs": 45, "eigenvalues": [4.448023028281405, -4.418699972864342]}, "7": {"diameter": 6, "conjugate_isogenous_pairs": 213, "eigenvalues": [5.234961971621661, -5.223674007535841]}, "11": {"diameter": 5, "conjugate_isogenous_pairs": 79, "eigenvalues": [6.479874040341856, -6.555674608344044]}}}