{"prime": 8783, "nodes": 733, "minpoly": "x^2 + 8781*x + 5", "spine": 73, "undirected": false, "ell": {"2": {"diameter": 14, "conjugate_isogenous_pairs": 28, "eigenvalues": [2.8184461307466275, -2.8130201592855744]}, "3": {"diameter": 9, "conjugate_isogenous_pairs": 26, "eigenvalues": [3.4606610454051694, -3.4614104433581305]}, "5": {"diameter": 6, "conjugate_isogenous_pairs": 28, "eigenvalues": [4.442255896296631, -4.458657396754212]}, "7": {"diameter": 6, "conjugate_isogenous_pairs": 76, "eigenvalues": [5.239268477405849, -5.16778074501279]}, "11": {"diameter": 5, "conjugate_isogenous_pairs": 33, "eigenvalues": [6.582371757057799, -6.535821669315578]}}}