{"prime": 2887, "nodes": 241, "minpoly": "x^2 + 2885*x + 5", "spine": 25, "undirected": false, "ell": {"2": {"diameter": 11, "conjugate_isogenous_pairs": 20, "eigenvalues": [2.798997319815992, -2.8070634522523044]}, "3": {"diameter": 7, "conjugate_isogenous_pairs": 16, "eigenvalues": [3.352538411049411, -3.4510949847359207]}, "5": {"diameter": 5, "conjugate_isogenous_pairs": 29, "eigenvalues": [4.374580354548403, -4.396974657537739]}, "7": {"diameter": 5, "conjugate_isogenous_pairs": 24, "eigenvalues": [5.230338359418273, -5.236754430231774]}, "11": {"diameter": 4, "conjugate_isogenous_pairs": 34, "eigenvalues": [6.551086686742341, -6.611997972534269]}}}