{"prime": 23269, "nodes": 1939, "minpoly": "x^2 + 23265*x + 6", "spine": 43, "undirected": true, "ell": {"2": {"diameter": 14, "conjugate_isogenous_pairs": 39, "eigenvalues": [2.8227651967237346, -2.8233202372950603]}, "3": {"diameter": 10, "conjugate_isogenous_pairs": 78, "eigenvalues": [3.441593184091878, -3.4582639548667267]}, "5": {"diameter": 7, "conjugate_isogenous_pairs": 76, "eigenvalues": [4.4635499074821645, -4.458623810579763]}, "7": {"diameter": 6, "conjugate_isogenous_pairs": 51, "eigenvalues": [5.244650474638581, -5.268280432719328]}, "11": {"diameter": 5, "conjugate_isogenous_pairs": 257, "eigenvalues": [6.605929740681793, -6.574233229854663]}}}