{"prime": 4129, "nodes": 344, "minpoly": "x^2 + 4120*x + 13", "spine": 18, "undirected": true, "ell": {"2": {"diameter": 12, "conjugate_isogenous_pairs": 28, "eigenvalues": [2.8073112959117097, -2.821717362176707]}, "3": {"diameter": 7, "conjugate_isogenous_pairs": 16, "eigenvalues": [3.4149309588149124, -3.450980522814094]}, "5": {"diameter": 5, "conjugate_isogenous_pairs": 28, "eigenvalues": [4.313805286942086, -4.406136102322418]}, "7": {"diameter": 5, "conjugate_isogenous_pairs": 37, "eigenvalues": [5.244647408485059, -5.02936442196074]}, "11": {"diameter": 4, "conjugate_isogenous_pairs": 74, "eigenvalues": [6.31559372413145, -6.4315143214594706]}}}