{"prime": 7951, "nodes": 663, "minpoly": "x^2 + 7949*x + 6", "spine": 51, "undirected": false, "ell": {"2": {"diameter": 13, "conjugate_isogenous_pairs": 30, "eigenvalues": [2.800133135795962, -2.795384616466873]}, "3": {"diameter": 9, "conjugate_isogenous_pairs": 14, "eigenvalues": [3.441337463285706, -3.4520593672385993]}, "5": {"diameter": 6, "conjugate_isogenous_pairs": 47, "eigenvalues": [4.4343740661173525, -4.43212513122521]}, "7": {"diameter": 5, "conjugate_isogenous_pairs": 30, "eigenvalues": [5.247596871680831, -5.110748228058504]}, "11": {"diameter": 4, "conjugate_isogenous_pairs": 104, "eigenvalues": [6.621371271392544, -6.541522902204495]}}}