{"prime": 24631, "nodes": 2053, "minpoly": "x^2 + 24630*x + 3", "spine": 133, "undirected": false, "ell": {"2": {"diameter": 15, "conjugate_isogenous_pairs": 51, "eigenvalues": [2.8212797749641787, -2.8253545165444236]}, "3": {"diameter": 10, "conjugate_isogenous_pairs": 39, "eigenvalues": [3.45717596135933, -3.4559332329790533]}, "5": {"diameter": 7, "conjugate_isogenous_pairs": 94, "eigenvalues": [4.440593581324763, -4.465226962538683]}, "7": {"diameter": 6, "conjugate_isogenous_pairs": 27, "eigenvalues": [5.280370729401331, -5.261386908266055]}, "11": {"diameter": 5, "conjugate_isogenous_pairs": 112, "eigenvalues": [6.61954873924915, -6.586940249956465]}}}