{"prime": 11933, "nodes": 995, "minpoly": "x^2 + 11932*x + 2", "spine": 49, "undirected": false, "ell": {"2": {"diameter": 14, "conjugate_isogenous_pairs": 34, "eigenvalues": [2.826068522162624, -2.824503663455139]}, "3": {"diameter": 9, "conjugate_isogenous_pairs": 59, "eigenvalues": [3.4449104410665203, -3.439088945756536]}, "5": {"diameter": 7, "conjugate_isogenous_pairs": 18, "eigenvalues": [4.451174365499016, -4.431821551868598]}, "7": {"diameter": 6, "conjugate_isogenous_pairs": 79, "eigenvalues": [5.275567297904916, -5.248839619995523]}, "11": {"diameter": 5, "conjugate_isogenous_pairs": 56, "eigenvalues": [6.566264739889727, -6.5114536314562335]}}}