{"prime": 28859, "nodes": 2406, "minpoly": "x^2 + 28858*x + 2", "spine": 186, "undirected": false, "ell": {"2": {"diameter": 16, "conjugate_isogenous_pairs": 25, "eigenvalues": [2.8153649669090592, -2.824695260076421]}, "3": {"diameter": 11, "conjugate_isogenous_pairs": 49, "eigenvalues": [3.4527822934516714, -3.457459994775727]}, "5": {"diameter": 7, "conjugate_isogenous_pairs": 87, "eigenvalues": [4.429040477705849, -4.444382833373067]}, "7": {"diameter": 6, "conjugate_isogenous_pairs": 79, "eigenvalues": [5.240166215961609, -5.271893610672518]}, "11": {"diameter": 5, "conjugate_isogenous_pairs": 69, "eigenvalues": [6.621618112521987, -6.583348388475665]}}}