{"prime": 21911, "nodes": 1827, "minpoly": "x^2 + 21910*x + 13", "spine": 165, "undirected": false, "ell": {"2": {"diameter": 15, "conjugate_isogenous_pairs": 20, "eigenvalues": [2.8200570921554577, -2.821342554819943]}, "3": {"diameter": 10, "conjugate_isogenous_pairs": 37, "eigenvalues": [3.445450529115699, -3.4571557515318774]}, "5": {"diameter": 7, "conjugate_isogenous_pairs": 55, "eigenvalues": [4.470248437294265, -4.462429006508388]}, "7": {"diameter": 6, "conjugate_isogenous_pairs": 63, "eigenvalues": [5.266481146221779, -5.274740453018473]}, "11": {"diameter": 5, "conjugate_isogenous_pairs": 59, "eigenvalues": [6.605099391224264, -6.591207497953155]}}}