{"prime": 24169, "nodes": 2014, "minpoly": "x^2 + 24168*x + 11", "spine": 56, "undirected": true, "ell": {"2": {"diameter": 15, "conjugate_isogenous_pairs": 54, "eigenvalues": [2.8229363835356636, -2.8265177518441984]}, "3": {"diameter": 10, "conjugate_isogenous_pairs": 47, "eigenvalues": [3.449188580198139, -3.446204862625451]}, "5": {"diameter": 7, "conjugate_isogenous_pairs": 71, "eigenvalues": [4.379020367802573, -4.429465792523737]}, "7": {"diameter": 6, "conjugate_isogenous_pairs": 63, "eigenvalues": [5.274353145404706, -5.265202677058387]}, "11": {"diameter": 5, "conjugate_isogenous_pairs": 231, "eigenvalues": [6.598814152416532, -6.602885518777092]}}}