{"prime": 19001, "nodes": 1584, "minpoly": "x^2 + 18995*x + 3", "spine": 72, "undirected": false, "ell": {"2": {"diameter": 14, "conjugate_isogenous_pairs": 30, "eigenvalues": [2.823583232436993, -2.8204620007131167]}, "3": {"diameter": 10, "conjugate_isogenous_pairs": 29, "eigenvalues": [3.4518299322037107, -3.458567296756165]}, "5": {"diameter": 7, "conjugate_isogenous_pairs": 42, "eigenvalues": [4.445624411439832, -4.435220977706478]}, "7": {"diameter": 6, "conjugate_isogenous_pairs": 170, "eigenvalues": [5.290931777217034, -5.239655330190006]}, "11": {"diameter": 5, "conjugate_isogenous_pairs": 100, "eigenvalues": [6.565060369247706, -6.5689545020500475]}}}