{"prime": 9349, "nodes": 779, "minpoly": "x^2 + 9341*x + 2", "spine": 27, "undirected": true, "ell": {"2": {"diameter": 12, "conjugate_isogenous_pairs": 29, "eigenvalues": [2.8105584497305047, -2.8163175707353227]}, "3": {"diameter": 9, "conjugate_isogenous_pairs": 57, "eigenvalues": [3.4568179769149037, -3.417617012860234]}, "5": {"diameter": 6, "conjugate_isogenous_pairs": 54, "eigenvalues": [4.441433408752474, -4.450213666121263]}, "7": {"diameter": 5, "conjugate_isogenous_pairs": 27, "eigenvalues": [5.254645434136127, -5.275691285429131]}, "11": {"diameter": 4, "conjugate_isogenous_pairs": 145, "eigenvalues": [6.522450509347749, -6.558403868681709]}}}