{"prime": 5927, "nodes": 495, "minpoly": "x^2 + 5926*x + 5", "spine": 71, "undirected": false, "ell": {"2": {"diameter": 13, "conjugate_isogenous_pairs": 17, "eigenvalues": [2.8082167100128252, -2.823051974523546]}, "3": {"diameter": 9, "conjugate_isogenous_pairs": 20, "eigenvalues": [3.4262975822183552, -3.432890023173442]}, "5": {"diameter": 6, "conjugate_isogenous_pairs": 19, "eigenvalues": [4.428113152330109, -4.436884471442242]}, "7": {"diameter": 6, "conjugate_isogenous_pairs": 67, "eigenvalues": [5.281100824351426, -5.23606797749977]}, "11": {"diameter": 4, "conjugate_isogenous_pairs": 30, "eigenvalues": [6.591886946338182, -6.542615955451865]}}}