{"prime": 14461, "nodes": 1205, "minpoly": "x^2 + 14460*x + 2", "spine": 39, "undirected": true, "ell": {"2": {"diameter": 14, "conjugate_isogenous_pairs": 37, "eigenvalues": [2.819218073014963, -2.8267508487155673]}, "3": {"diameter": 9, "conjugate_isogenous_pairs": 55, "eigenvalues": [3.462797050062333, -3.444258621546216]}, "5": {"diameter": 6, "conjugate_isogenous_pairs": 71, "eigenvalues": [4.406164080599974, -4.461201535345539]}, "7": {"diameter": 5, "conjugate_isogenous_pairs": 47, "eigenvalues": [5.251882002458029, -5.2302830975554215]}, "11": {"diameter": 5, "conjugate_isogenous_pairs": 261, "eigenvalues": [6.62645766917039, -6.6257997800362975]}}}