{"prime": 11717, "nodes": 977, "minpoly": "x^2 + 11716*x + 2", "spine": 73, "undirected": false, "ell": {"2": {"diameter": 14, "conjugate_isogenous_pairs": 21, "eigenvalues": [2.8270956742861872, -2.824873996209713]}, "3": {"diameter": 9, "conjugate_isogenous_pairs": 66, "eigenvalues": [3.446470062525936, -3.458530928892241]}, "5": {"diameter": 6, "conjugate_isogenous_pairs": 22, "eigenvalues": [4.458069895320674, -4.439707461735486]}, "7": {"diameter": 6, "conjugate_isogenous_pairs": 91, "eigenvalues": [5.262410654924262, -5.287055424107979]}, "11": {"diameter": 5, "conjugate_isogenous_pairs": 59, "eigenvalues": [6.575649231519715, -6.565106320940958]}}}