{"prime": 5849, "nodes": 488, "minpoly": "x^2 + 5848*x + 3", "spine": 52, "undirected": false, "ell": {"2": {"diameter": 13, "conjugate_isogenous_pairs": 9, "eigenvalues": [2.822512017439456, -2.8021148832061566]}, "3": {"diameter": 9, "conjugate_isogenous_pairs": 32, "eigenvalues": [3.441140970592182, -3.4085634174292423]}, "5": {"diameter": 6, "conjugate_isogenous_pairs": 21, "eigenvalues": [4.374381371702096, -4.442617101212989]}, "7": {"diameter": 5, "conjugate_isogenous_pairs": 54, "eigenvalues": [5.177646579303244, -5.231769334063838]}, "11": {"diameter": 4, "conjugate_isogenous_pairs": 33, "eigenvalues": [6.5111252522113015, -6.608604287553567]}}}