{"prime": 4021, "nodes": 335, "minpoly": "x^2 + 4020*x + 2", "spine": 31, "undirected": true, "ell": {"2": {"diameter": 12, "conjugate_isogenous_pairs": 18, "eigenvalues": [2.79009119656901, -2.810034101834257]}, "3": {"diameter": 8, "conjugate_isogenous_pairs": 27, "eigenvalues": [3.442695213225241, -3.4049611197095864]}, "5": {"diameter": 6, "conjugate_isogenous_pairs": 22, "eigenvalues": [4.428402635924255, -4.405468844523324]}, "7": {"diameter": 5, "conjugate_isogenous_pairs": 16, "eigenvalues": [5.131761630366819, -5.252966604983958]}, "11": {"diameter": 4, "conjugate_isogenous_pairs": 96, "eigenvalues": [6.614896894750387, -6.587629581728041]}}}