{"prime": 24953, "nodes": 2080, "minpoly": "x^2 + 24948*x + 3", "spine": 66, "undirected": false, "ell": {"2": {"diameter": 16, "conjugate_isogenous_pairs": 49, "eigenvalues": [2.827054055471361, -2.820994266191574]}, "3": {"diameter": 10, "conjugate_isogenous_pairs": 60, "eigenvalues": [3.462206167984309, -3.453450206174945]}, "5": {"diameter": 7, "conjugate_isogenous_pairs": 41, "eigenvalues": [4.421872034775482, -4.464491544337808]}, "7": {"diameter": 6, "conjugate_isogenous_pairs": 285, "eigenvalues": [5.286010428921075, -5.2518548082222365]}, "11": {"diameter": 5, "conjugate_isogenous_pairs": 72, "eigenvalues": [6.630001769835137, -6.611385401909404]}}}