{"prime": 2857, "nodes": 238, "minpoly": "x^2 + 2856*x + 11", "spine": 10, "undirected": true, "ell": {"2": {"diameter": 11, "conjugate_isogenous_pairs": 19, "eigenvalues": [2.8230826297957288, -2.7911093051337064]}, "3": {"diameter": 7, "conjugate_isogenous_pairs": 33, "eigenvalues": [3.408504474826736, -3.408024462795173]}, "5": {"diameter": 5, "conjugate_isogenous_pairs": 25, "eigenvalues": [4.348013449252022, -4.468482130291763]}, "7": {"diameter": 4, "conjugate_isogenous_pairs": 22, "eigenvalues": [4.971194657980476, -5.167770366661936]}, "11": {"diameter": 4, "conjugate_isogenous_pairs": 35, "eigenvalues": [6.532666892353972, -6.19427899819849]}}}