{"prime": 3169, "nodes": 264, "minpoly": "x^2 + 3162*x + 7", "spine": 18, "undirected": true, "ell": {"2": {"diameter": 11, "conjugate_isogenous_pairs": 14, "eigenvalues": [2.818790222086618, -2.8107669102660204]}, "3": {"diameter": 7, "conjugate_isogenous_pairs": 16, "eigenvalues": [3.4120865241069573, -3.403034443003492]}, "5": {"diameter": 5, "conjugate_isogenous_pairs": 20, "eigenvalues": [4.234868996147211, -4.465578473219686]}, "7": {"diameter": 5, "conjugate_isogenous_pairs": 32, "eigenvalues": [5.263924035532234, -5.142659240245653]}, "11": {"diameter": 4, "conjugate_isogenous_pairs": 74, "eigenvalues": [6.567822917780271, -6.4766926307078]}}}