{"prime": 8933, "nodes": 745, "minpoly": "x^2 + 8929*x + 2", "spine": 35, "undirected": false, "ell": {"2": {"diameter": 13, "conjugate_isogenous_pairs": 17, "eigenvalues": [2.8265129183774245, -2.8165574057390756]}, "3": {"diameter": 9, "conjugate_isogenous_pairs": 52, "eigenvalues": [3.4339852761432925, -3.463649295332869]}, "5": {"diameter": 6, "conjugate_isogenous_pairs": 28, "eigenvalues": [4.398456366297261, -4.445831544991726]}, "7": {"diameter": 6, "conjugate_isogenous_pairs": 108, "eigenvalues": [5.220046253647277, -5.241207866913736]}, "11": {"diameter": 5, "conjugate_isogenous_pairs": 60, "eigenvalues": [6.4387838379658895, -6.525794680654026]}}}