{"prime": 23159, "nodes": 1931, "minpoly": "x^2 + 23153*x + 11", "spine": 171, "undirected": false, "ell": {"2": {"diameter": 15, "conjugate_isogenous_pairs": 31, "eigenvalues": [2.8237723330882947, -2.8209921013773847]}, "3": {"diameter": 10, "conjugate_isogenous_pairs": 34, "eigenvalues": [3.4573190677749426, -3.456056668095699]}, "5": {"diameter": 7, "conjugate_isogenous_pairs": 37, "eigenvalues": [4.429819544257679, -4.456286779937854]}, "7": {"diameter": 6, "conjugate_isogenous_pairs": 85, "eigenvalues": [5.231801858404581, -5.268218858394885]}, "11": {"diameter": 5, "conjugate_isogenous_pairs": 88, "eigenvalues": [6.623584544685249, -6.625085915558269]}}}