{"prime": 28439, "nodes": 2371, "minpoly": "x^2 + 28437*x + 11", "spine": 219, "undirected": false, "ell": {"2": {"diameter": 15, "conjugate_isogenous_pairs": 37, "eigenvalues": [2.826945628159214, -2.824542323484209]}, "3": {"diameter": 10, "conjugate_isogenous_pairs": 26, "eigenvalues": [3.433293288060726, -3.4539706874374554]}, "5": {"diameter": 7, "conjugate_isogenous_pairs": 52, "eigenvalues": [4.463567638603646, -4.435486740935747]}, "7": {"diameter": 6, "conjugate_isogenous_pairs": 82, "eigenvalues": [5.279821705612199, -5.257240996389476]}, "11": {"diameter": 5, "conjugate_isogenous_pairs": 84, "eigenvalues": [6.594161024420366, -6.591928528930389]}}}