{"prime": 4801, "nodes": 400, "minpoly": "x^2 + 4798*x + 7", "spine": 28, "undirected": true, "ell": {"2": {"diameter": 12, "conjugate_isogenous_pairs": 21, "eigenvalues": [2.7986918740758555, -2.8249758445400395]}, "3": {"diameter": 8, "conjugate_isogenous_pairs": 16, "eigenvalues": [3.436277853636567, -3.426324152367766]}, "5": {"diameter": 6, "conjugate_isogenous_pairs": 32, "eigenvalues": [4.356114282775384, -4.442770049388222]}, "7": {"diameter": 5, "conjugate_isogenous_pairs": 36, "eigenvalues": [5.164140289548775, -5.20010246028366]}, "11": {"diameter": 4, "conjugate_isogenous_pairs": 85, "eigenvalues": [6.390830978674969, -6.514574531139868]}}}