{"prime": 4271, "nodes": 357, "minpoly": "x^2 + 4269*x + 7", "spine": 65, "undirected": false, "ell": {"2": {"diameter": 12, "conjugate_isogenous_pairs": 9, "eigenvalues": [2.7947348476722316, -2.8107984749083466]}, "3": {"diameter": 8, "conjugate_isogenous_pairs": 14, "eigenvalues": [3.4372569576141037, -3.430797780481516]}, "5": {"diameter": 6, "conjugate_isogenous_pairs": 23, "eigenvalues": [4.330517541829505, -4.437624551391647]}, "7": {"diameter": 5, "conjugate_isogenous_pairs": 37, "eigenvalues": [5.156017548948177, -5.192783791096324]}, "11": {"diameter": 4, "conjugate_isogenous_pairs": 24, "eigenvalues": [6.338074654202986, -6.424341236203433]}}}