{"prime": 28211, "nodes": 2352, "minpoly": "x^2 + 28207*x + 2", "spine": 146, "undirected": false, "ell": {"2": {"diameter": 15, "conjugate_isogenous_pairs": 15, "eigenvalues": [2.82077800619818, -2.824198740801833]}, "3": {"diameter": 10, "conjugate_isogenous_pairs": 43, "eigenvalues": [3.4567652798146424, -3.4623689939757414]}, "5": {"diameter": 7, "conjugate_isogenous_pairs": 96, "eigenvalues": [4.4287929846953515, -4.458793549469809]}, "7": {"diameter": 6, "conjugate_isogenous_pairs": 83, "eigenvalues": [5.276163612168627, -5.252537604685281]}, "11": {"diameter": 5, "conjugate_isogenous_pairs": 77, "eigenvalues": [6.615982048714642, -6.6243089778118165]}}}