{"prime": 25409, "nodes": 2118, "minpoly": "x^2 + 25408*x + 3", "spine": 112, "undirected": false, "ell": {"2": {"diameter": 15, "conjugate_isogenous_pairs": 23, "eigenvalues": [2.821473195662156, -2.8263299360852923]}, "3": {"diameter": 10, "conjugate_isogenous_pairs": 52, "eigenvalues": [3.4489949857510562, -3.4554262113628194]}, "5": {"diameter": 7, "conjugate_isogenous_pairs": 41, "eigenvalues": [4.463551417579413, -4.455140894635766]}, "7": {"diameter": 6, "conjugate_isogenous_pairs": 167, "eigenvalues": [5.246827026642261, -5.270454313697122]}, "11": {"diameter": 5, "conjugate_isogenous_pairs": 122, "eigenvalues": [6.596233350254779, -6.5535208522993535]}}}