{"prime": 3229, "nodes": 269, "minpoly": "x^2 + 3221*x + 6", "spine": 17, "undirected": true, "ell": {"2": {"diameter": 10, "conjugate_isogenous_pairs": 13, "eigenvalues": [2.7791221602237646, -2.8093123748638926]}, "3": {"diameter": 8, "conjugate_isogenous_pairs": 27, "eigenvalues": [3.3998472657321286, -3.447317374360146]}, "5": {"diameter": 5, "conjugate_isogenous_pairs": 39, "eigenvalues": [4.410444783460763, -4.328146448773485]}, "7": {"diameter": 5, "conjugate_isogenous_pairs": 18, "eigenvalues": [5.286080223916672, -5.174953490341317]}, "11": {"diameter": 4, "conjugate_isogenous_pairs": 81, "eigenvalues": [6.502062563129385, -6.545408161041672]}}}