{"prime": 6113, "nodes": 510, "minpoly": "x^2 + 6112*x + 3", "spine": 34, "undirected": false, "ell": {"2": {"diameter": 12, "conjugate_isogenous_pairs": 11, "eigenvalues": [2.810250513274418, -2.8234394562007683]}, "3": {"diameter": 9, "conjugate_isogenous_pairs": 42, "eigenvalues": [3.4450975591258124, -3.432867478970006]}, "5": {"diameter": 6, "conjugate_isogenous_pairs": 31, "eigenvalues": [4.429046836017094, -4.442493473996257]}, "7": {"diameter": 5, "conjugate_isogenous_pairs": 100, "eigenvalues": [5.1945173986837885, -5.281958226509722]}, "11": {"diameter": 4, "conjugate_isogenous_pairs": 27, "eigenvalues": [6.466478881266268, -6.542103937780118]}}}