{"prime": 25643, "nodes": 2138, "minpoly": "x^2 + 25639*x + 2", "spine": 86, "undirected": false, "ell": {"2": {"diameter": 15, "conjugate_isogenous_pairs": 29, "eigenvalues": [2.81847855224195, -2.8214642082202905]}, "3": {"diameter": 10, "conjugate_isogenous_pairs": 58, "eigenvalues": [3.459748873317993, -3.45946227561073]}, "5": {"diameter": 7, "conjugate_isogenous_pairs": 135, "eigenvalues": [4.435681112733368, -4.4584544812883875]}, "7": {"diameter": 6, "conjugate_isogenous_pairs": 141, "eigenvalues": [5.267379177085721, -5.2879539296046785]}, "11": {"diameter": 5, "conjugate_isogenous_pairs": 53, "eigenvalues": [6.625561588684203, -6.608998895458166]}}}