{"prime": 8291, "nodes": 692, "minpoly": "x^2 + 8287*x + 2", "spine": 94, "undirected": false, "ell": {"2": {"diameter": 13, "conjugate_isogenous_pairs": 11, "eigenvalues": [2.8061138411624373, -2.8279911773615605]}, "3": {"diameter": 9, "conjugate_isogenous_pairs": 27, "eigenvalues": [3.429562002327566, -3.432794865356714]}, "5": {"diameter": 6, "conjugate_isogenous_pairs": 37, "eigenvalues": [4.342754862945773, -4.456886634913346]}, "7": {"diameter": 6, "conjugate_isogenous_pairs": 35, "eigenvalues": [5.268317423295401, -5.23146965801661]}, "11": {"diameter": 5, "conjugate_isogenous_pairs": 35, "eigenvalues": [6.5698570831629715, -6.532381406941713]}}}