{"prime": 6719, "nodes": 561, "minpoly": "x^2 + 6716*x + 11", "spine": 105, "undirected": false, "ell": {"2": {"diameter": 14, "conjugate_isogenous_pairs": 16, "eigenvalues": [2.8267983289041236, -2.8066913941593614]}, "3": {"diameter": 9, "conjugate_isogenous_pairs": 10, "eigenvalues": [3.4445737594183132, -3.4400389030663225]}, "5": {"diameter": 7, "conjugate_isogenous_pairs": 28, "eigenvalues": [4.437655372466286, -4.373784495581574]}, "7": {"diameter": 5, "conjugate_isogenous_pairs": 52, "eigenvalues": [5.196684332080586, -5.264414380922122]}, "11": {"diameter": 5, "conjugate_isogenous_pairs": 34, "eigenvalues": [6.38157647369879, -6.619727702170545]}}}