{"prime": 5783, "nodes": 483, "minpoly": "x^2 + 5779*x + 7", "spine": 53, "undirected": false, "ell": {"2": {"diameter": 12, "conjugate_isogenous_pairs": 14, "eigenvalues": [2.8226732043532206, -2.789897498962873]}, "3": {"diameter": 9, "conjugate_isogenous_pairs": 34, "eigenvalues": [3.459937248237614, -3.4520347058162075]}, "5": {"diameter": 6, "conjugate_isogenous_pairs": 34, "eigenvalues": [4.453341456061306, -4.451704335005608]}, "7": {"diameter": 6, "conjugate_isogenous_pairs": 52, "eigenvalues": [5.264092719656014, -5.2116735132943175]}, "11": {"diameter": 4, "conjugate_isogenous_pairs": 22, "eigenvalues": [6.401244609926123, -6.598763015674711]}}}