{"prime": 25793, "nodes": 2150, "minpoly": "x^2 + 25787*x + 3", "spine": 80, "undirected": false, "ell": {"2": {"diameter": 15, "conjugate_isogenous_pairs": 47, "eigenvalues": [2.8185654800822535, -2.8278406453149105]}, "3": {"diameter": 10, "conjugate_isogenous_pairs": 64, "eigenvalues": [3.4391791163222845, -3.4516307720092305]}, "5": {"diameter": 7, "conjugate_isogenous_pairs": 28, "eigenvalues": [4.468252888222621, -4.459397610305827]}, "7": {"diameter": 6, "conjugate_isogenous_pairs": 217, "eigenvalues": [5.219225694076807, -5.226021038942613]}, "11": {"diameter": 5, "conjugate_isogenous_pairs": 71, "eigenvalues": [6.627144356338095, -6.569735420657808]}}}