{"prime": 4127, "nodes": 345, "minpoly": "x^2 + 4125*x + 5", "spine": 49, "undirected": false, "ell": {"2": {"diameter": 12, "conjugate_isogenous_pairs": 11, "eigenvalues": [2.8044083481988444, -2.7969174587811]}, "3": {"diameter": 8, "conjugate_isogenous_pairs": 24, "eigenvalues": [3.4174243112181286, -3.382241552669796]}, "5": {"diameter": 6, "conjugate_isogenous_pairs": 22, "eigenvalues": [4.291703019476915, -4.406164773523841]}, "7": {"diameter": 5, "conjugate_isogenous_pairs": 40, "eigenvalues": [5.209652185955277, -5.228601537440107]}, "11": {"diameter": 4, "conjugate_isogenous_pairs": 14, "eigenvalues": [6.558992941733896, -6.521302629570209]}}}