{"prime": 23609, "nodes": 1968, "minpoly": "x^2 + 23606*x + 6", "spine": 106, "undirected": false, "ell": {"2": {"diameter": 15, "conjugate_isogenous_pairs": 29, "eigenvalues": [2.8254868686384667, -2.8273852517338995]}, "3": {"diameter": 10, "conjugate_isogenous_pairs": 41, "eigenvalues": [3.4400563896334653, -3.459225888128708]}, "5": {"diameter": 7, "conjugate_isogenous_pairs": 22, "eigenvalues": [4.467006625703782, -4.442185078680753]}, "7": {"diameter": 6, "conjugate_isogenous_pairs": 136, "eigenvalues": [5.251829515905162, -5.231449813672321]}, "11": {"diameter": 5, "conjugate_isogenous_pairs": 97, "eigenvalues": [6.58322747912246, -6.616698076446521]}}}