{"prime": 23053, "nodes": 1921, "minpoly": "x^2 + 23049*x + 2", "spine": 33, "undirected": true, "ell": {"2": {"diameter": 14, "conjugate_isogenous_pairs": 54, "eigenvalues": [2.825425599907908, -2.8216321552042904]}, "3": {"diameter": 9, "conjugate_isogenous_pairs": 149, "eigenvalues": [3.4567023575876656, -3.4594740593283473]}, "5": {"diameter": 7, "conjugate_isogenous_pairs": 69, "eigenvalues": [4.457712353713786, -4.453534478548226]}, "7": {"diameter": 6, "conjugate_isogenous_pairs": 55, "eigenvalues": [5.273043068538398, -5.233346076045517]}, "11": {"diameter": 5, "conjugate_isogenous_pairs": 128, "eigenvalues": [6.621137406431205, -6.566718305603649]}}}