{"prime": 23623, "nodes": 1969, "minpoly": "x^2 + 23620*x + 6", "spine": 53, "undirected": false, "ell": {"2": {"diameter": 15, "conjugate_isogenous_pairs": 70, "eigenvalues": [2.827752506458925, -2.8157113223112247]}, "3": {"diameter": 10, "conjugate_isogenous_pairs": 55, "eigenvalues": [3.4555946056083484, -3.4586371889461955]}, "5": {"diameter": 7, "conjugate_isogenous_pairs": 120, "eigenvalues": [4.431283268174857, -4.447876428082608]}, "7": {"diameter": 6, "conjugate_isogenous_pairs": 66, "eigenvalues": [5.25987942467179, -5.253753134049067]}, "11": {"diameter": 5, "conjugate_isogenous_pairs": 125, "eigenvalues": [6.598154149054944, -6.594440925166444]}}}