{"prime": 21589, "nodes": 1799, "minpoly": "x^2 + 21585*x + 2", "spine": 51, "undirected": true, "ell": {"2": {"diameter": 14, "conjugate_isogenous_pairs": 35, "eigenvalues": [2.827652695929951, -2.816239192782508]}, "3": {"diameter": 10, "conjugate_isogenous_pairs": 87, "eigenvalues": [3.4580734818027143, -3.435525945090846]}, "5": {"diameter": 7, "conjugate_isogenous_pairs": 91, "eigenvalues": [4.464330826665303, -4.406614082234643]}, "7": {"diameter": 6, "conjugate_isogenous_pairs": 36, "eigenvalues": [5.272144255938065, -5.241815527833217]}, "11": {"diameter": 5, "conjugate_isogenous_pairs": 141, "eigenvalues": [6.625309334157749, -6.606506192199536]}}}