{"prime": 14713, "nodes": 1226, "minpoly": "x^2 + 14710*x + 5", "spine": 26, "undirected": true, "ell": {"2": {"diameter": 13, "conjugate_isogenous_pairs": 52, "eigenvalues": [2.820014298089264, -2.8227673687826864]}, "3": {"diameter": 9, "conjugate_isogenous_pairs": 58, "eigenvalues": [3.4489384879582143, -3.420453615590063]}, "5": {"diameter": 6, "conjugate_isogenous_pairs": 47, "eigenvalues": [4.463796738200722, -4.451403746259244]}, "7": {"diameter": 5, "conjugate_isogenous_pairs": 57, "eigenvalues": [5.2347724344045234, -5.24523931306274]}, "11": {"diameter": 5, "conjugate_isogenous_pairs": 116, "eigenvalues": [6.479006415600881, -6.5451616595890725]}}}