{"prime": 2647, "nodes": 221, "minpoly": "x^2 + 2646*x + 3", "spine": 15, "undirected": false, "ell": {"2": {"diameter": 10, "conjugate_isogenous_pairs": 19, "eigenvalues": [2.772041329319901, -2.809583578070018]}, "3": {"diameter": 8, "conjugate_isogenous_pairs": 20, "eigenvalues": [3.4229062466881404, -3.4563170178636864]}, "5": {"diameter": 6, "conjugate_isogenous_pairs": 45, "eigenvalues": [4.298695509929738, -4.383818487183997]}, "7": {"diameter": 5, "conjugate_isogenous_pairs": 21, "eigenvalues": [5.088403952689066, -5.129051788197439]}, "11": {"diameter": 4, "conjugate_isogenous_pairs": 23, "eigenvalues": [6.395668711659028, -6.466854739128756]}}}