{"prime": 9629, "nodes": 803, "minpoly": "x^2 + 9621*x + 2", "spine": 55, "undirected": false, "ell": {"2": {"diameter": 14, "conjugate_isogenous_pairs": 10, "eigenvalues": [2.8195068272212604, -2.796761787946966]}, "3": {"diameter": 9, "conjugate_isogenous_pairs": 56, "eigenvalues": [3.4631149779922508, -3.4450762621270323]}, "5": {"diameter": 7, "conjugate_isogenous_pairs": 25, "eigenvalues": [4.399447140866198, -4.433152697165205]}, "7": {"diameter": 6, "conjugate_isogenous_pairs": 71, "eigenvalues": [5.212624249611835, -5.2637635034435135]}, "11": {"diameter": 5, "conjugate_isogenous_pairs": 80, "eigenvalues": [6.5402848697405735, -6.490720453026656]}}}