{"prime": 269, "nodes": 23, "minpoly": "x^2 + 268*x + 2", "spine": 11, "undirected": false, "ell": {"2": {"diameter": 8, "conjugate_isogenous_pairs": 1, "eigenvalues": [2.7617135455513697, -2.692957436653472]}, "3": {"diameter": 5, "conjugate_isogenous_pairs": 4, "eigenvalues": [3.127981989571884, -3.1246014361298418]}, "5": {"diameter": 4, "conjugate_isogenous_pairs": 3, "eigenvalues": [3.6379251077888806, -3.8875930721014393]}, "7": {"diameter": 3, "conjugate_isogenous_pairs": 5, "eigenvalues": [4.746681679815273, -4.790873000948912]}, "11": {"diameter": 3, "conjugate_isogenous_pairs": 6, "eigenvalues": [5.9596429046532835, -5.030828726997061]}}}