{"prime": 21871, "nodes": 1823, "minpoly": "x^2 + 21870*x + 6", "spine": 103, "undirected": false, "ell": {"2": {"diameter": 15, "conjugate_isogenous_pairs": 54, "eigenvalues": [2.8228554121812066, -2.822212504322739]}, "3": {"diameter": 10, "conjugate_isogenous_pairs": 22, "eigenvalues": [3.4506417962550917, -3.4613168473735056]}, "5": {"diameter": 7, "conjugate_isogenous_pairs": 71, "eigenvalues": [4.448854029395744, -4.468050423213425]}, "7": {"diameter": 6, "conjugate_isogenous_pairs": 46, "eigenvalues": [5.257166017223973, -5.211830570281714]}, "11": {"diameter": 5, "conjugate_isogenous_pairs": 178, "eigenvalues": [6.562384378174283, -6.570479903109554]}}}