{"prime": 769, "nodes": 64, "minpoly": "x^2 + 765*x + 11", "spine": 10, "undirected": true, "ell": {"2": {"diameter": 9, "conjugate_isogenous_pairs": 10, "eigenvalues": [2.804244933828934, -2.7921531989457433]}, "3": {"diameter": 5, "conjugate_isogenous_pairs": 7, "eigenvalues": [3.3226750491844745, -3.191899844980343]}, "5": {"diameter": 4, "conjugate_isogenous_pairs": 12, "eigenvalues": [3.806497733870318, -4.113734332767859]}, "7": {"diameter": 3, "conjugate_isogenous_pairs": 9, "eigenvalues": [4.7147306078175015, -4.807667570251674]}, "11": {"diameter": 3, "conjugate_isogenous_pairs": 23, "eigenvalues": [5.959655625227719, -6.355514464321504]}}}