{"prime": 19141, "nodes": 1595, "minpoly": "x^2 + 19140*x + 2", "spine": 49, "undirected": true, "ell": {"2": {"diameter": 14, "conjugate_isogenous_pairs": 51, "eigenvalues": [2.8251485932217677, -2.8205355114446657]}, "3": {"diameter": 9, "conjugate_isogenous_pairs": 44, "eigenvalues": [3.4541191093253834, -3.445694586987797]}, "5": {"diameter": 6, "conjugate_isogenous_pairs": 60, "eigenvalues": [4.452302245747408, -4.439698926058341]}, "7": {"diameter": 6, "conjugate_isogenous_pairs": 51, "eigenvalues": [5.259476281916938, -5.281592858130888]}, "11": {"diameter": 5, "conjugate_isogenous_pairs": 287, "eigenvalues": [6.607748371433071, -6.597114177093741]}}}