{"prime": 12487, "nodes": 1041, "minpoly": "x^2 + 12486*x + 3", "spine": 51, "undirected": false, "ell": {"2": {"diameter": 14, "conjugate_isogenous_pairs": 64, "eigenvalues": [2.8157669427287755, -2.8137535045171367]}, "3": {"diameter": 9, "conjugate_isogenous_pairs": 37, "eigenvalues": [3.4288041862994643, -3.4616739558231933]}, "5": {"diameter": 7, "conjugate_isogenous_pairs": 73, "eigenvalues": [4.431995639550319, -4.400293281901659]}, "7": {"diameter": 5, "conjugate_isogenous_pairs": 35, "eigenvalues": [5.245703590953025, -5.233433637261305]}, "11": {"diameter": 4, "conjugate_isogenous_pairs": 62, "eigenvalues": [6.464420197094208, -6.562846367925065]}}}