{"prime": 8999, "nodes": 751, "minpoly": "x^2 + 8997*x + 7", "spine": 99, "undirected": false, "ell": {"2": {"diameter": 13, "conjugate_isogenous_pairs": 10, "eigenvalues": [2.7934993107273436, -2.811000924753138]}, "3": {"diameter": 10, "conjugate_isogenous_pairs": 22, "eigenvalues": [3.4458454804606586, -3.4129787606794633]}, "5": {"diameter": 7, "conjugate_isogenous_pairs": 36, "eigenvalues": [4.455207482224761, -4.404519960959043]}, "7": {"diameter": 6, "conjugate_isogenous_pairs": 56, "eigenvalues": [5.258318364189344, -5.217685669736591]}, "11": {"diameter": 5, "conjugate_isogenous_pairs": 39, "eigenvalues": [6.541589722837612, -6.548236899838788]}}}