{"prime": 9209, "nodes": 768, "minpoly": "x^2 + 9208*x + 3", "spine": 54, "undirected": false, "ell": {"2": {"diameter": 13, "conjugate_isogenous_pairs": 10, "eigenvalues": [2.8034448222087796, -2.8050030270993966]}, "3": {"diameter": 9, "conjugate_isogenous_pairs": 28, "eigenvalues": [3.4413317053143304, -3.4201936995393543]}, "5": {"diameter": 6, "conjugate_isogenous_pairs": 33, "eigenvalues": [4.407230578396715, -4.467140020431431]}, "7": {"diameter": 6, "conjugate_isogenous_pairs": 109, "eigenvalues": [5.179875602115413, -5.202476427033524]}, "11": {"diameter": 5, "conjugate_isogenous_pairs": 70, "eigenvalues": [6.493377716633391, -6.519610426172393]}}}