{"prime": 15073, "nodes": 1256, "minpoly": "x^2 + 15068*x + 5", "spine": 16, "undirected": true, "ell": {"2": {"diameter": 14, "conjugate_isogenous_pairs": 53, "eigenvalues": [2.8172122653850233, -2.825560926392709]}, "3": {"diameter": 9, "conjugate_isogenous_pairs": 62, "eigenvalues": [3.454946269832332, -3.450611383150433]}, "5": {"diameter": 6, "conjugate_isogenous_pairs": 83, "eigenvalues": [4.436240358420533, -4.445483611077337]}, "7": {"diameter": 5, "conjugate_isogenous_pairs": 119, "eigenvalues": [5.275355406256332, -5.2612870842986785]}, "11": {"diameter": 5, "conjugate_isogenous_pairs": 97, "eigenvalues": [6.620187049449395, -6.501966109664023]}}}