{"prime": 12967, "nodes": 1081, "minpoly": "x^2 + 12965*x + 3", "spine": 37, "undirected": false, "ell": {"2": {"diameter": 14, "conjugate_isogenous_pairs": 66, "eigenvalues": [2.8139127001718394, -2.821124827328538]}, "3": {"diameter": 9, "conjugate_isogenous_pairs": 30, "eigenvalues": [3.4454528496166503, -3.4393220299909593]}, "5": {"diameter": 7, "conjugate_isogenous_pairs": 63, "eigenvalues": [4.465402415272661, -4.451671509157843]}, "7": {"diameter": 5, "conjugate_isogenous_pairs": 50, "eigenvalues": [5.278874820683294, -5.245367519453452]}, "11": {"diameter": 4, "conjugate_isogenous_pairs": 87, "eigenvalues": [6.601102840519664, -6.607678954500113]}}}