{"prime": 2609, "nodes": 218, "minpoly": "x^2 + 2603*x + 3", "spine": 42, "undirected": false, "ell": {"2": {"diameter": 11, "conjugate_isogenous_pairs": 6, "eigenvalues": [2.785119032282768, -2.8175486085238255]}, "3": {"diameter": 8, "conjugate_isogenous_pairs": 16, "eigenvalues": [3.4374659129781846, -3.436177940545374]}, "5": {"diameter": 5, "conjugate_isogenous_pairs": 11, "eigenvalues": [4.346385778040483, -4.4692451292447455]}, "7": {"diameter": 5, "conjugate_isogenous_pairs": 26, "eigenvalues": [5.229558745246512, -5.272346138979796]}, "11": {"diameter": 4, "conjugate_isogenous_pairs": 19, "eigenvalues": [6.352639763056133, -6.440481473184123]}}}