{"prime": 10151, "nodes": 847, "minpoly": "x^2 + 10149*x + 7", "spine": 93, "undirected": false, "ell": {"2": {"diameter": 14, "conjugate_isogenous_pairs": 14, "eigenvalues": [2.8256320862733504, -2.817503961763593]}, "3": {"diameter": 9, "conjugate_isogenous_pairs": 18, "eigenvalues": [3.4472535949457432, -3.422033146838006]}, "5": {"diameter": 7, "conjugate_isogenous_pairs": 32, "eigenvalues": [4.416531637124353, -4.426370410784634]}, "7": {"diameter": 6, "conjugate_isogenous_pairs": 47, "eigenvalues": [5.230999217917083, -5.236147477102022]}, "11": {"diameter": 5, "conjugate_isogenous_pairs": 36, "eigenvalues": [6.537489815790794, -6.53501236360731]}}}