{"prime": 5413, "nodes": 451, "minpoly": "x^2 + 5408*x + 5", "spine": 9, "undirected": true, "ell": {"2": {"diameter": 11, "conjugate_isogenous_pairs": 29, "eigenvalues": [2.7992791926387808, -2.8062956057743276]}, "3": {"diameter": 8, "conjugate_isogenous_pairs": 54, "eigenvalues": [3.438655439301167, -3.4601414177060144]}, "5": {"diameter": 6, "conjugate_isogenous_pairs": 45, "eigenvalues": [4.388992809342589, -4.466874095875788]}, "7": {"diameter": 5, "conjugate_isogenous_pairs": 44, "eigenvalues": [5.207570198928213, -5.078096360658058]}, "11": {"diameter": 4, "conjugate_isogenous_pairs": 90, "eigenvalues": [6.38566773126704, -6.600108554914416]}}}