{"prime": 5167, "nodes": 431, "minpoly": "x^2 + 5166*x + 6", "spine": 33, "undirected": false, "ell": {"2": {"diameter": 12, "conjugate_isogenous_pairs": 28, "eigenvalues": [2.8196484694539734, -2.816163292683446]}, "3": {"diameter": 8, "conjugate_isogenous_pairs": 22, "eigenvalues": [3.4554052038983825, -3.4181792771322455]}, "5": {"diameter": 6, "conjugate_isogenous_pairs": 65, "eigenvalues": [4.401675993677934, -4.412044714247223]}, "7": {"diameter": 5, "conjugate_isogenous_pairs": 23, "eigenvalues": [5.1028745015690795, -5.290294938829217]}, "11": {"diameter": 4, "conjugate_isogenous_pairs": 29, "eigenvalues": [6.631067748663234, -6.567375947984851]}}}