{"prime": 15053, "nodes": 1255, "minpoly": "x^2 + 15047*x + 2", "spine": 59, "undirected": false, "ell": {"2": {"diameter": 15, "conjugate_isogenous_pairs": 33, "eigenvalues": [2.82815718253069, -2.812795609607298]}, "3": {"diameter": 10, "conjugate_isogenous_pairs": 77, "eigenvalues": [3.4536531147809804, -3.4332066040528986]}, "5": {"diameter": 7, "conjugate_isogenous_pairs": 20, "eigenvalues": [4.423526427646483, -4.3863680879258355]}, "7": {"diameter": 6, "conjugate_isogenous_pairs": 91, "eigenvalues": [5.270411013328359, -5.246401362931883]}, "11": {"diameter": 5, "conjugate_isogenous_pairs": 76, "eigenvalues": [6.54707100532917, -6.586386310859547]}}}