{"prime": 14489, "nodes": 1208, "minpoly": "x^2 + 14484*x + 3", "spine": 80, "undirected": false, "ell": {"2": {"diameter": 14, "conjugate_isogenous_pairs": 24, "eigenvalues": [2.8214790612327185, -2.8173244740920556]}, "3": {"diameter": 10, "conjugate_isogenous_pairs": 40, "eigenvalues": [3.442122641242439, -3.44393948439894]}, "5": {"diameter": 7, "conjugate_isogenous_pairs": 35, "eigenvalues": [4.458439031491399, -4.4584605411252864]}, "7": {"diameter": 6, "conjugate_isogenous_pairs": 117, "eigenvalues": [5.215865241881118, -5.257954624339388]}, "11": {"diameter": 5, "conjugate_isogenous_pairs": 81, "eigenvalues": [6.551474608685216, -6.531559224232949]}}}