{"prime": 10937, "nodes": 912, "minpoly": "x^2 + 10931*x + 3", "spine": 42, "undirected": false, "ell": {"2": {"diameter": 13, "conjugate_isogenous_pairs": 25, "eigenvalues": [2.8158388064431423, -2.8226182346626425]}, "3": {"diameter": 9, "conjugate_isogenous_pairs": 36, "eigenvalues": [3.4119091011676943, -3.443224507686593]}, "5": {"diameter": 6, "conjugate_isogenous_pairs": 26, "eigenvalues": [4.434704258187021, -4.453815446961473]}, "7": {"diameter": 6, "conjugate_isogenous_pairs": 167, "eigenvalues": [5.268913602452089, -5.249753815317766]}, "11": {"diameter": 5, "conjugate_isogenous_pairs": 56, "eigenvalues": [6.595780817916195, -6.593460192384669]}}}