{"prime": 20201, "nodes": 1684, "minpoly": "x^2 + 20195*x + 6", "spine": 92, "undirected": false, "ell": {"2": {"diameter": 16, "conjugate_isogenous_pairs": 22, "eigenvalues": [2.822931527242917, -2.8234385248113787]}, "3": {"diameter": 10, "conjugate_isogenous_pairs": 49, "eigenvalues": [3.4335003549457515, -3.455562396320638]}, "5": {"diameter": 7, "conjugate_isogenous_pairs": 24, "eigenvalues": [4.455566081471377, -4.4518582992209375]}, "7": {"diameter": 6, "conjugate_isogenous_pairs": 135, "eigenvalues": [5.235898868861128, -5.287768980340054]}, "11": {"diameter": 5, "conjugate_isogenous_pairs": 103, "eigenvalues": [6.539280150931333, -6.62586267502338]}}}