{"prime": 28201, "nodes": 2350, "minpoly": "x^2 + 28198*x + 11", "spine": 74, "undirected": true, "ell": {"2": {"diameter": 16, "conjugate_isogenous_pairs": 49, "eigenvalues": [2.8256184624251834, -2.8198027748035064]}, "3": {"diameter": 10, "conjugate_isogenous_pairs": 51, "eigenvalues": [3.452536987293666, -3.460361889695842]}, "5": {"diameter": 7, "conjugate_isogenous_pairs": 86, "eigenvalues": [4.4547397797565536, -4.442475899648601]}, "7": {"diameter": 6, "conjugate_isogenous_pairs": 68, "eigenvalues": [5.266323257691646, -5.247026027481551]}, "11": {"diameter": 5, "conjugate_isogenous_pairs": 180, "eigenvalues": [6.596649792424918, -6.61397240379159]}}}