{"prime": 12143, "nodes": 1013, "minpoly": "x^2 + 12142*x + 10", "spine": 121, "undirected": false, "ell": {"2": {"diameter": 14, "conjugate_isogenous_pairs": 22, "eigenvalues": [2.8163466598100078, -2.8194835529700475]}, "3": {"diameter": 10, "conjugate_isogenous_pairs": 39, "eigenvalues": [3.4600993170056675, -3.448808128006995]}, "5": {"diameter": 7, "conjugate_isogenous_pairs": 34, "eigenvalues": [4.459571358022843, -4.449421354805204]}, "7": {"diameter": 6, "conjugate_isogenous_pairs": 69, "eigenvalues": [5.276532190279802, -5.192634334967725]}, "11": {"diameter": 4, "conjugate_isogenous_pairs": 44, "eigenvalues": [6.540143537187273, -6.622706473954379]}}}