{"prime": 24851, "nodes": 2072, "minpoly": "x^2 + 24846*x + 2", "spine": 110, "undirected": false, "ell": {"2": {"diameter": 16, "conjugate_isogenous_pairs": 18, "eigenvalues": [2.8277267438694174, -2.8128290810088505]}, "3": {"diameter": 10, "conjugate_isogenous_pairs": 41, "eigenvalues": [3.4513809563236233, -3.4577784317930065]}, "5": {"diameter": 7, "conjugate_isogenous_pairs": 115, "eigenvalues": [4.4550659325235555, -4.464394655205212]}, "7": {"diameter": 6, "conjugate_isogenous_pairs": 85, "eigenvalues": [5.251913376098417, -5.262475857968299]}, "11": {"diameter": 5, "conjugate_isogenous_pairs": 81, "eigenvalues": [6.623900378252003, -6.570676220026196]}}}