{"prime": 1979, "nodes": 166, "minpoly": "x^2 + 1975*x + 2", "spine": 46, "undirected": false, "ell": {"2": {"diameter": 11, "conjugate_isogenous_pairs": 4, "eigenvalues": [2.7976711719276306, -2.7905214879096483]}, "3": {"diameter": 8, "conjugate_isogenous_pairs": 9, "eigenvalues": [3.3655989772838786, -3.396916110281711]}, "5": {"diameter": 5, "conjugate_isogenous_pairs": 22, "eigenvalues": [4.442948393153727, -4.215699273131345]}, "7": {"diameter": 5, "conjugate_isogenous_pairs": 21, "eigenvalues": [5.130395565449247, -5.278516419574405]}, "11": {"diameter": 4, "conjugate_isogenous_pairs": 16, "eigenvalues": [6.205979392585123, -6.284814445978276]}}}