{"prime": 5153, "nodes": 430, "minpoly": "x^2 + 5148*x + 5", "spine": 18, "undirected": false, "ell": {"2": {"diameter": 12, "conjugate_isogenous_pairs": 17, "eigenvalues": [2.820087953194622, -2.8082601264811133]}, "3": {"diameter": 9, "conjugate_isogenous_pairs": 31, "eigenvalues": [3.381851177151882, -3.4297876685312105]}, "5": {"diameter": 6, "conjugate_isogenous_pairs": 18, "eigenvalues": [4.456272331056928, -4.468296239656375]}, "7": {"diameter": 5, "conjugate_isogenous_pairs": 107, "eigenvalues": [5.205403505640437, -5.191195859334647]}, "11": {"diameter": 4, "conjugate_isogenous_pairs": 26, "eigenvalues": [6.551992551312617, -6.558903434103754]}}}