{"prime": 19267, "nodes": 1606, "minpoly": "x^2 + 19266*x + 3", "spine": 50, "undirected": false, "ell": {"2": {"diameter": 14, "conjugate_isogenous_pairs": 47, "eigenvalues": [2.8217317580937507, -2.814628602457448]}, "3": {"diameter": 9, "conjugate_isogenous_pairs": 58, "eigenvalues": [3.4632007991429017, -3.4565824565985226]}, "5": {"diameter": 7, "conjugate_isogenous_pairs": 115, "eigenvalues": [4.452902519690845, -4.470365378699448]}, "7": {"diameter": 6, "conjugate_isogenous_pairs": 48, "eigenvalues": [5.269118540542053, -5.235387635482089]}, "11": {"diameter": 5, "conjugate_isogenous_pairs": 102, "eigenvalues": [6.595228000030987, -6.5561953776826885]}}}