{"prime": 12637, "nodes": 1053, "minpoly": "x^2 + 12633*x + 2", "spine": 21, "undirected": true, "ell": {"2": {"diameter": 13, "conjugate_isogenous_pairs": 42, "eigenvalues": [2.814151728007889, -2.820954153436353]}, "3": {"diameter": 9, "conjugate_isogenous_pairs": 92, "eigenvalues": [3.4289890992684575, -3.445532196881733]}, "5": {"diameter": 6, "conjugate_isogenous_pairs": 67, "eigenvalues": [4.44249549061151, -4.4699233193971795]}, "7": {"diameter": 5, "conjugate_isogenous_pairs": 61, "eigenvalues": [5.250794710880602, -5.2288472557866505]}, "11": {"diameter": 4, "conjugate_isogenous_pairs": 89, "eigenvalues": [6.533494115583415, -6.541406050804813]}}}