{"prime": 24419, "nodes": 2036, "minpoly": "x^2 + 24418*x + 2", "spine": 142, "undirected": false, "ell": {"2": {"diameter": 16, "conjugate_isogenous_pairs": 23, "eigenvalues": [2.820428937384228, -2.8238767224860606]}, "3": {"diameter": 10, "conjugate_isogenous_pairs": 37, "eigenvalues": [3.4487985884456647, -3.4387455594692407]}, "5": {"diameter": 7, "conjugate_isogenous_pairs": 95, "eigenvalues": [4.417949184104666, -4.44172173711548]}, "7": {"diameter": 6, "conjugate_isogenous_pairs": 99, "eigenvalues": [5.27677791997232, -5.237021773736756]}, "11": {"diameter": 5, "conjugate_isogenous_pairs": 77, "eigenvalues": [6.619255574187499, -6.59879928958254]}}}