{"prime": 23203, "nodes": 1934, "minpoly": "x^2 + 23198*x + 3", "spine": 38, "undirected": false, "ell": {"2": {"diameter": 15, "conjugate_isogenous_pairs": 98, "eigenvalues": [2.8273291281480417, -2.8205136575310004]}, "3": {"diameter": 9, "conjugate_isogenous_pairs": 39, "eigenvalues": [3.4589919516393994, -3.4585669727471227]}, "5": {"diameter": 7, "conjugate_isogenous_pairs": 98, "eigenvalues": [4.441251725166211, -4.466345295245183]}, "7": {"diameter": 6, "conjugate_isogenous_pairs": 63, "eigenvalues": [5.287930807990736, -5.273832554302769]}, "11": {"diameter": 5, "conjugate_isogenous_pairs": 129, "eigenvalues": [6.582447755535223, -6.629163163966337]}}}