{"prime": 6317, "nodes": 527, "minpoly": "x^2 + 6316*x + 2", "spine": 39, "undirected": false, "ell": {"2": {"diameter": 13, "conjugate_isogenous_pairs": 19, "eigenvalues": [2.819414801204315, -2.806121137950492]}, "3": {"diameter": 9, "conjugate_isogenous_pairs": 51, "eigenvalues": [3.4508996156807608, -3.4318436799321153]}, "5": {"diameter": 6, "conjugate_isogenous_pairs": 16, "eigenvalues": [4.44644914420174, -4.364883138480292]}, "7": {"diameter": 5, "conjugate_isogenous_pairs": 82, "eigenvalues": [5.2830507131056095, -5.231291340558256]}, "11": {"diameter": 4, "conjugate_isogenous_pairs": 49, "eigenvalues": [6.582872227372039, -6.458837109619688]}}}