{"prime": 19753, "nodes": 1646, "minpoly": "x^2 + 19750*x + 5", "spine": 44, "undirected": true, "ell": {"2": {"diameter": 14, "conjugate_isogenous_pairs": 75, "eigenvalues": [2.8259223767862993, -2.8126443564599475]}, "3": {"diameter": 9, "conjugate_isogenous_pairs": 42, "eigenvalues": [3.4528773403948785, -3.4557206601104795]}, "5": {"diameter": 7, "conjugate_isogenous_pairs": 78, "eigenvalues": [4.4598055376422545, -4.434631638006622]}, "7": {"diameter": 6, "conjugate_isogenous_pairs": 116, "eigenvalues": [5.287535397903699, -5.255148616815772]}, "11": {"diameter": 5, "conjugate_isogenous_pairs": 126, "eigenvalues": [6.561447713797777, -6.52217945000064]}}}