{"prime": 20347, "nodes": 1696, "minpoly": "x^2 + 20346*x + 3", "spine": 50, "undirected": false, "ell": {"2": {"diameter": 15, "conjugate_isogenous_pairs": 80, "eigenvalues": [2.8207359033940067, -2.8248214853883384]}, "3": {"diameter": 10, "conjugate_isogenous_pairs": 48, "eigenvalues": [3.445909115075653, -3.4631375249609735]}, "5": {"diameter": 7, "conjugate_isogenous_pairs": 124, "eigenvalues": [4.4496304255508585, -4.399734191089678]}, "7": {"diameter": 6, "conjugate_isogenous_pairs": 43, "eigenvalues": [5.229216001993324, -5.229272913606791]}, "11": {"diameter": 5, "conjugate_isogenous_pairs": 106, "eigenvalues": [6.600959961020007, -6.584464953167052]}}}