{"prime": 12203, "nodes": 1018, "minpoly": "x^2 + 12199*x + 2", "spine": 46, "undirected": false, "ell": {"2": {"diameter": 14, "conjugate_isogenous_pairs": 17, "eigenvalues": [2.816636912362764, -2.8013900549146498]}, "3": {"diameter": 9, "conjugate_isogenous_pairs": 49, "eigenvalues": [3.4477540621857026, -3.449694517572494]}, "5": {"diameter": 7, "conjugate_isogenous_pairs": 54, "eigenvalues": [4.445657335051301, -4.421563942187419]}, "7": {"diameter": 6, "conjugate_isogenous_pairs": 91, "eigenvalues": [5.217986356420202, -5.1665176995496775]}, "11": {"diameter": 5, "conjugate_isogenous_pairs": 34, "eigenvalues": [6.6021298691786106, -6.528814319448743]}}}