{"prime": 23431, "nodes": 1953, "minpoly": "x^2 + 23429*x + 3", "spine": 71, "undirected": false, "ell": {"2": {"diameter": 14, "conjugate_isogenous_pairs": 46, "eigenvalues": [2.8215847215812904, -2.8205835405641357]}, "3": {"diameter": 10, "conjugate_isogenous_pairs": 34, "eigenvalues": [3.453097532178719, -3.444274887056077]}, "5": {"diameter": 7, "conjugate_isogenous_pairs": 124, "eigenvalues": [4.461436132602081, -4.463752875711876]}, "7": {"diameter": 6, "conjugate_isogenous_pairs": 43, "eigenvalues": [5.227046141767542, -5.285913019712983]}, "11": {"diameter": 5, "conjugate_isogenous_pairs": 122, "eigenvalues": [6.595548115371741, -6.557826352986498]}}}