{"prime": 24517, "nodes": 2043, "minpoly": "x^2 + 24512*x + 5", "spine": 39, "undirected": true, "ell": {"2": {"diameter": 14, "conjugate_isogenous_pairs": 91, "eigenvalues": [2.8259988823693796, -2.8241138249831472]}, "3": {"diameter": 9, "conjugate_isogenous_pairs": 107, "eigenvalues": [3.449450030498747, -3.4577031691859235]}, "5": {"diameter": 7, "conjugate_isogenous_pairs": 64, "eigenvalues": [4.456499416544403, -4.423653687752084]}, "7": {"diameter": 6, "conjugate_isogenous_pairs": 71, "eigenvalues": [5.265528715560663, -5.244835852546936]}, "11": {"diameter": 5, "conjugate_isogenous_pairs": 192, "eigenvalues": [6.585167230800006, -6.60845204670823]}}}