{"prime": 2281, "nodes": 190, "minpoly": "x^2 + 2274*x + 7", "spine": 10, "undirected": true, "ell": {"2": {"diameter": 12, "conjugate_isogenous_pairs": 17, "eigenvalues": [2.7930232106251736, -2.789984431283169]}, "3": {"diameter": 6, "conjugate_isogenous_pairs": 12, "eigenvalues": [3.3534781163141107, -3.374281310441286]}, "5": {"diameter": 5, "conjugate_isogenous_pairs": 21, "eigenvalues": [4.4092151866706235, -4.372273799328748]}, "7": {"diameter": 4, "conjugate_isogenous_pairs": 26, "eigenvalues": [5.050320901981795, -5.211877399438834]}, "11": {"diameter": 4, "conjugate_isogenous_pairs": 60, "eigenvalues": [6.616806299998547, -6.200991988235212]}}}