{"prime": 2003, "nodes": 168, "minpoly": "x^2 + 2002*x + 5", "spine": 18, "undirected": false, "ell": {"2": {"diameter": 10, "conjugate_isogenous_pairs": 7, "eigenvalues": [2.8084984771233072, -2.8209412832800207]}, "3": {"diameter": 7, "conjugate_isogenous_pairs": 17, "eigenvalues": [3.453540286074855, -3.383866189572678]}, "5": {"diameter": 6, "conjugate_isogenous_pairs": 23, "eigenvalues": [4.39923857640291, -4.30165952253643]}, "7": {"diameter": 5, "conjugate_isogenous_pairs": 33, "eigenvalues": [5.248116455094768, -5.224107782204936]}, "11": {"diameter": 4, "conjugate_isogenous_pairs": 14, "eigenvalues": [6.2600330564185445, -6.555220270269571]}}}