{"prime": 15647, "nodes": 1305, "minpoly": "x^2 + 15646*x + 5", "spine": 79, "undirected": false, "ell": {"2": {"diameter": 14, "conjugate_isogenous_pairs": 27, "eigenvalues": [2.827944426625343, -2.821406000235608]}, "3": {"diameter": 10, "conjugate_isogenous_pairs": 45, "eigenvalues": [3.4447841830688706, -3.447221358027984]}, "5": {"diameter": 7, "conjugate_isogenous_pairs": 50, "eigenvalues": [4.458692590002021, -4.420284960355669]}, "7": {"diameter": 6, "conjugate_isogenous_pairs": 135, "eigenvalues": [5.266439835208388, -5.2572002860744815]}, "11": {"diameter": 5, "conjugate_isogenous_pairs": 39, "eigenvalues": [6.591604124827894, -6.571562870192364]}}}