{"prime": 26437, "nodes": 2203, "minpoly": "x^2 + 26436*x + 5", "spine": 35, "undirected": true, "ell": {"2": {"diameter": 15, "conjugate_isogenous_pairs": 103, "eigenvalues": [2.824922690883522, -2.8243883332082365]}, "3": {"diameter": 9, "conjugate_isogenous_pairs": 75, "eigenvalues": [3.4599913977168137, -3.430552295185731]}, "5": {"diameter": 7, "conjugate_isogenous_pairs": 62, "eigenvalues": [4.442652054964707, -4.4604441615059525]}, "7": {"diameter": 6, "conjugate_isogenous_pairs": 98, "eigenvalues": [5.258787069017558, -5.269772451170899]}, "11": {"diameter": 5, "conjugate_isogenous_pairs": 258, "eigenvalues": [6.594603126708453, -6.613106977949091]}}}