{"prime": 14083, "nodes": 1174, "minpoly": "x^2 + 14076*x + 3", "spine": 34, "undirected": false, "ell": {"2": {"diameter": 14, "conjugate_isogenous_pairs": 63, "eigenvalues": [2.817101593313127, -2.8226662656699073]}, "3": {"diameter": 9, "conjugate_isogenous_pairs": 43, "eigenvalues": [3.451567348520802, -3.4371266360000283]}, "5": {"diameter": 6, "conjugate_isogenous_pairs": 67, "eigenvalues": [4.4114598293877805, -4.453713585073131]}, "7": {"diameter": 5, "conjugate_isogenous_pairs": 40, "eigenvalues": [5.266985392780726, -5.27558227372344]}, "11": {"diameter": 5, "conjugate_isogenous_pairs": 85, "eigenvalues": [6.6225908993620894, -6.6070221466453445]}}}