{"prime": 19073, "nodes": 1590, "minpoly": "x^2 + 19068*x + 3", "spine": 66, "undirected": false, "ell": {"2": {"diameter": 15, "conjugate_isogenous_pairs": 34, "eigenvalues": [2.8259129980836404, -2.8182739738415443]}, "3": {"diameter": 10, "conjugate_isogenous_pairs": 47, "eigenvalues": [3.4482178877629424, -3.4429364850841737]}, "5": {"diameter": 7, "conjugate_isogenous_pairs": 34, "eigenvalues": [4.456104959500018, -4.456143989725025]}, "7": {"diameter": 6, "conjugate_isogenous_pairs": 183, "eigenvalues": [5.204570873844357, -5.264602916369481]}, "11": {"diameter": 5, "conjugate_isogenous_pairs": 56, "eigenvalues": [6.5062295038221345, -6.519023738047531]}}}