{"prime": 2503, "nodes": 209, "minpoly": "x^2 + 2502*x + 3", "spine": 21, "undirected": false, "ell": {"2": {"diameter": 10, "conjugate_isogenous_pairs": 19, "eigenvalues": [2.80992093167516, -2.7909619413908735]}, "3": {"diameter": 7, "conjugate_isogenous_pairs": 14, "eigenvalues": [3.3900703261272067, -3.3937192825632874]}, "5": {"diameter": 6, "conjugate_isogenous_pairs": 45, "eigenvalues": [4.434366182986118, -4.376599017344902]}, "7": {"diameter": 4, "conjugate_isogenous_pairs": 19, "eigenvalues": [5.12938659305772, -4.990305341422437]}, "11": {"diameter": 4, "conjugate_isogenous_pairs": 24, "eigenvalues": [6.067351501956557, -6.387864379170965]}}}