{"prime": 12011, "nodes": 1002, "minpoly": "x^2 + 12007*x + 2", "spine": 130, "undirected": false, "ell": {"2": {"diameter": 14, "conjugate_isogenous_pairs": 15, "eigenvalues": [2.8059427901518545, -2.8154922246489305]}, "3": {"diameter": 10, "conjugate_isogenous_pairs": 21, "eigenvalues": [3.4628031447534067, -3.4319640237990483]}, "5": {"diameter": 7, "conjugate_isogenous_pairs": 52, "eigenvalues": [4.44943417114029, -4.432416862113572]}, "7": {"diameter": 6, "conjugate_isogenous_pairs": 41, "eigenvalues": [5.268107568408701, -5.2684116379456105]}, "11": {"diameter": 5, "conjugate_isogenous_pairs": 40, "eigenvalues": [6.590933387143763, -6.604427839538202]}}}