{"prime": 4139, "nodes": 346, "minpoly": "x^2 + 4135*x + 2", "spine": 38, "undirected": false, "ell": {"2": {"diameter": 12, "conjugate_isogenous_pairs": 11, "eigenvalues": [2.804627158405532, -2.8058424698815063]}, "3": {"diameter": 8, "conjugate_isogenous_pairs": 16, "eigenvalues": [3.387851681339459, -3.4267120724113247]}, "5": {"diameter": 6, "conjugate_isogenous_pairs": 31, "eigenvalues": [4.31412031611675, -4.365537783755606]}, "7": {"diameter": 5, "conjugate_isogenous_pairs": 25, "eigenvalues": [5.167693736407624, -5.175475198073129]}, "11": {"diameter": 4, "conjugate_isogenous_pairs": 26, "eigenvalues": [6.397709790803879, -6.556700928675372]}}}