{"prime": 5839, "nodes": 487, "minpoly": "x^2 + 5837*x + 6", "spine": 37, "undirected": false, "ell": {"2": {"diameter": 12, "conjugate_isogenous_pairs": 27, "eigenvalues": [2.8244996773387556, -2.795697275326239]}, "3": {"diameter": 8, "conjugate_isogenous_pairs": 18, "eigenvalues": [3.419937566792632, -3.4461359742261637]}, "5": {"diameter": 6, "conjugate_isogenous_pairs": 41, "eigenvalues": [4.438038670056735, -4.3406079805821305]}, "7": {"diameter": 5, "conjugate_isogenous_pairs": 22, "eigenvalues": [5.223109638608331, -5.229117650956884]}, "11": {"diameter": 4, "conjugate_isogenous_pairs": 53, "eigenvalues": [6.56212545847952, -6.5963628292798635]}}}