{"prime": 18257, "nodes": 1522, "minpoly": "x^2 + 18249*x + 5", "spine": 44, "undirected": false, "ell": {"2": {"diameter": 14, "conjugate_isogenous_pairs": 24, "eigenvalues": [2.8253658186520423, -2.8215094616812215]}, "3": {"diameter": 10, "conjugate_isogenous_pairs": 62, "eigenvalues": [3.452626746554692, -3.4536766297790207]}, "5": {"diameter": 7, "conjugate_isogenous_pairs": 45, "eigenvalues": [4.4424273011716195, -4.468053815189114]}, "7": {"diameter": 6, "conjugate_isogenous_pairs": 211, "eigenvalues": [5.270212324274308, -5.276669738144543]}, "11": {"diameter": 5, "conjugate_isogenous_pairs": 52, "eigenvalues": [6.585733237641754, -6.610745870443098]}}}