{"prime": 28477, "nodes": 2373, "minpoly": "x^2 + 28473*x + 2", "spine": 27, "undirected": true, "ell": {"2": {"diameter": 15, "conjugate_isogenous_pairs": 65, "eigenvalues": [2.8202203632848666, -2.8196121516832706]}, "3": {"diameter": 9, "conjugate_isogenous_pairs": 86, "eigenvalues": [3.4325469570433405, -3.4504323437426376]}, "5": {"diameter": 7, "conjugate_isogenous_pairs": 113, "eigenvalues": [4.418625067818621, -4.469412849557782]}, "7": {"diameter": 6, "conjugate_isogenous_pairs": 108, "eigenvalues": [5.249805715119225, -5.231971867043799]}, "11": {"diameter": 5, "conjugate_isogenous_pairs": 211, "eigenvalues": [6.6205991310162835, -6.611892114505579]}}}