{"prime": 5021, "nodes": 419, "minpoly": "x^2 + 5000*x + 3", "spine": 39, "undirected": false, "ell": {"2": {"diameter": 12, "conjugate_isogenous_pairs": 8, "eigenvalues": [2.8200184856290953, -2.779693810761193]}, "3": {"diameter": 8, "conjugate_isogenous_pairs": 42, "eigenvalues": [3.4422062446391233, -3.3945412399964914]}, "5": {"diameter": 6, "conjugate_isogenous_pairs": 18, "eigenvalues": [4.392873588174497, -4.380594459681726]}, "7": {"diameter": 5, "conjugate_isogenous_pairs": 49, "eigenvalues": [5.17129373358902, -5.257238745757023]}, "11": {"diameter": 4, "conjugate_isogenous_pairs": 37, "eigenvalues": [6.583246101624511, -6.580809493792754]}}}