{"prime": 4423, "nodes": 369, "minpoly": "x^2 + 4417*x + 3", "spine": 33, "undirected": false, "ell": {"2": {"diameter": 12, "conjugate_isogenous_pairs": 32, "eigenvalues": [2.8072244714229355, -2.8271881192568227]}, "3": {"diameter": 8, "conjugate_isogenous_pairs": 18, "eigenvalues": [3.408142319978926, -3.438305849664058]}, "5": {"diameter": 6, "conjugate_isogenous_pairs": 33, "eigenvalues": [4.424429977907486, -4.446165288341952]}, "7": {"diameter": 5, "conjugate_isogenous_pairs": 27, "eigenvalues": [5.238281042145449, -5.233522221134137]}, "11": {"diameter": 4, "conjugate_isogenous_pairs": 45, "eigenvalues": [6.605395071595448, -6.381849239947255]}}}