{"prime": 13103, "nodes": 1093, "minpoly": "x^2 + 13100*x + 5", "spine": 131, "undirected": false, "ell": {"2": {"diameter": 14, "conjugate_isogenous_pairs": 24, "eigenvalues": [2.8166440485447355, -2.823216718382022]}, "3": {"diameter": 10, "conjugate_isogenous_pairs": 29, "eigenvalues": [3.455748724708201, -3.4622670152195987]}, "5": {"diameter": 7, "conjugate_isogenous_pairs": 38, "eigenvalues": [4.438718690411233, -4.389743830736508]}, "7": {"diameter": 6, "conjugate_isogenous_pairs": 70, "eigenvalues": [5.2768504423295735, -5.233002066467361]}, "11": {"diameter": 5, "conjugate_isogenous_pairs": 31, "eigenvalues": [6.557102395666961, -6.496340607358452]}}}