{"prime": 21059, "nodes": 1756, "minpoly": "x^2 + 21058*x + 2", "spine": 138, "undirected": false, "ell": {"2": {"diameter": 15, "conjugate_isogenous_pairs": 26, "eigenvalues": [2.822397283929381, -2.819737019139756]}, "3": {"diameter": 10, "conjugate_isogenous_pairs": 28, "eigenvalues": [3.448982527276899, -3.455049544675753]}, "5": {"diameter": 7, "conjugate_isogenous_pairs": 44, "eigenvalues": [4.452221912414284, -4.447045998252147]}, "7": {"diameter": 7, "conjugate_isogenous_pairs": 67, "eigenvalues": [5.262174928276678, -5.253269670134438]}, "11": {"diameter": 5, "conjugate_isogenous_pairs": 60, "eigenvalues": [6.557917122065189, -6.555608487732018]}}}