{"prime": 21737, "nodes": 1812, "minpoly": "x^2 + 21735*x + 6", "spine": 48, "undirected": false, "ell": {"2": {"diameter": 14, "conjugate_isogenous_pairs": 27, "eigenvalues": [2.8218607092184547, -2.8217445140318698]}, "3": {"diameter": 10, "conjugate_isogenous_pairs": 75, "eigenvalues": [3.449926220583494, -3.4434577837996962]}, "5": {"diameter": 7, "conjugate_isogenous_pairs": 45, "eigenvalues": [4.431627935371181, -4.450047424620868]}, "7": {"diameter": 6, "conjugate_isogenous_pairs": 247, "eigenvalues": [5.2735487060320825, -5.259188888972262]}, "11": {"diameter": 5, "conjugate_isogenous_pairs": 59, "eigenvalues": [6.544785025968292, -6.61087170636041]}}}