{"prime": 27061, "nodes": 2255, "minpoly": "x^2 + 27057*x + 2", "spine": 39, "undirected": true, "ell": {"2": {"diameter": 14, "conjugate_isogenous_pairs": 66, "eigenvalues": [2.826470919674076, -2.818171968594107]}, "3": {"diameter": 10, "conjugate_isogenous_pairs": 48, "eigenvalues": [3.4529823419879455, -3.4539535153778362]}, "5": {"diameter": 7, "conjugate_isogenous_pairs": 94, "eigenvalues": [4.463367057906545, -4.471153132396241]}, "7": {"diameter": 6, "conjugate_isogenous_pairs": 71, "eigenvalues": [5.263921075705866, -5.277933255207465]}, "11": {"diameter": 5, "conjugate_isogenous_pairs": 356, "eigenvalues": [6.550199010224149, -6.619672498790871]}}}