{"prime": 20641, "nodes": 1720, "minpoly": "x^2 + 20634*x + 7", "spine": 48, "undirected": true, "ell": {"2": {"diameter": 14, "conjugate_isogenous_pairs": 49, "eigenvalues": [2.816317335611635, -2.819149349246187]}, "3": {"diameter": 9, "conjugate_isogenous_pairs": 40, "eigenvalues": [3.4478029453491885, -3.456306216889273]}, "5": {"diameter": 7, "conjugate_isogenous_pairs": 59, "eigenvalues": [4.463437606232781, -4.437476136633919]}, "7": {"diameter": 5, "conjugate_isogenous_pairs": 73, "eigenvalues": [5.269840231643841, -5.272515434743663]}, "11": {"diameter": 5, "conjugate_isogenous_pairs": 151, "eigenvalues": [6.574590644699236, -6.625700314186401]}}}