{"prime": 23021, "nodes": 1919, "minpoly": "x^2 + 23020*x + 2", "spine": 95, "undirected": false, "ell": {"2": {"diameter": 15, "conjugate_isogenous_pairs": 27, "eigenvalues": [2.821395785645501, -2.8161182245571132]}, "3": {"diameter": 10, "conjugate_isogenous_pairs": 62, "eigenvalues": [3.438141028677227, -3.445538741947814]}, "5": {"diameter": 7, "conjugate_isogenous_pairs": 39, "eigenvalues": [4.424958861205056, -4.43216546697889]}, "7": {"diameter": 6, "conjugate_isogenous_pairs": 143, "eigenvalues": [5.269171511343374, -5.263666185613385]}, "11": {"diameter": 5, "conjugate_isogenous_pairs": 176, "eigenvalues": [6.555620583654801, -6.562925268407847]}}}