{"prime": 18719, "nodes": 1561, "minpoly": "x^2 + 18717*x + 7", "spine": 175, "undirected": false, "ell": {"2": {"diameter": 14, "conjugate_isogenous_pairs": 19, "eigenvalues": [2.814335506113964, -2.8252113854842844]}, "3": {"diameter": 10, "conjugate_isogenous_pairs": 45, "eigenvalues": [3.4471843322813407, -3.4297177296352275]}, "5": {"diameter": 7, "conjugate_isogenous_pairs": 44, "eigenvalues": [4.445394663860969, -4.458795645916563]}, "7": {"diameter": 6, "conjugate_isogenous_pairs": 53, "eigenvalues": [5.273322879399216, -5.276477623801153]}, "11": {"diameter": 5, "conjugate_isogenous_pairs": 44, "eigenvalues": [6.5519406311570965, -6.575220980235984]}}}