{"prime": 2221, "nodes": 185, "minpoly": "x^2 + 2217*x + 2", "spine": 9, "undirected": true, "ell": {"2": {"diameter": 9, "conjugate_isogenous_pairs": 9, "eigenvalues": [2.7763217528055324, -2.7946761207141675]}, "3": {"diameter": 7, "conjugate_isogenous_pairs": 27, "eigenvalues": [3.392532404641529, -3.4144122502323118]}, "5": {"diameter": 5, "conjugate_isogenous_pairs": 31, "eigenvalues": [4.342657494335957, -4.363788960922135]}, "7": {"diameter": 4, "conjugate_isogenous_pairs": 15, "eigenvalues": [5.2087913590702195, -4.9705010458800025]}, "11": {"diameter": 4, "conjugate_isogenous_pairs": 65, "eigenvalues": [6.501799379160444, -6.1850784649492665]}}}