{"prime": 9203, "nodes": 768, "minpoly": "x^2 + 9202*x + 2", "spine": 62, "undirected": false, "ell": {"2": {"diameter": 13, "conjugate_isogenous_pairs": 21, "eigenvalues": [2.8165453769222535, -2.817085180965396]}, "3": {"diameter": 9, "conjugate_isogenous_pairs": 39, "eigenvalues": [3.411698487693004, -3.4398597532190784]}, "5": {"diameter": 7, "conjugate_isogenous_pairs": 45, "eigenvalues": [4.40414128791193, -4.415896685959219]}, "7": {"diameter": 6, "conjugate_isogenous_pairs": 68, "eigenvalues": [5.262756088994713, -5.213273322476829]}, "11": {"diameter": 5, "conjugate_isogenous_pairs": 35, "eigenvalues": [6.574314318447351, -6.575926849789147]}}}