{"prime": 27793, "nodes": 2316, "minpoly": "x^2 + 27790*x + 5", "spine": 42, "undirected": true, "ell": {"2": {"diameter": 15, "conjugate_isogenous_pairs": 77, "eigenvalues": [2.8208947069779007, -2.827544401273267]}, "3": {"diameter": 9, "conjugate_isogenous_pairs": 62, "eigenvalues": [3.4601590672136195, -3.4587974524397582]}, "5": {"diameter": 7, "conjugate_isogenous_pairs": 82, "eigenvalues": [4.469101560726866, -4.450941960445273]}, "7": {"diameter": 6, "conjugate_isogenous_pairs": 112, "eigenvalues": [5.274092778608937, -5.246058471085017]}, "11": {"diameter": 5, "conjugate_isogenous_pairs": 163, "eigenvalues": [6.599036817655331, -6.564686483152867]}}}