{"prime": 17159, "nodes": 1431, "minpoly": "x^2 + 17158*x + 7", "spine": 159, "undirected": false, "ell": {"2": {"diameter": 15, "conjugate_isogenous_pairs": 10, "eigenvalues": [2.8244078030587705, -2.8128928142609526]}, "3": {"diameter": 10, "conjugate_isogenous_pairs": 33, "eigenvalues": [3.4603973865128497, -3.4561331069826933]}, "5": {"diameter": 7, "conjugate_isogenous_pairs": 59, "eigenvalues": [4.417627043097817, -4.447567256817546]}, "7": {"diameter": 6, "conjugate_isogenous_pairs": 57, "eigenvalues": [5.287488202301269, -5.255744182426981]}, "11": {"diameter": 5, "conjugate_isogenous_pairs": 61, "eigenvalues": [6.583159017847781, -6.5944856390927145]}}}