{"prime": 22129, "nodes": 1844, "minpoly": "x^2 + 22124*x + 19", "spine": 42, "undirected": true, "ell": {"2": {"diameter": 14, "conjugate_isogenous_pairs": 27, "eigenvalues": [2.8234791993427524, -2.8266383327782676]}, "3": {"diameter": 9, "conjugate_isogenous_pairs": 59, "eigenvalues": [3.449666438177227, -3.4398500525014835]}, "5": {"diameter": 7, "conjugate_isogenous_pairs": 98, "eigenvalues": [4.452623802340755, -4.43573757296844]}, "7": {"diameter": 6, "conjugate_isogenous_pairs": 85, "eigenvalues": [5.273985851536454, -5.28178990381817]}, "11": {"diameter": 5, "conjugate_isogenous_pairs": 185, "eigenvalues": [6.591064975677596, -6.583989212047657]}}}