{"prime": 14767, "nodes": 1231, "minpoly": "x^2 + 14765*x + 3", "spine": 37, "undirected": false, "ell": {"2": {"diameter": 14, "conjugate_isogenous_pairs": 36, "eigenvalues": [2.8166476713391577, -2.8210014099842566]}, "3": {"diameter": 9, "conjugate_isogenous_pairs": 49, "eigenvalues": [3.4410496330776086, -3.4469699248612993]}, "5": {"diameter": 7, "conjugate_isogenous_pairs": 92, "eigenvalues": [4.443158708637228, -4.436201315028333]}, "7": {"diameter": 5, "conjugate_isogenous_pairs": 54, "eigenvalues": [5.283047352933581, -5.205712741028996]}, "11": {"diameter": 5, "conjugate_isogenous_pairs": 67, "eigenvalues": [6.494642661094278, -6.550359549564965]}}}