{"prime": 11149, "nodes": 929, "minpoly": "x^2 + 11148*x + 10", "spine": 39, "undirected": true, "ell": {"2": {"diameter": 14, "conjugate_isogenous_pairs": 25, "eigenvalues": [2.8204022092501937, -2.8177763022227746]}, "3": {"diameter": 9, "conjugate_isogenous_pairs": 47, "eigenvalues": [3.4467416124759778, -3.4489183373068593]}, "5": {"diameter": 6, "conjugate_isogenous_pairs": 55, "eigenvalues": [4.443799855712317, -4.460661262841711]}, "7": {"diameter": 5, "conjugate_isogenous_pairs": 35, "eigenvalues": [5.2116106326714515, -5.2574732508833995]}, "11": {"diameter": 4, "conjugate_isogenous_pairs": 228, "eigenvalues": [6.555694700770743, -6.6311590842450014]}}}