{"prime": 17939, "nodes": 1496, "minpoly": "x^2 + 17932*x + 2", "spine": 142, "undirected": false, "ell": {"2": {"diameter": 15, "conjugate_isogenous_pairs": 25, "eigenvalues": [2.8239192262081616, -2.825400663212616]}, "3": {"diameter": 10, "conjugate_isogenous_pairs": 24, "eigenvalues": [3.4570715647831674, -3.4578852762912873]}, "5": {"diameter": 7, "conjugate_isogenous_pairs": 43, "eigenvalues": [4.464215357954789, -4.450163420752537]}, "7": {"diameter": 6, "conjugate_isogenous_pairs": 53, "eigenvalues": [5.2503857956221305, -5.2692274706039015]}, "11": {"diameter": 5, "conjugate_isogenous_pairs": 70, "eigenvalues": [6.56393075459582, -6.6173219733966]}}}