{"prime": 1613, "nodes": 135, "minpoly": "x^2 + 1606*x + 3", "spine": 21, "undirected": false, "ell": {"2": {"diameter": 10, "conjugate_isogenous_pairs": 8, "eigenvalues": [2.790100348536968, -2.7968718076512324]}, "3": {"diameter": 7, "conjugate_isogenous_pairs": 24, "eigenvalues": [3.3799883578612993, -3.36041490614849]}, "5": {"diameter": 5, "conjugate_isogenous_pairs": 7, "eigenvalues": [4.396053182339873, -4.342968730768869]}, "7": {"diameter": 4, "conjugate_isogenous_pairs": 20, "eigenvalues": [5.110343693331957, -5.239114985861971]}, "11": {"diameter": 4, "conjugate_isogenous_pairs": 20, "eigenvalues": [6.4495462096037, -6.029829816783893]}}}