{"prime": 1667, "nodes": 140, "minpoly": "x^2 + 1663*x + 2", "spine": 26, "undirected": false, "ell": {"2": {"diameter": 10, "conjugate_isogenous_pairs": 7, "eigenvalues": [2.7741876017677853, -2.807748908069825]}, "3": {"diameter": 7, "conjugate_isogenous_pairs": 16, "eigenvalues": [3.3301352147877012, -3.423830617749684]}, "5": {"diameter": 5, "conjugate_isogenous_pairs": 20, "eigenvalues": [4.428474993803001, -4.3853307233247545]}, "7": {"diameter": 4, "conjugate_isogenous_pairs": 19, "eigenvalues": [5.009160286966833, -5.156319874983995]}, "11": {"diameter": 4, "conjugate_isogenous_pairs": 8, "eigenvalues": [6.549340929154333, -6.227880182076672]}}}