{"prime": 19759, "nodes": 1647, "minpoly": "x^2 + 19757*x + 3", "spine": 101, "undirected": false, "ell": {"2": {"diameter": 14, "conjugate_isogenous_pairs": 38, "eigenvalues": [2.8157415600742435, -2.8214874896796243]}, "3": {"diameter": 9, "conjugate_isogenous_pairs": 26, "eigenvalues": [3.4499034263545574, -3.454716884298848]}, "5": {"diameter": 7, "conjugate_isogenous_pairs": 66, "eigenvalues": [4.4556860242176715, -4.438453052976137]}, "7": {"diameter": 6, "conjugate_isogenous_pairs": 43, "eigenvalues": [5.268620995189377, -5.278630206525736]}, "11": {"diameter": 5, "conjugate_isogenous_pairs": 164, "eigenvalues": [6.527388503967509, -6.627684170848688]}}}