{"prime": 9241, "nodes": 770, "minpoly": "x^2 + 9240*x + 13", "spine": 18, "undirected": true, "ell": {"2": {"diameter": 12, "conjugate_isogenous_pairs": 32, "eigenvalues": [2.8062006266742547, -2.8176399442887234]}, "3": {"diameter": 8, "conjugate_isogenous_pairs": 32, "eigenvalues": [3.430591902861278, -3.4523424796381375]}, "5": {"diameter": 6, "conjugate_isogenous_pairs": 64, "eigenvalues": [4.441761318658702, -4.450601149869536]}, "7": {"diameter": 5, "conjugate_isogenous_pairs": 64, "eigenvalues": [5.278157316243045, -5.26228553065484]}, "11": {"diameter": 4, "conjugate_isogenous_pairs": 116, "eigenvalues": [6.568543123083915, -6.587568885851015]}}}