{"prime": 1427, "nodes": 120, "minpoly": "x^2 + 1426*x + 2", "spine": 30, "undirected": false, "ell": {"2": {"diameter": 10, "conjugate_isogenous_pairs": 5, "eigenvalues": [2.784622873392885, -2.819921806255648]}, "3": {"diameter": 7, "conjugate_isogenous_pairs": 9, "eigenvalues": [3.3761323470130753, -3.4151199396123326]}, "5": {"diameter": 5, "conjugate_isogenous_pairs": 14, "eigenvalues": [4.284127108812344, -4.308522424684797]}, "7": {"diameter": 4, "conjugate_isogenous_pairs": 18, "eigenvalues": [5.198733498196079, -5.1635768242901525]}, "11": {"diameter": 3, "conjugate_isogenous_pairs": 7, "eigenvalues": [6.462380286997673, -6.496417965461204]}}}