{"prime": 28697, "nodes": 2392, "minpoly": "x^2 + 28692*x + 3", "spine": 50, "undirected": false, "ell": {"2": {"diameter": 15, "conjugate_isogenous_pairs": 40, "eigenvalues": [2.822076697790771, -2.823236616694488]}, "3": {"diameter": 11, "conjugate_isogenous_pairs": 71, "eigenvalues": [3.4459073709191492, -3.4526172840861573]}, "5": {"diameter": 7, "conjugate_isogenous_pairs": 56, "eigenvalues": [4.448937639417735, -4.433946642369023]}, "7": {"diameter": 6, "conjugate_isogenous_pairs": 295, "eigenvalues": [5.2707808894833095, -5.266496506298802]}, "11": {"diameter": 5, "conjugate_isogenous_pairs": 59, "eigenvalues": [6.5529620944772375, -6.575019102224931]}}}