{"prime": 9677, "nodes": 807, "minpoly": "x^2 + 9673*x + 2", "spine": 49, "undirected": false, "ell": {"2": {"diameter": 13, "conjugate_isogenous_pairs": 28, "eigenvalues": [2.821508083992816, -2.824910720967312]}, "3": {"diameter": 10, "conjugate_isogenous_pairs": 56, "eigenvalues": [3.451181460955745, -3.451239821092898]}, "5": {"diameter": 6, "conjugate_isogenous_pairs": 25, "eigenvalues": [4.455838957251906, -4.460726510194994]}, "7": {"diameter": 6, "conjugate_isogenous_pairs": 62, "eigenvalues": [5.244978410084444, -5.214854904057182]}, "11": {"diameter": 5, "conjugate_isogenous_pairs": 56, "eigenvalues": [6.579838650249959, -6.493853339105287]}}}