{"prime": 12251, "nodes": 1022, "minpoly": "x^2 + 12246*x + 2", "spine": 94, "undirected": false, "ell": {"2": {"diameter": 14, "conjugate_isogenous_pairs": 11, "eigenvalues": [2.8253160528241663, -2.817369539528615]}, "3": {"diameter": 10, "conjugate_isogenous_pairs": 29, "eigenvalues": [3.437352373759196, -3.453782783322855]}, "5": {"diameter": 7, "conjugate_isogenous_pairs": 87, "eigenvalues": [4.466644402775909, -4.435400215065097]}, "7": {"diameter": 6, "conjugate_isogenous_pairs": 67, "eigenvalues": [5.199094049893413, -5.215178791902009]}, "11": {"diameter": 5, "conjugate_isogenous_pairs": 43, "eigenvalues": [6.572079310463527, -6.49631789927217]}}}