{"prime": 19843, "nodes": 1654, "minpoly": "x^2 + 19840*x + 19", "spine": 54, "undirected": false, "ell": {"2": {"diameter": 15, "conjugate_isogenous_pairs": 76, "eigenvalues": [2.8150050014632213, -2.8186910433889927]}, "3": {"diameter": 9, "conjugate_isogenous_pairs": 34, "eigenvalues": [3.4523046002860642, -3.446618592250506]}, "5": {"diameter": 7, "conjugate_isogenous_pairs": 140, "eigenvalues": [4.438322723998347, -4.452204226446206]}, "7": {"diameter": 6, "conjugate_isogenous_pairs": 49, "eigenvalues": [5.266538736008122, -5.2382733561148]}, "11": {"diameter": 5, "conjugate_isogenous_pairs": 85, "eigenvalues": [6.53668735281152, -6.607504601498827]}}}