{"prime": 1217, "nodes": 102, "minpoly": "x^2 + 1211*x + 3", "spine": 16, "undirected": false, "ell": {"2": {"diameter": 10, "conjugate_isogenous_pairs": 7, "eigenvalues": [2.8246882500232875, -2.7975672108106466]}, "3": {"diameter": 7, "conjugate_isogenous_pairs": 15, "eigenvalues": [3.3539314459060416, -3.297794000601764]}, "5": {"diameter": 5, "conjugate_isogenous_pairs": 8, "eigenvalues": [4.30153865697854, -4.401956439570015]}, "7": {"diameter": 4, "conjugate_isogenous_pairs": 35, "eigenvalues": [5.051083200688275, -5.161891752447193]}, "11": {"diameter": 4, "conjugate_isogenous_pairs": 11, "eigenvalues": [6.267724351147997, -6.361081297375033]}}}