{"prime": 16451, "nodes": 1372, "minpoly": "x^2 + 16445*x + 7", "spine": 70, "undirected": false, "ell": {"2": {"diameter": 14, "conjugate_isogenous_pairs": 16, "eigenvalues": [2.8206998311937217, -2.824680637859504]}, "3": {"diameter": 10, "conjugate_isogenous_pairs": 35, "eigenvalues": [3.4506552906940353, -3.4372068525752297]}, "5": {"diameter": 7, "conjugate_isogenous_pairs": 104, "eigenvalues": [4.413108401855074, -4.454329493790991]}, "7": {"diameter": 6, "conjugate_isogenous_pairs": 69, "eigenvalues": [5.275859991889066, -5.245339514186549]}, "11": {"diameter": 5, "conjugate_isogenous_pairs": 56, "eigenvalues": [6.5564192245178186, -6.522566264967477]}}}