{"prime": 24967, "nodes": 2081, "minpoly": "x^2 + 24966*x + 3", "spine": 71, "undirected": false, "ell": {"2": {"diameter": 15, "conjugate_isogenous_pairs": 80, "eigenvalues": [2.8190509175482648, -2.8201990942475423]}, "3": {"diameter": 10, "conjugate_isogenous_pairs": 47, "eigenvalues": [3.450553991699349, -3.450978859226346]}, "5": {"diameter": 7, "conjugate_isogenous_pairs": 120, "eigenvalues": [4.453806346266769, -4.454925940730751]}, "7": {"diameter": 6, "conjugate_isogenous_pairs": 52, "eigenvalues": [5.282390618883589, -5.258281012123027]}, "11": {"diameter": 5, "conjugate_isogenous_pairs": 120, "eigenvalues": [6.598877259289346, -6.582270140980789]}}}