{"prime": 15289, "nodes": 1274, "minpoly": "x^2 + 15284*x + 11", "spine": 42, "undirected": true, "ell": {"2": {"diameter": 13, "conjugate_isogenous_pairs": 22, "eigenvalues": [2.8192429643779024, -2.819092685812409]}, "3": {"diameter": 9, "conjugate_isogenous_pairs": 51, "eigenvalues": [3.4550989219109107, -3.4570374114096767]}, "5": {"diameter": 6, "conjugate_isogenous_pairs": 92, "eigenvalues": [4.4640309554074715, -4.406637881933846]}, "7": {"diameter": 5, "conjugate_isogenous_pairs": 65, "eigenvalues": [5.25962982538624, -5.277157144975416]}, "11": {"diameter": 4, "conjugate_isogenous_pairs": 105, "eigenvalues": [6.610521519489801, -6.5713278187433355]}}}