{"prime": 27983, "nodes": 2333, "minpoly": "x^2 + 27982*x + 5", "spine": 149, "undirected": false, "ell": {"2": {"diameter": 15, "conjugate_isogenous_pairs": 33, "eigenvalues": [2.8266774626967996, -2.826483740062119]}, "3": {"diameter": 10, "conjugate_isogenous_pairs": 50, "eigenvalues": [3.46220367077405, -3.451227631377726]}, "5": {"diameter": 7, "conjugate_isogenous_pairs": 65, "eigenvalues": [4.465866761147443, -4.465016371304293]}, "7": {"diameter": 6, "conjugate_isogenous_pairs": 100, "eigenvalues": [5.262144701514824, -5.286359146441646]}, "11": {"diameter": 5, "conjugate_isogenous_pairs": 46, "eigenvalues": [6.546837397360756, -6.582681853541821]}}}