{"prime": 661, "nodes": 55, "minpoly": "x^2 + 660*x + 2", "spine": 9, "undirected": true, "ell": {"2": {"diameter": 8, "conjugate_isogenous_pairs": 9, "eigenvalues": [2.7813012656490135, -2.785793067183951]}, "3": {"diameter": 5, "conjugate_isogenous_pairs": 6, "eigenvalues": [3.3800235076331546, -3.4233975142513384]}, "5": {"diameter": 4, "conjugate_isogenous_pairs": 10, "eigenvalues": [4.322622319826126, -4.208341371334399]}, "7": {"diameter": 3, "conjugate_isogenous_pairs": 7, "eigenvalues": [5.22162733881, -5.010510716829026]}, "11": {"diameter": 3, "conjugate_isogenous_pairs": 22, "eigenvalues": [6.120111489737071, -6.433001559827044]}}}