{"prime": 15277, "nodes": 1273, "minpoly": "x^2 + 15276*x + 6", "spine": 25, "undirected": true, "ell": {"2": {"diameter": 14, "conjugate_isogenous_pairs": 65, "eigenvalues": [2.815452480343793, -2.824884090386726]}, "3": {"diameter": 9, "conjugate_isogenous_pairs": 71, "eigenvalues": [3.4618636207595594, -3.453521162659447]}, "5": {"diameter": 6, "conjugate_isogenous_pairs": 56, "eigenvalues": [4.444092100120548, -4.4185751407974525]}, "7": {"diameter": 5, "conjugate_isogenous_pairs": 74, "eigenvalues": [5.201107614314656, -5.226759714883298]}, "11": {"diameter": 5, "conjugate_isogenous_pairs": 197, "eigenvalues": [6.60212629734309, -6.617247755330568]}}}