{"prime": 9661, "nodes": 805, "minpoly": "x^2 + 9657*x + 2", "spine": 19, "undirected": true, "ell": {"2": {"diameter": 12, "conjugate_isogenous_pairs": 22, "eigenvalues": [2.818027021788232, -2.8038365737765245]}, "3": {"diameter": 8, "conjugate_isogenous_pairs": 48, "eigenvalues": [3.4577374097602998, -3.4315244753463188]}, "5": {"diameter": 6, "conjugate_isogenous_pairs": 55, "eigenvalues": [4.439877029101468, -4.465262737904425]}, "7": {"diameter": 5, "conjugate_isogenous_pairs": 46, "eigenvalues": [5.251749761789037, -5.25239366597788]}, "11": {"diameter": 4, "conjugate_isogenous_pairs": 172, "eigenvalues": [6.612582501712277, -6.61973792536789]}}}