{"prime": 8527, "nodes": 711, "minpoly": "x^2 + 8526*x + 5", "spine": 43, "undirected": false, "ell": {"2": {"diameter": 13, "conjugate_isogenous_pairs": 24, "eigenvalues": [2.8039703479062306, -2.818065279105401]}, "3": {"diameter": 9, "conjugate_isogenous_pairs": 44, "eigenvalues": [3.463030684597286, -3.4596096139207644]}, "5": {"diameter": 6, "conjugate_isogenous_pairs": 85, "eigenvalues": [4.403068272442637, -4.435429779226927]}, "7": {"diameter": 5, "conjugate_isogenous_pairs": 29, "eigenvalues": [5.245107753581939, -5.251626504310556]}, "11": {"diameter": 4, "conjugate_isogenous_pairs": 44, "eigenvalues": [6.390952403197328, -6.500657766858474]}}}