{"prime": 10711, "nodes": 893, "minpoly": "x^2 + 10710*x + 3", "spine": 65, "undirected": false, "ell": {"2": {"diameter": 14, "conjugate_isogenous_pairs": 20, "eigenvalues": [2.8030667264016005, -2.823739302520044]}, "3": {"diameter": 9, "conjugate_isogenous_pairs": 27, "eigenvalues": [3.4543334583509395, -3.455414557584509]}, "5": {"diameter": 6, "conjugate_isogenous_pairs": 91, "eigenvalues": [4.416670390911204, -4.410777370511335]}, "7": {"diameter": 5, "conjugate_isogenous_pairs": 21, "eigenvalues": [5.1941548929884895, -5.2185782219451795]}, "11": {"diameter": 4, "conjugate_isogenous_pairs": 65, "eigenvalues": [6.528269968776408, -6.569048577589786]}}}