{"prime": 27409, "nodes": 2284, "minpoly": "x^2 + 27408*x + 13", "spine": 36, "undirected": true, "ell": {"2": {"diameter": 14, "conjugate_isogenous_pairs": 34, "eigenvalues": [2.8260734916302805, -2.8193926523014246]}, "3": {"diameter": 10, "conjugate_isogenous_pairs": 59, "eigenvalues": [3.4534571464095216, -3.4556813416355716]}, "5": {"diameter": 7, "conjugate_isogenous_pairs": 138, "eigenvalues": [4.46325915226947, -4.46269070969734]}, "7": {"diameter": 6, "conjugate_isogenous_pairs": 95, "eigenvalues": [5.2708291523529525, -5.287310634585996]}, "11": {"diameter": 5, "conjugate_isogenous_pairs": 210, "eigenvalues": [6.6041502384215685, -6.5862975490762175]}}}