{"prime": 22397, "nodes": 1867, "minpoly": "x^2 + 22393*x + 2", "spine": 43, "undirected": false, "ell": {"2": {"diameter": 14, "conjugate_isogenous_pairs": 28, "eigenvalues": [2.8270479800439565, -2.8211692670027935]}, "3": {"diameter": 10, "conjugate_isogenous_pairs": 76, "eigenvalues": [3.4475592762239597, -3.458725449474372]}, "5": {"diameter": 7, "conjugate_isogenous_pairs": 48, "eigenvalues": [4.413260351465855, -4.445216376083183]}, "7": {"diameter": 6, "conjugate_isogenous_pairs": 200, "eigenvalues": [5.255108319598042, -5.271024487826015]}, "11": {"diameter": 5, "conjugate_isogenous_pairs": 95, "eigenvalues": [6.580672758166994, -6.496116735406582]}}}