{"prime": 6079, "nodes": 507, "minpoly": "x^2 + 6077*x + 17", "spine": 57, "undirected": false, "ell": {"2": {"diameter": 12, "conjugate_isogenous_pairs": 22, "eigenvalues": [2.8161344579517915, -2.818830148135543]}, "3": {"diameter": 8, "conjugate_isogenous_pairs": 17, "eigenvalues": [3.4368695305818755, -3.4535547551919015]}, "5": {"diameter": 6, "conjugate_isogenous_pairs": 56, "eigenvalues": [4.459047463256345, -4.445946942647092]}, "7": {"diameter": 5, "conjugate_isogenous_pairs": 22, "eigenvalues": [5.152404687261191, -5.272156596172133]}, "11": {"diameter": 4, "conjugate_isogenous_pairs": 91, "eigenvalues": [6.594745931328231, -6.566085974791241]}}}