{"prime": 1931, "nodes": 162, "minpoly": "x^2 + 1927*x + 2", "spine": 42, "undirected": false, "ell": {"2": {"diameter": 11, "conjugate_isogenous_pairs": 5, "eigenvalues": [2.8220163774769, -2.8219145815188766]}, "3": {"diameter": 7, "conjugate_isogenous_pairs": 9, "eigenvalues": [3.360940117848441, -3.3402201723149045]}, "5": {"diameter": 5, "conjugate_isogenous_pairs": 20, "eigenvalues": [4.366069686494547, -4.395123525414861]}, "7": {"diameter": 4, "conjugate_isogenous_pairs": 17, "eigenvalues": [4.970419585766639, -5.1247117831837015]}, "11": {"diameter": 4, "conjugate_isogenous_pairs": 23, "eigenvalues": [6.295708923114908, -6.273253137330382]}}}