{"prime": 3613, "nodes": 301, "minpoly": "x^2 + 3609*x + 2", "spine": 13, "undirected": true, "ell": {"2": {"diameter": 11, "conjugate_isogenous_pairs": 24, "eigenvalues": [2.806577296412503, -2.8024657210435033]}, "3": {"diameter": 7, "conjugate_isogenous_pairs": 40, "eigenvalues": [3.4545951430308737, -3.4233798717794577]}, "5": {"diameter": 5, "conjugate_isogenous_pairs": 36, "eigenvalues": [4.411740182184132, -4.400134348573797]}, "7": {"diameter": 4, "conjugate_isogenous_pairs": 29, "eigenvalues": [5.133433841017878, -5.237307020557922]}, "11": {"diameter": 4, "conjugate_isogenous_pairs": 49, "eigenvalues": [6.558088149222653, -6.379077563987342]}}}