{"prime": 15991, "nodes": 1333, "minpoly": "x^2 + 15990*x + 12", "spine": 105, "undirected": false, "ell": {"2": {"diameter": 14, "conjugate_isogenous_pairs": 29, "eigenvalues": [2.8120630655309937, -2.8057506278754065]}, "3": {"diameter": 9, "conjugate_isogenous_pairs": 27, "eigenvalues": [3.46217494669341, -3.4420386612340232]}, "5": {"diameter": 7, "conjugate_isogenous_pairs": 84, "eigenvalues": [4.437677492147576, -4.421846565977896]}, "7": {"diameter": 6, "conjugate_isogenous_pairs": 32, "eigenvalues": [5.17463458336077, -5.279681710492454]}, "11": {"diameter": 5, "conjugate_isogenous_pairs": 130, "eigenvalues": [6.5317842656067375, -6.462531636329966]}}}