{"prime": 2053, "nodes": 171, "minpoly": "x^2 + 2049*x + 2", "spine": 9, "undirected": true, "ell": {"2": {"diameter": 10, "conjugate_isogenous_pairs": 13, "eigenvalues": [2.799114988079842, -2.820719920773025]}, "3": {"diameter": 7, "conjugate_isogenous_pairs": 35, "eigenvalues": [3.4467942229431583, -3.417721167787461]}, "5": {"diameter": 5, "conjugate_isogenous_pairs": 25, "eigenvalues": [4.4218210715567885, -4.370039754811591]}, "7": {"diameter": 4, "conjugate_isogenous_pairs": 14, "eigenvalues": [5.237626879081251, -4.938582427137413]}, "11": {"diameter": 4, "conjugate_isogenous_pairs": 32, "eigenvalues": [6.420731667665994, -6.324133555404251]}}}