{"prime": 20269, "nodes": 1689, "minpoly": "x^2 + 20265*x + 2", "spine": 33, "undirected": true, "ell": {"2": {"diameter": 14, "conjugate_isogenous_pairs": 31, "eigenvalues": [2.8215491501359105, -2.816994967995863]}, "3": {"diameter": 9, "conjugate_isogenous_pairs": 85, "eigenvalues": [3.4612127994098136, -3.4425227224454464]}, "5": {"diameter": 6, "conjugate_isogenous_pairs": 120, "eigenvalues": [4.44681429895072, -4.441165665577602]}, "7": {"diameter": 6, "conjugate_isogenous_pairs": 62, "eigenvalues": [5.235848748420158, -5.275203265885737]}, "11": {"diameter": 5, "conjugate_isogenous_pairs": 278, "eigenvalues": [6.607723263825131, -6.555175454644225]}}}