{"prime": 11909, "nodes": 993, "minpoly": "x^2 + 11893*x + 2", "spine": 69, "undirected": false, "ell": {"2": {"diameter": 13, "conjugate_isogenous_pairs": 10, "eigenvalues": [2.8203361265815623, -2.8265677067345227]}, "3": {"diameter": 9, "conjugate_isogenous_pairs": 61, "eigenvalues": [3.443990623693545, -3.4407373058818913]}, "5": {"diameter": 7, "conjugate_isogenous_pairs": 38, "eigenvalues": [4.419915809871445, -4.4533878861337515]}, "7": {"diameter": 5, "conjugate_isogenous_pairs": 54, "eigenvalues": [5.265095650543174, -5.183353634282962]}, "11": {"diameter": 5, "conjugate_isogenous_pairs": 92, "eigenvalues": [6.5130852491709, -6.615497105829334]}}}