{"prime": 16339, "nodes": 1362, "minpoly": "x^2 + 16335*x + 2", "spine": 42, "undirected": false, "ell": {"2": {"diameter": 14, "conjugate_isogenous_pairs": 33, "eigenvalues": [2.824829187271041, -2.8079254839122028]}, "3": {"diameter": 9, "conjugate_isogenous_pairs": 25, "eigenvalues": [3.440194142850201, -3.4424291479151075]}, "5": {"diameter": 7, "conjugate_isogenous_pairs": 144, "eigenvalues": [4.443406104736412, -4.430596627673979]}, "7": {"diameter": 5, "conjugate_isogenous_pairs": 39, "eigenvalues": [5.264540459210743, -5.248162228569423]}, "11": {"diameter": 5, "conjugate_isogenous_pairs": 118, "eigenvalues": [6.593665839181362, -6.561090369987595]}}}