{"prime": 26693, "nodes": 2225, "minpoly": "x^2 + 26688*x + 2", "spine": 71, "undirected": false, "ell": {"2": {"diameter": 15, "conjugate_isogenous_pairs": 25, "eigenvalues": [2.8254517108531374, -2.822274067225475]}, "3": {"diameter": 10, "conjugate_isogenous_pairs": 163, "eigenvalues": [3.453187780010768, -3.456275577797679]}, "5": {"diameter": 7, "conjugate_isogenous_pairs": 49, "eigenvalues": [4.464336418255766, -4.459530025231629]}, "7": {"diameter": 6, "conjugate_isogenous_pairs": 131, "eigenvalues": [5.257428777231279, -5.237062134813548]}, "11": {"diameter": 5, "conjugate_isogenous_pairs": 89, "eigenvalues": [6.490630817812101, -6.597253760774115]}}}