{"prime": 15877, "nodes": 1323, "minpoly": "x^2 + 15876*x + 5", "spine": 25, "undirected": true, "ell": {"2": {"diameter": 13, "conjugate_isogenous_pairs": 55, "eigenvalues": [2.814878580691914, -2.8209121028837894]}, "3": {"diameter": 9, "conjugate_isogenous_pairs": 104, "eigenvalues": [3.461667058960509, -3.450733559210289]}, "5": {"diameter": 6, "conjugate_isogenous_pairs": 58, "eigenvalues": [4.41817773052357, -4.447481175339824]}, "7": {"diameter": 5, "conjugate_isogenous_pairs": 62, "eigenvalues": [5.267481316084888, -5.242107423968505]}, "11": {"diameter": 5, "conjugate_isogenous_pairs": 119, "eigenvalues": [6.500172207143138, -6.57868974258559]}}}