{"prime": 9547, "nodes": 796, "minpoly": "x^2 + 9546*x + 2", "spine": 26, "undirected": false, "ell": {"2": {"diameter": 13, "conjugate_isogenous_pairs": 42, "eigenvalues": [2.8107828982237977, -2.813194579283035]}, "3": {"diameter": 9, "conjugate_isogenous_pairs": 34, "eigenvalues": [3.427474167740226, -3.4342212199613136]}, "5": {"diameter": 6, "conjugate_isogenous_pairs": 107, "eigenvalues": [4.409289710554405, -4.4329913076121725]}, "7": {"diameter": 5, "conjugate_isogenous_pairs": 46, "eigenvalues": [5.2721717347767925, -5.2632933286313195]}, "11": {"diameter": 4, "conjugate_isogenous_pairs": 79, "eigenvalues": [6.5979228914011605, -6.519935471148862]}}}