{"prime": 15671, "nodes": 1307, "minpoly": "x^2 + 15669*x + 13", "spine": 167, "undirected": false, "ell": {"2": {"diameter": 14, "conjugate_isogenous_pairs": 17, "eigenvalues": [2.814982524661436, -2.8173630492201367]}, "3": {"diameter": 10, "conjugate_isogenous_pairs": 23, "eigenvalues": [3.4501696489314977, -3.4500368588466346]}, "5": {"diameter": 7, "conjugate_isogenous_pairs": 47, "eigenvalues": [4.420966493557229, -4.436538313495829]}, "7": {"diameter": 6, "conjugate_isogenous_pairs": 66, "eigenvalues": [5.2229073586770145, -5.271101776336472]}, "11": {"diameter": 5, "conjugate_isogenous_pairs": 86, "eigenvalues": [6.576335283165974, -6.589743625729085]}}}