{"prime": 1201, "nodes": 100, "minpoly": "x^2 + 1192*x + 11", "spine": 8, "undirected": true, "ell": {"2": {"diameter": 10, "conjugate_isogenous_pairs": 10, "eigenvalues": [2.782652499170198, -2.807236286934596]}, "3": {"diameter": 6, "conjugate_isogenous_pairs": 15, "eigenvalues": [3.421710730312242, -3.3129309852082396]}, "5": {"diameter": 4, "conjugate_isogenous_pairs": 22, "eigenvalues": [4.35696636202132, -4.408985778625529]}, "7": {"diameter": 4, "conjugate_isogenous_pairs": 17, "eigenvalues": [5.064347802966205, -5.213577104226405]}, "11": {"diameter": 3, "conjugate_isogenous_pairs": 30, "eigenvalues": [6.44214364814504, -6.029606380363707]}}}