{"prime": 14107, "nodes": 1176, "minpoly": "x^2 + 14103*x + 2", "spine": 22, "undirected": false, "ell": {"2": {"diameter": 14, "conjugate_isogenous_pairs": 40, "eigenvalues": [2.815747081581564, -2.828410163050887]}, "3": {"diameter": 9, "conjugate_isogenous_pairs": 44, "eigenvalues": [3.4299373586057644, -3.447913157466426]}, "5": {"diameter": 7, "conjugate_isogenous_pairs": 140, "eigenvalues": [4.459814077987483, -4.3849367087666]}, "7": {"diameter": 5, "conjugate_isogenous_pairs": 61, "eigenvalues": [5.276248406197814, -5.237064127179848]}, "11": {"diameter": 5, "conjugate_isogenous_pairs": 83, "eigenvalues": [6.558102387990244, -6.612020610718734]}}}