{"prime": 19423, "nodes": 1619, "minpoly": "x^2 + 19422*x + 3", "spine": 83, "undirected": false, "ell": {"2": {"diameter": 15, "conjugate_isogenous_pairs": 63, "eigenvalues": [2.8187915453471617, -2.8198401135419635]}, "3": {"diameter": 10, "conjugate_isogenous_pairs": 41, "eigenvalues": [3.458120891575962, -3.456708020368638]}, "5": {"diameter": 7, "conjugate_isogenous_pairs": 85, "eigenvalues": [4.455200239984929, -4.45738572679208]}, "7": {"diameter": 6, "conjugate_isogenous_pairs": 41, "eigenvalues": [5.277695072126119, -5.265969820827889]}, "11": {"diameter": 5, "conjugate_isogenous_pairs": 81, "eigenvalues": [6.596026776208234, -6.57656077155456]}}}