{"prime": 27943, "nodes": 2329, "minpoly": "x^2 + 27942*x + 5", "spine": 65, "undirected": false, "ell": {"2": {"diameter": 16, "conjugate_isogenous_pairs": 92, "eigenvalues": [2.826668092831543, -2.8274509404440136]}, "3": {"diameter": 10, "conjugate_isogenous_pairs": 44, "eigenvalues": [3.442831484109706, -3.447195737901235]}, "5": {"diameter": 7, "conjugate_isogenous_pairs": 121, "eigenvalues": [4.447492129935253, -4.4598522838431105]}, "7": {"diameter": 6, "conjugate_isogenous_pairs": 87, "eigenvalues": [5.270985366023168, -5.273143367291518]}, "11": {"diameter": 5, "conjugate_isogenous_pairs": 133, "eigenvalues": [6.578760757351641, -6.618270615559291]}}}