{"prime": 14923, "nodes": 1244, "minpoly": "x^2 + 14922*x + 2", "spine": 50, "undirected": false, "ell": {"2": {"diameter": 14, "conjugate_isogenous_pairs": 46, "eigenvalues": [2.8266833415991828, -2.820278464208861]}, "3": {"diameter": 9, "conjugate_isogenous_pairs": 48, "eigenvalues": [3.450682373876987, -3.451391772026505]}, "5": {"diameter": 7, "conjugate_isogenous_pairs": 124, "eigenvalues": [4.455756721057453, -4.41344083840332]}, "7": {"diameter": 6, "conjugate_isogenous_pairs": 42, "eigenvalues": [5.243821007042755, -5.288396409761789]}, "11": {"diameter": 5, "conjugate_isogenous_pairs": 92, "eigenvalues": [6.570266332868833, -6.609459793314078]}}}