{"prime": 10903, "nodes": 909, "minpoly": "x^2 + 10902*x + 3", "spine": 41, "undirected": false, "ell": {"2": {"diameter": 14, "conjugate_isogenous_pairs": 25, "eigenvalues": [2.8132287694507, -2.8174207697394373]}, "3": {"diameter": 9, "conjugate_isogenous_pairs": 52, "eigenvalues": [3.4616981400483806, -3.41607842725989]}, "5": {"diameter": 6, "conjugate_isogenous_pairs": 94, "eigenvalues": [4.451488471776692, -4.437302746388388]}, "7": {"diameter": 5, "conjugate_isogenous_pairs": 45, "eigenvalues": [5.241597398634194, -5.2655555606316575]}, "11": {"diameter": 4, "conjugate_isogenous_pairs": 48, "eigenvalues": [6.59155285007744, -6.631291486673441]}}}