{"prime": 29027, "nodes": 2420, "minpoly": "x^2 + 29026*x + 2", "spine": 106, "undirected": false, "ell": {"2": {"diameter": 15, "conjugate_isogenous_pairs": 52, "eigenvalues": [2.8182378983017786, -2.821990317952065]}, "3": {"diameter": 10, "conjugate_isogenous_pairs": 34, "eigenvalues": [3.4468905132469785, -3.45672402592459]}, "5": {"diameter": 7, "conjugate_isogenous_pairs": 85, "eigenvalues": [4.442100662557306, -4.461117884726776]}, "7": {"diameter": 6, "conjugate_isogenous_pairs": 148, "eigenvalues": [5.2480771681234195, -5.2551263672262385]}, "11": {"diameter": 5, "conjugate_isogenous_pairs": 71, "eigenvalues": [6.6235134959222695, -6.6112460208548605]}}}