{"prime": 24029, "nodes": 2003, "minpoly": "x^2 + 24025*x + 2", "spine": 101, "undirected": false, "ell": {"2": {"diameter": 15, "conjugate_isogenous_pairs": 30, "eigenvalues": [2.8130783836128255, -2.8241860225056614]}, "3": {"diameter": 10, "conjugate_isogenous_pairs": 60, "eigenvalues": [3.4615083848224724, -3.456787902572019]}, "5": {"diameter": 7, "conjugate_isogenous_pairs": 33, "eigenvalues": [4.447145854762072, -4.442677047857344]}, "7": {"diameter": 6, "conjugate_isogenous_pairs": 104, "eigenvalues": [5.25480698780369, -5.229377541342218]}, "11": {"diameter": 5, "conjugate_isogenous_pairs": 180, "eigenvalues": [6.583342201188705, -6.630468612352134]}}}