{"prime": 6199, "nodes": 517, "minpoly": "x^2 + 6197*x + 3", "spine": 39, "undirected": false, "ell": {"2": {"diameter": 12, "conjugate_isogenous_pairs": 20, "eigenvalues": [2.807002511335678, -2.8182798099380237]}, "3": {"diameter": 8, "conjugate_isogenous_pairs": 19, "eigenvalues": [3.4020333081601604, -3.4474327360529236]}, "5": {"diameter": 6, "conjugate_isogenous_pairs": 78, "eigenvalues": [4.399855236987013, -4.441112523672543]}, "7": {"diameter": 5, "conjugate_isogenous_pairs": 20, "eigenvalues": [5.290167909943248, -5.212783036412831]}, "11": {"diameter": 4, "conjugate_isogenous_pairs": 66, "eigenvalues": [6.517386576992777, -6.422491719845789]}}}