{"prime": 26459, "nodes": 2206, "minpoly": "x^2 + 26452*x + 2", "spine": 122, "undirected": false, "ell": {"2": {"diameter": 16, "conjugate_isogenous_pairs": 25, "eigenvalues": [2.826791044085439, -2.819178812377161]}, "3": {"diameter": 10, "conjugate_isogenous_pairs": 42, "eigenvalues": [3.4607460555325678, -3.4390794301703105]}, "5": {"diameter": 7, "conjugate_isogenous_pairs": 56, "eigenvalues": [4.428972270177748, -4.462734979684281]}, "7": {"diameter": 6, "conjugate_isogenous_pairs": 94, "eigenvalues": [5.228075724420017, -5.289057790590565]}, "11": {"diameter": 5, "conjugate_isogenous_pairs": 90, "eigenvalues": [6.599599367786879, -6.597337112501693]}}}