{"prime": 4993, "nodes": 416, "minpoly": "x^2 + 4992*x + 5", "spine": 16, "undirected": true, "ell": {"2": {"diameter": 11, "conjugate_isogenous_pairs": 15, "eigenvalues": [2.7971868566218756, -2.8162085700754167]}, "3": {"diameter": 7, "conjugate_isogenous_pairs": 41, "eigenvalues": [3.4050969304814234, -3.409330631750292]}, "5": {"diameter": 6, "conjugate_isogenous_pairs": 51, "eigenvalues": [4.374440881106535, -4.418950537939855]}, "7": {"diameter": 5, "conjugate_isogenous_pairs": 50, "eigenvalues": [5.159986567263993, -5.2229214900125465]}, "11": {"diameter": 4, "conjugate_isogenous_pairs": 51, "eigenvalues": [6.583922381575053, -6.56656977301309]}}}