{"prime": 9127, "nodes": 761, "minpoly": "x^2 + 9126*x + 3", "spine": 57, "undirected": false, "ell": {"2": {"diameter": 13, "conjugate_isogenous_pairs": 48, "eigenvalues": [2.8249050127117705, -2.824211432321172]}, "3": {"diameter": 9, "conjugate_isogenous_pairs": 35, "eigenvalues": [3.439117460690526, -3.4422030629856932]}, "5": {"diameter": 6, "conjugate_isogenous_pairs": 45, "eigenvalues": [4.39451025786899, -4.42662623211543]}, "7": {"diameter": 5, "conjugate_isogenous_pairs": 27, "eigenvalues": [5.277708403070401, -5.26457714910978]}, "11": {"diameter": 4, "conjugate_isogenous_pairs": 60, "eigenvalues": [6.591755274482023, -6.537095798760867]}}}