{"prime": 13421, "nodes": 1119, "minpoly": "x^2 + 13412*x + 10", "spine": 55, "undirected": false, "ell": {"2": {"diameter": 14, "conjugate_isogenous_pairs": 18, "eigenvalues": [2.819743136686436, -2.8174758622592164]}, "3": {"diameter": 9, "conjugate_isogenous_pairs": 46, "eigenvalues": [3.4420360592116865, -3.422927471263875]}, "5": {"diameter": 7, "conjugate_isogenous_pairs": 31, "eigenvalues": [4.43828161443353, -4.459120779790503]}, "7": {"diameter": 6, "conjugate_isogenous_pairs": 89, "eigenvalues": [5.2807002571238595, -5.265248549624988]}, "11": {"diameter": 5, "conjugate_isogenous_pairs": 104, "eigenvalues": [6.576427318715357, -6.50520555061161]}}}