{"prime": 26357, "nodes": 2197, "minpoly": "x^2 + 26350*x + 2", "spine": 41, "undirected": false, "ell": {"2": {"diameter": 15, "conjugate_isogenous_pairs": 32, "eigenvalues": [2.8236780342611203, -2.821076274901569]}, "3": {"diameter": 10, "conjugate_isogenous_pairs": 132, "eigenvalues": [3.4536878715635595, -3.4559362463493537]}, "5": {"diameter": 7, "conjugate_isogenous_pairs": 51, "eigenvalues": [4.461614425912941, -4.44637176717265]}, "7": {"diameter": 6, "conjugate_isogenous_pairs": 198, "eigenvalues": [5.2476001010520745, -5.256316017029052]}, "11": {"diameter": 5, "conjugate_isogenous_pairs": 88, "eigenvalues": [6.571303454344442, -6.585350917023157]}}}