{"prime": 17597, "nodes": 1467, "minpoly": "x^2 + 17596*x + 2", "spine": 69, "undirected": false, "ell": {"2": {"diameter": 14, "conjugate_isogenous_pairs": 32, "eigenvalues": [2.8263793273683797, -2.813286349702034]}, "3": {"diameter": 10, "conjugate_isogenous_pairs": 58, "eigenvalues": [3.4546902783683, -3.456566724980472]}, "5": {"diameter": 7, "conjugate_isogenous_pairs": 36, "eigenvalues": [4.441850543904546, -4.433185994148847]}, "7": {"diameter": 6, "conjugate_isogenous_pairs": 131, "eigenvalues": [5.285292159172122, -5.276680483600198]}, "11": {"diameter": 5, "conjugate_isogenous_pairs": 94, "eigenvalues": [6.619325261389666, -6.60581349137595]}}}