{"prime": 22469, "nodes": 1873, "minpoly": "x^2 + 22465*x + 2", "spine": 101, "undirected": false, "ell": {"2": {"diameter": 15, "conjugate_isogenous_pairs": 23, "eigenvalues": [2.819868033317715, -2.8242582064119484]}, "3": {"diameter": 11, "conjugate_isogenous_pairs": 71, "eigenvalues": [3.454023990475815, -3.460316714697743]}, "5": {"diameter": 7, "conjugate_isogenous_pairs": 45, "eigenvalues": [4.458489272096327, -4.443324037649881]}, "7": {"diameter": 6, "conjugate_isogenous_pairs": 96, "eigenvalues": [5.26618103054901, -5.248136034087533]}, "11": {"diameter": 5, "conjugate_isogenous_pairs": 168, "eigenvalues": [6.56788793575179, -6.57484435409395]}}}