{"prime": 1621, "nodes": 135, "minpoly": "x^2 + 1617*x + 2", "spine": 9, "undirected": true, "ell": {"2": {"diameter": 9, "conjugate_isogenous_pairs": 10, "eigenvalues": [2.797146425651457, -2.7797896295152418]}, "3": {"diameter": 7, "conjugate_isogenous_pairs": 24, "eigenvalues": [3.4371356230558137, -3.390836559764172]}, "5": {"diameter": 5, "conjugate_isogenous_pairs": 16, "eigenvalues": [4.412262724295151, -4.439757515875523]}, "7": {"diameter": 4, "conjugate_isogenous_pairs": 11, "eigenvalues": [5.163961041724446, -5.2088557775225155]}, "11": {"diameter": 3, "conjugate_isogenous_pairs": 43, "eigenvalues": [6.454608358860403, -6.453334392309971]}}}