{"prime": 19609, "nodes": 1634, "minpoly": "x^2 + 19596*x + 13", "spine": 40, "undirected": true, "ell": {"2": {"diameter": 14, "conjugate_isogenous_pairs": 39, "eigenvalues": [2.824342809318921, -2.813438058664738]}, "3": {"diameter": 9, "conjugate_isogenous_pairs": 43, "eigenvalues": [3.447198952673783, -3.4387519339218704]}, "5": {"diameter": 6, "conjugate_isogenous_pairs": 93, "eigenvalues": [4.465746570638217, -4.430994873858513]}, "7": {"diameter": 6, "conjugate_isogenous_pairs": 83, "eigenvalues": [5.247351022798621, -5.264551616374036]}, "11": {"diameter": 5, "conjugate_isogenous_pairs": 163, "eigenvalues": [6.586657043019031, -6.540914359464039]}}}