{"prime": 19429, "nodes": 1619, "minpoly": "x^2 + 19421*x + 6", "spine": 37, "undirected": true, "ell": {"2": {"diameter": 14, "conjugate_isogenous_pairs": 48, "eigenvalues": [2.819934810080396, -2.8226160930063617]}, "3": {"diameter": 9, "conjugate_isogenous_pairs": 58, "eigenvalues": [3.4561929549996666, -3.4341390953956266]}, "5": {"diameter": 7, "conjugate_isogenous_pairs": 88, "eigenvalues": [4.461622243390799, -4.437376691473326]}, "7": {"diameter": 6, "conjugate_isogenous_pairs": 51, "eigenvalues": [5.254495789999786, -5.270255696402225]}, "11": {"diameter": 5, "conjugate_isogenous_pairs": 181, "eigenvalues": [6.628153911651277, -6.605524720576504]}}}