{"prime": 19477, "nodes": 1623, "minpoly": "x^2 + 19476*x + 6", "spine": 37, "undirected": true, "ell": {"2": {"diameter": 15, "conjugate_isogenous_pairs": 62, "eigenvalues": [2.824114308321648, -2.820716716310692]}, "3": {"diameter": 9, "conjugate_isogenous_pairs": 106, "eigenvalues": [3.428704367967693, -3.4521102086467623]}, "5": {"diameter": 7, "conjugate_isogenous_pairs": 69, "eigenvalues": [4.435561239319575, -4.441743710115503]}, "7": {"diameter": 5, "conjugate_isogenous_pairs": 63, "eigenvalues": [5.274776427133762, -5.227324353832235]}, "11": {"diameter": 5, "conjugate_isogenous_pairs": 192, "eigenvalues": [6.584962500506316, -6.539728454101643]}}}