{"prime": 27397, "nodes": 2283, "minpoly": "x^2 + 27396*x + 2", "spine": 41, "undirected": true, "ell": {"2": {"diameter": 15, "conjugate_isogenous_pairs": 82, "eigenvalues": [2.8167100660390982, -2.8276121097617826]}, "3": {"diameter": 9, "conjugate_isogenous_pairs": 90, "eigenvalues": [3.454100761775424, -3.4541013838350816]}, "5": {"diameter": 7, "conjugate_isogenous_pairs": 107, "eigenvalues": [4.44913113143835, -4.437147254665154]}, "7": {"diameter": 6, "conjugate_isogenous_pairs": 97, "eigenvalues": [5.274646490493103, -5.289418063509545]}, "11": {"diameter": 5, "conjugate_isogenous_pairs": 281, "eigenvalues": [6.607401953237168, -6.565744843788948]}}}