{"prime": 24439, "nodes": 2037, "minpoly": "x^2 + 24435*x + 6", "spine": 85, "undirected": false, "ell": {"2": {"diameter": 15, "conjugate_isogenous_pairs": 34, "eigenvalues": [2.819769732077832, -2.819521042499215]}, "3": {"diameter": 10, "conjugate_isogenous_pairs": 55, "eigenvalues": [3.4634175683037625, -3.457332816900239]}, "5": {"diameter": 7, "conjugate_isogenous_pairs": 135, "eigenvalues": [4.451923851959645, -4.46600570923475]}, "7": {"diameter": 6, "conjugate_isogenous_pairs": 38, "eigenvalues": [5.218388415585508, -5.273745799720759]}, "11": {"diameter": 5, "conjugate_isogenous_pairs": 122, "eigenvalues": [6.607013231937689, -6.5668117624083715]}}}