{"prime": 14887, "nodes": 1241, "minpoly": "x^2 + 14885*x + 3", "spine": 41, "undirected": false, "ell": {"2": {"diameter": 14, "conjugate_isogenous_pairs": 62, "eigenvalues": [2.8111088259546086, -2.820682599187269]}, "3": {"diameter": 9, "conjugate_isogenous_pairs": 28, "eigenvalues": [3.459147469867256, -3.4605470192959644]}, "5": {"diameter": 7, "conjugate_isogenous_pairs": 85, "eigenvalues": [4.454754879982913, -4.421924034896353]}, "7": {"diameter": 5, "conjugate_isogenous_pairs": 58, "eigenvalues": [5.234346388169349, -5.256415817515643]}, "11": {"diameter": 5, "conjugate_isogenous_pairs": 111, "eigenvalues": [6.575001739760354, -6.591035819241308]}}}