{"prime": 27329, "nodes": 2278, "minpoly": "x^2 + 27323*x + 3", "spine": 72, "undirected": false, "ell": {"2": {"diameter": 15, "conjugate_isogenous_pairs": 26, "eigenvalues": [2.8265288660473464, -2.8171817795578202]}, "3": {"diameter": 10, "conjugate_isogenous_pairs": 77, "eigenvalues": [3.4559670232819806, -3.4564266190594806]}, "5": {"diameter": 7, "conjugate_isogenous_pairs": 42, "eigenvalues": [4.462038653980676, -4.443632963261129]}, "7": {"diameter": 6, "conjugate_isogenous_pairs": 133, "eigenvalues": [5.23741160787722, -5.283796061679394]}, "11": {"diameter": 5, "conjugate_isogenous_pairs": 82, "eigenvalues": [6.598541045862612, -6.540044813163751]}}}