{"prime": 5647, "nodes": 471, "minpoly": "x^2 + 5645*x + 3", "spine": 21, "undirected": false, "ell": {"2": {"diameter": 12, "conjugate_isogenous_pairs": 39, "eigenvalues": [2.823281245716977, -2.8147009092095736]}, "3": {"diameter": 8, "conjugate_isogenous_pairs": 20, "eigenvalues": [3.4352566304706507, -3.412563934181819]}, "5": {"diameter": 6, "conjugate_isogenous_pairs": 46, "eigenvalues": [4.41536306946065, -4.414811777549066]}, "7": {"diameter": 5, "conjugate_isogenous_pairs": 37, "eigenvalues": [5.15827199565634, -5.238790645151402]}, "11": {"diameter": 4, "conjugate_isogenous_pairs": 63, "eigenvalues": [6.512020287438852, -6.631872020843597]}}}