{"prime": 25147, "nodes": 2096, "minpoly": "x^2 + 25146*x + 2", "spine": 46, "undirected": false, "ell": {"2": {"diameter": 15, "conjugate_isogenous_pairs": 89, "eigenvalues": [2.8150033939057444, -2.8259797406375844]}, "3": {"diameter": 9, "conjugate_isogenous_pairs": 37, "eigenvalues": [3.4525382891988157, -3.4630533172983333]}, "5": {"diameter": 7, "conjugate_isogenous_pairs": 167, "eigenvalues": [4.435018577881064, -4.463134916060618]}, "7": {"diameter": 6, "conjugate_isogenous_pairs": 77, "eigenvalues": [5.283532745106309, -5.256643005913122]}, "11": {"diameter": 5, "conjugate_isogenous_pairs": 128, "eigenvalues": [6.631848672813527, -6.618936951344845]}}}