{"prime": 11369, "nodes": 948, "minpoly": "x^2 + 11354*x + 3", "spine": 60, "undirected": false, "ell": {"2": {"diameter": 14, "conjugate_isogenous_pairs": 15, "eigenvalues": [2.816775827766577, -2.807005909232608]}, "3": {"diameter": 9, "conjugate_isogenous_pairs": 36, "eigenvalues": [3.4610038948490334, -3.4351670846068862]}, "5": {"diameter": 7, "conjugate_isogenous_pairs": 30, "eigenvalues": [4.438046218194634, -4.454425499868663]}, "7": {"diameter": 6, "conjugate_isogenous_pairs": 99, "eigenvalues": [5.230402436010841, -5.226055478090135]}, "11": {"diameter": 5, "conjugate_isogenous_pairs": 52, "eigenvalues": [6.580024303942643, -6.447516799514943]}}}