{"prime": 613, "nodes": 51, "minpoly": "x^2 + 609*x + 2", "spine": 5, "undirected": true, "ell": {"2": {"diameter": 7, "conjugate_isogenous_pairs": 9, "eigenvalues": [2.745301024043815, -2.7448919252604456]}, "3": {"diameter": 6, "conjugate_isogenous_pairs": 15, "eigenvalues": [3.4299990516375454, -3.3814782534434538]}, "5": {"diameter": 4, "conjugate_isogenous_pairs": 14, "eigenvalues": [3.8657316475318346, -4.1651256575930455]}, "7": {"diameter": 3, "conjugate_isogenous_pairs": 10, "eigenvalues": [4.797539874666707, -4.60914355146626]}, "11": {"diameter": 3, "conjugate_isogenous_pairs": 15, "eigenvalues": [6.396141931947929, -6.442473973277356]}}}