{"prime": 27337, "nodes": 2278, "minpoly": "x^2 + 27336*x + 5", "spine": 32, "undirected": true, "ell": {"2": {"diameter": 14, "conjugate_isogenous_pairs": 68, "eigenvalues": [2.8259790387993853, -2.8238130569139273]}, "3": {"diameter": 9, "conjugate_isogenous_pairs": 65, "eigenvalues": [3.457651927554313, -3.453293053502688]}, "5": {"diameter": 7, "conjugate_isogenous_pairs": 123, "eigenvalues": [4.449097042932952, -4.464613008793177]}, "7": {"diameter": 6, "conjugate_isogenous_pairs": 129, "eigenvalues": [5.272636526506052, -5.265943746244108]}, "11": {"diameter": 5, "conjugate_isogenous_pairs": 130, "eigenvalues": [6.6094916967733495, -6.515743336670116]}}}