{"prime": 8287, "nodes": 691, "minpoly": "x^2 + 8282*x + 3", "spine": 45, "undirected": false, "ell": {"2": {"diameter": 12, "conjugate_isogenous_pairs": 53, "eigenvalues": [2.8240656964281925, -2.815303783647977]}, "3": {"diameter": 8, "conjugate_isogenous_pairs": 22, "eigenvalues": [3.4454761973503283, -3.439438151397824]}, "5": {"diameter": 6, "conjugate_isogenous_pairs": 54, "eigenvalues": [4.43945581423032, -4.437826556174482]}, "7": {"diameter": 5, "conjugate_isogenous_pairs": 36, "eigenvalues": [5.248804423819959, -5.166279264498763]}, "11": {"diameter": 4, "conjugate_isogenous_pairs": 54, "eigenvalues": [6.602068572985009, -6.5224340801843095]}}}