{"prime": 22409, "nodes": 1868, "minpoly": "x^2 + 22408*x + 3", "spine": 100, "undirected": false, "ell": {"2": {"diameter": 15, "conjugate_isogenous_pairs": 15, "eigenvalues": [2.8252364934216256, -2.8204064514315608]}, "3": {"diameter": 10, "conjugate_isogenous_pairs": 68, "eigenvalues": [3.4624152463939484, -3.44586612635813]}, "5": {"diameter": 7, "conjugate_isogenous_pairs": 50, "eigenvalues": [4.427188467976047, -4.451692369375315]}, "7": {"diameter": 6, "conjugate_isogenous_pairs": 116, "eigenvalues": [5.239223287630416, -5.245216823390365]}, "11": {"diameter": 5, "conjugate_isogenous_pairs": 69, "eigenvalues": [6.55398472915105, -6.586670431578508]}}}