{"prime": 21851, "nodes": 1822, "minpoly": "x^2 + 21849*x + 6", "spine": 78, "undirected": false, "ell": {"2": {"diameter": 15, "conjugate_isogenous_pairs": 23, "eigenvalues": [2.8241479431694394, -2.821965013727255]}, "3": {"diameter": 10, "conjugate_isogenous_pairs": 34, "eigenvalues": [3.4539838380361436, -3.443589494491982]}, "5": {"diameter": 7, "conjugate_isogenous_pairs": 85, "eigenvalues": [4.447355371794338, -4.459815560187835]}, "7": {"diameter": 6, "conjugate_isogenous_pairs": 96, "eigenvalues": [5.2547269024507, -5.277639240758822]}, "11": {"diameter": 5, "conjugate_isogenous_pairs": 78, "eigenvalues": [6.557820980916996, -6.58887490093351]}}}