{"prime": 27701, "nodes": 2309, "minpoly": "x^2 + 27697*x + 2", "spine": 75, "undirected": false, "ell": {"2": {"diameter": 15, "conjugate_isogenous_pairs": 19, "eigenvalues": [2.817020448367002, -2.8196308039897726]}, "3": {"diameter": 10, "conjugate_isogenous_pairs": 66, "eigenvalues": [3.4421992472021343, -3.446085762111949]}, "5": {"diameter": 7, "conjugate_isogenous_pairs": 52, "eigenvalues": [4.45832027187165, -4.4577061407372955]}, "7": {"diameter": 6, "conjugate_isogenous_pairs": 151, "eigenvalues": [5.267977542145324, -5.277432591478862]}, "11": {"diameter": 5, "conjugate_isogenous_pairs": 158, "eigenvalues": [6.618791845327568, -6.6022783552362165]}}}