{"prime": 22741, "nodes": 1895, "minpoly": "x^2 + 22739*x + 7", "spine": 53, "undirected": true, "ell": {"2": {"diameter": 15, "conjugate_isogenous_pairs": 47, "eigenvalues": [2.8224277404408316, -2.8164685511047978]}, "3": {"diameter": 10, "conjugate_isogenous_pairs": 70, "eigenvalues": [3.4618472814732244, -3.4516154932240317]}, "5": {"diameter": 7, "conjugate_isogenous_pairs": 52, "eigenvalues": [4.456616013128879, -4.433295421605717]}, "7": {"diameter": 6, "conjugate_isogenous_pairs": 48, "eigenvalues": [5.261309038484056, -5.2846124337982445]}, "11": {"diameter": 5, "conjugate_isogenous_pairs": 281, "eigenvalues": [6.5318268684803575, -6.573539901984887]}}}