{"prime": 23873, "nodes": 1990, "minpoly": "x^2 + 23868*x + 3", "spine": 68, "undirected": false, "ell": {"2": {"diameter": 16, "conjugate_isogenous_pairs": 49, "eigenvalues": [2.8281077486454578, -2.8188944301680925]}, "3": {"diameter": 10, "conjugate_isogenous_pairs": 60, "eigenvalues": [3.4526989177472163, -3.4489037183609654]}, "5": {"diameter": 7, "conjugate_isogenous_pairs": 37, "eigenvalues": [4.424052428778738, -4.431720649197964]}, "7": {"diameter": 6, "conjugate_isogenous_pairs": 267, "eigenvalues": [5.2731053611058725, -5.247402884113788]}, "11": {"diameter": 5, "conjugate_isogenous_pairs": 67, "eigenvalues": [6.5903952082548, -6.608828823987]}}}