{"prime": 20101, "nodes": 1675, "minpoly": "x^2 + 20100*x + 6", "spine": 37, "undirected": true, "ell": {"2": {"diameter": 13, "conjugate_isogenous_pairs": 30, "eigenvalues": [2.8151440171425404, -2.824995093416765]}, "3": {"diameter": 10, "conjugate_isogenous_pairs": 74, "eigenvalues": [3.4462524850089618, -3.4609299664271758]}, "5": {"diameter": 6, "conjugate_isogenous_pairs": 77, "eigenvalues": [4.463581491025938, -4.440040420317678]}, "7": {"diameter": 6, "conjugate_isogenous_pairs": 62, "eigenvalues": [5.271104889114802, -5.2285718222516975]}, "11": {"diameter": 5, "conjugate_isogenous_pairs": 238, "eigenvalues": [6.615884800561279, -6.555834759726377]}}}