{"prime": 9199, "nodes": 767, "minpoly": "x^2 + 9197*x + 3", "spine": 51, "undirected": false, "ell": {"2": {"diameter": 13, "conjugate_isogenous_pairs": 29, "eigenvalues": [2.818820319304596, -2.8128943956682533]}, "3": {"diameter": 9, "conjugate_isogenous_pairs": 20, "eigenvalues": [3.449868498748883, -3.4466352740174067]}, "5": {"diameter": 7, "conjugate_isogenous_pairs": 80, "eigenvalues": [4.456044222906567, -4.440696713216304]}, "7": {"diameter": 5, "conjugate_isogenous_pairs": 27, "eigenvalues": [5.266894160309426, -5.256997869814511]}, "11": {"diameter": 4, "conjugate_isogenous_pairs": 68, "eigenvalues": [6.591013332658051, -6.599851759465121]}}}