{"prime": 12109, "nodes": 1009, "minpoly": "x^2 + 12108*x + 6", "spine": 33, "undirected": true, "ell": {"2": {"diameter": 13, "conjugate_isogenous_pairs": 40, "eigenvalues": [2.816965866704856, -2.820843328199196]}, "3": {"diameter": 9, "conjugate_isogenous_pairs": 48, "eigenvalues": [3.4075167663016983, -3.430939435390817]}, "5": {"diameter": 6, "conjugate_isogenous_pairs": 38, "eigenvalues": [4.420146353531378, -4.422933151631943]}, "7": {"diameter": 5, "conjugate_isogenous_pairs": 47, "eigenvalues": [5.278485546704428, -5.240800536296707]}, "11": {"diameter": 4, "conjugate_isogenous_pairs": 232, "eigenvalues": [6.617254702952797, -6.539629517554435]}}}