{"prime": 29717, "nodes": 2477, "minpoly": "x^2 + 29709*x + 2", "spine": 69, "undirected": false, "ell": {"2": {"diameter": 15, "conjugate_isogenous_pairs": 34, "eigenvalues": [2.8252680506752363, -2.8141552295288155]}, "3": {"diameter": 11, "conjugate_isogenous_pairs": 161, "eigenvalues": [3.462529104302232, -3.454291091148214]}, "5": {"diameter": 7, "conjugate_isogenous_pairs": 49, "eigenvalues": [4.459729197211783, -4.450995154742553]}, "7": {"diameter": 6, "conjugate_isogenous_pairs": 123, "eigenvalues": [5.289593211273048, -5.280157419372149]}, "11": {"diameter": 5, "conjugate_isogenous_pairs": 92, "eigenvalues": [6.572296329278098, -6.623932565758261]}}}