{"prime": 15493, "nodes": 1291, "minpoly": "x^2 + 15492*x + 5", "spine": 25, "undirected": true, "ell": {"2": {"diameter": 13, "conjugate_isogenous_pairs": 43, "eigenvalues": [2.8269596765615526, -2.816530048267861]}, "3": {"diameter": 9, "conjugate_isogenous_pairs": 100, "eigenvalues": [3.4480258587095687, -3.4515526204626967]}, "5": {"diameter": 6, "conjugate_isogenous_pairs": 69, "eigenvalues": [4.449455888300448, -4.4651840536673335]}, "7": {"diameter": 5, "conjugate_isogenous_pairs": 81, "eigenvalues": [5.266027172680514, -5.2030592952236]}, "11": {"diameter": 5, "conjugate_isogenous_pairs": 117, "eigenvalues": [6.552451376438125, -6.599428736397462]}}}