{"prime": 2711, "nodes": 227, "minpoly": "x^2 + 2710*x + 7", "spine": 53, "undirected": false, "ell": {"2": {"diameter": 11, "conjugate_isogenous_pairs": 6, "eigenvalues": [2.801857066523286, -2.819648959904955]}, "3": {"diameter": 8, "conjugate_isogenous_pairs": 10, "eigenvalues": [3.439337068540912, -3.4145959189387325]}, "5": {"diameter": 6, "conjugate_isogenous_pairs": 15, "eigenvalues": [4.377897660634702, -4.427524594655339]}, "7": {"diameter": 5, "conjugate_isogenous_pairs": 21, "eigenvalues": [5.277110712048835, -5.195901929649862]}, "11": {"diameter": 4, "conjugate_isogenous_pairs": 16, "eigenvalues": [6.43383120493003, -6.536874255936341]}}}