{"prime": 7487, "nodes": 625, "minpoly": "x^2 + 7485*x + 5", "spine": 65, "undirected": false, "ell": {"2": {"diameter": 12, "conjugate_isogenous_pairs": 11, "eigenvalues": [2.8144996288631505, -2.8203137677767223]}, "3": {"diameter": 9, "conjugate_isogenous_pairs": 38, "eigenvalues": [3.423769774004658, -3.461377024769567]}, "5": {"diameter": 7, "conjugate_isogenous_pairs": 39, "eigenvalues": [4.401607910534734, -4.436795620912014]}, "7": {"diameter": 5, "conjugate_isogenous_pairs": 41, "eigenvalues": [5.268113505127001, -5.264506960877819]}, "11": {"diameter": 5, "conjugate_isogenous_pairs": 19, "eigenvalues": [6.586999175576471, -6.613601327451541]}}}