{"prime": 25097, "nodes": 2092, "minpoly": "x^2 + 25092*x + 3", "spine": 48, "undirected": false, "ell": {"2": {"diameter": 14, "conjugate_isogenous_pairs": 29, "eigenvalues": [2.8179880653565523, -2.822029941944686]}, "3": {"diameter": 11, "conjugate_isogenous_pairs": 94, "eigenvalues": [3.451893675286466, -3.4554730438136407]}, "5": {"diameter": 7, "conjugate_isogenous_pairs": 57, "eigenvalues": [4.451719983674282, -4.455926126398601]}, "7": {"diameter": 6, "conjugate_isogenous_pairs": 229, "eigenvalues": [5.27682506662863, -5.261855771264462]}, "11": {"diameter": 5, "conjugate_isogenous_pairs": 78, "eigenvalues": [6.5792304541343904, -6.62858873523031]}}}