{"prime": 7243, "nodes": 604, "minpoly": "x^2 + 7242*x + 2", "spine": 26, "undirected": false, "ell": {"2": {"diameter": 13, "conjugate_isogenous_pairs": 50, "eigenvalues": [2.827084428918968, -2.8239703630914623]}, "3": {"diameter": 9, "conjugate_isogenous_pairs": 25, "eigenvalues": [3.4270515064187537, -3.4343545751499778]}, "5": {"diameter": 6, "conjugate_isogenous_pairs": 56, "eigenvalues": [4.436693795440437, -4.4637590841061545]}, "7": {"diameter": 5, "conjugate_isogenous_pairs": 31, "eigenvalues": [5.264230427575097, -5.161294851841952]}, "11": {"diameter": 4, "conjugate_isogenous_pairs": 62, "eigenvalues": [6.572854559671926, -6.607593032688113]}}}