{"prime": 16087, "nodes": 1341, "minpoly": "x^2 + 16086*x + 5", "spine": 39, "undirected": false, "ell": {"2": {"diameter": 14, "conjugate_isogenous_pairs": 55, "eigenvalues": [2.8198007771694913, -2.821642188636718]}, "3": {"diameter": 9, "conjugate_isogenous_pairs": 43, "eigenvalues": [3.4622257425314986, -3.4542570013760403]}, "5": {"diameter": 7, "conjugate_isogenous_pairs": 102, "eigenvalues": [4.4466587584821475, -4.4324841804861235]}, "7": {"diameter": 6, "conjugate_isogenous_pairs": 66, "eigenvalues": [5.248694848057742, -5.2871168381125475]}, "11": {"diameter": 5, "conjugate_isogenous_pairs": 78, "eigenvalues": [6.598629220741832, -6.560801484776087]}}}