{"prime": 8623, "nodes": 719, "minpoly": "x^2 + 8622*x + 3", "spine": 51, "undirected": false, "ell": {"2": {"diameter": 13, "conjugate_isogenous_pairs": 45, "eigenvalues": [2.813118368230866, -2.823610479648239]}, "3": {"diameter": 8, "conjugate_isogenous_pairs": 37, "eigenvalues": [3.4348051113560074, -3.3923281085914305]}, "5": {"diameter": 6, "conjugate_isogenous_pairs": 37, "eigenvalues": [4.431180589318509, -4.463548998845203]}, "7": {"diameter": 5, "conjugate_isogenous_pairs": 25, "eigenvalues": [5.234098457723708, -5.262039714786843]}, "11": {"diameter": 4, "conjugate_isogenous_pairs": 56, "eigenvalues": [6.572748361415647, -6.6001059353968135]}}}