{"prime": 24923, "nodes": 2078, "minpoly": "x^2 + 24922*x + 2", "spine": 118, "undirected": false, "ell": {"2": {"diameter": 15, "conjugate_isogenous_pairs": 44, "eigenvalues": [2.823945291382409, -2.822158900465511]}, "3": {"diameter": 10, "conjugate_isogenous_pairs": 37, "eigenvalues": [3.4527629217682314, -3.457820760929434]}, "5": {"diameter": 7, "conjugate_isogenous_pairs": 72, "eigenvalues": [4.469001269140313, -4.443250857479528]}, "7": {"diameter": 6, "conjugate_isogenous_pairs": 109, "eigenvalues": [5.217531607396509, -5.2751674078617246]}, "11": {"diameter": 5, "conjugate_isogenous_pairs": 56, "eigenvalues": [6.624360414645817, -6.603578674965479]}}}