{"prime": 15259, "nodes": 1272, "minpoly": "x^2 + 15258*x + 2", "spine": 74, "undirected": false, "ell": {"2": {"diameter": 14, "conjugate_isogenous_pairs": 27, "eigenvalues": [2.8069114105362516, -2.8233276594462557]}, "3": {"diameter": 9, "conjugate_isogenous_pairs": 32, "eigenvalues": [3.444797111142068, -3.4343605519280125]}, "5": {"diameter": 7, "conjugate_isogenous_pairs": 120, "eigenvalues": [4.450810965606963, -4.449504009231705]}, "7": {"diameter": 5, "conjugate_isogenous_pairs": 27, "eigenvalues": [5.220441114074589, -5.273623402727691]}, "11": {"diameter": 5, "conjugate_isogenous_pairs": 117, "eigenvalues": [6.6108325162490695, -6.597449922289724]}}}