{"prime": 733, "nodes": 61, "minpoly": "x^2 + 732*x + 6", "spine": 7, "undirected": true, "ell": {"2": {"diameter": 9, "conjugate_isogenous_pairs": 12, "eigenvalues": [2.7941460884844833, -2.7976757155882632]}, "3": {"diameter": 6, "conjugate_isogenous_pairs": 14, "eigenvalues": [3.3884998982223737, -3.3330162428562558]}, "5": {"diameter": 4, "conjugate_isogenous_pairs": 9, "eigenvalues": [4.097698219477347, -4.074125717003057]}, "7": {"diameter": 4, "conjugate_isogenous_pairs": 7, "eigenvalues": [4.981027705203797, -4.962063855141559]}, "11": {"diameter": 3, "conjugate_isogenous_pairs": 22, "eigenvalues": [5.708545108472166, -6.50907547700778]}}}