{"prime": 22093, "nodes": 1841, "minpoly": "x^2 + 22091*x + 6", "spine": 21, "undirected": true, "ell": {"2": {"diameter": 14, "conjugate_isogenous_pairs": 48, "eigenvalues": [2.8182017304148665, -2.8229637969600856]}, "3": {"diameter": 9, "conjugate_isogenous_pairs": 90, "eigenvalues": [3.441136835699551, -3.4393495245165315]}, "5": {"diameter": 7, "conjugate_isogenous_pairs": 102, "eigenvalues": [4.470876454780802, -4.403446154975541]}, "7": {"diameter": 6, "conjugate_isogenous_pairs": 115, "eigenvalues": [5.284210245450784, -5.2608328539749865]}, "11": {"diameter": 5, "conjugate_isogenous_pairs": 212, "eigenvalues": [6.586420987234683, -6.581584883597904]}}}