{"prime": 18311, "nodes": 1527, "minpoly": "x^2 + 18307*x + 13", "spine": 195, "undirected": false, "ell": {"2": {"diameter": 15, "conjugate_isogenous_pairs": 21, "eigenvalues": [2.8220643254430082, -2.8096154454785816]}, "3": {"diameter": 10, "conjugate_isogenous_pairs": 21, "eigenvalues": [3.4472571287279505, -3.4538384041668917]}, "5": {"diameter": 7, "conjugate_isogenous_pairs": 47, "eigenvalues": [4.448233209907945, -4.455941314672416]}, "7": {"diameter": 6, "conjugate_isogenous_pairs": 64, "eigenvalues": [5.228318857231942, -5.249726834437376]}, "11": {"diameter": 5, "conjugate_isogenous_pairs": 71, "eigenvalues": [6.604725116866976, -6.580189049390045]}}}