{"prime": 6053, "nodes": 505, "minpoly": "x^2 + 6052*x + 2", "spine": 25, "undirected": false, "ell": {"2": {"diameter": 13, "conjugate_isogenous_pairs": 23, "eigenvalues": [2.7815385775034933, -2.8039805489876994]}, "3": {"diameter": 8, "conjugate_isogenous_pairs": 35, "eigenvalues": [3.436268920067698, -3.442418777968953]}, "5": {"diameter": 6, "conjugate_isogenous_pairs": 16, "eigenvalues": [4.382665485782763, -4.429131267104049]}, "7": {"diameter": 5, "conjugate_isogenous_pairs": 71, "eigenvalues": [5.2203385889700735, -5.253487834408275]}, "11": {"diameter": 4, "conjugate_isogenous_pairs": 62, "eigenvalues": [6.487355936490311, -6.484543681327657]}}}