{"prime": 7949, "nodes": 663, "minpoly": "x^2 + 7944*x + 2", "spine": 47, "undirected": false, "ell": {"2": {"diameter": 14, "conjugate_isogenous_pairs": 10, "eigenvalues": [2.818959738682265, -2.7982323849535597]}, "3": {"diameter": 9, "conjugate_isogenous_pairs": 51, "eigenvalues": [3.4332943807893965, -3.422619823666378]}, "5": {"diameter": 6, "conjugate_isogenous_pairs": 32, "eigenvalues": [4.441245391052305, -4.379730327760287]}, "7": {"diameter": 6, "conjugate_isogenous_pairs": 43, "eigenvalues": [5.263309380196584, -5.265686150009577]}, "11": {"diameter": 4, "conjugate_isogenous_pairs": 64, "eigenvalues": [6.54558122966415, -6.559998712702216]}}}