{"prime": 25889, "nodes": 2158, "minpoly": "x^2 + 25888*x + 3", "spine": 128, "undirected": false, "ell": {"2": {"diameter": 15, "conjugate_isogenous_pairs": 27, "eigenvalues": [2.825467489051944, -2.8249639805976643]}, "3": {"diameter": 10, "conjugate_isogenous_pairs": 44, "eigenvalues": [3.4516404717097044, -3.460224983107471]}, "5": {"diameter": 7, "conjugate_isogenous_pairs": 35, "eigenvalues": [4.449256572985215, -4.441169331691839]}, "7": {"diameter": 6, "conjugate_isogenous_pairs": 123, "eigenvalues": [5.264728936229065, -5.271828320516578]}, "11": {"diameter": 5, "conjugate_isogenous_pairs": 120, "eigenvalues": [6.587961472355561, -6.568545198528625]}}}