{"prime": 22853, "nodes": 1905, "minpoly": "x^2 + 22849*x + 2", "spine": 93, "undirected": false, "ell": {"2": {"diameter": 15, "conjugate_isogenous_pairs": 33, "eigenvalues": [2.8250511248274477, -2.817728575899322]}, "3": {"diameter": 10, "conjugate_isogenous_pairs": 100, "eigenvalues": [3.459093170233163, -3.4606183799575354]}, "5": {"diameter": 7, "conjugate_isogenous_pairs": 40, "eigenvalues": [4.452674976281992, -4.454706247963024]}, "7": {"diameter": 6, "conjugate_isogenous_pairs": 135, "eigenvalues": [5.242159719565223, -5.24204713154704]}, "11": {"diameter": 5, "conjugate_isogenous_pairs": 85, "eigenvalues": [6.524392985131049, -6.546179272458939]}}}