{"prime": 14401, "nodes": 1200, "minpoly": "x^2 + 14400*x + 11", "spine": 44, "undirected": true, "ell": {"2": {"diameter": 13, "conjugate_isogenous_pairs": 28, "eigenvalues": [2.819108399310954, -2.8153177573220733]}, "3": {"diameter": 9, "conjugate_isogenous_pairs": 39, "eigenvalues": [3.4408535748484996, -3.454159613897669]}, "5": {"diameter": 6, "conjugate_isogenous_pairs": 77, "eigenvalues": [4.455579996239495, -4.447190066784076]}, "7": {"diameter": 5, "conjugate_isogenous_pairs": 53, "eigenvalues": [5.2457295774784845, -5.265806059972886]}, "11": {"diameter": 5, "conjugate_isogenous_pairs": 130, "eigenvalues": [6.567484193570945, -6.60741632734625]}}}