{"prime": 6779, "nodes": 566, "minpoly": "x^2 + 6775*x + 2", "spine": 78, "undirected": false, "ell": {"2": {"diameter": 13, "conjugate_isogenous_pairs": 16, "eigenvalues": [2.8150719220539755, -2.8118398209315636]}, "3": {"diameter": 9, "conjugate_isogenous_pairs": 12, "eigenvalues": [3.3942450994811084, -3.454039497961113]}, "5": {"diameter": 6, "conjugate_isogenous_pairs": 31, "eigenvalues": [4.34548493744502, -4.43347693628574]}, "7": {"diameter": 5, "conjugate_isogenous_pairs": 47, "eigenvalues": [5.1752160606133195, -5.214531865262119]}, "11": {"diameter": 4, "conjugate_isogenous_pairs": 40, "eigenvalues": [6.390478474764613, -6.540555015360266]}}}