{"prime": 11411, "nodes": 952, "minpoly": "x^2 + 11405*x + 7", "spine": 70, "undirected": false, "ell": {"2": {"diameter": 14, "conjugate_isogenous_pairs": 16, "eigenvalues": [2.809536269578329, -2.8023579376654526]}, "3": {"diameter": 9, "conjugate_isogenous_pairs": 30, "eigenvalues": [3.433277580952596, -3.456108931228026]}, "5": {"diameter": 6, "conjugate_isogenous_pairs": 54, "eigenvalues": [4.418321269032365, -4.393789946299888]}, "7": {"diameter": 6, "conjugate_isogenous_pairs": 53, "eigenvalues": [5.199526342338865, -5.257206380228347]}, "11": {"diameter": 5, "conjugate_isogenous_pairs": 39, "eigenvalues": [6.617208952355419, -6.532676218753775]}}}