{"prime": 9887, "nodes": 825, "minpoly": "x^2 + 9882*x + 5", "spine": 75, "undirected": false, "ell": {"2": {"diameter": 14, "conjugate_isogenous_pairs": 30, "eigenvalues": [2.8040820414740915, -2.806384526000296]}, "3": {"diameter": 9, "conjugate_isogenous_pairs": 26, "eigenvalues": [3.4537578886620555, -3.436561728994074]}, "5": {"diameter": 7, "conjugate_isogenous_pairs": 28, "eigenvalues": [4.441434069628173, -4.451527425410462]}, "7": {"diameter": 6, "conjugate_isogenous_pairs": 82, "eigenvalues": [5.205668606595077, -5.278464388699775]}, "11": {"diameter": 5, "conjugate_isogenous_pairs": 36, "eigenvalues": [6.545096299463603, -6.473935541854507]}}}