{"prime": 24251, "nodes": 2022, "minpoly": "x^2 + 24249*x + 6", "spine": 154, "undirected": false, "ell": {"2": {"diameter": 15, "conjugate_isogenous_pairs": 25, "eigenvalues": [2.8250612516641436, -2.8224620264849696]}, "3": {"diameter": 10, "conjugate_isogenous_pairs": 31, "eigenvalues": [3.459764227329915, -3.4448100375071484]}, "5": {"diameter": 7, "conjugate_isogenous_pairs": 77, "eigenvalues": [4.464605224110221, -4.446407104049608]}, "7": {"diameter": 6, "conjugate_isogenous_pairs": 73, "eigenvalues": [5.250314657671016, -5.272471996419289]}, "11": {"diameter": 5, "conjugate_isogenous_pairs": 83, "eigenvalues": [6.557186811559692, -6.59840977603737]}}}