{"prime": 15913, "nodes": 1326, "minpoly": "x^2 + 15912*x + 5", "spine": 32, "undirected": true, "ell": {"2": {"diameter": 13, "conjugate_isogenous_pairs": 36, "eigenvalues": [2.817652406403074, -2.81368563646974]}, "3": {"diameter": 9, "conjugate_isogenous_pairs": 73, "eigenvalues": [3.4534414251743075, -3.4258704887970297]}, "5": {"diameter": 7, "conjugate_isogenous_pairs": 66, "eigenvalues": [4.426281059571683, -4.445435635646916]}, "7": {"diameter": 5, "conjugate_isogenous_pairs": 67, "eigenvalues": [5.266634144403397, -5.286962034381589]}, "11": {"diameter": 5, "conjugate_isogenous_pairs": 93, "eigenvalues": [6.608934961828874, -6.5428748991145005]}}}