{"prime": 26981, "nodes": 2249, "minpoly": "x^2 + 26976*x + 3", "spine": 91, "undirected": false, "ell": {"2": {"diameter": 16, "conjugate_isogenous_pairs": 30, "eigenvalues": [2.8268273533373454, -2.8209306289987617]}, "3": {"diameter": 10, "conjugate_isogenous_pairs": 46, "eigenvalues": [3.4340681151537504, -3.448055558490478]}, "5": {"diameter": 7, "conjugate_isogenous_pairs": 36, "eigenvalues": [4.451369574788191, -4.465323401416808]}, "7": {"diameter": 6, "conjugate_isogenous_pairs": 126, "eigenvalues": [5.268992404200561, -5.251599893796217]}, "11": {"diameter": 5, "conjugate_isogenous_pairs": 197, "eigenvalues": [6.5961520060086345, -6.617786997680218]}}}