{"prime": 2843, "nodes": 238, "minpoly": "x^2 + 2839*x + 2", "spine": 30, "undirected": false, "ell": {"2": {"diameter": 12, "conjugate_isogenous_pairs": 11, "eigenvalues": [2.8212687869218294, -2.7861180640511347]}, "3": {"diameter": 8, "conjugate_isogenous_pairs": 17, "eigenvalues": [3.4416309653912904, -3.4403572347287956]}, "5": {"diameter": 6, "conjugate_isogenous_pairs": 25, "eigenvalues": [4.442579020921436, -4.390733345902931]}, "7": {"diameter": 5, "conjugate_isogenous_pairs": 39, "eigenvalues": [5.233704262523042, -5.1949470715652755]}, "11": {"diameter": 4, "conjugate_isogenous_pairs": 11, "eigenvalues": [6.191689139274075, -6.486483313214409]}}}