{"prime": 10399, "nodes": 867, "minpoly": "x^2 + 10397*x + 6", "spine": 39, "undirected": false, "ell": {"2": {"diameter": 13, "conjugate_isogenous_pairs": 23, "eigenvalues": [2.8090929162429124, -2.8202220109095157]}, "3": {"diameter": 9, "conjugate_isogenous_pairs": 30, "eigenvalues": [3.4605418927975466, -3.4466051333270387]}, "5": {"diameter": 7, "conjugate_isogenous_pairs": 65, "eigenvalues": [4.449457405829616, -4.467606794083186]}, "7": {"diameter": 5, "conjugate_isogenous_pairs": 27, "eigenvalues": [5.215741021157221, -5.269202769549084]}, "11": {"diameter": 4, "conjugate_isogenous_pairs": 90, "eigenvalues": [6.550472896903545, -6.581841387019487]}}}