{"prime": 12289, "nodes": 1024, "minpoly": "x^2 + 12288*x + 11", "spine": 42, "undirected": true, "ell": {"2": {"diameter": 13, "conjugate_isogenous_pairs": 23, "eigenvalues": [2.8036010603901937, -2.8192014754002166]}, "3": {"diameter": 9, "conjugate_isogenous_pairs": 39, "eigenvalues": [3.444420222117638, -3.4367797590336213]}, "5": {"diameter": 6, "conjugate_isogenous_pairs": 59, "eigenvalues": [4.376966362813707, -4.453376789340978]}, "7": {"diameter": 5, "conjugate_isogenous_pairs": 53, "eigenvalues": [5.273927616614012, -5.261021152186169]}, "11": {"diameter": 5, "conjugate_isogenous_pairs": 99, "eigenvalues": [6.586847497590777, -6.549796417032266]}}}