{"prime": 727, "nodes": 61, "minpoly": "x^2 + 725*x + 5", "spine": 13, "undirected": false, "ell": {"2": {"diameter": 9, "conjugate_isogenous_pairs": 12, "eigenvalues": [2.7882579752989565, -2.8099820115457144]}, "3": {"diameter": 6, "conjugate_isogenous_pairs": 8, "eigenvalues": [3.325315616853796, -3.2926998500369646]}, "5": {"diameter": 4, "conjugate_isogenous_pairs": 7, "eigenvalues": [4.074190975344573, -4.266082834933952]}, "7": {"diameter": 4, "conjugate_isogenous_pairs": 7, "eigenvalues": [4.26352199335584, -5.126020165647668]}, "11": {"diameter": 3, "conjugate_isogenous_pairs": 11, "eigenvalues": [6.309319070986684, -5.874099927437456]}}}