{"prime": 937, "nodes": 78, "minpoly": "x^2 + 934*x + 5", "spine": 10, "undirected": true, "ell": {"2": {"diameter": 9, "conjugate_isogenous_pairs": 12, "eigenvalues": [2.779473304167919, -2.7838961866786]}, "3": {"diameter": 6, "conjugate_isogenous_pairs": 14, "eigenvalues": [3.292334159611968, -3.426721508092463]}, "5": {"diameter": 4, "conjugate_isogenous_pairs": 9, "eigenvalues": [4.358083487189078, -4.2481960902393405]}, "7": {"diameter": 4, "conjugate_isogenous_pairs": 14, "eigenvalues": [5.197740990597712, -4.934282475679961]}, "11": {"diameter": 3, "conjugate_isogenous_pairs": 17, "eigenvalues": [6.4910556066401455, -6.417672062261659]}}}