{"prime": 19457, "nodes": 1622, "minpoly": "x^2 + 19450*x + 3", "spine": 44, "undirected": false, "ell": {"2": {"diameter": 14, "conjugate_isogenous_pairs": 32, "eigenvalues": [2.8204196430275035, -2.816730006508119]}, "3": {"diameter": 10, "conjugate_isogenous_pairs": 75, "eigenvalues": [3.4573439461611883, -3.44523788225206]}, "5": {"diameter": 7, "conjugate_isogenous_pairs": 31, "eigenvalues": [4.438273333823555, -4.454201101045066]}, "7": {"diameter": 6, "conjugate_isogenous_pairs": 171, "eigenvalues": [5.2662741429166156, -5.217170726371099]}, "11": {"diameter": 5, "conjugate_isogenous_pairs": 44, "eigenvalues": [6.602934843580599, -6.601328749318622]}}}