{"prime": 23059, "nodes": 1922, "minpoly": "x^2 + 23042*x + 3", "spine": 58, "undirected": false, "ell": {"2": {"diameter": 15, "conjugate_isogenous_pairs": 37, "eigenvalues": [2.8240856018688065, -2.815759907128122]}, "3": {"diameter": 10, "conjugate_isogenous_pairs": 35, "eigenvalues": [3.4293988858923417, -3.4503219127583424]}, "5": {"diameter": 7, "conjugate_isogenous_pairs": 188, "eigenvalues": [4.435387260280039, -4.4318393667221345]}, "7": {"diameter": 6, "conjugate_isogenous_pairs": 48, "eigenvalues": [5.20759860615285, -5.257386109347327]}, "11": {"diameter": 5, "conjugate_isogenous_pairs": 111, "eigenvalues": [6.617708507940475, -6.618845813480999]}}}