{"prime": 24107, "nodes": 2010, "minpoly": "x^2 + 24106*x + 2", "spine": 98, "undirected": false, "ell": {"2": {"diameter": 15, "conjugate_isogenous_pairs": 37, "eigenvalues": [2.8266683311217258, -2.8173947611440044]}, "3": {"diameter": 10, "conjugate_isogenous_pairs": 41, "eigenvalues": [3.4472674599764987, -3.457816083010616]}, "5": {"diameter": 7, "conjugate_isogenous_pairs": 84, "eigenvalues": [4.461690194326337, -4.462145922421953]}, "7": {"diameter": 6, "conjugate_isogenous_pairs": 100, "eigenvalues": [5.256583616083465, -5.28479907085352]}, "11": {"diameter": 5, "conjugate_isogenous_pairs": 65, "eigenvalues": [6.594748874255754, -6.622660751657426]}}}