{"prime": 28387, "nodes": 2366, "minpoly": "x^2 + 28383*x + 2", "spine": 42, "undirected": false, "ell": {"2": {"diameter": 15, "conjugate_isogenous_pairs": 62, "eigenvalues": [2.817542961542733, -2.814828154653518]}, "3": {"diameter": 10, "conjugate_isogenous_pairs": 75, "eigenvalues": [3.439388285439822, -3.4594007393100306]}, "5": {"diameter": 7, "conjugate_isogenous_pairs": 240, "eigenvalues": [4.453599288129457, -4.470415228672343]}, "7": {"diameter": 6, "conjugate_isogenous_pairs": 63, "eigenvalues": [5.279143509884234, -5.279210682601549]}, "11": {"diameter": 5, "conjugate_isogenous_pairs": 83, "eigenvalues": [6.626338461567536, -6.580144516219362]}}}