{"prime": 14419, "nodes": 1202, "minpoly": "x^2 + 14418*x + 2", "spine": 42, "undirected": false, "ell": {"2": {"diameter": 14, "conjugate_isogenous_pairs": 44, "eigenvalues": [2.8227306849016633, -2.820562874766887]}, "3": {"diameter": 9, "conjugate_isogenous_pairs": 27, "eigenvalues": [3.449308622299431, -3.4546871852555348]}, "5": {"diameter": 7, "conjugate_isogenous_pairs": 103, "eigenvalues": [4.451464578095042, -4.418416570973552]}, "7": {"diameter": 5, "conjugate_isogenous_pairs": 37, "eigenvalues": [5.245378796699687, -5.265891023477755]}, "11": {"diameter": 5, "conjugate_isogenous_pairs": 133, "eigenvalues": [6.550410160806066, -6.541559206536498]}}}