{"prime": 23311, "nodes": 1943, "minpoly": "x^2 + 23310*x + 3", "spine": 97, "undirected": false, "ell": {"2": {"diameter": 14, "conjugate_isogenous_pairs": 35, "eigenvalues": [2.8239229784774973, -2.818511263022955]}, "3": {"diameter": 10, "conjugate_isogenous_pairs": 41, "eigenvalues": [3.452216960030453, -3.442527728330545]}, "5": {"diameter": 7, "conjugate_isogenous_pairs": 147, "eigenvalues": [4.469296468026145, -4.467499333843867]}, "7": {"diameter": 6, "conjugate_isogenous_pairs": 38, "eigenvalues": [5.198161959864259, -5.2723581356439455]}, "11": {"diameter": 5, "conjugate_isogenous_pairs": 114, "eigenvalues": [6.625085666808093, -6.56371834290967]}}}