{"prime": 17989, "nodes": 1499, "minpoly": "x^2 + 17988*x + 2", "spine": 45, "undirected": true, "ell": {"2": {"diameter": 14, "conjugate_isogenous_pairs": 41, "eigenvalues": [2.828193603903899, -2.824761306141578]}, "3": {"diameter": 9, "conjugate_isogenous_pairs": 52, "eigenvalues": [3.4608464724398282, -3.4474945595398534]}, "5": {"diameter": 6, "conjugate_isogenous_pairs": 65, "eigenvalues": [4.4639168292343125, -4.404432552441001]}, "7": {"diameter": 5, "conjugate_isogenous_pairs": 59, "eigenvalues": [5.265153336073126, -5.2853662778185795]}, "11": {"diameter": 5, "conjugate_isogenous_pairs": 284, "eigenvalues": [6.599842400842357, -6.606093564817968]}}}