{"prime": 6217, "nodes": 518, "minpoly": "x^2 + 6214*x + 5", "spine": 16, "undirected": true, "ell": {"2": {"diameter": 12, "conjugate_isogenous_pairs": 26, "eigenvalues": [2.7894151289294777, -2.819094263530415]}, "3": {"diameter": 8, "conjugate_isogenous_pairs": 57, "eigenvalues": [3.4357649468330314, -3.4544586195088063]}, "5": {"diameter": 6, "conjugate_isogenous_pairs": 42, "eigenvalues": [4.3719014385995845, -4.455323367031129]}, "7": {"diameter": 5, "conjugate_isogenous_pairs": 52, "eigenvalues": [5.2422543778221655, -5.27442362936767]}, "11": {"diameter": 4, "conjugate_isogenous_pairs": 46, "eigenvalues": [6.462406200467528, -6.600333601550216]}}}