{"prime": 3163, "nodes": 264, "minpoly": "x^2 + 3162*x + 3", "spine": 18, "undirected": false, "ell": {"2": {"diameter": 11, "conjugate_isogenous_pairs": 24, "eigenvalues": [2.8163014022674613, -2.819992315904077]}, "3": {"diameter": 7, "conjugate_isogenous_pairs": 20, "eigenvalues": [3.41092157030825, -3.3511164614363405]}, "5": {"diameter": 5, "conjugate_isogenous_pairs": 42, "eigenvalues": [4.338336231301941, -4.420256416140566]}, "7": {"diameter": 4, "conjugate_isogenous_pairs": 12, "eigenvalues": [5.231742450889745, -5.244094360067058]}, "11": {"diameter": 4, "conjugate_isogenous_pairs": 34, "eigenvalues": [6.120810400754572, -6.481293299381358]}}}