{"prime": 1181, "nodes": 99, "minpoly": "x^2 + 1180*x + 7", "spine": 23, "undirected": false, "ell": {"2": {"diameter": 10, "conjugate_isogenous_pairs": 5, "eigenvalues": [2.7530872973328764, -2.822279168868224]}, "3": {"diameter": 7, "conjugate_isogenous_pairs": 6, "eigenvalues": [3.3185982099791467, -3.3814113710370184]}, "5": {"diameter": 5, "conjugate_isogenous_pairs": 7, "eigenvalues": [4.320153279060918, -4.20969528316699]}, "7": {"diameter": 5, "conjugate_isogenous_pairs": 20, "eigenvalues": [4.9421531997758255, -4.937066368446652]}, "11": {"diameter": 4, "conjugate_isogenous_pairs": 28, "eigenvalues": [6.549730512454408, -6.172692292253176]}}}