{"prime": 7583, "nodes": 633, "minpoly": "x^2 + 7578*x + 5", "spine": 63, "undirected": false, "ell": {"2": {"diameter": 12, "conjugate_isogenous_pairs": 15, "eigenvalues": [2.8132765046998043, -2.810721655231601]}, "3": {"diameter": 9, "conjugate_isogenous_pairs": 27, "eigenvalues": [3.4596454943814936, -3.453986232302963]}, "5": {"diameter": 6, "conjugate_isogenous_pairs": 31, "eigenvalues": [4.4336696501797235, -4.414141140579667]}, "7": {"diameter": 5, "conjugate_isogenous_pairs": 55, "eigenvalues": [5.175375479490192, -5.214664051862381]}, "11": {"diameter": 5, "conjugate_isogenous_pairs": 23, "eigenvalues": [6.567285349684894, -6.533410770944827]}}}