{"prime": 21751, "nodes": 1813, "minpoly": "x^2 + 21749*x + 3", "spine": 67, "undirected": false, "ell": {"2": {"diameter": 14, "conjugate_isogenous_pairs": 38, "eigenvalues": [2.815789031571448, -2.8257512205436006]}, "3": {"diameter": 9, "conjugate_isogenous_pairs": 26, "eigenvalues": [3.4590559397445104, -3.455051072180006]}, "5": {"diameter": 7, "conjugate_isogenous_pairs": 132, "eigenvalues": [4.404201389458534, -4.424535788187039]}, "7": {"diameter": 6, "conjugate_isogenous_pairs": 45, "eigenvalues": [5.281859432105759, -5.279632837801361]}, "11": {"diameter": 5, "conjugate_isogenous_pairs": 114, "eigenvalues": [6.616568502952191, -6.597398928804364]}}}