{"prime": 1627, "nodes": 136, "minpoly": "x^2 + 1622*x + 3", "spine": 14, "undirected": false, "ell": {"2": {"diameter": 10, "conjugate_isogenous_pairs": 17, "eigenvalues": [2.824117677501102, -2.8098690245004256]}, "3": {"diameter": 6, "conjugate_isogenous_pairs": 14, "eigenvalues": [3.3138915096316226, -3.287912906373725]}, "5": {"diameter": 5, "conjugate_isogenous_pairs": 36, "eigenvalues": [4.440124337096891, -4.32643132150792]}, "7": {"diameter": 4, "conjugate_isogenous_pairs": 16, "eigenvalues": [5.211861254544807, -4.995489384631551]}, "11": {"diameter": 4, "conjugate_isogenous_pairs": 30, "eigenvalues": [6.5329634800633105, -6.244439713823709]}}}