{"prime": 11159, "nodes": 931, "minpoly": "x^2 + 11157*x + 7", "spine": 91, "undirected": false, "ell": {"2": {"diameter": 14, "conjugate_isogenous_pairs": 12, "eigenvalues": [2.8148996825914603, -2.817530931497692]}, "3": {"diameter": 9, "conjugate_isogenous_pairs": 20, "eigenvalues": [3.430640356117729, -3.431293870005988]}, "5": {"diameter": 7, "conjugate_isogenous_pairs": 44, "eigenvalues": [4.451154172706104, -4.437562287725604]}, "7": {"diameter": 6, "conjugate_isogenous_pairs": 72, "eigenvalues": [5.24316709916719, -5.217259629982285]}, "11": {"diameter": 5, "conjugate_isogenous_pairs": 47, "eigenvalues": [6.566097593451887, -6.571580702215382]}}}