{"prime": 27941, "nodes": 2329, "minpoly": "x^2 + 27937*x + 2", "spine": 87, "undirected": false, "ell": {"2": {"diameter": 15, "conjugate_isogenous_pairs": 21, "eigenvalues": [2.8210609595293215, -2.8273325831267866]}, "3": {"diameter": 10, "conjugate_isogenous_pairs": 100, "eigenvalues": [3.4555163495599377, -3.46221978018819]}, "5": {"diameter": 7, "conjugate_isogenous_pairs": 40, "eigenvalues": [4.433433478653284, -4.4296488011770565]}, "7": {"diameter": 6, "conjugate_isogenous_pairs": 89, "eigenvalues": [5.270187350635653, -5.273306864214195]}, "11": {"diameter": 5, "conjugate_isogenous_pairs": 127, "eigenvalues": [6.602754968614086, -6.618250631187212]}}}