{"prime": 13879, "nodes": 1157, "minpoly": "x^2 + 13878*x + 6", "spine": 85, "undirected": false, "ell": {"2": {"diameter": 14, "conjugate_isogenous_pairs": 41, "eigenvalues": [2.8216453505797783, -2.8181002451786217]}, "3": {"diameter": 9, "conjugate_isogenous_pairs": 27, "eigenvalues": [3.43049243802896, -3.420775444332759]}, "5": {"diameter": 7, "conjugate_isogenous_pairs": 81, "eigenvalues": [4.4223185937016725, -4.40301190116514]}, "7": {"diameter": 5, "conjugate_isogenous_pairs": 31, "eigenvalues": [5.283597190503544, -5.2423172090408]}, "11": {"diameter": 5, "conjugate_isogenous_pairs": 133, "eigenvalues": [6.620056862343794, -6.513938041831476]}}}