{"prime": 3061, "nodes": 255, "minpoly": "x^2 + 3057*x + 6", "spine": 15, "undirected": true, "ell": {"2": {"diameter": 10, "conjugate_isogenous_pairs": 13, "eigenvalues": [2.7768515558893387, -2.78833385112312]}, "3": {"diameter": 7, "conjugate_isogenous_pairs": 18, "eigenvalues": [3.434382629711628, -3.4194141646858]}, "5": {"diameter": 5, "conjugate_isogenous_pairs": 33, "eigenvalues": [4.410021692580448, -4.427523809768188]}, "7": {"diameter": 4, "conjugate_isogenous_pairs": 26, "eigenvalues": [5.1711364577536, -5.213780278141055]}, "11": {"diameter": 4, "conjugate_isogenous_pairs": 80, "eigenvalues": [6.429667733193399, -6.355820637548655]}}}