{"prime": 18089, "nodes": 1508, "minpoly": "x^2 + 18084*x + 3", "spine": 72, "undirected": false, "ell": {"2": {"diameter": 14, "conjugate_isogenous_pairs": 23, "eigenvalues": [2.8146409534654957, -2.820038716199001]}, "3": {"diameter": 10, "conjugate_isogenous_pairs": 37, "eigenvalues": [3.442574530696904, -3.452761490893072]}, "5": {"diameter": 7, "conjugate_isogenous_pairs": 31, "eigenvalues": [4.425576506321778, -4.45582653008901]}, "7": {"diameter": 6, "conjugate_isogenous_pairs": 131, "eigenvalues": [5.285679741912727, -5.263202470679693]}, "11": {"diameter": 5, "conjugate_isogenous_pairs": 81, "eigenvalues": [6.619224488599926, -6.54957454821606]}}}