{"prime": 21839, "nodes": 1821, "minpoly": "x^2 + 21835*x + 11", "spine": 195, "undirected": false, "ell": {"2": {"diameter": 14, "conjugate_isogenous_pairs": 24, "eigenvalues": [2.826726287667176, -2.822771128594565]}, "3": {"diameter": 10, "conjugate_isogenous_pairs": 28, "eigenvalues": [3.4535309564284526, -3.4616232374892184]}, "5": {"diameter": 7, "conjugate_isogenous_pairs": 44, "eigenvalues": [4.463011490735092, -4.454670731723196]}, "7": {"diameter": 6, "conjugate_isogenous_pairs": 91, "eigenvalues": [5.271664974130855, -5.270884685831488]}, "11": {"diameter": 5, "conjugate_isogenous_pairs": 81, "eigenvalues": [6.604789241817654, -6.6172241630139625]}}}