{"prime": 2699, "nodes": 226, "minpoly": "x^2 + 2693*x + 2", "spine": 30, "undirected": false, "ell": {"2": {"diameter": 10, "conjugate_isogenous_pairs": 7, "eigenvalues": [2.8082455899657894, -2.8119701762375917]}, "3": {"diameter": 8, "conjugate_isogenous_pairs": 12, "eigenvalues": [3.397473679179179, -3.419187905884445]}, "5": {"diameter": 5, "conjugate_isogenous_pairs": 23, "eigenvalues": [4.2064738932129435, -4.3784811520136255]}, "7": {"diameter": 5, "conjugate_isogenous_pairs": 29, "eigenvalues": [5.227172057059379, -5.246976767592319]}, "11": {"diameter": 4, "conjugate_isogenous_pairs": 23, "eigenvalues": [6.575514805256648, -6.462275716490496]}}}