{"prime": 24071, "nodes": 2007, "minpoly": "x^2 + 24070*x + 11", "spine": 197, "undirected": false, "ell": {"2": {"diameter": 15, "conjugate_isogenous_pairs": 27, "eigenvalues": [2.8211267487064275, -2.815658631976904]}, "3": {"diameter": 10, "conjugate_isogenous_pairs": 20, "eigenvalues": [3.4474380726953475, -3.4572913947289625]}, "5": {"diameter": 7, "conjugate_isogenous_pairs": 41, "eigenvalues": [4.4372516314875545, -4.454691646661108]}, "7": {"diameter": 6, "conjugate_isogenous_pairs": 96, "eigenvalues": [5.244670425807262, -5.250744665501778]}, "11": {"diameter": 5, "conjugate_isogenous_pairs": 74, "eigenvalues": [6.613109018968582, -6.60214976806474]}}}