{"prime": 25117, "nodes": 2093, "minpoly": "x^2 + 25116*x + 5", "spine": 27, "undirected": true, "ell": {"2": {"diameter": 14, "conjugate_isogenous_pairs": 61, "eigenvalues": [2.827452239394521, -2.823889430160416]}, "3": {"diameter": 10, "conjugate_isogenous_pairs": 112, "eigenvalues": [3.4454608086664944, -3.4455422936756186]}, "5": {"diameter": 7, "conjugate_isogenous_pairs": 88, "eigenvalues": [4.449215749729857, -4.448120383531351]}, "7": {"diameter": 6, "conjugate_isogenous_pairs": 81, "eigenvalues": [5.284934852370968, -5.2603487947668865]}, "11": {"diameter": 5, "conjugate_isogenous_pairs": 172, "eigenvalues": [6.574118752095835, -6.581236436983221]}}}