{"prime": 23911, "nodes": 1993, "minpoly": "x^2 + 23910*x + 6", "spine": 131, "undirected": false, "ell": {"2": {"diameter": 15, "conjugate_isogenous_pairs": 51, "eigenvalues": [2.827114890103917, -2.8226251451667577]}, "3": {"diameter": 10, "conjugate_isogenous_pairs": 43, "eigenvalues": [3.450554509778933, -3.459979020327164]}, "5": {"diameter": 7, "conjugate_isogenous_pairs": 70, "eigenvalues": [4.441647704071273, -4.44995169360088]}, "7": {"diameter": 6, "conjugate_isogenous_pairs": 25, "eigenvalues": [5.258090570266479, -5.281384230812]}, "11": {"diameter": 5, "conjugate_isogenous_pairs": 151, "eigenvalues": [6.601605459247356, -6.586913575474637]}}}