{"prime": 11657, "nodes": 972, "minpoly": "x^2 + 11656*x + 3", "spine": 42, "undirected": false, "ell": {"2": {"diameter": 13, "conjugate_isogenous_pairs": 16, "eigenvalues": [2.8121775020518576, -2.8267692321360225]}, "3": {"diameter": 9, "conjugate_isogenous_pairs": 70, "eigenvalues": [3.4451862724046634, -3.460023447019624]}, "5": {"diameter": 7, "conjugate_isogenous_pairs": 37, "eigenvalues": [4.454969589553893, -4.469032609998097]}, "7": {"diameter": 6, "conjugate_isogenous_pairs": 139, "eigenvalues": [5.269768094736306, -5.262364671833013]}, "11": {"diameter": 4, "conjugate_isogenous_pairs": 36, "eigenvalues": [6.585457678655672, -6.62907169703421]}}}