{"prime": 27481, "nodes": 2290, "minpoly": "x^2 + 27474*x + 7", "spine": 58, "undirected": true, "ell": {"2": {"diameter": 15, "conjugate_isogenous_pairs": 71, "eigenvalues": [2.8205500441727054, -2.8207370354081087]}, "3": {"diameter": 9, "conjugate_isogenous_pairs": 44, "eigenvalues": [3.4463689008266956, -3.4558834020842735]}, "5": {"diameter": 7, "conjugate_isogenous_pairs": 54, "eigenvalues": [4.444693375316328, -4.432012933961742]}, "7": {"diameter": 6, "conjugate_isogenous_pairs": 84, "eigenvalues": [5.282208933047451, -5.282129218567231]}, "11": {"diameter": 5, "conjugate_isogenous_pairs": 203, "eigenvalues": [6.563542955400911, -6.551835696949569]}}}