{"prime": 25439, "nodes": 2121, "minpoly": "x^2 + 25435*x + 7", "spine": 153, "undirected": false, "ell": {"2": {"diameter": 15, "conjugate_isogenous_pairs": 17, "eigenvalues": [2.8188485838421964, -2.827087755623709]}, "3": {"diameter": 11, "conjugate_isogenous_pairs": 41, "eigenvalues": [3.452657276383297, -3.4560453068346453]}, "5": {"diameter": 7, "conjugate_isogenous_pairs": 75, "eigenvalues": [4.466812728638683, -4.4437512255869445]}, "7": {"diameter": 6, "conjugate_isogenous_pairs": 77, "eigenvalues": [5.290142541930595, -5.262258669321121]}, "11": {"diameter": 5, "conjugate_isogenous_pairs": 78, "eigenvalues": [6.589732792600445, -6.588202761919528]}}}