{"prime": 10093, "nodes": 841, "minpoly": "x^2 + 10092*x + 2", "spine": 21, "undirected": true, "ell": {"2": {"diameter": 13, "conjugate_isogenous_pairs": 51, "eigenvalues": [2.8271442142531225, -2.818245509139569]}, "3": {"diameter": 9, "conjugate_isogenous_pairs": 70, "eigenvalues": [3.42650731784977, -3.4556677458474425]}, "5": {"diameter": 6, "conjugate_isogenous_pairs": 52, "eigenvalues": [4.394859420708133, -4.447403245456682]}, "7": {"diameter": 5, "conjugate_isogenous_pairs": 51, "eigenvalues": [5.245301683770805, -5.274480945904312]}, "11": {"diameter": 4, "conjugate_isogenous_pairs": 134, "eigenvalues": [6.536031789860575, -6.557705078218621]}}}