{"prime": 14389, "nodes": 1199, "minpoly": "x^2 + 14384*x + 2", "spine": 27, "undirected": true, "ell": {"2": {"diameter": 13, "conjugate_isogenous_pairs": 31, "eigenvalues": [2.81357708521068, -2.823856633335321]}, "3": {"diameter": 9, "conjugate_isogenous_pairs": 64, "eigenvalues": [3.460264841523433, -3.442402348637608]}, "5": {"diameter": 6, "conjugate_isogenous_pairs": 71, "eigenvalues": [4.4066876761101295, -4.430153249624852]}, "7": {"diameter": 5, "conjugate_isogenous_pairs": 46, "eigenvalues": [5.269735524779388, -5.218921017888243]}, "11": {"diameter": 4, "conjugate_isogenous_pairs": 185, "eigenvalues": [6.5474278527196335, -6.553577548936144]}}}