{"prime": 29587, "nodes": 2466, "minpoly": "x^2 + 29586*x + 2", "spine": 58, "undirected": false, "ell": {"2": {"diameter": 15, "conjugate_isogenous_pairs": 65, "eigenvalues": [2.824148485510241, -2.8231788361385637]}, "3": {"diameter": 10, "conjugate_isogenous_pairs": 56, "eigenvalues": [3.441924023984325, -3.4545088421166428]}, "5": {"diameter": 7, "conjugate_isogenous_pairs": 179, "eigenvalues": [4.4652448459383205, -4.453110629366989]}, "7": {"diameter": 6, "conjugate_isogenous_pairs": 54, "eigenvalues": [5.27606903565642, -5.2575348476237185]}, "11": {"diameter": 5, "conjugate_isogenous_pairs": 129, "eigenvalues": [6.6060908775153315, -6.612109812732039]}}}