{"prime": 9839, "nodes": 821, "minpoly": "x^2 + 9838*x + 7", "spine": 91, "undirected": false, "ell": {"2": {"diameter": 13, "conjugate_isogenous_pairs": 17, "eigenvalues": [2.8131490343287178, -2.8091814139312605]}, "3": {"diameter": 10, "conjugate_isogenous_pairs": 18, "eigenvalues": [3.450890466840441, -3.4600850312949527]}, "5": {"diameter": 7, "conjugate_isogenous_pairs": 36, "eigenvalues": [4.432418137487484, -4.434067235229362]}, "7": {"diameter": 6, "conjugate_isogenous_pairs": 55, "eigenvalues": [5.26254594684528, -5.276792431634769]}, "11": {"diameter": 5, "conjugate_isogenous_pairs": 40, "eigenvalues": [6.557480058903599, -6.566619286144681]}}}