{"prime": 9277, "nodes": 773, "minpoly": "x^2 + 9272*x + 5", "spine": 13, "undirected": true, "ell": {"2": {"diameter": 12, "conjugate_isogenous_pairs": 38, "eigenvalues": [2.808170264916369, -2.8242110902753845]}, "3": {"diameter": 8, "conjugate_isogenous_pairs": 74, "eigenvalues": [3.457785445832497, -3.4112069471564896]}, "5": {"diameter": 6, "conjugate_isogenous_pairs": 57, "eigenvalues": [4.440483173535099, -4.46420276756083]}, "7": {"diameter": 5, "conjugate_isogenous_pairs": 52, "eigenvalues": [5.231135833842008, -5.244200921950008]}, "11": {"diameter": 4, "conjugate_isogenous_pairs": 126, "eigenvalues": [6.612769137258827, -6.627796586281149]}}}