{"prime": 15733, "nodes": 1311, "minpoly": "x^2 + 15731*x + 6", "spine": 21, "undirected": true, "ell": {"2": {"diameter": 13, "conjugate_isogenous_pairs": 55, "eigenvalues": [2.8216745109344745, -2.8163480632245785]}, "3": {"diameter": 9, "conjugate_isogenous_pairs": 104, "eigenvalues": [3.443621183897001, -3.447608004395693]}, "5": {"diameter": 6, "conjugate_isogenous_pairs": 63, "eigenvalues": [4.414346090228776, -4.4355467087515805]}, "7": {"diameter": 5, "conjugate_isogenous_pairs": 58, "eigenvalues": [5.235491387533996, -5.278025100589572]}, "11": {"diameter": 5, "conjugate_isogenous_pairs": 111, "eigenvalues": [6.49400678043015, -6.624008326032036]}}}