{"prime": 29297, "nodes": 2442, "minpoly": "x^2 + 29291*x + 3", "spine": 46, "undirected": false, "ell": {"2": {"diameter": 15, "conjugate_isogenous_pairs": 33, "eigenvalues": [2.82719416242163, -2.8230919533530616]}, "3": {"diameter": 10, "conjugate_isogenous_pairs": 71, "eigenvalues": [3.456218154622146, -3.4504266426778774]}, "5": {"diameter": 7, "conjugate_isogenous_pairs": 63, "eigenvalues": [4.4651508579987835, -4.470455161006835]}, "7": {"diameter": 6, "conjugate_isogenous_pairs": 334, "eigenvalues": [5.255616547006204, -5.267941512312763]}, "11": {"diameter": 5, "conjugate_isogenous_pairs": 81, "eigenvalues": [6.595610714231902, -6.620653753101743]}}}