{"prime": 27067, "nodes": 2256, "minpoly": "x^2 + 27066*x + 2", "spine": 50, "undirected": false, "ell": {"2": {"diameter": 15, "conjugate_isogenous_pairs": 68, "eigenvalues": [2.8134291279526673, -2.8277713836973537]}, "3": {"diameter": 9, "conjugate_isogenous_pairs": 68, "eigenvalues": [3.4458296628811524, -3.463128513369363]}, "5": {"diameter": 7, "conjugate_isogenous_pairs": 123, "eigenvalues": [4.444217857146029, -4.457915696184358]}, "7": {"diameter": 6, "conjugate_isogenous_pairs": 47, "eigenvalues": [5.263158182250063, -5.275343725829824]}, "11": {"diameter": 5, "conjugate_isogenous_pairs": 125, "eigenvalues": [6.608773000962662, -6.601883849398215]}}}