{"prime": 26839, "nodes": 2237, "minpoly": "x^2 + 26837*x + 3", "spine": 91, "undirected": false, "ell": {"2": {"diameter": 14, "conjugate_isogenous_pairs": 52, "eigenvalues": [2.826871366786256, -2.825067170803482]}, "3": {"diameter": 10, "conjugate_isogenous_pairs": 39, "eigenvalues": [3.447502519607999, -3.457622710775954]}, "5": {"diameter": 7, "conjugate_isogenous_pairs": 151, "eigenvalues": [4.449343659144572, -4.449174385566593]}, "7": {"diameter": 6, "conjugate_isogenous_pairs": 34, "eigenvalues": [5.266686207965992, -5.263536909539673]}, "11": {"diameter": 5, "conjugate_isogenous_pairs": 116, "eigenvalues": [6.623412152109807, -6.567941257331977]}}}