{"prime": 6163, "nodes": 514, "minpoly": "x^2 + 6154*x + 3", "spine": 22, "undirected": false, "ell": {"2": {"diameter": 12, "conjugate_isogenous_pairs": 42, "eigenvalues": [2.804866837361117, -2.816456195169522]}, "3": {"diameter": 8, "conjugate_isogenous_pairs": 25, "eigenvalues": [3.4415225401218303, -3.4178316263582835]}, "5": {"diameter": 6, "conjugate_isogenous_pairs": 38, "eigenvalues": [4.429218319614882, -4.36232325811743]}, "7": {"diameter": 5, "conjugate_isogenous_pairs": 27, "eigenvalues": [5.2348591378626805, -5.167771776824551]}, "11": {"diameter": 4, "conjugate_isogenous_pairs": 56, "eigenvalues": [6.423973726256866, -6.631183377602973]}}}