{"prime": 18253, "nodes": 1521, "minpoly": "x^2 + 18252*x + 5", "spine": 21, "undirected": true, "ell": {"2": {"diameter": 13, "conjugate_isogenous_pairs": 50, "eigenvalues": [2.812860379656452, -2.8175170356444217]}, "3": {"diameter": 9, "conjugate_isogenous_pairs": 118, "eigenvalues": [3.4587164687743184, -3.451924669776804]}, "5": {"diameter": 6, "conjugate_isogenous_pairs": 67, "eigenvalues": [4.462066937421223, -4.462276585271196]}, "7": {"diameter": 5, "conjugate_isogenous_pairs": 69, "eigenvalues": [5.211248063144037, -5.251216835207929]}, "11": {"diameter": 5, "conjugate_isogenous_pairs": 159, "eigenvalues": [6.621737548879068, -6.559696922395092]}}}