{"prime": 15473, "nodes": 1290, "minpoly": "x^2 + 15472*x + 3", "spine": 70, "undirected": false, "ell": {"2": {"diameter": 14, "conjugate_isogenous_pairs": 28, "eigenvalues": [2.8139777944683906, -2.8080490411141246]}, "3": {"diameter": 10, "conjugate_isogenous_pairs": 71, "eigenvalues": [3.462697002743635, -3.4517967444871434]}, "5": {"diameter": 7, "conjugate_isogenous_pairs": 26, "eigenvalues": [4.443575051320786, -4.430573412960334]}, "7": {"diameter": 6, "conjugate_isogenous_pairs": 147, "eigenvalues": [5.251380067918529, -5.251084722479538]}, "11": {"diameter": 5, "conjugate_isogenous_pairs": 53, "eigenvalues": [6.577568107600803, -6.49095530209836]}}}