{"prime": 16141, "nodes": 1345, "minpoly": "x^2 + 16137*x + 6", "spine": 45, "undirected": true, "ell": {"2": {"diameter": 14, "conjugate_isogenous_pairs": 48, "eigenvalues": [2.8149233831648592, -2.822700202473365]}, "3": {"diameter": 9, "conjugate_isogenous_pairs": 34, "eigenvalues": [3.453817698833083, -3.4315489421681553]}, "5": {"diameter": 6, "conjugate_isogenous_pairs": 50, "eigenvalues": [4.453810879889586, -4.4200430808371305]}, "7": {"diameter": 6, "conjugate_isogenous_pairs": 63, "eigenvalues": [5.213879020052077, -5.271495697589995]}, "11": {"diameter": 5, "conjugate_isogenous_pairs": 280, "eigenvalues": [6.582707631901047, -6.564747729243412]}}}