{"prime": 14011, "nodes": 1168, "minpoly": "x^2 + 14007*x + 2", "spine": 50, "undirected": false, "ell": {"2": {"diameter": 14, "conjugate_isogenous_pairs": 20, "eigenvalues": [2.8255132594435484, -2.8217468418114366]}, "3": {"diameter": 9, "conjugate_isogenous_pairs": 34, "eigenvalues": [3.4474525578065154, -3.4357995564438797]}, "5": {"diameter": 7, "conjugate_isogenous_pairs": 160, "eigenvalues": [4.44135992893486, -4.462234341017769]}, "7": {"diameter": 5, "conjugate_isogenous_pairs": 37, "eigenvalues": [5.232242082257284, -5.209185145099229]}, "11": {"diameter": 5, "conjugate_isogenous_pairs": 102, "eigenvalues": [6.5410514577058985, -6.598415922572303]}}}