{"prime": 10627, "nodes": 886, "minpoly": "x^2 + 10625*x + 5", "spine": 18, "undirected": false, "ell": {"2": {"diameter": 14, "conjugate_isogenous_pairs": 50, "eigenvalues": [2.824003543335756, -2.809131598727628]}, "3": {"diameter": 9, "conjugate_isogenous_pairs": 30, "eigenvalues": [3.458836280499267, -3.4264589159384844]}, "5": {"diameter": 6, "conjugate_isogenous_pairs": 119, "eigenvalues": [4.411770935894641, -4.457761055912336]}, "7": {"diameter": 5, "conjugate_isogenous_pairs": 36, "eigenvalues": [5.2024303369781455, -5.257262010972803]}, "11": {"diameter": 4, "conjugate_isogenous_pairs": 57, "eigenvalues": [6.544845423338569, -6.571904453770527]}}}