{"prime": 24413, "nodes": 2035, "minpoly": "x^2 + 24405*x + 2", "spine": 59, "undirected": false, "ell": {"2": {"diameter": 15, "conjugate_isogenous_pairs": 32, "eigenvalues": [2.816985585113233, -2.812817555901138]}, "3": {"diameter": 10, "conjugate_isogenous_pairs": 130, "eigenvalues": [3.4565105624181425, -3.460815102399266]}, "5": {"diameter": 7, "conjugate_isogenous_pairs": 36, "eigenvalues": [4.459277810518354, -4.450010375258653]}, "7": {"diameter": 6, "conjugate_isogenous_pairs": 134, "eigenvalues": [5.254995475325968, -5.264371020435543]}, "11": {"diameter": 5, "conjugate_isogenous_pairs": 73, "eigenvalues": [6.578012225872173, -6.518673002460239]}}}