{"prime": 4099, "nodes": 342, "minpoly": "x^2 + 4095*x + 2", "spine": 30, "undirected": false, "ell": {"2": {"diameter": 11, "conjugate_isogenous_pairs": 16, "eigenvalues": [2.807734481499319, -2.8173938891483985]}, "3": {"diameter": 8, "conjugate_isogenous_pairs": 20, "eigenvalues": [3.4290990141686373, -3.435729065308136]}, "5": {"diameter": 6, "conjugate_isogenous_pairs": 67, "eigenvalues": [4.388787062972346, -4.453830296581605]}, "7": {"diameter": 5, "conjugate_isogenous_pairs": 11, "eigenvalues": [5.032221503283527, -5.273688207347105]}, "11": {"diameter": 4, "conjugate_isogenous_pairs": 41, "eigenvalues": [6.387449434876946, -6.5205180614124645]}}}