{"prime": 29789, "nodes": 2483, "minpoly": "x^2 + 29785*x + 2", "spine": 71, "undirected": false, "ell": {"2": {"diameter": 16, "conjugate_isogenous_pairs": 22, "eigenvalues": [2.820242538554912, -2.8241758878177774]}, "3": {"diameter": 11, "conjugate_isogenous_pairs": 68, "eigenvalues": [3.458734826793039, -3.4418569102330405]}, "5": {"diameter": 7, "conjugate_isogenous_pairs": 55, "eigenvalues": [4.461984584420137, -4.465570312251309]}, "7": {"diameter": 6, "conjugate_isogenous_pairs": 152, "eigenvalues": [5.246946678988442, -5.247754110035853]}, "11": {"diameter": 5, "conjugate_isogenous_pairs": 150, "eigenvalues": [6.619920030211821, -6.60918972742592]}}}