{"prime": 25423, "nodes": 2119, "minpoly": "x^2 + 25422*x + 3", "spine": 75, "undirected": false, "ell": {"2": {"diameter": 15, "conjugate_isogenous_pairs": 87, "eigenvalues": [2.8268406136634057, -2.8205091117031635]}, "3": {"diameter": 10, "conjugate_isogenous_pairs": 51, "eigenvalues": [3.449366789868734, -3.457551580712573]}, "5": {"diameter": 7, "conjugate_isogenous_pairs": 85, "eigenvalues": [4.42513562919214, -4.457250746656467]}, "7": {"diameter": 6, "conjugate_isogenous_pairs": 66, "eigenvalues": [5.215985052043861, -5.242588571864363]}, "11": {"diameter": 5, "conjugate_isogenous_pairs": 115, "eigenvalues": [6.59331637697005, -6.591624211304615]}}}