{"prime": 22277, "nodes": 1857, "minpoly": "x^2 + 22273*x + 2", "spine": 65, "undirected": false, "ell": {"2": {"diameter": 15, "conjugate_isogenous_pairs": 27, "eigenvalues": [2.8234614842175194, -2.8219885797937123]}, "3": {"diameter": 10, "conjugate_isogenous_pairs": 102, "eigenvalues": [3.453124507193398, -3.4474564359175246]}, "5": {"diameter": 7, "conjugate_isogenous_pairs": 35, "eigenvalues": [4.462553851922122, -4.433862924124683]}, "7": {"diameter": 6, "conjugate_isogenous_pairs": 161, "eigenvalues": [5.249703254259531, -5.276969733354506]}, "11": {"diameter": 5, "conjugate_isogenous_pairs": 129, "eigenvalues": [6.5811581303166005, -6.616430878594493]}}}