{"prime": 10949, "nodes": 913, "minpoly": "x^2 + 10945*x + 2", "spine": 63, "undirected": false, "ell": {"2": {"diameter": 13, "conjugate_isogenous_pairs": 15, "eigenvalues": [2.826554496723058, -2.8251320838883967]}, "3": {"diameter": 9, "conjugate_isogenous_pairs": 48, "eigenvalues": [3.444094145416772, -3.452181904943545]}, "5": {"diameter": 6, "conjugate_isogenous_pairs": 26, "eigenvalues": [4.458651292957944, -4.443376082048808]}, "7": {"diameter": 6, "conjugate_isogenous_pairs": 70, "eigenvalues": [5.250926574959882, -5.240093088594245]}, "11": {"diameter": 5, "conjugate_isogenous_pairs": 65, "eigenvalues": [6.611738164244143, -6.577263691775972]}}}