{"prime": 6211, "nodes": 518, "minpoly": "x^2 + 6207*x + 2", "spine": 30, "undirected": false, "ell": {"2": {"diameter": 13, "conjugate_isogenous_pairs": 16, "eigenvalues": [2.8098336069968, -2.8147062584231204]}, "3": {"diameter": 8, "conjugate_isogenous_pairs": 22, "eigenvalues": [3.4096891870899397, -3.4280375747886196]}, "5": {"diameter": 6, "conjugate_isogenous_pairs": 97, "eigenvalues": [4.4419903963626926, -4.443492454651996]}, "7": {"diameter": 5, "conjugate_isogenous_pairs": 20, "eigenvalues": [5.111506802761209, -5.191171133141911]}, "11": {"diameter": 4, "conjugate_isogenous_pairs": 56, "eigenvalues": [6.592372136826271, -6.572262072025485]}}}