{"prime": 29947, "nodes": 2496, "minpoly": "x^2 + 29942*x + 3", "spine": 30, "undirected": false, "ell": {"2": {"diameter": 15, "conjugate_isogenous_pairs": 62, "eigenvalues": [2.824103408443004, -2.8238358281220766]}, "3": {"diameter": 10, "conjugate_isogenous_pairs": 64, "eigenvalues": [3.462983473879486, -3.456904234834808]}, "5": {"diameter": 7, "conjugate_isogenous_pairs": 235, "eigenvalues": [4.458011701372355, -4.451607414077849]}, "7": {"diameter": 6, "conjugate_isogenous_pairs": 86, "eigenvalues": [5.286572922964341, -5.256810877439764]}, "11": {"diameter": 5, "conjugate_isogenous_pairs": 136, "eigenvalues": [6.611888258083342, -6.56972125273999]}}}