{"prime": 23957, "nodes": 1997, "minpoly": "x^2 + 23950*x + 2", "spine": 69, "undirected": false, "ell": {"2": {"diameter": 15, "conjugate_isogenous_pairs": 41, "eigenvalues": [2.825502497092435, -2.8221504366925876]}, "3": {"diameter": 10, "conjugate_isogenous_pairs": 100, "eigenvalues": [3.4491668473311154, -3.462220213596433]}, "5": {"diameter": 7, "conjugate_isogenous_pairs": 33, "eigenvalues": [4.44483879361097, -4.461630670172897]}, "7": {"diameter": 6, "conjugate_isogenous_pairs": 110, "eigenvalues": [5.240509420099117, -5.266071663579565]}, "11": {"diameter": 5, "conjugate_isogenous_pairs": 117, "eigenvalues": [6.571452109501267, -6.580365960010263]}}}