{"prime": 7727, "nodes": 645, "minpoly": "x^2 + 7726*x + 5", "spine": 81, "undirected": false, "ell": {"2": {"diameter": 14, "conjugate_isogenous_pairs": 24, "eigenvalues": [2.808476767272695, -2.82245822696142]}, "3": {"diameter": 9, "conjugate_isogenous_pairs": 20, "eigenvalues": [3.43799435080025, -3.425672977363139]}, "5": {"diameter": 7, "conjugate_isogenous_pairs": 23, "eigenvalues": [4.42488379372433, -4.404731672792595]}, "7": {"diameter": 6, "conjugate_isogenous_pairs": 69, "eigenvalues": [5.248475811794647, -5.111412799555107]}, "11": {"diameter": 5, "conjugate_isogenous_pairs": 29, "eigenvalues": [6.526302793075433, -6.613730337176973]}}}