{"prime": 28289, "nodes": 2358, "minpoly": "x^2 + 28288*x + 6", "spine": 114, "undirected": false, "ell": {"2": {"diameter": 15, "conjugate_isogenous_pairs": 23, "eigenvalues": [2.8263162855002313, -2.8246853323356227]}, "3": {"diameter": 10, "conjugate_isogenous_pairs": 72, "eigenvalues": [3.4525624712003866, -3.4469675224102905]}, "5": {"diameter": 7, "conjugate_isogenous_pairs": 51, "eigenvalues": [4.467769861109985, -4.435526435438683]}, "7": {"diameter": 6, "conjugate_isogenous_pairs": 104, "eigenvalues": [5.274526930227824, -5.280829951174553]}, "11": {"diameter": 5, "conjugate_isogenous_pairs": 77, "eigenvalues": [6.572372622950003, -6.61375278117923]}}}