{"prime": 4153, "nodes": 346, "minpoly": "x^2 + 4150*x + 5", "spine": 10, "undirected": true, "ell": {"2": {"diameter": 11, "conjugate_isogenous_pairs": 21, "eigenvalues": [2.807239080359406, -2.821808823260395]}, "3": {"diameter": 8, "conjugate_isogenous_pairs": 37, "eigenvalues": [3.4219017867310573, -3.423021621635891]}, "5": {"diameter": 5, "conjugate_isogenous_pairs": 49, "eigenvalues": [4.404147901073081, -4.398917947507775]}, "7": {"diameter": 5, "conjugate_isogenous_pairs": 52, "eigenvalues": [5.251421766435857, -5.1910209848947915]}, "11": {"diameter": 4, "conjugate_isogenous_pairs": 43, "eigenvalues": [6.439156160326569, -6.538944589819145]}}}