{"prime": 16703, "nodes": 1393, "minpoly": "x^2 + 16702*x + 5", "spine": 93, "undirected": false, "ell": {"2": {"diameter": 14, "conjugate_isogenous_pairs": 25, "eigenvalues": [2.8245861647270822, -2.8229839638912715]}, "3": {"diameter": 10, "conjugate_isogenous_pairs": 35, "eigenvalues": [3.4480241822370234, -3.45135311651055]}, "5": {"diameter": 7, "conjugate_isogenous_pairs": 50, "eigenvalues": [4.410848601519534, -4.44424634691449]}, "7": {"diameter": 6, "conjugate_isogenous_pairs": 110, "eigenvalues": [5.2811104754228735, -5.284981519333078]}, "11": {"diameter": 5, "conjugate_isogenous_pairs": 39, "eigenvalues": [6.541835858168695, -6.579455263686226]}}}