{"prime": 24061, "nodes": 2005, "minpoly": "x^2 + 24060*x + 10", "spine": 33, "undirected": true, "ell": {"2": {"diameter": 14, "conjugate_isogenous_pairs": 35, "eigenvalues": [2.814262101792027, -2.822609369651833]}, "3": {"diameter": 9, "conjugate_isogenous_pairs": 82, "eigenvalues": [3.4516949118101556, -3.4533588101824235]}, "5": {"diameter": 7, "conjugate_isogenous_pairs": 93, "eigenvalues": [4.470111455483109, -4.4407190100483955]}, "7": {"diameter": 6, "conjugate_isogenous_pairs": 74, "eigenvalues": [5.270683899054914, -5.251853415259915]}, "11": {"diameter": 5, "conjugate_isogenous_pairs": 281, "eigenvalues": [6.585484003845526, -6.5579360597293475]}}}