{"prime": 4933, "nodes": 411, "minpoly": "x^2 + 4932*x + 2", "spine": 13, "undirected": true, "ell": {"2": {"diameter": 12, "conjugate_isogenous_pairs": 36, "eigenvalues": [2.8079716272504527, -2.8238141260273246]}, "3": {"diameter": 8, "conjugate_isogenous_pairs": 39, "eigenvalues": [3.444401823264649, -3.3950413771959016]}, "5": {"diameter": 6, "conjugate_isogenous_pairs": 29, "eigenvalues": [4.449330678547542, -4.441146524288509]}, "7": {"diameter": 5, "conjugate_isogenous_pairs": 45, "eigenvalues": [5.220275884333901, -5.283092454089595]}, "11": {"diameter": 4, "conjugate_isogenous_pairs": 106, "eigenvalues": [6.547309283926994, -6.577439648253201]}}}