{"prime": 1847, "nodes": 155, "minpoly": "x^2 + 1845*x + 5", "spine": 43, "undirected": false, "ell": {"2": {"diameter": 11, "conjugate_isogenous_pairs": 7, "eigenvalues": [2.7811792112221414, -2.809523772044719]}, "3": {"diameter": 7, "conjugate_isogenous_pairs": 15, "eigenvalues": [3.4410910682963154, -3.434621464769264]}, "5": {"diameter": 6, "conjugate_isogenous_pairs": 11, "eigenvalues": [4.344699556656633, -4.363070639691834]}, "7": {"diameter": 5, "conjugate_isogenous_pairs": 21, "eigenvalues": [5.1061017726747515, -5.2350761079355115]}, "11": {"diameter": 4, "conjugate_isogenous_pairs": 11, "eigenvalues": [6.3903649980662225, -6.475727178180769]}}}