{"prime": 5477, "nodes": 457, "minpoly": "x^2 + 5476*x + 2", "spine": 37, "undirected": false, "ell": {"2": {"diameter": 13, "conjugate_isogenous_pairs": 11, "eigenvalues": [2.8026124347521897, -2.8241301485572614]}, "3": {"diameter": 9, "conjugate_isogenous_pairs": 52, "eigenvalues": [3.444849499697056, -3.4444610741882933]}, "5": {"diameter": 6, "conjugate_isogenous_pairs": 19, "eigenvalues": [4.346721539896095, -4.370239373841333]}, "7": {"diameter": 5, "conjugate_isogenous_pairs": 68, "eigenvalues": [5.260594730708375, -5.164087717644608]}, "11": {"diameter": 4, "conjugate_isogenous_pairs": 44, "eigenvalues": [6.534650616013176, -6.555479259143995]}}}