{"prime": 26561, "nodes": 2214, "minpoly": "x^2 + 26560*x + 3", "spine": 108, "undirected": false, "ell": {"2": {"diameter": 15, "conjugate_isogenous_pairs": 23, "eigenvalues": [2.822599264364833, -2.8242892267624518]}, "3": {"diameter": 10, "conjugate_isogenous_pairs": 44, "eigenvalues": [3.4533838252903317, -3.428677753838559]}, "5": {"diameter": 7, "conjugate_isogenous_pairs": 50, "eigenvalues": [4.438828630948456, -4.468485768094926]}, "7": {"diameter": 6, "conjugate_isogenous_pairs": 159, "eigenvalues": [5.274427718127148, -5.27370370926491]}, "11": {"diameter": 5, "conjugate_isogenous_pairs": 149, "eigenvalues": [6.588093973209258, -6.545758825752363]}}}