{"prime": 5471, "nodes": 457, "minpoly": "x^2 + 5470*x + 7", "spine": 71, "undirected": false, "ell": {"2": {"diameter": 13, "conjugate_isogenous_pairs": 11, "eigenvalues": [2.8216202969047077, -2.8018778041609584]}, "3": {"diameter": 9, "conjugate_isogenous_pairs": 16, "eigenvalues": [3.4260507595417407, -3.4245880724082136]}, "5": {"diameter": 6, "conjugate_isogenous_pairs": 31, "eigenvalues": [4.395016993899062, -4.437626085377107]}, "7": {"diameter": 5, "conjugate_isogenous_pairs": 42, "eigenvalues": [5.269762192248089, -5.205064482168987]}, "11": {"diameter": 4, "conjugate_isogenous_pairs": 24, "eigenvalues": [6.555862581433744, -6.5879762505535115]}}}