{"prime": 20233, "nodes": 1686, "minpoly": "x^2 + 20228*x + 5", "spine": 28, "undirected": true, "ell": {"2": {"diameter": 14, "conjugate_isogenous_pairs": 83, "eigenvalues": [2.818919528505937, -2.8163104584829215]}, "3": {"diameter": 9, "conjugate_isogenous_pairs": 47, "eigenvalues": [3.457756576106405, -3.4374271199868387]}, "5": {"diameter": 7, "conjugate_isogenous_pairs": 80, "eigenvalues": [4.456338002480335, -4.446867767496744]}, "7": {"diameter": 6, "conjugate_isogenous_pairs": 139, "eigenvalues": [5.260256459488338, -5.20161149224226]}, "11": {"diameter": 5, "conjugate_isogenous_pairs": 108, "eigenvalues": [6.588255497822314, -6.625680740767866]}}}