{"prime": 163, "nodes": 14, "minpoly": "x^2 + 159*x + 2", "spine": 2, "undirected": false, "ell": {"2": {"diameter": 4, "conjugate_isogenous_pairs": 4, "eigenvalues": [2.34804315896983, -2.7112986901600653]}, "3": {"diameter": 3, "conjugate_isogenous_pairs": 4, "eigenvalues": [2.4967708998393996, -3.2489993366195846]}, "5": {"diameter": 3, "conjugate_isogenous_pairs": 6, "eigenvalues": [3.570057483334757, -4.416005239239116]}, "7": {"diameter": 2, "conjugate_isogenous_pairs": 4, "eigenvalues": [4.320098737161193, -4.773537130559058]}, "11": {"diameter": 2, "conjugate_isogenous_pairs": 5, "eigenvalues": [5.133920045998595, -5.999999999999999]}}}