{"prime": 9059, "nodes": 756, "minpoly": "x^2 + 9055*x + 2", "spine": 78, "undirected": false, "ell": {"2": {"diameter": 14, "conjugate_isogenous_pairs": 12, "eigenvalues": [2.816349545216073, -2.8199987186805036]}, "3": {"diameter": 9, "conjugate_isogenous_pairs": 23, "eigenvalues": [3.4357832649102438, -3.436740344142035]}, "5": {"diameter": 7, "conjugate_isogenous_pairs": 61, "eigenvalues": [4.408092416178392, -4.424167862587731]}, "7": {"diameter": 6, "conjugate_isogenous_pairs": 37, "eigenvalues": [5.209125049124858, -5.197913737940774]}, "11": {"diameter": 5, "conjugate_isogenous_pairs": 40, "eigenvalues": [6.59294227978027, -6.590041734534444]}}}