{"prime": 9941, "nodes": 829, "minpoly": "x^2 + 9937*x + 2", "spine": 67, "undirected": false, "ell": {"2": {"diameter": 13, "conjugate_isogenous_pairs": 11, "eigenvalues": [2.808436049259734, -2.8252540344160537]}, "3": {"diameter": 9, "conjugate_isogenous_pairs": 59, "eigenvalues": [3.459243611363654, -3.450421842315574]}, "5": {"diameter": 6, "conjugate_isogenous_pairs": 29, "eigenvalues": [4.414851705759696, -4.432697795090835]}, "7": {"diameter": 6, "conjugate_isogenous_pairs": 52, "eigenvalues": [5.243735136674226, -5.231301639618469]}, "11": {"diameter": 5, "conjugate_isogenous_pairs": 65, "eigenvalues": [6.574449636139459, -6.551989666251825]}}}