{"prime": 8923, "nodes": 744, "minpoly": "x^2 + 8922*x + 2", "spine": 38, "undirected": false, "ell": {"2": {"diameter": 13, "conjugate_isogenous_pairs": 47, "eigenvalues": [2.8255798646063286, -2.8206005901329547]}, "3": {"diameter": 9, "conjugate_isogenous_pairs": 22, "eigenvalues": [3.388482686681285, -3.436838366288387]}, "5": {"diameter": 6, "conjugate_isogenous_pairs": 95, "eigenvalues": [4.366004393853906, -4.470943988037788]}, "7": {"diameter": 5, "conjugate_isogenous_pairs": 38, "eigenvalues": [5.160627151406099, -5.2550141254997635]}, "11": {"diameter": 4, "conjugate_isogenous_pairs": 62, "eigenvalues": [6.447709726418346, -6.566575055168064]}}}