{"prime": 26759, "nodes": 2231, "minpoly": "x^2 + 26757*x + 13", "spine": 231, "undirected": false, "ell": {"2": {"diameter": 15, "conjugate_isogenous_pairs": 33, "eigenvalues": [2.8258215146403516, -2.822781876567602]}, "3": {"diameter": 10, "conjugate_isogenous_pairs": 29, "eigenvalues": [3.4397845393369857, -3.454450052402299]}, "5": {"diameter": 7, "conjugate_isogenous_pairs": 52, "eigenvalues": [4.454699048761129, -4.459068478421708]}, "7": {"diameter": 6, "conjugate_isogenous_pairs": 68, "eigenvalues": [5.28583279416265, -5.284356542770805]}, "11": {"diameter": 5, "conjugate_isogenous_pairs": 72, "eigenvalues": [6.57525503702094, -6.579498842268457]}}}