{"prime": 15383, "nodes": 1283, "minpoly": "x^2 + 15382*x + 5", "spine": 105, "undirected": false, "ell": {"2": {"diameter": 14, "conjugate_isogenous_pairs": 20, "eigenvalues": [2.819317908788676, -2.8211737117497853]}, "3": {"diameter": 10, "conjugate_isogenous_pairs": 39, "eigenvalues": [3.4458751785845467, -3.4512625845202045]}, "5": {"diameter": 7, "conjugate_isogenous_pairs": 43, "eigenvalues": [4.439727945129265, -4.46942798968385]}, "7": {"diameter": 6, "conjugate_isogenous_pairs": 92, "eigenvalues": [5.188453532638857, -5.2724381415816906]}, "11": {"diameter": 5, "conjugate_isogenous_pairs": 32, "eigenvalues": [6.606403918450741, -6.5895885929964075]}}}