{"prime": 2459, "nodes": 206, "minpoly": "x^2 + 2455*x + 2", "spine": 38, "undirected": false, "ell": {"2": {"diameter": 12, "conjugate_isogenous_pairs": 5, "eigenvalues": [2.7918719510077317, -2.763581048435544]}, "3": {"diameter": 8, "conjugate_isogenous_pairs": 13, "eigenvalues": [3.3953352639361087, -3.348727411766399]}, "5": {"diameter": 6, "conjugate_isogenous_pairs": 33, "eigenvalues": [4.4138080363450145, -4.363753224121691]}, "7": {"diameter": 5, "conjugate_isogenous_pairs": 23, "eigenvalues": [5.1317182018253975, -5.2715174155307185]}, "11": {"diameter": 4, "conjugate_isogenous_pairs": 16, "eigenvalues": [6.406737658730752, -6.6312173124092]}}}