{"prime": 7411, "nodes": 618, "minpoly": "x^2 + 7410*x + 2", "spine": 50, "undirected": false, "ell": {"2": {"diameter": 13, "conjugate_isogenous_pairs": 24, "eigenvalues": [2.822204569817403, -2.81799742349024]}, "3": {"diameter": 8, "conjugate_isogenous_pairs": 20, "eigenvalues": [3.4457173790428284, -3.43502341404664]}, "5": {"diameter": 6, "conjugate_isogenous_pairs": 60, "eigenvalues": [4.455812097701479, -4.426640313362627]}, "7": {"diameter": 5, "conjugate_isogenous_pairs": 16, "eigenvalues": [5.222459161232115, -5.279694195559859]}, "11": {"diameter": 4, "conjugate_isogenous_pairs": 70, "eigenvalues": [6.558724568417411, -6.35588925216155]}}}