{"prime": 15859, "nodes": 1322, "minpoly": "x^2 + 15855*x + 2", "spine": 58, "undirected": false, "ell": {"2": {"diameter": 14, "conjugate_isogenous_pairs": 29, "eigenvalues": [2.8268048271742954, -2.8258953303695553]}, "3": {"diameter": 9, "conjugate_isogenous_pairs": 38, "eigenvalues": [3.4285450933172994, -3.443195590197077]}, "5": {"diameter": 7, "conjugate_isogenous_pairs": 167, "eigenvalues": [4.454839110969629, -4.442719650362511]}, "7": {"diameter": 6, "conjugate_isogenous_pairs": 27, "eigenvalues": [5.286073502030963, -5.202627532986005]}, "11": {"diameter": 5, "conjugate_isogenous_pairs": 85, "eigenvalues": [6.611698438656112, -6.599065488256241]}}}