{"prime": 409, "nodes": 34, "minpoly": "x^2 + 404*x + 21", "spine": 8, "undirected": true, "ell": {"2": {"diameter": 8, "conjugate_isogenous_pairs": 6, "eigenvalues": [2.7587466526058426, -2.6986821545633]}, "3": {"diameter": 5, "conjugate_isogenous_pairs": 3, "eigenvalues": [3.2466668911771857, -3.369523535005466]}, "5": {"diameter": 3, "conjugate_isogenous_pairs": 9, "eigenvalues": [3.9319690804778173, -3.8092238630809616]}, "7": {"diameter": 3, "conjugate_isogenous_pairs": 8, "eigenvalues": [4.8088988258929, -5.161296074564073]}, "11": {"diameter": 3, "conjugate_isogenous_pairs": 12, "eigenvalues": [5.6426322363971035, -5.922621508072339]}}}