{"prime": 2063, "nodes": 173, "minpoly": "x^2 + 2058*x + 5", "spine": 45, "undirected": false, "ell": {"2": {"diameter": 11, "conjugate_isogenous_pairs": 6, "eigenvalues": [2.7896523487383953, -2.8014792104393704]}, "3": {"diameter": 8, "conjugate_isogenous_pairs": 13, "eigenvalues": [3.4012553486851465, -3.4364574400808356]}, "5": {"diameter": 5, "conjugate_isogenous_pairs": 11, "eigenvalues": [4.273436570451984, -4.397370984035447]}, "7": {"diameter": 5, "conjugate_isogenous_pairs": 28, "eigenvalues": [5.016534580893787, -5.236067977499802]}, "11": {"diameter": 4, "conjugate_isogenous_pairs": 12, "eigenvalues": [6.514584175509571, -6.501954514630309]}}}