{"prime": 15973, "nodes": 1331, "minpoly": "x^2 + 15971*x + 7", "spine": 33, "undirected": true, "ell": {"2": {"diameter": 14, "conjugate_isogenous_pairs": 52, "eigenvalues": [2.8131249718609967, -2.823681769337822]}, "3": {"diameter": 9, "conjugate_isogenous_pairs": 83, "eigenvalues": [3.448709114322666, -3.4313654543622993]}, "5": {"diameter": 6, "conjugate_isogenous_pairs": 51, "eigenvalues": [4.445192048108651, -4.424462020227563]}, "7": {"diameter": 6, "conjugate_isogenous_pairs": 70, "eigenvalues": [5.233644066383075, -5.255105099519389]}, "11": {"diameter": 5, "conjugate_isogenous_pairs": 173, "eigenvalues": [6.550489266030076, -6.612189448077681]}}}