{"prime": 2851, "nodes": 238, "minpoly": "x^2 + 2847*x + 2", "spine": 22, "undirected": false, "ell": {"2": {"diameter": 11, "conjugate_isogenous_pairs": 12, "eigenvalues": [2.797095082955661, -2.825739886791919]}, "3": {"diameter": 7, "conjugate_isogenous_pairs": 18, "eigenvalues": [3.450405289789098, -3.4061318189990417]}, "5": {"diameter": 5, "conjugate_isogenous_pairs": 57, "eigenvalues": [4.39738647460652, -4.384805686281512]}, "7": {"diameter": 5, "conjugate_isogenous_pairs": 12, "eigenvalues": [5.165170315808333, -5.232444804893238]}, "11": {"diameter": 4, "conjugate_isogenous_pairs": 28, "eigenvalues": [6.243728988958099, -6.558569801852724]}}}