{"prime": 25981, "nodes": 2165, "minpoly": "x^2 + 25979*x + 11", "spine": 43, "undirected": true, "ell": {"2": {"diameter": 14, "conjugate_isogenous_pairs": 34, "eigenvalues": [2.8253511320088776, -2.8265591492787117]}, "3": {"diameter": 9, "conjugate_isogenous_pairs": 93, "eigenvalues": [3.4468964828616397, -3.4506634891325674]}, "5": {"diameter": 7, "conjugate_isogenous_pairs": 120, "eigenvalues": [4.462518679893863, -4.436250723968144]}, "7": {"diameter": 6, "conjugate_isogenous_pairs": 58, "eigenvalues": [5.24723451785635, -5.247323282366991]}, "11": {"diameter": 5, "conjugate_isogenous_pairs": 304, "eigenvalues": [6.6032933296566965, -6.614525259216349]}}}