{"prime": 18701, "nodes": 1559, "minpoly": "x^2 + 18693*x + 2", "spine": 59, "undirected": false, "ell": {"2": {"diameter": 15, "conjugate_isogenous_pairs": 22, "eigenvalues": [2.816435969497301, -2.8225026113960148]}, "3": {"diameter": 10, "conjugate_isogenous_pairs": 48, "eigenvalues": [3.4462857476874293, -3.46286166029324]}, "5": {"diameter": 7, "conjugate_isogenous_pairs": 43, "eigenvalues": [4.463623380662184, -4.462905748521573]}, "7": {"diameter": 6, "conjugate_isogenous_pairs": 93, "eigenvalues": [5.269230054644517, -5.258223932925854]}, "11": {"diameter": 5, "conjugate_isogenous_pairs": 119, "eigenvalues": [6.6123985359198, -6.622339382897904]}}}