{"prime": 18691, "nodes": 1558, "minpoly": "x^2 + 18690*x + 3", "spine": 66, "undirected": false, "ell": {"2": {"diameter": 14, "conjugate_isogenous_pairs": 35, "eigenvalues": [2.8231033951844275, -2.825480976956351]}, "3": {"diameter": 9, "conjugate_isogenous_pairs": 36, "eigenvalues": [3.4606338819845988, -3.453813170582934]}, "5": {"diameter": 7, "conjugate_isogenous_pairs": 169, "eigenvalues": [4.4476242033441515, -4.444482133392827]}, "7": {"diameter": 6, "conjugate_isogenous_pairs": 25, "eigenvalues": [5.284860650533856, -5.248746621607199]}, "11": {"diameter": 5, "conjugate_isogenous_pairs": 84, "eigenvalues": [6.541024378069866, -6.604910818056007]}}}