{"prime": 19727, "nodes": 1645, "minpoly": "x^2 + 19725*x + 5", "spine": 67, "undirected": false, "ell": {"2": {"diameter": 14, "conjugate_isogenous_pairs": 29, "eigenvalues": [2.8261258031140786, -2.8247718302079603]}, "3": {"diameter": 10, "conjugate_isogenous_pairs": 39, "eigenvalues": [3.4479487914564375, -3.4459385141609484]}, "5": {"diameter": 7, "conjugate_isogenous_pairs": 59, "eigenvalues": [4.461305955580239, -4.4098238041147955]}, "7": {"diameter": 6, "conjugate_isogenous_pairs": 142, "eigenvalues": [5.237490767285485, -5.247201747892993]}, "11": {"diameter": 5, "conjugate_isogenous_pairs": 51, "eigenvalues": [6.55235892505367, -6.607470395430216]}}}