{"prime": 26993, "nodes": 2250, "minpoly": "x^2 + 26992*x + 3", "spine": 68, "undirected": false, "ell": {"2": {"diameter": 15, "conjugate_isogenous_pairs": 30, "eigenvalues": [2.8214700391406047, -2.8245808053808905]}, "3": {"diameter": 10, "conjugate_isogenous_pairs": 86, "eigenvalues": [3.4468545876767624, -3.4460606965673093]}, "5": {"diameter": 7, "conjugate_isogenous_pairs": 64, "eigenvalues": [4.428789477469341, -4.463745369155832]}, "7": {"diameter": 6, "conjugate_isogenous_pairs": 284, "eigenvalues": [5.281500131456229, -5.274950285231249]}, "11": {"diameter": 5, "conjugate_isogenous_pairs": 70, "eigenvalues": [6.517670433385801, -6.615999638241466]}}}