{"prime": 21089, "nodes": 1758, "minpoly": "x^2 + 21079*x + 3", "spine": 136, "undirected": false, "ell": {"2": {"diameter": 15, "conjugate_isogenous_pairs": 21, "eigenvalues": [2.8235767291731793, -2.8189247696443154]}, "3": {"diameter": 10, "conjugate_isogenous_pairs": 36, "eigenvalues": [3.460183613383493, -3.450541273159665]}, "5": {"diameter": 7, "conjugate_isogenous_pairs": 28, "eigenvalues": [4.429537218844012, -4.45328237671175]}, "7": {"diameter": 6, "conjugate_isogenous_pairs": 110, "eigenvalues": [5.273902491440893, -5.2658326647296825]}, "11": {"diameter": 5, "conjugate_isogenous_pairs": 96, "eigenvalues": [6.570942745466046, -6.599662182182978]}}}