{"prime": 8719, "nodes": 727, "minpoly": "x^2 + 8717*x + 3", "spine": 53, "undirected": false, "ell": {"2": {"diameter": 12, "conjugate_isogenous_pairs": 21, "eigenvalues": [2.8233014650645036, -2.804590746942099]}, "3": {"diameter": 9, "conjugate_isogenous_pairs": 27, "eigenvalues": [3.4333109625813725, -3.4156135349020693]}, "5": {"diameter": 6, "conjugate_isogenous_pairs": 64, "eigenvalues": [4.399415941913231, -4.377308730044116]}, "7": {"diameter": 5, "conjugate_isogenous_pairs": 18, "eigenvalues": [5.252000910292324, -5.275244548849357]}, "11": {"diameter": 4, "conjugate_isogenous_pairs": 71, "eigenvalues": [6.6110434424600495, -6.616080248941684]}}}