{"prime": 4931, "nodes": 412, "minpoly": "x^2 + 4928*x + 6", "spine": 70, "undirected": false, "ell": {"2": {"diameter": 13, "conjugate_isogenous_pairs": 9, "eigenvalues": [2.811847512153066, -2.824777018201471]}, "3": {"diameter": 8, "conjugate_isogenous_pairs": 12, "eigenvalues": [3.4251335351394796, -3.432216360149157]}, "5": {"diameter": 6, "conjugate_isogenous_pairs": 21, "eigenvalues": [4.4089537214988805, -4.467005850349317]}, "7": {"diameter": 5, "conjugate_isogenous_pairs": 39, "eigenvalues": [5.23142549487413, -5.252877218142509]}, "11": {"diameter": 4, "conjugate_isogenous_pairs": 37, "eigenvalues": [6.356509921546282, -6.495257865319618]}}}