{"prime": 23057, "nodes": 1922, "minpoly": "x^2 + 23050*x + 5", "spine": 52, "undirected": false, "ell": {"2": {"diameter": 14, "conjugate_isogenous_pairs": 45, "eigenvalues": [2.825815143685786, -2.8272740255526108]}, "3": {"diameter": 10, "conjugate_isogenous_pairs": 60, "eigenvalues": [3.447475664478563, -3.456528456231393]}, "5": {"diameter": 7, "conjugate_isogenous_pairs": 42, "eigenvalues": [4.435795944548914, -4.448351419060891]}, "7": {"diameter": 6, "conjugate_isogenous_pairs": 277, "eigenvalues": [5.256576405066243, -5.278539102005695]}, "11": {"diameter": 5, "conjugate_isogenous_pairs": 79, "eigenvalues": [6.556308731558203, -6.584453250073775]}}}