{"prime": 23593, "nodes": 1966, "minpoly": "x^2 + 23592*x + 5", "spine": 28, "undirected": true, "ell": {"2": {"diameter": 15, "conjugate_isogenous_pairs": 77, "eigenvalues": [2.823666970161822, -2.826522519044436]}, "3": {"diameter": 9, "conjugate_isogenous_pairs": 51, "eigenvalues": [3.449544835451013, -3.456479419320306]}, "5": {"diameter": 7, "conjugate_isogenous_pairs": 91, "eigenvalues": [4.427972063519444, -4.448977974960084]}, "7": {"diameter": 6, "conjugate_isogenous_pairs": 156, "eigenvalues": [5.283762519114001, -5.273722859652265]}, "11": {"diameter": 5, "conjugate_isogenous_pairs": 163, "eigenvalues": [6.624643832875733, -6.599868277617371]}}}