{"prime": 11083, "nodes": 924, "minpoly": "x^2 + 11079*x + 2", "spine": 30, "undirected": false, "ell": {"2": {"diameter": 13, "conjugate_isogenous_pairs": 40, "eigenvalues": [2.8195809382769865, -2.8193749210545027]}, "3": {"diameter": 9, "conjugate_isogenous_pairs": 43, "eigenvalues": [3.446038930687742, -3.4560215616791696]}, "5": {"diameter": 6, "conjugate_isogenous_pairs": 125, "eigenvalues": [4.46148056150628, -4.445950715801606]}, "7": {"diameter": 5, "conjugate_isogenous_pairs": 35, "eigenvalues": [5.210504004005922, -5.272130178477835]}, "11": {"diameter": 5, "conjugate_isogenous_pairs": 52, "eigenvalues": [6.458016945053477, -6.566917249731699]}}}