{"prime": 19919, "nodes": 1661, "minpoly": "x^2 + 19918*x + 7", "spine": 135, "undirected": false, "ell": {"2": {"diameter": 15, "conjugate_isogenous_pairs": 15, "eigenvalues": [2.827297733897699, -2.814565923140709]}, "3": {"diameter": 10, "conjugate_isogenous_pairs": 36, "eigenvalues": [3.446402877937849, -3.445348666089135]}, "5": {"diameter": 7, "conjugate_isogenous_pairs": 53, "eigenvalues": [4.433989154611916, -4.447383094950988]}, "7": {"diameter": 6, "conjugate_isogenous_pairs": 86, "eigenvalues": [5.226651697317195, -5.280932538053399]}, "11": {"diameter": 5, "conjugate_isogenous_pairs": 52, "eigenvalues": [6.533557070583628, -6.5492051035828425]}}}