{"prime": 6287, "nodes": 525, "minpoly": "x^2 + 6285*x + 7", "spine": 51, "undirected": false, "ell": {"2": {"diameter": 13, "conjugate_isogenous_pairs": 11, "eigenvalues": [2.827406521930861, -2.790256433403154]}, "3": {"diameter": 9, "conjugate_isogenous_pairs": 36, "eigenvalues": [3.408489853863052, -3.4481005374171483]}, "5": {"diameter": 6, "conjugate_isogenous_pairs": 42, "eigenvalues": [4.434248337761692, -4.402221616142668]}, "7": {"diameter": 5, "conjugate_isogenous_pairs": 61, "eigenvalues": [5.250268475486175, -5.218986866822094]}, "11": {"diameter": 4, "conjugate_isogenous_pairs": 25, "eigenvalues": [6.514693575162218, -6.547615388288213]}}}