{"prime": 10631, "nodes": 887, "minpoly": "x^2 + 10629*x + 11", "spine": 139, "undirected": false, "ell": {"2": {"diameter": 13, "conjugate_isogenous_pairs": 17, "eigenvalues": [2.8162744197807332, -2.818389516825514]}, "3": {"diameter": 9, "conjugate_isogenous_pairs": 22, "eigenvalues": [3.4333215174578386, -3.451457659024229]}, "5": {"diameter": 7, "conjugate_isogenous_pairs": 24, "eigenvalues": [4.4497285403203275, -4.459392613245328]}, "7": {"diameter": 6, "conjugate_isogenous_pairs": 51, "eigenvalues": [5.2369832204200435, -5.269343847254971]}, "11": {"diameter": 5, "conjugate_isogenous_pairs": 49, "eigenvalues": [6.600258524654986, -6.472150462039592]}}}