{"prime": 7109, "nodes": 593, "minpoly": "x^2 + 7100*x + 2", "spine": 33, "undirected": false, "ell": {"2": {"diameter": 13, "conjugate_isogenous_pairs": 10, "eigenvalues": [2.8179778910822346, -2.7918259059738126]}, "3": {"diameter": 9, "conjugate_isogenous_pairs": 30, "eigenvalues": [3.42609919651337, -3.430536768124276]}, "5": {"diameter": 6, "conjugate_isogenous_pairs": 30, "eigenvalues": [4.427580362690776, -4.393237194400959]}, "7": {"diameter": 6, "conjugate_isogenous_pairs": 70, "eigenvalues": [5.254200641911768, -5.261299743219826]}, "11": {"diameter": 4, "conjugate_isogenous_pairs": 84, "eigenvalues": [6.565983497855508, -6.432919198000355]}}}