{"prime": 21859, "nodes": 1822, "minpoly": "x^2 + 21858*x + 2", "spine": 50, "undirected": false, "ell": {"2": {"diameter": 15, "conjugate_isogenous_pairs": 46, "eigenvalues": [2.8275930011832946, -2.822390021930471]}, "3": {"diameter": 10, "conjugate_isogenous_pairs": 34, "eigenvalues": [3.4522369932630492, -3.451606484388541]}, "5": {"diameter": 7, "conjugate_isogenous_pairs": 169, "eigenvalues": [4.426738508877403, -4.452508788661934]}, "7": {"diameter": 6, "conjugate_isogenous_pairs": 38, "eigenvalues": [5.255839589535738, -5.244848120399638]}, "11": {"diameter": 5, "conjugate_isogenous_pairs": 177, "eigenvalues": [6.597654547355192, -6.584151793163708]}}}