{"prime": 2141, "nodes": 179, "minpoly": "x^2 + 2140*x + 2", "spine": 39, "undirected": false, "ell": {"2": {"diameter": 12, "conjugate_isogenous_pairs": 5, "eigenvalues": [2.8172880400058595, -2.814476531276057]}, "3": {"diameter": 8, "conjugate_isogenous_pairs": 15, "eigenvalues": [3.4490300138814103, -3.403608294337803]}, "5": {"diameter": 6, "conjugate_isogenous_pairs": 10, "eigenvalues": [4.445099534256555, -4.295493231855429]}, "7": {"diameter": 5, "conjugate_isogenous_pairs": 19, "eigenvalues": [5.183923892698349, -5.155908568635844]}, "11": {"diameter": 4, "conjugate_isogenous_pairs": 34, "eigenvalues": [6.59834614532803, -6.32596797132331]}}}