{"prime": 18223, "nodes": 1519, "minpoly": "x^2 + 18222*x + 3", "spine": 69, "undirected": false, "ell": {"2": {"diameter": 14, "conjugate_isogenous_pairs": 44, "eigenvalues": [2.8241804196142457, -2.8066424652042694]}, "3": {"diameter": 9, "conjugate_isogenous_pairs": 54, "eigenvalues": [3.4501747044973206, -3.4588231619651766]}, "5": {"diameter": 7, "conjugate_isogenous_pairs": 102, "eigenvalues": [4.4295627075052275, -4.440350992648017]}, "7": {"diameter": 6, "conjugate_isogenous_pairs": 41, "eigenvalues": [5.241012251606051, -5.274941570913775]}, "11": {"diameter": 5, "conjugate_isogenous_pairs": 64, "eigenvalues": [6.5772544612084305, -6.6150118729294425]}}}