{"prime": 28403, "nodes": 2368, "minpoly": "x^2 + 28401*x + 5", "spine": 58, "undirected": false, "ell": {"2": {"diameter": 15, "conjugate_isogenous_pairs": 49, "eigenvalues": [2.8208404513839165, -2.81971005054031]}, "3": {"diameter": 10, "conjugate_isogenous_pairs": 67, "eigenvalues": [3.4598074259161797, -3.4524663307771393]}, "5": {"diameter": 7, "conjugate_isogenous_pairs": 83, "eigenvalues": [4.465260474822413, -4.42915647719042]}, "7": {"diameter": 6, "conjugate_isogenous_pairs": 125, "eigenvalues": [5.2202315011862055, -5.253420094413064]}, "11": {"diameter": 5, "conjugate_isogenous_pairs": 42, "eigenvalues": [6.621269667841864, -6.587153710810924]}}}