{"prime": 10177, "nodes": 848, "minpoly": "x^2 + 10174*x + 7", "spine": 20, "undirected": true, "ell": {"2": {"diameter": 13, "conjugate_isogenous_pairs": 46, "eigenvalues": [2.819306791591596, -2.8019041721475797]}, "3": {"diameter": 8, "conjugate_isogenous_pairs": 38, "eigenvalues": [3.4594156866639745, -3.4266731379404543]}, "5": {"diameter": 6, "conjugate_isogenous_pairs": 55, "eigenvalues": [4.423650381819752, -4.434773282509469]}, "7": {"diameter": 5, "conjugate_isogenous_pairs": 72, "eigenvalues": [5.191070530436289, -5.2867384317075]}, "11": {"diameter": 4, "conjugate_isogenous_pairs": 122, "eigenvalues": [6.610778150201908, -6.605490113586831]}}}