{"prime": 2297, "nodes": 192, "minpoly": "x^2 + 2292*x + 5", "spine": 20, "undirected": false, "ell": {"2": {"diameter": 10, "conjugate_isogenous_pairs": 11, "eigenvalues": [2.794122930048288, -2.8205717820402767]}, "3": {"diameter": 7, "conjugate_isogenous_pairs": 23, "eigenvalues": [3.3441820264530575, -3.402634944144834]}, "5": {"diameter": 5, "conjugate_isogenous_pairs": 11, "eigenvalues": [4.131091213177005, -4.3646450587003]}, "7": {"diameter": 5, "conjugate_isogenous_pairs": 55, "eigenvalues": [5.222235602041953, -5.195323615343745]}, "11": {"diameter": 4, "conjugate_isogenous_pairs": 15, "eigenvalues": [6.459411680987039, -6.547421770841651]}}}