{"prime": 3889, "nodes": 324, "minpoly": "x^2 + 3888*x + 11", "spine": 18, "undirected": true, "ell": {"2": {"diameter": 11, "conjugate_isogenous_pairs": 13, "eigenvalues": [2.7953313600786847, -2.8250238017757554]}, "3": {"diameter": 7, "conjugate_isogenous_pairs": 23, "eigenvalues": [3.4306605146763864, -3.4243495353473805]}, "5": {"diameter": 5, "conjugate_isogenous_pairs": 40, "eigenvalues": [4.405592654393998, -4.454004303854399]}, "7": {"diameter": 5, "conjugate_isogenous_pairs": 32, "eigenvalues": [5.206369750024074, -5.233729994263922]}, "11": {"diameter": 4, "conjugate_isogenous_pairs": 71, "eigenvalues": [6.39228602328326, -6.502759932093307]}}}