{"prime": 28661, "nodes": 2389, "minpoly": "x^2 + 28660*x + 2", "spine": 143, "undirected": false, "ell": {"2": {"diameter": 15, "conjugate_isogenous_pairs": 28, "eigenvalues": [2.8207294689219706, -2.827464577020643]}, "3": {"diameter": 10, "conjugate_isogenous_pairs": 61, "eigenvalues": [3.4583600488858153, -3.4411257416780234]}, "5": {"diameter": 7, "conjugate_isogenous_pairs": 41, "eigenvalues": [4.412270689648342, -4.455748002003247]}, "7": {"diameter": 7, "conjugate_isogenous_pairs": 97, "eigenvalues": [5.274142805088145, -5.288930120259586]}, "11": {"diameter": 5, "conjugate_isogenous_pairs": 121, "eigenvalues": [6.526376138090783, -6.603814965716146]}}}