{"prime": 11779, "nodes": 982, "minpoly": "x^2 + 11778*x + 2", "spine": 54, "undirected": false, "ell": {"2": {"diameter": 14, "conjugate_isogenous_pairs": 33, "eigenvalues": [2.8160121477224083, -2.8206612049518323]}, "3": {"diameter": 9, "conjugate_isogenous_pairs": 19, "eigenvalues": [3.4537045595344296, -3.4486371569280343]}, "5": {"diameter": 6, "conjugate_isogenous_pairs": 87, "eigenvalues": [4.45804134942722, -4.437616910371367]}, "7": {"diameter": 5, "conjugate_isogenous_pairs": 37, "eigenvalues": [5.227855338195584, -5.236856884780424]}, "11": {"diameter": 4, "conjugate_isogenous_pairs": 99, "eigenvalues": [6.539713186045554, -6.575982248023518]}}}