{"prime": 19219, "nodes": 1602, "minpoly": "x^2 + 19210*x + 2", "spine": 62, "undirected": false, "ell": {"2": {"diameter": 14, "conjugate_isogenous_pairs": 36, "eigenvalues": [2.824943578497018, -2.8195476795226884]}, "3": {"diameter": 10, "conjugate_isogenous_pairs": 40, "eigenvalues": [3.447930731149977, -3.461216748545743]}, "5": {"diameter": 7, "conjugate_isogenous_pairs": 186, "eigenvalues": [4.441851106213719, -4.466661617221538]}, "7": {"diameter": 6, "conjugate_isogenous_pairs": 37, "eigenvalues": [5.23100858583357, -5.2598463707780985]}, "11": {"diameter": 5, "conjugate_isogenous_pairs": 109, "eigenvalues": [6.566863630251145, -6.589286511418992]}}}