{"prime": 21803, "nodes": 1818, "minpoly": "x^2 + 21802*x + 2", "spine": 102, "undirected": false, "ell": {"2": {"diameter": 15, "conjugate_isogenous_pairs": 40, "eigenvalues": [2.8160190442191837, -2.81853104877739]}, "3": {"diameter": 10, "conjugate_isogenous_pairs": 32, "eigenvalues": [3.441130649050807, -3.446543260149976]}, "5": {"diameter": 7, "conjugate_isogenous_pairs": 61, "eigenvalues": [4.447158184154679, -4.451980054061378]}, "7": {"diameter": 6, "conjugate_isogenous_pairs": 117, "eigenvalues": [5.223034926578683, -5.251352999310515]}, "11": {"diameter": 5, "conjugate_isogenous_pairs": 55, "eigenvalues": [6.56672006946292, -6.5840568827594685]}}}