{"prime": 28151, "nodes": 2347, "minpoly": "x^2 + 28150*x + 7", "spine": 209, "undirected": false, "ell": {"2": {"diameter": 16, "conjugate_isogenous_pairs": 24, "eigenvalues": [2.8246858867467446, -2.8282555632333515]}, "3": {"diameter": 11, "conjugate_isogenous_pairs": 43, "eigenvalues": [3.4582097011628985, -3.4565713269796947]}, "5": {"diameter": 7, "conjugate_isogenous_pairs": 78, "eigenvalues": [4.449311336624558, -4.439005026550564]}, "7": {"diameter": 6, "conjugate_isogenous_pairs": 71, "eigenvalues": [5.274213643494414, -5.237618556876956]}, "11": {"diameter": 5, "conjugate_isogenous_pairs": 65, "eigenvalues": [6.557385925684686, -6.581826689747799]}}}