{"prime": 6353, "nodes": 530, "minpoly": "x^2 + 6352*x + 3", "spine": 36, "undirected": false, "ell": {"2": {"diameter": 13, "conjugate_isogenous_pairs": 14, "eigenvalues": [2.8182776934579548, -2.7996815625386824]}, "3": {"diameter": 9, "conjugate_isogenous_pairs": 54, "eigenvalues": [3.4603614516118526, -3.4549784211467527]}, "5": {"diameter": 6, "conjugate_isogenous_pairs": 24, "eigenvalues": [4.438923533738414, -4.393540586776154]}, "7": {"diameter": 5, "conjugate_isogenous_pairs": 89, "eigenvalues": [5.159994237750831, -5.278346680277363]}, "11": {"diameter": 4, "conjugate_isogenous_pairs": 28, "eigenvalues": [6.518531716241238, -6.549061317224753]}}}