{"prime": 641, "nodes": 54, "minpoly": "x^2 + 635*x + 3", "spine": 14, "undirected": false, "ell": {"2": {"diameter": 8, "conjugate_isogenous_pairs": 3, "eigenvalues": [2.696570510965045, -2.7664651145230623]}, "3": {"diameter": 6, "conjugate_isogenous_pairs": 9, "eigenvalues": [3.169884905812032, -3.197160526684401]}, "5": {"diameter": 4, "conjugate_isogenous_pairs": 5, "eigenvalues": [4.089274489838308, -3.8589018692841752]}, "7": {"diameter": 4, "conjugate_isogenous_pairs": 17, "eigenvalues": [5.091951539581012, -4.8962068942874115]}, "11": {"diameter": 3, "conjugate_isogenous_pairs": 11, "eigenvalues": [5.545278625613622, -6.063547411710812]}}}