{"prime": 19553, "nodes": 1630, "minpoly": "x^2 + 19552*x + 3", "spine": 54, "undirected": false, "ell": {"2": {"diameter": 14, "conjugate_isogenous_pairs": 21, "eigenvalues": [2.822787711015343, -2.8239256023020722]}, "3": {"diameter": 10, "conjugate_isogenous_pairs": 74, "eigenvalues": [3.4535676257604786, -3.4450087701431116]}, "5": {"diameter": 7, "conjugate_isogenous_pairs": 59, "eigenvalues": [4.459774647248318, -4.433649126078965]}, "7": {"diameter": 6, "conjugate_isogenous_pairs": 220, "eigenvalues": [5.260053165929624, -5.258632139948061]}, "11": {"diameter": 5, "conjugate_isogenous_pairs": 52, "eigenvalues": [6.57929923836635, -6.473911672721253]}}}