{"prime": 23561, "nodes": 1964, "minpoly": "x^2 + 23556*x + 3", "spine": 102, "undirected": false, "ell": {"2": {"diameter": 15, "conjugate_isogenous_pairs": 21, "eigenvalues": [2.8210900100323957, -2.8251864985203614]}, "3": {"diameter": 10, "conjugate_isogenous_pairs": 36, "eigenvalues": [3.453712827894503, -3.4577604023620316]}, "5": {"diameter": 7, "conjugate_isogenous_pairs": 35, "eigenvalues": [4.431564442185963, -4.4177291815661395]}, "7": {"diameter": 6, "conjugate_isogenous_pairs": 141, "eigenvalues": [5.2651787518567, -5.244055381804564]}, "11": {"diameter": 5, "conjugate_isogenous_pairs": 114, "eigenvalues": [6.631098647358408, -6.550145467002987]}}}