{"prime": 15361, "nodes": 1280, "minpoly": "x^2 + 15354*x + 7", "spine": 32, "undirected": true, "ell": {"2": {"diameter": 13, "conjugate_isogenous_pairs": 49, "eigenvalues": [2.8134593838885187, -2.825694259299776]}, "3": {"diameter": 9, "conjugate_isogenous_pairs": 32, "eigenvalues": [3.444087792021344, -3.4319626427016567]}, "5": {"diameter": 6, "conjugate_isogenous_pairs": 47, "eigenvalues": [4.468732779663443, -4.4503443861192995]}, "7": {"diameter": 5, "conjugate_isogenous_pairs": 76, "eigenvalues": [5.270040068095443, -5.265391637642827]}, "11": {"diameter": 5, "conjugate_isogenous_pairs": 192, "eigenvalues": [6.538767843448865, -6.584816101973581]}}}