{"prime": 8369, "nodes": 698, "minpoly": "x^2 + 8363*x + 3", "spine": 48, "undirected": false, "ell": {"2": {"diameter": 12, "conjugate_isogenous_pairs": 12, "eigenvalues": [2.793006636138245, -2.8228952323274394]}, "3": {"diameter": 9, "conjugate_isogenous_pairs": 37, "eigenvalues": [3.447592744432171, -3.459882448741451]}, "5": {"diameter": 6, "conjugate_isogenous_pairs": 26, "eigenvalues": [4.338714536442457, -4.46752121525432]}, "7": {"diameter": 5, "conjugate_isogenous_pairs": 77, "eigenvalues": [5.235458404302041, -5.260191639348284]}, "11": {"diameter": 4, "conjugate_isogenous_pairs": 45, "eigenvalues": [6.568816102744345, -6.473472196991593]}}}