{"prime": 26861, "nodes": 2239, "minpoly": "x^2 + 26854*x + 2", "spine": 127, "undirected": false, "ell": {"2": {"diameter": 15, "conjugate_isogenous_pairs": 16, "eigenvalues": [2.8219731970624444, -2.821144347048338]}, "3": {"diameter": 10, "conjugate_isogenous_pairs": 89, "eigenvalues": [3.458054615028345, -3.458460371943681]}, "5": {"diameter": 7, "conjugate_isogenous_pairs": 46, "eigenvalues": [4.453723763212363, -4.4010218323381896]}, "7": {"diameter": 7, "conjugate_isogenous_pairs": 86, "eigenvalues": [5.26265377215211, -5.267155873176956]}, "11": {"diameter": 5, "conjugate_isogenous_pairs": 127, "eigenvalues": [6.6281194469158375, -6.621831377484148]}}}