{"prime": 7789, "nodes": 649, "minpoly": "x^2 + 7785*x + 2", "spine": 21, "undirected": true, "ell": {"2": {"diameter": 12, "conjugate_isogenous_pairs": 34, "eigenvalues": [2.811719638956956, -2.818102098240185]}, "3": {"diameter": 8, "conjugate_isogenous_pairs": 30, "eigenvalues": [3.4180942615398737, -3.450832707645367]}, "5": {"diameter": 6, "conjugate_isogenous_pairs": 45, "eigenvalues": [4.4047257012263215, -4.433119235065842]}, "7": {"diameter": 5, "conjugate_isogenous_pairs": 30, "eigenvalues": [5.274224312116006, -5.265344150565192]}, "11": {"diameter": 4, "conjugate_isogenous_pairs": 181, "eigenvalues": [6.533834194277528, -6.632091256917221]}}}