{"prime": 16057, "nodes": 1338, "minpoly": "x^2 + 16054*x + 7", "spine": 36, "undirected": true, "ell": {"2": {"diameter": 14, "conjugate_isogenous_pairs": 57, "eigenvalues": [2.8173916020097045, -2.8154111493575513]}, "3": {"diameter": 9, "conjugate_isogenous_pairs": 42, "eigenvalues": [3.4410488800591588, -3.462966628754284]}, "5": {"diameter": 6, "conjugate_isogenous_pairs": 70, "eigenvalues": [4.440135883923497, -4.450355327048067]}, "7": {"diameter": 6, "conjugate_isogenous_pairs": 103, "eigenvalues": [5.265463554249367, -5.241546008880972]}, "11": {"diameter": 5, "conjugate_isogenous_pairs": 121, "eigenvalues": [6.578367629851781, -6.571544272083263]}}}