{"prime": 3719, "nodes": 311, "minpoly": "x^2 + 3716*x + 7", "spine": 67, "undirected": false, "ell": {"2": {"diameter": 12, "conjugate_isogenous_pairs": 6, "eigenvalues": [2.823876826383704, -2.8089443134104903]}, "3": {"diameter": 8, "conjugate_isogenous_pairs": 10, "eigenvalues": [3.3946337691971493, -3.424969131059696]}, "5": {"diameter": 6, "conjugate_isogenous_pairs": 20, "eigenvalues": [4.331073567650765, -4.404118852473747]}, "7": {"diameter": 5, "conjugate_isogenous_pairs": 33, "eigenvalues": [5.281917546221336, -5.143112969559006]}, "11": {"diameter": 4, "conjugate_isogenous_pairs": 20, "eigenvalues": [6.552898259157294, -6.573683734588621]}}}