{"prime": 20117, "nodes": 1677, "minpoly": "x^2 + 20112*x + 2", "spine": 53, "undirected": false, "ell": {"2": {"diameter": 15, "conjugate_isogenous_pairs": 35, "eigenvalues": [2.8149108273324233, -2.826932445229897]}, "3": {"diameter": 10, "conjugate_isogenous_pairs": 73, "eigenvalues": [3.4590626756069653, -3.4547781978177285]}, "5": {"diameter": 7, "conjugate_isogenous_pairs": 39, "eigenvalues": [4.418734861757181, -4.467819144836062]}, "7": {"diameter": 6, "conjugate_isogenous_pairs": 193, "eigenvalues": [5.260421548549217, -5.280127558902645]}, "11": {"diameter": 5, "conjugate_isogenous_pairs": 112, "eigenvalues": [6.626523863242077, -6.571197772328708]}}}