{"prime": 7993, "nodes": 666, "minpoly": "x^2 + 7992*x + 5", "spine": 22, "undirected": true, "ell": {"2": {"diameter": 14, "conjugate_isogenous_pairs": 40, "eigenvalues": [2.819714170015719, -2.8127290951289545]}, "3": {"diameter": 8, "conjugate_isogenous_pairs": 30, "eigenvalues": [3.450886565107166, -3.4545507166399427]}, "5": {"diameter": 6, "conjugate_isogenous_pairs": 57, "eigenvalues": [4.468422701980755, -4.402712242226918]}, "7": {"diameter": 5, "conjugate_isogenous_pairs": 73, "eigenvalues": [5.2298571465412085, -5.218272780806573]}, "11": {"diameter": 4, "conjugate_isogenous_pairs": 101, "eigenvalues": [6.596157407182499, -6.577812984446119]}}}