{"prime": 1447, "nodes": 121, "minpoly": "x^2 + 1446*x + 3", "spine": 23, "undirected": false, "ell": {"2": {"diameter": 9, "conjugate_isogenous_pairs": 14, "eigenvalues": [2.8051564935991924, -2.821382355648204]}, "3": {"diameter": 7, "conjugate_isogenous_pairs": 11, "eigenvalues": [3.4627541418482175, -3.3798767310879576]}, "5": {"diameter": 5, "conjugate_isogenous_pairs": 16, "eigenvalues": [4.253858533327219, -4.333924362130696]}, "7": {"diameter": 4, "conjugate_isogenous_pairs": 12, "eigenvalues": [5.19018827370417, -5.127976157713308]}, "11": {"diameter": 4, "conjugate_isogenous_pairs": 21, "eigenvalues": [6.275442483044404, -6.467821106776169]}}}