{"prime": 22637, "nodes": 1887, "minpoly": "x^2 + 22631*x + 2", "spine": 93, "undirected": false, "ell": {"2": {"diameter": 15, "conjugate_isogenous_pairs": 28, "eigenvalues": [2.8252997681264076, -2.827844704414929]}, "3": {"diameter": 10, "conjugate_isogenous_pairs": 114, "eigenvalues": [3.462054095419597, -3.45836579509876]}, "5": {"diameter": 7, "conjugate_isogenous_pairs": 34, "eigenvalues": [4.466569766377677, -4.462854300595886]}, "7": {"diameter": 6, "conjugate_isogenous_pairs": 131, "eigenvalues": [5.283660090909041, -5.270521121409753]}, "11": {"diameter": 5, "conjugate_isogenous_pairs": 112, "eigenvalues": [6.551684520775641, -6.613455807887832]}}}