{"prime": 491, "nodes": 42, "minpoly": "x^2 + 487*x + 2", "spine": 18, "undirected": false, "ell": {"2": {"diameter": 8, "conjugate_isogenous_pairs": 2, "eigenvalues": [2.716353736761992, -2.7493598309207106]}, "3": {"diameter": 6, "conjugate_isogenous_pairs": 5, "eigenvalues": [3.3671987201754265, -3.4302328666600093]}, "5": {"diameter": 4, "conjugate_isogenous_pairs": 9, "eigenvalues": [4.141244057345269, -3.9585379228916584]}, "7": {"diameter": 4, "conjugate_isogenous_pairs": 5, "eigenvalues": [4.892180494894798, -5.133966916611428]}, "11": {"diameter": 3, "conjugate_isogenous_pairs": 7, "eigenvalues": [5.320894800872268, -5.899679862675045]}}}