{"prime": 19543, "nodes": 1629, "minpoly": "x^2 + 19542*x + 3", "spine": 65, "undirected": false, "ell": {"2": {"diameter": 15, "conjugate_isogenous_pairs": 56, "eigenvalues": [2.8133271243013493, -2.82083420478554]}, "3": {"diameter": 10, "conjugate_isogenous_pairs": 57, "eigenvalues": [3.4503851403801025, -3.4633306487536366]}, "5": {"diameter": 7, "conjugate_isogenous_pairs": 88, "eigenvalues": [4.45158629446766, -4.433580561715292]}, "7": {"diameter": 6, "conjugate_isogenous_pairs": 52, "eigenvalues": [5.25775094513352, -5.203551636106709]}, "11": {"diameter": 5, "conjugate_isogenous_pairs": 91, "eigenvalues": [6.5934471618903565, -6.606360736076936]}}}