{"prime": 26777, "nodes": 2232, "minpoly": "x^2 + 26771*x + 3", "spine": 54, "undirected": false, "ell": {"2": {"diameter": 15, "conjugate_isogenous_pairs": 38, "eigenvalues": [2.8220138832163055, -2.820478743045973]}, "3": {"diameter": 10, "conjugate_isogenous_pairs": 87, "eigenvalues": [3.4544844013215323, -3.4628776460906074]}, "5": {"diameter": 7, "conjugate_isogenous_pairs": 39, "eigenvalues": [4.448931518438991, -4.444490616606545]}, "7": {"diameter": 7, "conjugate_isogenous_pairs": 217, "eigenvalues": [5.25873721344984, -5.282060375928453]}, "11": {"diameter": 5, "conjugate_isogenous_pairs": 48, "eigenvalues": [6.620388640363195, -6.586838142131977]}}}