{"prime": 9967, "nodes": 831, "minpoly": "x^2 + 9965*x + 3", "spine": 39, "undirected": false, "ell": {"2": {"diameter": 13, "conjugate_isogenous_pairs": 43, "eigenvalues": [2.8255569226606068, -2.826121014306673]}, "3": {"diameter": 9, "conjugate_isogenous_pairs": 28, "eigenvalues": [3.4604507689648725, -3.4147321304707385]}, "5": {"diameter": 6, "conjugate_isogenous_pairs": 58, "eigenvalues": [4.4305854358059245, -4.409136847611796]}, "7": {"diameter": 5, "conjugate_isogenous_pairs": 37, "eigenvalues": [5.258842226902982, -5.236489355253676]}, "11": {"diameter": 4, "conjugate_isogenous_pairs": 64, "eigenvalues": [6.5864056586977044, -6.571226168658779]}}}