{"prime": 1801, "nodes": 150, "minpoly": "x^2 + 1796*x + 11", "spine": 14, "undirected": true, "ell": {"2": {"diameter": 9, "conjugate_isogenous_pairs": 12, "eigenvalues": [2.78625630129794, -2.765793057905251]}, "3": {"diameter": 7, "conjugate_isogenous_pairs": 15, "eigenvalues": [3.4083058580310746, -3.4194582612348756]}, "5": {"diameter": 5, "conjugate_isogenous_pairs": 26, "eigenvalues": [4.407428773807628, -4.292557900727365]}, "7": {"diameter": 4, "conjugate_isogenous_pairs": 22, "eigenvalues": [5.070085011031129, -5.141501127516317]}, "11": {"diameter": 3, "conjugate_isogenous_pairs": 41, "eigenvalues": [6.475261491907588, -6.446986775151266]}}}