{"prime": 233, "nodes": 20, "minpoly": "x^2 + 232*x + 3", "spine": 6, "undirected": false, "ell": {"2": {"diameter": 6, "conjugate_isogenous_pairs": 2, "eigenvalues": [2.4841941287909255, -2.5851175820167436]}, "3": {"diameter": 5, "conjugate_isogenous_pairs": 6, "eigenvalues": [3.366474095211071, -3.1662476554380565]}, "5": {"diameter": 4, "conjugate_isogenous_pairs": 4, "eigenvalues": [3.3753618462985058, -4.0061102047315185]}, "7": {"diameter": 3, "conjugate_isogenous_pairs": 7, "eigenvalues": [4.942116193181304, -4.388802226728733]}, "11": {"diameter": 3, "conjugate_isogenous_pairs": 4, "eigenvalues": [6.000000000000014, -4.565484287634566]}}}