{"prime": 11927, "nodes": 995, "minpoly": "x^2 + 11919*x + 5", "spine": 83, "undirected": false, "ell": {"2": {"diameter": 14, "conjugate_isogenous_pairs": 31, "eigenvalues": [2.8147151066675393, -2.8229424884962397]}, "3": {"diameter": 9, "conjugate_isogenous_pairs": 22, "eigenvalues": [3.445495912679555, -3.434880322243276]}, "5": {"diameter": 7, "conjugate_isogenous_pairs": 43, "eigenvalues": [4.467101109467014, -4.463936139811305]}, "7": {"diameter": 6, "conjugate_isogenous_pairs": 101, "eigenvalues": [5.2541896904230345, -5.188976212929741]}, "11": {"diameter": 5, "conjugate_isogenous_pairs": 51, "eigenvalues": [6.602357175521249, -6.566652591433709]}}}