{"prime": 14437, "nodes": 1203, "minpoly": "x^2 + 14432*x + 5", "spine": 25, "undirected": true, "ell": {"2": {"diameter": 15, "conjugate_isogenous_pairs": 70, "eigenvalues": [2.8098527094810515, -2.822498824650236]}, "3": {"diameter": 9, "conjugate_isogenous_pairs": 47, "eigenvalues": [3.46179115702159, -3.446554849489355]}, "5": {"diameter": 6, "conjugate_isogenous_pairs": 61, "eigenvalues": [4.442579898899757, -4.457125500694991]}, "7": {"diameter": 5, "conjugate_isogenous_pairs": 62, "eigenvalues": [5.255602127585853, -5.1785746979255505]}, "11": {"diameter": 5, "conjugate_isogenous_pairs": 158, "eigenvalues": [6.49210778167054, -6.602539509366084]}}}