{"prime": 6067, "nodes": 506, "minpoly": "x^2 + 6066*x + 2", "spine": 30, "undirected": false, "ell": {"2": {"diameter": 13, "conjugate_isogenous_pairs": 34, "eigenvalues": [2.8216763115301196, -2.7997368464233183]}, "3": {"diameter": 8, "conjugate_isogenous_pairs": 24, "eigenvalues": [3.4244442146006167, -3.4310651388330395]}, "5": {"diameter": 6, "conjugate_isogenous_pairs": 66, "eigenvalues": [4.439203836406035, -4.394424263735226]}, "7": {"diameter": 5, "conjugate_isogenous_pairs": 26, "eigenvalues": [5.278520680759963, -5.18819795802371]}, "11": {"diameter": 4, "conjugate_isogenous_pairs": 48, "eigenvalues": [6.575361705323663, -6.375181397341981]}}}