{"prime": 15307, "nodes": 1276, "minpoly": "x^2 + 15306*x + 3", "spine": 46, "undirected": false, "ell": {"2": {"diameter": 14, "conjugate_isogenous_pairs": 45, "eigenvalues": [2.8272573375174845, -2.801681550885532]}, "3": {"diameter": 9, "conjugate_isogenous_pairs": 30, "eigenvalues": [3.4640615322127, -3.439477574056914]}, "5": {"diameter": 7, "conjugate_isogenous_pairs": 148, "eigenvalues": [4.461095007551647, -4.417783318804041]}, "7": {"diameter": 5, "conjugate_isogenous_pairs": 53, "eigenvalues": [5.239485974003323, -5.250708696839972]}, "11": {"diameter": 5, "conjugate_isogenous_pairs": 119, "eigenvalues": [6.573024793393889, -6.624066561233943]}}}