{"prime": 18793, "nodes": 1566, "minpoly": "x^2 + 18792*x + 5", "spine": 32, "undirected": true, "ell": {"2": {"diameter": 15, "conjugate_isogenous_pairs": 69, "eigenvalues": [2.8090505878026466, -2.8261946698608096]}, "3": {"diameter": 9, "conjugate_isogenous_pairs": 47, "eigenvalues": [3.4517887210188913, -3.4420032113312504]}, "5": {"diameter": 7, "conjugate_isogenous_pairs": 58, "eigenvalues": [4.430559943980363, -4.470233393559736]}, "7": {"diameter": 6, "conjugate_isogenous_pairs": 133, "eigenvalues": [5.2625522533863425, -5.268695229400803]}, "11": {"diameter": 5, "conjugate_isogenous_pairs": 143, "eigenvalues": [6.624059840716642, -6.608858084162625]}}}