{"prime": 9871, "nodes": 823, "minpoly": "x^2 + 9869*x + 3", "spine": 49, "undirected": false, "ell": {"2": {"diameter": 13, "conjugate_isogenous_pairs": 25, "eigenvalues": [2.7987582908993884, -2.817362199373635]}, "3": {"diameter": 9, "conjugate_isogenous_pairs": 20, "eigenvalues": [3.437793522358514, -3.4300582677086227]}, "5": {"diameter": 7, "conjugate_isogenous_pairs": 84, "eigenvalues": [4.434752013353875, -4.449991170648611]}, "7": {"diameter": 5, "conjugate_isogenous_pairs": 32, "eigenvalues": [5.248963526749258, -5.284071672902481]}, "11": {"diameter": 4, "conjugate_isogenous_pairs": 79, "eigenvalues": [6.555305796981135, -6.537236599614979]}}}