{"prime": 103, "nodes": 9, "minpoly": "x^2 + 102*x + 5", "spine": 5, "undirected": false, "ell": {"2": {"diameter": 5, "conjugate_isogenous_pairs": 2, "eigenvalues": [2.782121618605855, -2.6180339887498962]}, "3": {"diameter": 4, "conjugate_isogenous_pairs": 2, "eigenvalues": [3.013623722963258, -2.7752443284108597]}, "5": {"diameter": 3, "conjugate_isogenous_pairs": 2, "eigenvalues": [3.0683074167346533, -3.15862961247627]}, "7": {"diameter": 2, "conjugate_isogenous_pairs": 2, "eigenvalues": [3.2499995501441017, -3.9646815230387276]}, "11": {"diameter": 2, "conjugate_isogenous_pairs": 2, "eigenvalues": [4.823172976193919, -4.171225830498818]}}}