{"prime": 29437, "nodes": 2453, "minpoly": "x^2 + 29433*x + 2", "spine": 21, "undirected": true, "ell": {"2": {"diameter": 15, "conjugate_isogenous_pairs": 86, "eigenvalues": [2.821971558745275, -2.8153805776510943]}, "3": {"diameter": 10, "conjugate_isogenous_pairs": 146, "eigenvalues": [3.4368797459342346, -3.4623779683913236]}, "5": {"diameter": 7, "conjugate_isogenous_pairs": 103, "eigenvalues": [4.443055857045348, -4.462520191519738]}, "7": {"diameter": 6, "conjugate_isogenous_pairs": 109, "eigenvalues": [5.245489445838729, -5.23839430376126]}, "11": {"diameter": 5, "conjugate_isogenous_pairs": 196, "eigenvalues": [6.631825757649121, -6.613552584247934]}}}