{"prime": 15727, "nodes": 1311, "minpoly": "x^2 + 15726*x + 3", "spine": 73, "undirected": false, "ell": {"2": {"diameter": 14, "conjugate_isogenous_pairs": 47, "eigenvalues": [2.8142419041240054, -2.8200624412657525]}, "3": {"diameter": 9, "conjugate_isogenous_pairs": 35, "eigenvalues": [3.450019653186809, -3.4548501189551133]}, "5": {"diameter": 7, "conjugate_isogenous_pairs": 76, "eigenvalues": [4.470772257431845, -4.4179288060780335]}, "7": {"diameter": 5, "conjugate_isogenous_pairs": 43, "eigenvalues": [5.2549717417871475, -5.274167520764882]}, "11": {"diameter": 5, "conjugate_isogenous_pairs": 74, "eigenvalues": [6.604903874881004, -6.565409786101261]}}}