{"prime": 21523, "nodes": 1794, "minpoly": "x^2 + 21522*x + 2", "spine": 50, "undirected": false, "ell": {"2": {"diameter": 14, "conjugate_isogenous_pairs": 71, "eigenvalues": [2.827916374956256, -2.8256512354081997]}, "3": {"diameter": 10, "conjugate_isogenous_pairs": 42, "eigenvalues": [3.459538236789391, -3.4505148948373123]}, "5": {"diameter": 7, "conjugate_isogenous_pairs": 161, "eigenvalues": [4.428668228262924, -4.470184201626436]}, "7": {"diameter": 6, "conjugate_isogenous_pairs": 59, "eigenvalues": [5.276321698738077, -5.268171316494901]}, "11": {"diameter": 5, "conjugate_isogenous_pairs": 112, "eigenvalues": [6.537279384810011, -6.577214744430049]}}}