{"prime": 3343, "nodes": 279, "minpoly": "x^2 + 3342*x + 5", "spine": 19, "undirected": false, "ell": {"2": {"diameter": 11, "conjugate_isogenous_pairs": 16, "eigenvalues": [2.808450954598902, -2.8003661386122394]}, "3": {"diameter": 8, "conjugate_isogenous_pairs": 20, "eigenvalues": [3.4195279967792374, -3.441235585622454]}, "5": {"diameter": 6, "conjugate_isogenous_pairs": 56, "eigenvalues": [4.437572147344952, -4.406897794568334]}, "7": {"diameter": 5, "conjugate_isogenous_pairs": 26, "eigenvalues": [5.270006962774441, -5.103683415883814]}, "11": {"diameter": 4, "conjugate_isogenous_pairs": 36, "eigenvalues": [6.598192060359646, -6.607049295055452]}}}