{"prime": 11621, "nodes": 969, "minpoly": "x^2 + 11617*x + 2", "spine": 51, "undirected": false, "ell": {"2": {"diameter": 13, "conjugate_isogenous_pairs": 11, "eigenvalues": [2.818016495839077, -2.8143915015021896]}, "3": {"diameter": 9, "conjugate_isogenous_pairs": 52, "eigenvalues": [3.4312209065282935, -3.422158080220044]}, "5": {"diameter": 6, "conjugate_isogenous_pairs": 35, "eigenvalues": [4.4340241831966285, -4.427334358680152]}, "7": {"diameter": 6, "conjugate_isogenous_pairs": 83, "eigenvalues": [5.2597241599863, -5.272988658923461]}, "11": {"diameter": 5, "conjugate_isogenous_pairs": 92, "eigenvalues": [6.5493635836172315, -6.5287779207024625]}}}