{"prime": 20921, "nodes": 1744, "minpoly": "x^2 + 20915*x + 3", "spine": 118, "undirected": false, "ell": {"2": {"diameter": 15, "conjugate_isogenous_pairs": 19, "eigenvalues": [2.826424808831089, -2.8225805576832146]}, "3": {"diameter": 10, "conjugate_isogenous_pairs": 52, "eigenvalues": [3.444019522610194, -3.4480096580598287]}, "5": {"diameter": 7, "conjugate_isogenous_pairs": 34, "eigenvalues": [4.46534746142641, -4.449930111504007]}, "7": {"diameter": 6, "conjugate_isogenous_pairs": 140, "eigenvalues": [5.259734277974725, -5.214359515162705]}, "11": {"diameter": 5, "conjugate_isogenous_pairs": 115, "eigenvalues": [6.614469212416757, -6.617693114445457]}}}