{"prime": 1319, "nodes": 111, "minpoly": "x^2 + 1316*x + 13", "spine": 45, "undirected": false, "ell": {"2": {"diameter": 10, "conjugate_isogenous_pairs": 3, "eigenvalues": [2.823376893985137, -2.7737211717452266]}, "3": {"diameter": 7, "conjugate_isogenous_pairs": 3, "eigenvalues": [3.34792282217789, -3.425771119888776]}, "5": {"diameter": 5, "conjugate_isogenous_pairs": 11, "eigenvalues": [4.301957260736225, -4.312436973884098]}, "7": {"diameter": 4, "conjugate_isogenous_pairs": 14, "eigenvalues": [5.15058560763111, -5.13594531053743]}, "11": {"diameter": 4, "conjugate_isogenous_pairs": 17, "eigenvalues": [6.236067977499762, -6.2098920997064795]}}}