{"prime": 6553, "nodes": 546, "minpoly": "x^2 + 6550*x + 10", "spine": 18, "undirected": true, "ell": {"2": {"diameter": 12, "conjugate_isogenous_pairs": 31, "eigenvalues": [2.806853945403943, -2.805354389324002]}, "3": {"diameter": 8, "conjugate_isogenous_pairs": 53, "eigenvalues": [3.4373219741712857, -3.449193029470055]}, "5": {"diameter": 6, "conjugate_isogenous_pairs": 43, "eigenvalues": [4.439845312652846, -4.404102979346542]}, "7": {"diameter": 5, "conjugate_isogenous_pairs": 50, "eigenvalues": [5.170100902883387, -5.24880213617205]}, "11": {"diameter": 4, "conjugate_isogenous_pairs": 48, "eigenvalues": [6.415796506617079, -6.53466423112674]}}}