{"prime": 14281, "nodes": 1190, "minpoly": "x^2 + 14268*x + 19", "spine": 36, "undirected": true, "ell": {"2": {"diameter": 13, "conjugate_isogenous_pairs": 37, "eigenvalues": [2.8264654537124523, -2.811781135645133]}, "3": {"diameter": 9, "conjugate_isogenous_pairs": 32, "eigenvalues": [3.4459154924094557, -3.446621897421062]}, "5": {"diameter": 6, "conjugate_isogenous_pairs": 60, "eigenvalues": [4.467016662685953, -4.46234895694267]}, "7": {"diameter": 5, "conjugate_isogenous_pairs": 82, "eigenvalues": [5.286612047068801, -5.2195594764977775]}, "11": {"diameter": 5, "conjugate_isogenous_pairs": 149, "eigenvalues": [6.604922011987113, -6.598462702772504]}}}