{"prime": 1747, "nodes": 146, "minpoly": "x^2 + 1743*x + 2", "spine": 10, "undirected": false, "ell": {"2": {"diameter": 10, "conjugate_isogenous_pairs": 18, "eigenvalues": [2.816017159334809, -2.8130114133068385]}, "3": {"diameter": 6, "conjugate_isogenous_pairs": 10, "eigenvalues": [3.4469886105240555, -3.3218552532852765]}, "5": {"diameter": 5, "conjugate_isogenous_pairs": 42, "eigenvalues": [4.41387665722592, -4.378489886169803]}, "7": {"diameter": 4, "conjugate_isogenous_pairs": 16, "eigenvalues": [4.960797618752688, -4.870252804540859]}, "11": {"diameter": 4, "conjugate_isogenous_pairs": 18, "eigenvalues": [6.45095944261618, -6.325940964334169]}}}