{"prime": 28603, "nodes": 2384, "minpoly": "x^2 + 28599*x + 2", "spine": 50, "undirected": false, "ell": {"2": {"diameter": 14, "conjugate_isogenous_pairs": 63, "eigenvalues": [2.815389713365338, -2.8273666652733307]}, "3": {"diameter": 9, "conjugate_isogenous_pairs": 48, "eigenvalues": [3.4492194066771624, -3.4573664158151285]}, "5": {"diameter": 7, "conjugate_isogenous_pairs": 177, "eigenvalues": [4.46097511950543, -4.444516538475124]}, "7": {"diameter": 6, "conjugate_isogenous_pairs": 70, "eigenvalues": [5.2704639036688405, -5.226525014733565]}, "11": {"diameter": 5, "conjugate_isogenous_pairs": 81, "eigenvalues": [6.613899317502847, -6.573806741055304]}}}