{"prime": 15377, "nodes": 1282, "minpoly": "x^2 + 15372*x + 3", "spine": 62, "undirected": false, "ell": {"2": {"diameter": 14, "conjugate_isogenous_pairs": 28, "eigenvalues": [2.8194402413861965, -2.8230095856157296]}, "3": {"diameter": 10, "conjugate_isogenous_pairs": 39, "eigenvalues": [3.4576476873618174, -3.4432052849967496]}, "5": {"diameter": 7, "conjugate_isogenous_pairs": 36, "eigenvalues": [4.405213091001211, -4.446577594232245]}, "7": {"diameter": 6, "conjugate_isogenous_pairs": 155, "eigenvalues": [5.249581895842636, -5.223749595699874]}, "11": {"diameter": 5, "conjugate_isogenous_pairs": 59, "eigenvalues": [6.542106730195516, -6.597626989968829]}}}