{"prime": 4877, "nodes": 407, "minpoly": "x^2 + 4876*x + 2", "spine": 33, "undirected": false, "ell": {"2": {"diameter": 12, "conjugate_isogenous_pairs": 16, "eigenvalues": [2.8135758262922463, -2.783181841147104]}, "3": {"diameter": 8, "conjugate_isogenous_pairs": 25, "eigenvalues": [3.4482213988450003, -3.3865852846230062]}, "5": {"diameter": 6, "conjugate_isogenous_pairs": 17, "eigenvalues": [4.435828305009913, -4.317193113376346]}, "7": {"diameter": 5, "conjugate_isogenous_pairs": 73, "eigenvalues": [5.229414563296809, -5.1516790363923395]}, "11": {"diameter": 4, "conjugate_isogenous_pairs": 54, "eigenvalues": [6.377613545159206, -6.509529599561466]}}}