{"prime": 4729, "nodes": 394, "minpoly": "x^2 + 4718*x + 17", "spine": 20, "undirected": true, "ell": {"2": {"diameter": 11, "conjugate_isogenous_pairs": 17, "eigenvalues": [2.8220094561917213, -2.817383597126744]}, "3": {"diameter": 8, "conjugate_isogenous_pairs": 35, "eigenvalues": [3.4152020302457693, -3.412856008353531]}, "5": {"diameter": 6, "conjugate_isogenous_pairs": 35, "eigenvalues": [4.429322025638602, -4.445936325188714]}, "7": {"diameter": 5, "conjugate_isogenous_pairs": 30, "eigenvalues": [5.164339667606461, -5.241994268950004]}, "11": {"diameter": 4, "conjugate_isogenous_pairs": 69, "eigenvalues": [6.487011723962716, -6.534758587973038]}}}