{"prime": 12697, "nodes": 1058, "minpoly": "x^2 + 12690*x + 7", "spine": 22, "undirected": true, "ell": {"2": {"diameter": 13, "conjugate_isogenous_pairs": 56, "eigenvalues": [2.8271303247403643, -2.8272364529733407]}, "3": {"diameter": 9, "conjugate_isogenous_pairs": 39, "eigenvalues": [3.435341986401111, -3.460917129050844]}, "5": {"diameter": 6, "conjugate_isogenous_pairs": 45, "eigenvalues": [4.386554215858391, -4.42078477792923]}, "7": {"diameter": 5, "conjugate_isogenous_pairs": 71, "eigenvalues": [5.273421430722934, -5.239100135432722]}, "11": {"diameter": 4, "conjugate_isogenous_pairs": 99, "eigenvalues": [6.54730396126388, -6.562347006870152]}}}