{"prime": 2591, "nodes": 217, "minpoly": "x^2 + 2589*x + 7", "spine": 57, "undirected": false, "ell": {"2": {"diameter": 11, "conjugate_isogenous_pairs": 5, "eigenvalues": [2.7894140388577173, -2.814691055744235]}, "3": {"diameter": 8, "conjugate_isogenous_pairs": 17, "eigenvalues": [3.435777026103392, -3.4449676685258277]}, "5": {"diameter": 6, "conjugate_isogenous_pairs": 16, "eigenvalues": [4.281992871982085, -4.401626326510249]}, "7": {"diameter": 5, "conjugate_isogenous_pairs": 15, "eigenvalues": [5.207553102644626, -5.215881848962511]}, "11": {"diameter": 4, "conjugate_isogenous_pairs": 18, "eigenvalues": [6.405619263255608, -6.3247086935343315]}}}