{"prime": 19319, "nodes": 1611, "minpoly": "x^2 + 19318*x + 11", "spine": 195, "undirected": false, "ell": {"2": {"diameter": 15, "conjugate_isogenous_pairs": 23, "eigenvalues": [2.8213689389055263, -2.8177604938943057]}, "3": {"diameter": 10, "conjugate_isogenous_pairs": 24, "eigenvalues": [3.456649957758859, -3.4542212381509074]}, "5": {"diameter": 7, "conjugate_isogenous_pairs": 44, "eigenvalues": [4.467887358595938, -4.413367703693334]}, "7": {"diameter": 6, "conjugate_isogenous_pairs": 63, "eigenvalues": [5.2808194402199184, -5.264280991051617]}, "11": {"diameter": 5, "conjugate_isogenous_pairs": 71, "eigenvalues": [6.625288829348828, -6.616517983460542]}}}