{"prime": 17971, "nodes": 1498, "minpoly": "x^2 + 17970*x + 3", "spine": 42, "undirected": false, "ell": {"2": {"diameter": 14, "conjugate_isogenous_pairs": 31, "eigenvalues": [2.822568794039608, -2.8193114030332613]}, "3": {"diameter": 9, "conjugate_isogenous_pairs": 34, "eigenvalues": [3.458371193146452, -3.447203382506994]}, "5": {"diameter": 7, "conjugate_isogenous_pairs": 177, "eigenvalues": [4.4240128539492085, -4.436368910711996]}, "7": {"diameter": 6, "conjugate_isogenous_pairs": 42, "eigenvalues": [5.22784332488824, -5.249796041872136]}, "11": {"diameter": 5, "conjugate_isogenous_pairs": 126, "eigenvalues": [6.54773873575077, -6.570516522601067]}}}