{"prime": 11839, "nodes": 987, "minpoly": "x^2 + 11837*x + 3", "spine": 61, "undirected": false, "ell": {"2": {"diameter": 13, "conjugate_isogenous_pairs": 23, "eigenvalues": [2.8222917443445974, -2.8268306381950343]}, "3": {"diameter": 9, "conjugate_isogenous_pairs": 30, "eigenvalues": [3.449643506868469, -3.4547826240490016]}, "5": {"diameter": 7, "conjugate_isogenous_pairs": 88, "eigenvalues": [4.4366261881847, -4.417301415954542]}, "7": {"diameter": 5, "conjugate_isogenous_pairs": 28, "eigenvalues": [5.249474914677436, -5.279121518965962]}, "11": {"diameter": 5, "conjugate_isogenous_pairs": 87, "eigenvalues": [6.506096475721544, -6.631525814428933]}}}