{"prime": 17431, "nodes": 1453, "minpoly": "x^2 + 17430*x + 3", "spine": 71, "undirected": false, "ell": {"2": {"diameter": 14, "conjugate_isogenous_pairs": 26, "eigenvalues": [2.819632169965511, -2.816608958616808]}, "3": {"diameter": 10, "conjugate_isogenous_pairs": 43, "eigenvalues": [3.4539635271411604, -3.441119563140607]}, "5": {"diameter": 7, "conjugate_isogenous_pairs": 113, "eigenvalues": [4.45528626583153, -4.421746243656931]}, "7": {"diameter": 6, "conjugate_isogenous_pairs": 35, "eigenvalues": [5.25679886442877, -5.208605842853871]}, "11": {"diameter": 5, "conjugate_isogenous_pairs": 133, "eigenvalues": [6.555171370612855, -6.563550470461605]}}}