{"prime": 5741, "nodes": 479, "minpoly": "x^2 + 5736*x + 2", "spine": 47, "undirected": false, "ell": {"2": {"diameter": 13, "conjugate_isogenous_pairs": 8, "eigenvalues": [2.8198105590005342, -2.8119706454886235]}, "3": {"diameter": 9, "conjugate_isogenous_pairs": 35, "eigenvalues": [3.4469636106301165, -3.433999961747777]}, "5": {"diameter": 6, "conjugate_isogenous_pairs": 31, "eigenvalues": [4.422780149464356, -4.4224314904966775]}, "7": {"diameter": 5, "conjugate_isogenous_pairs": 49, "eigenvalues": [5.229906127781155, -5.25425901677177]}, "11": {"diameter": 4, "conjugate_isogenous_pairs": 62, "eigenvalues": [6.548105916438383, -6.481565931173249]}}}