{"prime": 26387, "nodes": 2200, "minpoly": "x^2 + 26382*x + 2", "spine": 70, "undirected": false, "ell": {"2": {"diameter": 15, "conjugate_isogenous_pairs": 26, "eigenvalues": [2.82375907797286, -2.8262061100235276]}, "3": {"diameter": 10, "conjugate_isogenous_pairs": 69, "eigenvalues": [3.4588181162422686, -3.4522965587652115]}, "5": {"diameter": 7, "conjugate_isogenous_pairs": 95, "eigenvalues": [4.44947249488372, -4.462627318825606]}, "7": {"diameter": 6, "conjugate_isogenous_pairs": 153, "eigenvalues": [5.253841269136468, -5.282859023030542]}, "11": {"diameter": 5, "conjugate_isogenous_pairs": 53, "eigenvalues": [6.563514057789618, -6.620755366517471]}}}