{"prime": 10061, "nodes": 839, "minpoly": "x^2 + 10059*x + 3", "spine": 71, "undirected": false, "ell": {"2": {"diameter": 13, "conjugate_isogenous_pairs": 10, "eigenvalues": [2.8130163079827466, -2.80856837445651]}, "3": {"diameter": 9, "conjugate_isogenous_pairs": 61, "eigenvalues": [3.447959883236803, -3.452953396910015]}, "5": {"diameter": 6, "conjugate_isogenous_pairs": 30, "eigenvalues": [4.4256282361149, -4.415343309600577]}, "7": {"diameter": 6, "conjugate_isogenous_pairs": 58, "eigenvalues": [5.263493889690663, -5.275837401390578]}, "11": {"diameter": 5, "conjugate_isogenous_pairs": 87, "eigenvalues": [6.597315724232004, -6.6107395650863126]}}}