{"prime": 3221, "nodes": 269, "minpoly": "x^2 + 3211*x + 10", "spine": 31, "undirected": false, "ell": {"2": {"diameter": 11, "conjugate_isogenous_pairs": 7, "eigenvalues": [2.8210173022396012, -2.819172836656665]}, "3": {"diameter": 8, "conjugate_isogenous_pairs": 24, "eigenvalues": [3.4147226667795647, -3.4527756365131976]}, "5": {"diameter": 6, "conjugate_isogenous_pairs": 15, "eigenvalues": [4.346952959828083, -4.443113476185206]}, "7": {"diameter": 5, "conjugate_isogenous_pairs": 24, "eigenvalues": [5.269041525451841, -5.238186758394915]}, "11": {"diameter": 4, "conjugate_isogenous_pairs": 41, "eigenvalues": [6.536351567911773, -6.42767830000529]}}}