{"prime": 21961, "nodes": 1830, "minpoly": "x^2 + 21960*x + 17", "spine": 34, "undirected": true, "ell": {"2": {"diameter": 14, "conjugate_isogenous_pairs": 44, "eigenvalues": [2.8268534482562795, -2.8225629416090485]}, "3": {"diameter": 9, "conjugate_isogenous_pairs": 64, "eigenvalues": [3.4451213965925147, -3.4388153239516037]}, "5": {"diameter": 7, "conjugate_isogenous_pairs": 89, "eigenvalues": [4.428470422924024, -4.445885817694004]}, "7": {"diameter": 6, "conjugate_isogenous_pairs": 63, "eigenvalues": [5.264849676797662, -5.2669946788702555]}, "11": {"diameter": 5, "conjugate_isogenous_pairs": 129, "eigenvalues": [6.587097649619315, -6.581656386152297]}}}