{"prime": 3371, "nodes": 282, "minpoly": "x^2 + 3366*x + 2", "spine": 42, "undirected": false, "ell": {"2": {"diameter": 12, "conjugate_isogenous_pairs": 6, "eigenvalues": [2.8064635415204937, -2.8201513387287753]}, "3": {"diameter": 8, "conjugate_isogenous_pairs": 14, "eigenvalues": [3.409967060142311, -3.368850097255564]}, "5": {"diameter": 6, "conjugate_isogenous_pairs": 37, "eigenvalues": [4.377472791309779, -4.39955290626301]}, "7": {"diameter": 5, "conjugate_isogenous_pairs": 32, "eigenvalues": [5.17687626708012, -5.237092711439159]}, "11": {"diameter": 4, "conjugate_isogenous_pairs": 23, "eigenvalues": [6.343438992146863, -6.527864029685094]}}}