{"prime": 11743, "nodes": 979, "minpoly": "x^2 + 11742*x + 3", "spine": 39, "undirected": false, "ell": {"2": {"diameter": 13, "conjugate_isogenous_pairs": 38, "eigenvalues": [2.8129626496026594, -2.8151657350864556]}, "3": {"diameter": 9, "conjugate_isogenous_pairs": 52, "eigenvalues": [3.4346908995619314, -3.4518198324927027]}, "5": {"diameter": 7, "conjugate_isogenous_pairs": 75, "eigenvalues": [4.469944426514322, -4.467833095040829]}, "7": {"diameter": 5, "conjugate_isogenous_pairs": 31, "eigenvalues": [5.279634590584057, -5.242691060484583]}, "11": {"diameter": 4, "conjugate_isogenous_pairs": 52, "eigenvalues": [6.554309953827151, -6.554985388404108]}}}