{"prime": 16931, "nodes": 1412, "minpoly": "x^2 + 16930*x + 2", "spine": 138, "undirected": false, "ell": {"2": {"diameter": 15, "conjugate_isogenous_pairs": 18, "eigenvalues": [2.8169415991523694, -2.8208568402142578]}, "3": {"diameter": 10, "conjugate_isogenous_pairs": 21, "eigenvalues": [3.4513703580284396, -3.4334000088123204]}, "5": {"diameter": 7, "conjugate_isogenous_pairs": 72, "eigenvalues": [4.427096618171568, -4.440792548179779]}, "7": {"diameter": 6, "conjugate_isogenous_pairs": 57, "eigenvalues": [5.256133802341875, -5.270938475769653]}, "11": {"diameter": 5, "conjugate_isogenous_pairs": 72, "eigenvalues": [6.595782134534932, -6.545361130631011]}}}