{"prime": 14029, "nodes": 1169, "minpoly": "x^2 + 14028*x + 6", "spine": 27, "undirected": true, "ell": {"2": {"diameter": 13, "conjugate_isogenous_pairs": 42, "eigenvalues": [2.825534010845723, -2.825124698444781]}, "3": {"diameter": 9, "conjugate_isogenous_pairs": 54, "eigenvalues": [3.446336684463935, -3.4493935298458593]}, "5": {"diameter": 6, "conjugate_isogenous_pairs": 62, "eigenvalues": [4.412257696487724, -4.436305279711442]}, "7": {"diameter": 5, "conjugate_isogenous_pairs": 47, "eigenvalues": [5.225121380939838, -5.264192222266375]}, "11": {"diameter": 5, "conjugate_isogenous_pairs": 152, "eigenvalues": [6.587329900914825, -6.594219938868399]}}}