{"prime": 29333, "nodes": 2445, "minpoly": "x^2 + 29332*x + 2", "spine": 77, "undirected": false, "ell": {"2": {"diameter": 15, "conjugate_isogenous_pairs": 43, "eigenvalues": [2.825038183417473, -2.8274254107241124]}, "3": {"diameter": 10, "conjugate_isogenous_pairs": 98, "eigenvalues": [3.4474994740734366, -3.4336959206411706]}, "5": {"diameter": 7, "conjugate_isogenous_pairs": 41, "eigenvalues": [4.459573741363648, -4.455765865922277]}, "7": {"diameter": 6, "conjugate_isogenous_pairs": 153, "eigenvalues": [5.2859390232903465, -5.272251505176682]}, "11": {"diameter": 5, "conjugate_isogenous_pairs": 134, "eigenvalues": [6.602585019464574, -6.619744175791924]}}}