{"prime": 26423, "nodes": 2203, "minpoly": "x^2 + 26422*x + 5", "spine": 137, "undirected": false, "ell": {"2": {"diameter": 15, "conjugate_isogenous_pairs": 45, "eigenvalues": [2.8172491758079037, -2.823358027937933]}, "3": {"diameter": 10, "conjugate_isogenous_pairs": 40, "eigenvalues": [3.456679498547977, -3.461831546692029]}, "5": {"diameter": 7, "conjugate_isogenous_pairs": 59, "eigenvalues": [4.4590871804547705, -4.457873359969348]}, "7": {"diameter": 6, "conjugate_isogenous_pairs": 168, "eigenvalues": [5.256882793681873, -5.238285394785958]}, "11": {"diameter": 5, "conjugate_isogenous_pairs": 67, "eigenvalues": [6.623334185395877, -6.610660312682702]}}}