{"prime": 19963, "nodes": 1664, "minpoly": "x^2 + 19962*x + 2", "spine": 34, "undirected": false, "ell": {"2": {"diameter": 14, "conjugate_isogenous_pairs": 86, "eigenvalues": [2.823799342318793, -2.8257639966965318]}, "3": {"diameter": 9, "conjugate_isogenous_pairs": 43, "eigenvalues": [3.4531743952013323, -3.441390114887991]}, "5": {"diameter": 7, "conjugate_isogenous_pairs": 142, "eigenvalues": [4.438607329704522, -4.448776618803642]}, "7": {"diameter": 6, "conjugate_isogenous_pairs": 71, "eigenvalues": [5.284220446545934, -5.277678640342295]}, "11": {"diameter": 5, "conjugate_isogenous_pairs": 109, "eigenvalues": [6.502950403836771, -6.582465105978512]}}}