{"prime": 23993, "nodes": 2000, "minpoly": "x^2 + 23985*x + 3", "spine": 62, "undirected": false, "ell": {"2": {"diameter": 14, "conjugate_isogenous_pairs": 24, "eigenvalues": [2.816324965513061, -2.8230546943090276]}, "3": {"diameter": 10, "conjugate_isogenous_pairs": 74, "eigenvalues": [3.4440370755566754, -3.4561562622733084]}, "5": {"diameter": 7, "conjugate_isogenous_pairs": 68, "eigenvalues": [4.4379969999346525, -4.459110791303011]}, "7": {"diameter": 6, "conjugate_isogenous_pairs": 245, "eigenvalues": [5.279168611519618, -5.288315733585412]}, "11": {"diameter": 5, "conjugate_isogenous_pairs": 62, "eigenvalues": [6.586647909701574, -6.6185776548311415]}}}