{"prime": 1381, "nodes": 115, "minpoly": "x^2 + 1377*x + 2", "spine": 13, "undirected": true, "ell": {"2": {"diameter": 9, "conjugate_isogenous_pairs": 6, "eigenvalues": [2.7321410153664667, -2.8023384767349757]}, "3": {"diameter": 6, "conjugate_isogenous_pairs": 19, "eigenvalues": [3.4348508050841753, -3.3493008930843273]}, "5": {"diameter": 5, "conjugate_isogenous_pairs": 20, "eigenvalues": [4.3991050304228105, -4.381963974303819]}, "7": {"diameter": 4, "conjugate_isogenous_pairs": 11, "eigenvalues": [5.245446864482488, -5.176731395745391]}, "11": {"diameter": 3, "conjugate_isogenous_pairs": 38, "eigenvalues": [5.886348668646341, -6.39567849472844]}}}