{"prime": 18503, "nodes": 1543, "minpoly": "x^2 + 18501*x + 5", "spine": 93, "undirected": false, "ell": {"2": {"diameter": 14, "conjugate_isogenous_pairs": 24, "eigenvalues": [2.8276208113434014, -2.8220920088076085]}, "3": {"diameter": 10, "conjugate_isogenous_pairs": 57, "eigenvalues": [3.4532158503825294, -3.449812824012768]}, "5": {"diameter": 7, "conjugate_isogenous_pairs": 52, "eigenvalues": [4.455708799577402, -4.4707951052749095]}, "7": {"diameter": 6, "conjugate_isogenous_pairs": 111, "eigenvalues": [5.241784047311363, -5.263086103430983]}, "11": {"diameter": 5, "conjugate_isogenous_pairs": 34, "eigenvalues": [6.606736567747495, -6.581508587923469]}}}