{"prime": 4637, "nodes": 387, "minpoly": "x^2 + 4631*x + 2", "spine": 39, "undirected": false, "ell": {"2": {"diameter": 13, "conjugate_isogenous_pairs": 17, "eigenvalues": [2.8187069053215854, -2.8189541448098914]}, "3": {"diameter": 9, "conjugate_isogenous_pairs": 50, "eigenvalues": [3.441833329433939, -3.4461030640584114]}, "5": {"diameter": 6, "conjugate_isogenous_pairs": 13, "eigenvalues": [4.406350050330977, -4.40144966518004]}, "7": {"diameter": 5, "conjugate_isogenous_pairs": 37, "eigenvalues": [5.277421264930635, -5.2632846602874634]}, "11": {"diameter": 4, "conjugate_isogenous_pairs": 32, "eigenvalues": [6.474250665358554, -6.56206059569354]}}}