{"prime": 2531, "nodes": 212, "minpoly": "x^2 + 2527*x + 2", "spine": 34, "undirected": false, "ell": {"2": {"diameter": 11, "conjugate_isogenous_pairs": 7, "eigenvalues": [2.8034611004036973, -2.822431896052925]}, "3": {"diameter": 8, "conjugate_isogenous_pairs": 12, "eigenvalues": [3.351417599427341, -3.3956356540403383]}, "5": {"diameter": 6, "conjugate_isogenous_pairs": 18, "eigenvalues": [4.447673460593676, -4.455817686488671]}, "7": {"diameter": 5, "conjugate_isogenous_pairs": 17, "eigenvalues": [5.169918661683253, -4.97362147335127]}, "11": {"diameter": 4, "conjugate_isogenous_pairs": 22, "eigenvalues": [6.622945418718338, -6.255061850663411]}}}