{"prime": 5857, "nodes": 488, "minpoly": "x^2 + 5850*x + 7", "spine": 18, "undirected": true, "ell": {"2": {"diameter": 12, "conjugate_isogenous_pairs": 47, "eigenvalues": [2.826482731761136, -2.824389709223319]}, "3": {"diameter": 8, "conjugate_isogenous_pairs": 27, "eigenvalues": [3.433464295913423, -3.421573124447717]}, "5": {"diameter": 6, "conjugate_isogenous_pairs": 33, "eigenvalues": [4.4589936376215915, -4.433382206203666]}, "7": {"diameter": 5, "conjugate_isogenous_pairs": 65, "eigenvalues": [5.15537988880745, -5.068500197700715]}, "11": {"diameter": 4, "conjugate_isogenous_pairs": 54, "eigenvalues": [6.5600633572632745, -6.418479030350052]}}}