{"prime": 919, "nodes": 77, "minpoly": "x^2 + 910*x + 7", "spine": 19, "undirected": false, "ell": {"2": {"diameter": 8, "conjugate_isogenous_pairs": 6, "eigenvalues": [2.7165490447468814, -2.8240160248569843]}, "3": {"diameter": 7, "conjugate_isogenous_pairs": 9, "eigenvalues": [3.455122929089425, -3.4231488345521113]}, "5": {"diameter": 5, "conjugate_isogenous_pairs": 16, "eigenvalues": [4.289854385912855, -4.204497294767212]}, "7": {"diameter": 4, "conjugate_isogenous_pairs": 6, "eigenvalues": [4.854826409000646, -5.015108297667038]}, "11": {"diameter": 3, "conjugate_isogenous_pairs": 12, "eigenvalues": [6.491113725819487, -5.9463991414638215]}}}