{"prime": 10607, "nodes": 885, "minpoly": "x^2 + 10599*x + 5", "spine": 71, "undirected": false, "ell": {"2": {"diameter": 13, "conjugate_isogenous_pairs": 17, "eigenvalues": [2.814165833303442, -2.8245562728455047]}, "3": {"diameter": 9, "conjugate_isogenous_pairs": 35, "eigenvalues": [3.420557502080833, -3.439254906427111]}, "5": {"diameter": 7, "conjugate_isogenous_pairs": 28, "eigenvalues": [4.409049744690401, -4.439855713597766]}, "7": {"diameter": 6, "conjugate_isogenous_pairs": 81, "eigenvalues": [5.275523330293872, -5.184420618064878]}, "11": {"diameter": 5, "conjugate_isogenous_pairs": 27, "eigenvalues": [6.612269621076412, -6.57298952118983]}}}