{"prime": 25679, "nodes": 2141, "minpoly": "x^2 + 25678*x + 11", "spine": 239, "undirected": false, "ell": {"2": {"diameter": 16, "conjugate_isogenous_pairs": 24, "eigenvalues": [2.824556961185589, -2.8185231930580117]}, "3": {"diameter": 10, "conjugate_isogenous_pairs": 28, "eigenvalues": [3.463041509159617, -3.452449397634726]}, "5": {"diameter": 7, "conjugate_isogenous_pairs": 36, "eigenvalues": [4.461060830007184, -4.451839018686282]}, "7": {"diameter": 6, "conjugate_isogenous_pairs": 80, "eigenvalues": [5.286485556677993, -5.27682791892613]}, "11": {"diameter": 5, "conjugate_isogenous_pairs": 82, "eigenvalues": [6.576423545664468, -6.624116227540746]}}}