{"prime": 29921, "nodes": 2494, "minpoly": "x^2 + 29915*x + 3", "spine": 134, "undirected": false, "ell": {"2": {"diameter": 15, "conjugate_isogenous_pairs": 36, "eigenvalues": [2.826697689690872, -2.821391879441394]}, "3": {"diameter": 10, "conjugate_isogenous_pairs": 33, "eigenvalues": [3.4524289823957406, -3.4613977763925887]}, "5": {"diameter": 7, "conjugate_isogenous_pairs": 41, "eigenvalues": [4.448383918774512, -4.454010118923063]}, "7": {"diameter": 6, "conjugate_isogenous_pairs": 219, "eigenvalues": [5.255659427169649, -5.267203557315123]}, "11": {"diameter": 5, "conjugate_isogenous_pairs": 115, "eigenvalues": [6.592631547829319, -6.580169031832724]}}}