{"prime": 25013, "nodes": 2085, "minpoly": "x^2 + 25009*x + 2", "spine": 53, "undirected": false, "ell": {"2": {"diameter": 15, "conjugate_isogenous_pairs": 22, "eigenvalues": [2.823933281489116, -2.824550174105992]}, "3": {"diameter": 10, "conjugate_isogenous_pairs": 159, "eigenvalues": [3.4606329059488514, -3.459472772826892]}, "5": {"diameter": 7, "conjugate_isogenous_pairs": 57, "eigenvalues": [4.468304806993761, -4.4406602264141055]}, "7": {"diameter": 6, "conjugate_isogenous_pairs": 143, "eigenvalues": [5.255785494608476, -5.261313165400093]}, "11": {"diameter": 5, "conjugate_isogenous_pairs": 85, "eigenvalues": [6.596267045681953, -6.559402912495694]}}}