{"prime": 1013, "nodes": 85, "minpoly": "x^2 + 1006*x + 3", "spine": 13, "undirected": false, "ell": {"2": {"diameter": 9, "conjugate_isogenous_pairs": 7, "eigenvalues": [2.7336950927824697, -2.7972032561071405]}, "3": {"diameter": 6, "conjugate_isogenous_pairs": 17, "eigenvalues": [3.4430907372627653, -3.3522465351097916]}, "5": {"diameter": 5, "conjugate_isogenous_pairs": 6, "eigenvalues": [4.304262964234857, -4.451490533717146]}, "7": {"diameter": 4, "conjugate_isogenous_pairs": 25, "eigenvalues": [5.074389614321704, -4.585249849719228]}, "11": {"diameter": 4, "conjugate_isogenous_pairs": 17, "eigenvalues": [6.267764880764722, -6.5018957793610745]}}}