{"prime": 23857, "nodes": 1988, "minpoly": "x^2 + 23856*x + 5", "spine": 20, "undirected": true, "ell": {"2": {"diameter": 14, "conjugate_isogenous_pairs": 63, "eigenvalues": [2.8244363128343086, -2.824464396098638]}, "3": {"diameter": 9, "conjugate_isogenous_pairs": 54, "eigenvalues": [3.4542671057176526, -3.453407364217174]}, "5": {"diameter": 7, "conjugate_isogenous_pairs": 110, "eigenvalues": [4.425652868677805, -4.451682379085207]}, "7": {"diameter": 6, "conjugate_isogenous_pairs": 146, "eigenvalues": [5.284491156441485, -5.26337256665993]}, "11": {"diameter": 5, "conjugate_isogenous_pairs": 155, "eigenvalues": [6.617369444856195, -6.555791893278987]}}}