{"prime": 16921, "nodes": 1410, "minpoly": "x^2 + 16918*x + 17", "spine": 24, "undirected": true, "ell": {"2": {"diameter": 13, "conjugate_isogenous_pairs": 35, "eigenvalues": [2.8230518166090808, -2.815553707828161]}, "3": {"diameter": 9, "conjugate_isogenous_pairs": 48, "eigenvalues": [3.4604207820041157, -3.454278297631306]}, "5": {"diameter": 7, "conjugate_isogenous_pairs": 88, "eigenvalues": [4.441331415339094, -4.4626555939228965]}, "7": {"diameter": 5, "conjugate_isogenous_pairs": 84, "eigenvalues": [5.266653078197347, -5.236555212997164]}, "11": {"diameter": 5, "conjugate_isogenous_pairs": 183, "eigenvalues": [6.5966548808993934, -6.541500977317933]}}}