{"prime": 10909, "nodes": 909, "minpoly": "x^2 + 10908*x + 2", "spine": 39, "undirected": true, "ell": {"2": {"diameter": 13, "conjugate_isogenous_pairs": 31, "eigenvalues": [2.8098890273968626, -2.813270464834032]}, "3": {"diameter": 9, "conjugate_isogenous_pairs": 41, "eigenvalues": [3.4370851798837787, -3.4344492734836902]}, "5": {"diameter": 6, "conjugate_isogenous_pairs": 55, "eigenvalues": [4.456481103308303, -4.373332836232489]}, "7": {"diameter": 5, "conjugate_isogenous_pairs": 35, "eigenvalues": [5.223101186852438, -5.272678729037884]}, "11": {"diameter": 4, "conjugate_isogenous_pairs": 221, "eigenvalues": [6.6046186434240415, -6.5337859528840125]}}}