{"prime": 13217, "nodes": 1102, "minpoly": "x^2 + 13216*x + 3", "spine": 60, "undirected": false, "ell": {"2": {"diameter": 14, "conjugate_isogenous_pairs": 22, "eigenvalues": [2.818988323371508, -2.808436152006699]}, "3": {"diameter": 9, "conjugate_isogenous_pairs": 66, "eigenvalues": [3.4401344047991724, -3.4565556566300946]}, "5": {"diameter": 7, "conjugate_isogenous_pairs": 39, "eigenvalues": [4.4173225488450285, -4.450441644684964]}, "7": {"diameter": 6, "conjugate_isogenous_pairs": 137, "eigenvalues": [5.27567771487114, -5.255422009128062]}, "11": {"diameter": 5, "conjugate_isogenous_pairs": 32, "eigenvalues": [6.606064244303522, -6.551398159018008]}}}