{"prime": 1999, "nodes": 167, "minpoly": "x^2 + 1998*x + 3", "spine": 27, "undirected": false, "ell": {"2": {"diameter": 10, "conjugate_isogenous_pairs": 9, "eigenvalues": [2.7857153038990283, -2.8072962731928137]}, "3": {"diameter": 7, "conjugate_isogenous_pairs": 15, "eigenvalues": [3.4139217193458964, -3.4131111660076128]}, "5": {"diameter": 5, "conjugate_isogenous_pairs": 31, "eigenvalues": [4.191010423408679, -4.4659315285616055]}, "7": {"diameter": 4, "conjugate_isogenous_pairs": 10, "eigenvalues": [5.025333302228829, -5.154894690906267]}, "11": {"diameter": 4, "conjugate_isogenous_pairs": 25, "eigenvalues": [6.512554562874501, -6.249797864198314]}}}