{"prime": 20693, "nodes": 1725, "minpoly": "x^2 + 20689*x + 2", "spine": 65, "undirected": false, "ell": {"2": {"diameter": 14, "conjugate_isogenous_pairs": 20, "eigenvalues": [2.8224117304804106, -2.8094349617980288]}, "3": {"diameter": 10, "conjugate_isogenous_pairs": 123, "eigenvalues": [3.45381685882312, -3.447602895644581]}, "5": {"diameter": 7, "conjugate_isogenous_pairs": 48, "eigenvalues": [4.452694082694593, -4.451802677917206]}, "7": {"diameter": 6, "conjugate_isogenous_pairs": 129, "eigenvalues": [5.279952397700751, -5.213014435207956]}, "11": {"diameter": 5, "conjugate_isogenous_pairs": 85, "eigenvalues": [6.538581454740549, -6.601648815146334]}}}