{"prime": 7741, "nodes": 645, "minpoly": "x^2 + 7739*x + 7", "spine": 29, "undirected": true, "ell": {"2": {"diameter": 13, "conjugate_isogenous_pairs": 30, "eigenvalues": [2.8179212196938304, -2.802472781554088]}, "3": {"diameter": 8, "conjugate_isogenous_pairs": 31, "eigenvalues": [3.461737661249326, -3.4168830822991296]}, "5": {"diameter": 6, "conjugate_isogenous_pairs": 55, "eigenvalues": [4.375416671701161, -4.383511068722306]}, "7": {"diameter": 5, "conjugate_isogenous_pairs": 31, "eigenvalues": [5.254475592577821, -5.280337680236031]}, "11": {"diameter": 4, "conjugate_isogenous_pairs": 182, "eigenvalues": [6.625083983830964, -6.530329835252123]}}}