{"prime": 2969, "nodes": 248, "minpoly": "x^2 + 2968*x + 3", "spine": 26, "undirected": false, "ell": {"2": {"diameter": 12, "conjugate_isogenous_pairs": 6, "eigenvalues": [2.817006516211028, -2.8120698961308155]}, "3": {"diameter": 8, "conjugate_isogenous_pairs": 20, "eigenvalues": [3.4446740192809684, -3.447001443614797]}, "5": {"diameter": 5, "conjugate_isogenous_pairs": 18, "eigenvalues": [4.348025990803393, -4.421291824661192]}, "7": {"diameter": 5, "conjugate_isogenous_pairs": 51, "eigenvalues": [5.160207918332338, -5.274147239416389]}, "11": {"diameter": 4, "conjugate_isogenous_pairs": 37, "eigenvalues": [6.343269452768974, -6.41953264319059]}}}