{"prime": 109, "nodes": 9, "minpoly": "x^2 + 108*x + 6", "spine": 3, "undirected": true, "ell": {"2": {"diameter": 3, "conjugate_isogenous_pairs": 2, "eigenvalues": [2.047171125999344, -2.2469796037174667]}, "3": {"diameter": 3, "conjugate_isogenous_pairs": 3, "eigenvalues": [2.8486374427074166, -2.801937735804841]}, "5": {"diameter": 2, "conjugate_isogenous_pairs": 3, "eigenvalues": [3.000000000000002, -3.692021471630096]}, "7": {"diameter": 2, "conjugate_isogenous_pairs": 2, "eigenvalues": [2.990505781852625, -4.850855075327152]}, "11": {"diameter": 2, "conjugate_isogenous_pairs": 3, "eigenvalues": [6.174963020743085, -5.801937735804837]}}}