{"prime": 26203, "nodes": 2184, "minpoly": "x^2 + 26198*x + 3", "spine": 30, "undirected": false, "ell": {"2": {"diameter": 15, "conjugate_isogenous_pairs": 56, "eigenvalues": [2.8217645387119843, -2.8153849778996096]}, "3": {"diameter": 10, "conjugate_isogenous_pairs": 58, "eigenvalues": [3.4620580047341667, -3.463551727350393]}, "5": {"diameter": 7, "conjugate_isogenous_pairs": 225, "eigenvalues": [4.46762921421725, -4.4503517542078495]}, "7": {"diameter": 6, "conjugate_isogenous_pairs": 86, "eigenvalues": [5.2688966247853966, -5.282181364617404]}, "11": {"diameter": 5, "conjugate_isogenous_pairs": 122, "eigenvalues": [6.519080516330176, -6.607016377824423]}}}