{"prime": 13327, "nodes": 1111, "minpoly": "x^2 + 13326*x + 3", "spine": 69, "undirected": false, "ell": {"2": {"diameter": 14, "conjugate_isogenous_pairs": 53, "eigenvalues": [2.817151607489447, -2.818648163643535]}, "3": {"diameter": 9, "conjugate_isogenous_pairs": 33, "eigenvalues": [3.434531619172556, -3.4453500248357556]}, "5": {"diameter": 7, "conjugate_isogenous_pairs": 68, "eigenvalues": [4.427429873217427, -4.4580996056082585]}, "7": {"diameter": 5, "conjugate_isogenous_pairs": 48, "eigenvalues": [5.232323361487432, -5.21642606301226]}, "11": {"diameter": 5, "conjugate_isogenous_pairs": 80, "eigenvalues": [6.487405094761721, -6.592993211368317]}}}