{"prime": 10271, "nodes": 857, "minpoly": "x^2 + 10270*x + 7", "spine": 113, "undirected": false, "ell": {"2": {"diameter": 13, "conjugate_isogenous_pairs": 9, "eigenvalues": [2.82679132682376, -2.8263192381028714]}, "3": {"diameter": 9, "conjugate_isogenous_pairs": 27, "eigenvalues": [3.4520781636627325, -3.4187354154372316]}, "5": {"diameter": 7, "conjugate_isogenous_pairs": 40, "eigenvalues": [4.395974488005774, -4.463896813028889]}, "7": {"diameter": 6, "conjugate_isogenous_pairs": 35, "eigenvalues": [5.257359552737814, -5.241591519138593]}, "11": {"diameter": 5, "conjugate_isogenous_pairs": 39, "eigenvalues": [6.571604633428689, -6.554299834732458]}}}