{"prime": 24877, "nodes": 2073, "minpoly": "x^2 + 24874*x + 5", "spine": 39, "undirected": true, "ell": {"2": {"diameter": 14, "conjugate_isogenous_pairs": 80, "eigenvalues": [2.819504031980059, -2.8233979980718797]}, "3": {"diameter": 9, "conjugate_isogenous_pairs": 100, "eigenvalues": [3.435180593622757, -3.450008863105092]}, "5": {"diameter": 7, "conjugate_isogenous_pairs": 100, "eigenvalues": [4.470106307089282, -4.4542503542229825]}, "7": {"diameter": 6, "conjugate_isogenous_pairs": 75, "eigenvalues": [5.2425082944398405, -5.280592032188025]}, "11": {"diameter": 5, "conjugate_isogenous_pairs": 198, "eigenvalues": [6.611455180751831, -6.592438194085508]}}}