{"prime": 20743, "nodes": 1729, "minpoly": "x^2 + 20742*x + 5", "spine": 43, "undirected": false, "ell": {"2": {"diameter": 15, "conjugate_isogenous_pairs": 49, "eigenvalues": [2.8226521367944164, -2.8274989663250505]}, "3": {"diameter": 10, "conjugate_isogenous_pairs": 68, "eigenvalues": [3.4450284554455175, -3.457949637242925]}, "5": {"diameter": 7, "conjugate_isogenous_pairs": 144, "eigenvalues": [4.438183854984263, -4.454053433003426]}, "7": {"diameter": 6, "conjugate_isogenous_pairs": 61, "eigenvalues": [5.227869578374302, -5.231349999538683]}, "11": {"diameter": 5, "conjugate_isogenous_pairs": 100, "eigenvalues": [6.58781773602106, -6.607887884240585]}}}