{"prime": 6703, "nodes": 559, "minpoly": "x^2 + 6702*x + 5", "spine": 23, "undirected": false, "ell": {"2": {"diameter": 12, "conjugate_isogenous_pairs": 32, "eigenvalues": [2.8064084650509575, -2.820257977496041]}, "3": {"diameter": 8, "conjugate_isogenous_pairs": 25, "eigenvalues": [3.45418804538488, -3.4215127431649117]}, "5": {"diameter": 6, "conjugate_isogenous_pairs": 66, "eigenvalues": [4.401199477133755, -4.434585474813668]}, "7": {"diameter": 5, "conjugate_isogenous_pairs": 42, "eigenvalues": [5.145916160727262, -5.270235877736882]}, "11": {"diameter": 4, "conjugate_isogenous_pairs": 45, "eigenvalues": [6.34299533408128, -6.523339336458355]}}}