{"prime": 17903, "nodes": 1493, "minpoly": "x^2 + 17898*x + 5", "spine": 85, "undirected": false, "ell": {"2": {"diameter": 14, "conjugate_isogenous_pairs": 29, "eigenvalues": [2.820388011349687, -2.8212887339593005]}, "3": {"diameter": 10, "conjugate_isogenous_pairs": 56, "eigenvalues": [3.4481464157530684, -3.435182225837781]}, "5": {"diameter": 7, "conjugate_isogenous_pairs": 50, "eigenvalues": [4.446269624567249, -4.439324053078633]}, "7": {"diameter": 6, "conjugate_isogenous_pairs": 101, "eigenvalues": [5.255113133119736, -5.219290669276734]}, "11": {"diameter": 5, "conjugate_isogenous_pairs": 35, "eigenvalues": [6.626622381464783, -6.447912140361909]}}}