{"prime": 6833, "nodes": 570, "minpoly": "x^2 + 6832*x + 3", "spine": 34, "undirected": false, "ell": {"2": {"diameter": 14, "conjugate_isogenous_pairs": 15, "eigenvalues": [2.819891144201827, -2.8168831119129134]}, "3": {"diameter": 9, "conjugate_isogenous_pairs": 34, "eigenvalues": [3.4378917043088846, -3.4514366430095977]}, "5": {"diameter": 6, "conjugate_isogenous_pairs": 28, "eigenvalues": [4.455285179470675, -4.454561198495483]}, "7": {"diameter": 5, "conjugate_isogenous_pairs": 111, "eigenvalues": [5.278525757801394, -5.266294142765351]}, "11": {"diameter": 4, "conjugate_isogenous_pairs": 38, "eigenvalues": [6.5304757302417125, -6.460555508733805]}}}