{"prime": 13037, "nodes": 1087, "minpoly": "x^2 + 13036*x + 2", "spine": 65, "undirected": false, "ell": {"2": {"diameter": 14, "conjugate_isogenous_pairs": 28, "eigenvalues": [2.8233483702991164, -2.81698991658586]}, "3": {"diameter": 10, "conjugate_isogenous_pairs": 52, "eigenvalues": [3.4616495614049296, -3.4202434517775817]}, "5": {"diameter": 7, "conjugate_isogenous_pairs": 34, "eigenvalues": [4.464224168241901, -4.371047367176221]}, "7": {"diameter": 6, "conjugate_isogenous_pairs": 108, "eigenvalues": [5.249426369239192, -5.237162479982256]}, "11": {"diameter": 5, "conjugate_isogenous_pairs": 84, "eigenvalues": [6.584188633533139, -6.574624412227665]}}}