{"prime": 8677, "nodes": 723, "minpoly": "x^2 + 8673*x + 2", "spine": 15, "undirected": true, "ell": {"2": {"diameter": 12, "conjugate_isogenous_pairs": 30, "eigenvalues": [2.8120462587847013, -2.828078669656115]}, "3": {"diameter": 8, "conjugate_isogenous_pairs": 58, "eigenvalues": [3.429783841148189, -3.4571522663541745]}, "5": {"diameter": 6, "conjugate_isogenous_pairs": 64, "eigenvalues": [4.435569027543605, -4.428810659356172]}, "7": {"diameter": 5, "conjugate_isogenous_pairs": 63, "eigenvalues": [5.1574899332095026, -5.280837176814095]}, "11": {"diameter": 4, "conjugate_isogenous_pairs": 123, "eigenvalues": [6.588884632308937, -6.586709441356631]}}}