{"prime": 27487, "nodes": 2291, "minpoly": "x^2 + 27485*x + 3", "spine": 75, "undirected": false, "ell": {"2": {"diameter": 15, "conjugate_isogenous_pairs": 93, "eigenvalues": [2.8254410840902184, -2.816906268231371]}, "3": {"diameter": 10, "conjugate_isogenous_pairs": 38, "eigenvalues": [3.451442586211084, -3.4624305867344427]}, "5": {"diameter": 7, "conjugate_isogenous_pairs": 98, "eigenvalues": [4.468194326084901, -4.455376640811169]}, "7": {"diameter": 6, "conjugate_isogenous_pairs": 97, "eigenvalues": [5.278766813573045, -5.2549487650901705]}, "11": {"diameter": 5, "conjugate_isogenous_pairs": 140, "eigenvalues": [6.592651874331824, -6.602472235416784]}}}