{"prime": 5689, "nodes": 474, "minpoly": "x^2 + 5686*x + 11", "spine": 26, "undirected": true, "ell": {"2": {"diameter": 12, "conjugate_isogenous_pairs": 17, "eigenvalues": [2.8161821574733965, -2.8204263416464057]}, "3": {"diameter": 8, "conjugate_isogenous_pairs": 19, "eigenvalues": [3.451687745637256, -3.4396827029152663]}, "5": {"diameter": 6, "conjugate_isogenous_pairs": 46, "eigenvalues": [4.4309461489501185, -4.395491064544943]}, "7": {"diameter": 5, "conjugate_isogenous_pairs": 44, "eigenvalues": [5.175220908743249, -5.227649948370867]}, "11": {"diameter": 4, "conjugate_isogenous_pairs": 111, "eigenvalues": [6.51879868319479, -6.596417575574187]}}}