{"prime": 20857, "nodes": 1738, "minpoly": "x^2 + 20856*x + 10", "spine": 26, "undirected": true, "ell": {"2": {"diameter": 14, "conjugate_isogenous_pairs": 53, "eigenvalues": [2.8168938733845765, -2.8251824457607655]}, "3": {"diameter": 9, "conjugate_isogenous_pairs": 62, "eigenvalues": [3.4597427323814975, -3.445198676688509]}, "5": {"diameter": 7, "conjugate_isogenous_pairs": 73, "eigenvalues": [4.437522618236981, -4.466814213907693]}, "7": {"diameter": 6, "conjugate_isogenous_pairs": 136, "eigenvalues": [5.268312587255377, -5.194407513856635]}, "11": {"diameter": 5, "conjugate_isogenous_pairs": 115, "eigenvalues": [6.617228878979168, -6.596442255606391]}}}