{"prime": 24023, "nodes": 2003, "minpoly": "x^2 + 24021*x + 5", "spine": 175, "undirected": false, "ell": {"2": {"diameter": 15, "conjugate_isogenous_pairs": 39, "eigenvalues": [2.821972519270609, -2.81579485048212]}, "3": {"diameter": 10, "conjugate_isogenous_pairs": 61, "eigenvalues": [3.4558647460834795, -3.4574944536472594]}, "5": {"diameter": 7, "conjugate_isogenous_pairs": 39, "eigenvalues": [4.468895921045242, -4.432281845730732]}, "7": {"diameter": 6, "conjugate_isogenous_pairs": 81, "eigenvalues": [5.265682153686981, -5.264491726613114]}, "11": {"diameter": 5, "conjugate_isogenous_pairs": 48, "eigenvalues": [6.563497521474312, -6.553795488462405]}}}