{"prime": 21683, "nodes": 1808, "minpoly": "x^2 + 21679*x + 2", "spine": 90, "undirected": false, "ell": {"2": {"diameter": 15, "conjugate_isogenous_pairs": 25, "eigenvalues": [2.8182215988347292, -2.8195164162534634]}, "3": {"diameter": 10, "conjugate_isogenous_pairs": 74, "eigenvalues": [3.4509191604299043, -3.4485531482218947]}, "5": {"diameter": 7, "conjugate_isogenous_pairs": 71, "eigenvalues": [4.464887960607134, -4.453066297237436]}, "7": {"diameter": 6, "conjugate_isogenous_pairs": 95, "eigenvalues": [5.2828932897629866, -5.25971577574818]}, "11": {"diameter": 5, "conjugate_isogenous_pairs": 36, "eigenvalues": [6.608025688316088, -6.612296035121419]}}}