{"prime": 15803, "nodes": 1318, "minpoly": "x^2 + 15799*x + 2", "spine": 70, "undirected": false, "ell": {"2": {"diameter": 14, "conjugate_isogenous_pairs": 21, "eigenvalues": [2.8190626704352444, -2.8189072446447723]}, "3": {"diameter": 9, "conjugate_isogenous_pairs": 48, "eigenvalues": [3.445555748672883, -3.4293220908799635]}, "5": {"diameter": 7, "conjugate_isogenous_pairs": 99, "eigenvalues": [4.464010899785562, -4.444433735421653]}, "7": {"diameter": 6, "conjugate_isogenous_pairs": 100, "eigenvalues": [5.239734421378533, -5.266958904655745]}, "11": {"diameter": 5, "conjugate_isogenous_pairs": 40, "eigenvalues": [6.595059109799417, -6.530775587368602]}}}