{"prime": 18371, "nodes": 1532, "minpoly": "x^2 + 18368*x + 11", "spine": 90, "undirected": false, "ell": {"2": {"diameter": 15, "conjugate_isogenous_pairs": 30, "eigenvalues": [2.809238465237578, -2.815852935182775]}, "3": {"diameter": 10, "conjugate_isogenous_pairs": 30, "eigenvalues": [3.4541974341008514, -3.4516295953054805]}, "5": {"diameter": 7, "conjugate_isogenous_pairs": 50, "eigenvalues": [4.406251916545443, -4.450305161718256]}, "7": {"diameter": 6, "conjugate_isogenous_pairs": 70, "eigenvalues": [5.24400512088462, -5.277351563586778]}, "11": {"diameter": 5, "conjugate_isogenous_pairs": 76, "eigenvalues": [6.529254269363291, -6.583122841068135]}}}