{"prime": 7549, "nodes": 629, "minpoly": "x^2 + 7548*x + 2", "spine": 35, "undirected": true, "ell": {"2": {"diameter": 12, "conjugate_isogenous_pairs": 31, "eigenvalues": [2.8076003059415595, -2.780960874876771]}, "3": {"diameter": 8, "conjugate_isogenous_pairs": 38, "eigenvalues": [3.4205938874652544, -3.424986907097501]}, "5": {"diameter": 6, "conjugate_isogenous_pairs": 29, "eigenvalues": [4.341004662350488, -4.451278977578656]}, "7": {"diameter": 5, "conjugate_isogenous_pairs": 29, "eigenvalues": [5.140908625734637, -5.112250883201208]}, "11": {"diameter": 4, "conjugate_isogenous_pairs": 124, "eigenvalues": [6.621719953589439, -6.572314444876142]}}}