{"prime": 2657, "nodes": 222, "minpoly": "x^2 + 2652*x + 3", "spine": 16, "undirected": false, "ell": {"2": {"diameter": 10, "conjugate_isogenous_pairs": 8, "eigenvalues": [2.799512025086918, -2.794603114355427]}, "3": {"diameter": 8, "conjugate_isogenous_pairs": 26, "eigenvalues": [3.4168630694681212, -3.439028386520754]}, "5": {"diameter": 5, "conjugate_isogenous_pairs": 19, "eigenvalues": [4.442569650601653, -4.39315215552477]}, "7": {"diameter": 5, "conjugate_isogenous_pairs": 63, "eigenvalues": [5.07704740471522, -5.191058203504467]}, "11": {"diameter": 4, "conjugate_isogenous_pairs": 19, "eigenvalues": [6.44039838427136, -6.468638644740253]}}}