{"prime": 21977, "nodes": 1832, "minpoly": "x^2 + 21972*x + 3", "spine": 54, "undirected": false, "ell": {"2": {"diameter": 14, "conjugate_isogenous_pairs": 30, "eigenvalues": [2.8258409341978825, -2.8123159251223044]}, "3": {"diameter": 10, "conjugate_isogenous_pairs": 58, "eigenvalues": [3.4472327009095296, -3.4329085505038033]}, "5": {"diameter": 7, "conjugate_isogenous_pairs": 62, "eigenvalues": [4.4224968787968555, -4.448675577813561]}, "7": {"diameter": 6, "conjugate_isogenous_pairs": 231, "eigenvalues": [5.249185782159843, -5.287156304204874]}, "11": {"diameter": 5, "conjugate_isogenous_pairs": 63, "eigenvalues": [6.607328903438224, -6.620535976426084]}}}