{"prime": 419, "nodes": 36, "minpoly": "x^2 + 418*x + 2", "spine": 18, "undirected": false, "ell": {"2": {"diameter": 10, "conjugate_isogenous_pairs": 2, "eigenvalues": [2.823685721868162, -2.715455588727014]}, "3": {"diameter": 5, "conjugate_isogenous_pairs": 4, "eigenvalues": [3.1863942722103613, -3.3552213582446937]}, "5": {"diameter": 4, "conjugate_isogenous_pairs": 4, "eigenvalues": [4.179926790476552, -4.171683088809987]}, "7": {"diameter": 4, "conjugate_isogenous_pairs": 6, "eigenvalues": [5.217453217078572, -5.006386356829439]}, "11": {"diameter": 3, "conjugate_isogenous_pairs": 5, "eigenvalues": [6.324035713946944, -6.252372669203313]}}}