{"prime": 17551, "nodes": 1463, "minpoly": "x^2 + 17550*x + 3", "spine": 77, "undirected": false, "ell": {"2": {"diameter": 15, "conjugate_isogenous_pairs": 23, "eigenvalues": [2.8136190041678466, -2.811749392733364]}, "3": {"diameter": 9, "conjugate_isogenous_pairs": 37, "eigenvalues": [3.444838891987398, -3.458960941130979]}, "5": {"diameter": 7, "conjugate_isogenous_pairs": 122, "eigenvalues": [4.464112908456437, -4.437145122697375]}, "7": {"diameter": 6, "conjugate_isogenous_pairs": 33, "eigenvalues": [5.235744470269758, -5.286972244849762]}, "11": {"diameter": 5, "conjugate_isogenous_pairs": 121, "eigenvalues": [6.622754894730433, -6.538178900481888]}}}