{"prime": 10433, "nodes": 870, "minpoly": "x^2 + 10428*x + 3", "spine": 48, "undirected": false, "ell": {"2": {"diameter": 13, "conjugate_isogenous_pairs": 27, "eigenvalues": [2.820154570383161, -2.807595687422297]}, "3": {"diameter": 9, "conjugate_isogenous_pairs": 36, "eigenvalues": [3.4460514867517604, -3.4390844765677517]}, "5": {"diameter": 7, "conjugate_isogenous_pairs": 24, "eigenvalues": [4.466303399327477, -4.465157709912898]}, "7": {"diameter": 6, "conjugate_isogenous_pairs": 181, "eigenvalues": [5.265744818762242, -5.26747277382484]}, "11": {"diameter": 5, "conjugate_isogenous_pairs": 57, "eigenvalues": [6.6107242090601215, -6.552712839214437]}}}