{"prime": 23557, "nodes": 1963, "minpoly": "x^2 + 23554*x + 5", "spine": 29, "undirected": true, "ell": {"2": {"diameter": 14, "conjugate_isogenous_pairs": 51, "eigenvalues": [2.822146918769076, -2.826685116726124]}, "3": {"diameter": 9, "conjugate_isogenous_pairs": 157, "eigenvalues": [3.456449733894639, -3.4599735948634436]}, "5": {"diameter": 7, "conjugate_isogenous_pairs": 88, "eigenvalues": [4.456225247258699, -4.460852343388975]}, "7": {"diameter": 6, "conjugate_isogenous_pairs": 75, "eigenvalues": [5.227941464276727, -5.2373588612347275]}, "11": {"diameter": 5, "conjugate_isogenous_pairs": 146, "eigenvalues": [6.5685386927780245, -6.543435362839421]}}}