{"prime": 19867, "nodes": 1656, "minpoly": "x^2 + 19863*x + 2", "spine": 30, "undirected": false, "ell": {"2": {"diameter": 14, "conjugate_isogenous_pairs": 52, "eigenvalues": [2.820177359242349, -2.8167024698376912]}, "3": {"diameter": 9, "conjugate_isogenous_pairs": 58, "eigenvalues": [3.4469267820762926, -3.4513789288847843]}, "5": {"diameter": 7, "conjugate_isogenous_pairs": 180, "eigenvalues": [4.471034146293195, -4.429637678032737]}, "7": {"diameter": 6, "conjugate_isogenous_pairs": 64, "eigenvalues": [5.267954314657885, -5.277208801964906]}, "11": {"diameter": 5, "conjugate_isogenous_pairs": 81, "eigenvalues": [6.576692741107395, -6.536777629326802]}}}