{"prime": 12647, "nodes": 1055, "minpoly": "x^2 + 12645*x + 5", "spine": 121, "undirected": false, "ell": {"2": {"diameter": 14, "conjugate_isogenous_pairs": 27, "eigenvalues": [2.8047894767273487, -2.8080143357201885]}, "3": {"diameter": 9, "conjugate_isogenous_pairs": 29, "eigenvalues": [3.446163155260526, -3.4575446880452487]}, "5": {"diameter": 7, "conjugate_isogenous_pairs": 38, "eigenvalues": [4.455503886103183, -4.392491557633131]}, "7": {"diameter": 6, "conjugate_isogenous_pairs": 67, "eigenvalues": [5.242929258806524, -5.257488871490281]}, "11": {"diameter": 5, "conjugate_isogenous_pairs": 41, "eigenvalues": [6.554544110030068, -6.571038613739075]}}}