{"prime": 3607, "nodes": 301, "minpoly": "x^2 + 3605*x + 5", "spine": 19, "undirected": false, "ell": {"2": {"diameter": 11, "conjugate_isogenous_pairs": 25, "eigenvalues": [2.8152300976361815, -2.8154134544593297]}, "3": {"diameter": 8, "conjugate_isogenous_pairs": 26, "eigenvalues": [3.4166328476465995, -3.4403709995098137]}, "5": {"diameter": 6, "conjugate_isogenous_pairs": 53, "eigenvalues": [4.384216445955319, -4.467154355764434]}, "7": {"diameter": 5, "conjugate_isogenous_pairs": 24, "eigenvalues": [5.177698550771797, -5.082793245833186]}, "11": {"diameter": 4, "conjugate_isogenous_pairs": 31, "eigenvalues": [6.569729292580092, -6.561323117803085]}}}