{"prime": 21317, "nodes": 1777, "minpoly": "x^2 + 21310*x + 2", "spine": 71, "undirected": false, "ell": {"2": {"diameter": 14, "conjugate_isogenous_pairs": 23, "eigenvalues": [2.821314127958323, -2.819764305313499]}, "3": {"diameter": 10, "conjugate_isogenous_pairs": 129, "eigenvalues": [3.4570809502120494, -3.4466616759456548]}, "5": {"diameter": 7, "conjugate_isogenous_pairs": 36, "eigenvalues": [4.468691168562372, -4.447477075709172]}, "7": {"diameter": 6, "conjugate_isogenous_pairs": 98, "eigenvalues": [5.268699168333848, -5.2692025698935385]}, "11": {"diameter": 5, "conjugate_isogenous_pairs": 72, "eigenvalues": [6.557124547851282, -6.5620018308470005]}}}