{"prime": 6043, "nodes": 504, "minpoly": "x^2 + 6041*x + 5", "spine": 18, "undirected": false, "ell": {"2": {"diameter": 12, "conjugate_isogenous_pairs": 39, "eigenvalues": [2.7923052661946404, -2.822999635728486]}, "3": {"diameter": 8, "conjugate_isogenous_pairs": 26, "eigenvalues": [3.4434000206093467, -3.4137451577493767]}, "5": {"diameter": 6, "conjugate_isogenous_pairs": 77, "eigenvalues": [4.387392607777325, -4.422048257454667]}, "7": {"diameter": 5, "conjugate_isogenous_pairs": 29, "eigenvalues": [5.211392802107415, -5.098144424259749]}, "11": {"diameter": 4, "conjugate_isogenous_pairs": 40, "eigenvalues": [6.633040978247406, -6.385552968852614]}}}