{"prime": 23789, "nodes": 1983, "minpoly": "x^2 + 23788*x + 2", "spine": 121, "undirected": false, "ell": {"2": {"diameter": 15, "conjugate_isogenous_pairs": 24, "eigenvalues": [2.823904329571336, -2.821051343026276]}, "3": {"diameter": 10, "conjugate_isogenous_pairs": 77, "eigenvalues": [3.4295802073025383, -3.4425007853463785]}, "5": {"diameter": 7, "conjugate_isogenous_pairs": 39, "eigenvalues": [4.457254343049919, -4.448920648793965]}, "7": {"diameter": 6, "conjugate_isogenous_pairs": 77, "eigenvalues": [5.262346721709379, -5.270320501518677]}, "11": {"diameter": 5, "conjugate_isogenous_pairs": 117, "eigenvalues": [6.602420361122923, -6.590445430549388]}}}