{"prime": 14177, "nodes": 1182, "minpoly": "x^2 + 14172*x + 3", "spine": 38, "undirected": false, "ell": {"2": {"diameter": 14, "conjugate_isogenous_pairs": 23, "eigenvalues": [2.8227957594968878, -2.81963322103875]}, "3": {"diameter": 9, "conjugate_isogenous_pairs": 39, "eigenvalues": [3.4513768675608274, -3.439537672755953]}, "5": {"diameter": 7, "conjugate_isogenous_pairs": 39, "eigenvalues": [4.448115958739259, -4.456358743161116]}, "7": {"diameter": 6, "conjugate_isogenous_pairs": 199, "eigenvalues": [5.208006749232022, -5.256572269905691]}, "11": {"diameter": 5, "conjugate_isogenous_pairs": 48, "eigenvalues": [6.606054525837122, -6.618589875132687]}}}