{"prime": 1543, "nodes": 129, "minpoly": "x^2 + 1541*x + 5", "spine": 19, "undirected": false, "ell": {"2": {"diameter": 10, "conjugate_isogenous_pairs": 18, "eigenvalues": [2.8124723164185697, -2.816594258378783]}, "3": {"diameter": 7, "conjugate_isogenous_pairs": 10, "eigenvalues": [3.3504523875752943, -3.4220951568270563]}, "5": {"diameter": 5, "conjugate_isogenous_pairs": 15, "eigenvalues": [4.396077450959352, -4.2362441639411115]}, "7": {"diameter": 4, "conjugate_isogenous_pairs": 16, "eigenvalues": [5.068076366704988, -4.950821485551835]}, "11": {"diameter": 4, "conjugate_isogenous_pairs": 17, "eigenvalues": [6.471013898856045, -6.374126298364543]}}}