{"prime": 25367, "nodes": 2115, "minpoly": "x^2 + 25366*x + 5", "spine": 141, "undirected": false, "ell": {"2": {"diameter": 16, "conjugate_isogenous_pairs": 33, "eigenvalues": [2.8269589268060367, -2.8264514946057804]}, "3": {"diameter": 10, "conjugate_isogenous_pairs": 56, "eigenvalues": [3.425563072884454, -3.440882124513601]}, "5": {"diameter": 8, "conjugate_isogenous_pairs": 39, "eigenvalues": [4.424679882551111, -4.467910294813279]}, "7": {"diameter": 6, "conjugate_isogenous_pairs": 110, "eigenvalues": [5.255718951900407, -5.246549025923174]}, "11": {"diameter": 5, "conjugate_isogenous_pairs": 53, "eigenvalues": [6.57080235915365, -6.622296513316346]}}}