{"prime": 15287, "nodes": 1275, "minpoly": "x^2 + 15285*x + 5", "spine": 137, "undirected": false, "ell": {"2": {"diameter": 14, "conjugate_isogenous_pairs": 25, "eigenvalues": [2.8189448044902066, -2.81817697635758]}, "3": {"diameter": 10, "conjugate_isogenous_pairs": 43, "eigenvalues": [3.4483672134372934, -3.4390040665018415]}, "5": {"diameter": 7, "conjugate_isogenous_pairs": 31, "eigenvalues": [4.439989901016456, -4.454999499219251]}, "7": {"diameter": 6, "conjugate_isogenous_pairs": 59, "eigenvalues": [5.255926810875077, -5.239335246693908]}, "11": {"diameter": 5, "conjugate_isogenous_pairs": 33, "eigenvalues": [6.5785110419733055, -6.550589714833451]}}}