{"prime": 10859, "nodes": 906, "minpoly": "x^2 + 10853*x + 2", "spine": 90, "undirected": false, "ell": {"2": {"diameter": 14, "conjugate_isogenous_pairs": 10, "eigenvalues": [2.8238847048879734, -2.819575937970612]}, "3": {"diameter": 9, "conjugate_isogenous_pairs": 23, "eigenvalues": [3.440628718808937, -3.458552316106821]}, "5": {"diameter": 7, "conjugate_isogenous_pairs": 66, "eigenvalues": [4.465178027843293, -4.416154462748969]}, "7": {"diameter": 6, "conjugate_isogenous_pairs": 41, "eigenvalues": [5.1973423130616165, -5.218575014890022]}, "11": {"diameter": 5, "conjugate_isogenous_pairs": 36, "eigenvalues": [6.598450375354872, -6.578219320333897]}}}