{"prime": 27823, "nodes": 2319, "minpoly": "x^2 + 27820*x + 6", "spine": 69, "undirected": false, "ell": {"2": {"diameter": 15, "conjugate_isogenous_pairs": 81, "eigenvalues": [2.8185500339979055, -2.8252364105498957]}, "3": {"diameter": 10, "conjugate_isogenous_pairs": 60, "eigenvalues": [3.4504854385895456, -3.4556893399426056]}, "5": {"diameter": 7, "conjugate_isogenous_pairs": 82, "eigenvalues": [4.461628775697383, -4.460629659834755]}, "7": {"diameter": 6, "conjugate_isogenous_pairs": 67, "eigenvalues": [5.265857201241929, -5.231537004340441]}, "11": {"diameter": 5, "conjugate_isogenous_pairs": 133, "eigenvalues": [6.58988485575422, -6.574145101760424]}}}