{"prime": 8147, "nodes": 680, "minpoly": "x^2 + 8146*x + 2", "spine": 74, "undirected": false, "ell": {"2": {"diameter": 13, "conjugate_isogenous_pairs": 16, "eigenvalues": [2.8007428679763446, -2.826495771536516]}, "3": {"diameter": 9, "conjugate_isogenous_pairs": 33, "eigenvalues": [3.4535679765587335, -3.4563616890493103]}, "5": {"diameter": 6, "conjugate_isogenous_pairs": 28, "eigenvalues": [4.3982612198186635, -4.36793076843776]}, "7": {"diameter": 6, "conjugate_isogenous_pairs": 49, "eigenvalues": [5.144285224827086, -5.243328819791001]}, "11": {"diameter": 5, "conjugate_isogenous_pairs": 33, "eigenvalues": [6.54759849236004, -6.520243590264412]}}}