{"prime": 11443, "nodes": 954, "minpoly": "x^2 + 11442*x + 2", "spine": 34, "undirected": false, "ell": {"2": {"diameter": 14, "conjugate_isogenous_pairs": 55, "eigenvalues": [2.823777951532268, -2.817341455843203]}, "3": {"diameter": 9, "conjugate_isogenous_pairs": 35, "eigenvalues": [3.433092852528508, -3.4533649742055723]}, "5": {"diameter": 7, "conjugate_isogenous_pairs": 60, "eigenvalues": [4.432564008514645, -4.4476801987097865]}, "7": {"diameter": 5, "conjugate_isogenous_pairs": 36, "eigenvalues": [5.246108103330836, -5.24449195228823]}, "11": {"diameter": 5, "conjugate_isogenous_pairs": 58, "eigenvalues": [6.582218491171355, -6.451067639552801]}}}