{"prime": 18671, "nodes": 1557, "minpoly": "x^2 + 18670*x + 7", "spine": 139, "undirected": false, "ell": {"2": {"diameter": 14, "conjugate_isogenous_pairs": 13, "eigenvalues": [2.822441654603532, -2.806277936306907]}, "3": {"diameter": 10, "conjugate_isogenous_pairs": 30, "eigenvalues": [3.4431927613662756, -3.4605185190357433]}, "5": {"diameter": 7, "conjugate_isogenous_pairs": 56, "eigenvalues": [4.462797426908482, -4.449471642598595]}, "7": {"diameter": 6, "conjugate_isogenous_pairs": 76, "eigenvalues": [5.283705460677606, -5.28056143417492]}, "11": {"diameter": 5, "conjugate_isogenous_pairs": 54, "eigenvalues": [6.60504049594503, -6.500916144714239]}}}