{"prime": 26017, "nodes": 2168, "minpoly": "x^2 + 26014*x + 5", "spine": 34, "undirected": true, "ell": {"2": {"diameter": 15, "conjugate_isogenous_pairs": 63, "eigenvalues": [2.824968283504407, -2.826604355119987]}, "3": {"diameter": 9, "conjugate_isogenous_pairs": 78, "eigenvalues": [3.4501760001625534, -3.4408107232433096]}, "5": {"diameter": 7, "conjugate_isogenous_pairs": 82, "eigenvalues": [4.46756398682805, -4.462837624033135]}, "7": {"diameter": 6, "conjugate_isogenous_pairs": 109, "eigenvalues": [5.276863821540148, -5.271003823849488]}, "11": {"diameter": 5, "conjugate_isogenous_pairs": 139, "eigenvalues": [6.591890278266984, -6.613418294043621]}}}