{"prime": 3823, "nodes": 319, "minpoly": "x^2 + 3822*x + 3", "spine": 29, "undirected": false, "ell": {"2": {"diameter": 11, "conjugate_isogenous_pairs": 18, "eigenvalues": [2.8194511953645374, -2.819478132934815]}, "3": {"diameter": 8, "conjugate_isogenous_pairs": 28, "eigenvalues": [3.4341186846157625, -3.376166580570114]}, "5": {"diameter": 6, "conjugate_isogenous_pairs": 39, "eigenvalues": [4.385562064634636, -4.43749902430077]}, "7": {"diameter": 5, "conjugate_isogenous_pairs": 18, "eigenvalues": [5.1632836499293235, -5.2111779556874795]}, "11": {"diameter": 4, "conjugate_isogenous_pairs": 28, "eigenvalues": [6.573027712186692, -6.54580574185179]}}}