{"prime": 11213, "nodes": 935, "minpoly": "x^2 + 11209*x + 2", "spine": 37, "undirected": false, "ell": {"2": {"diameter": 13, "conjugate_isogenous_pairs": 30, "eigenvalues": [2.8161390760645824, -2.8119213033559314]}, "3": {"diameter": 9, "conjugate_isogenous_pairs": 43, "eigenvalues": [3.450305223715521, -3.4341987323332077]}, "5": {"diameter": 6, "conjugate_isogenous_pairs": 31, "eigenvalues": [4.360457828758738, -4.459387098837974]}, "7": {"diameter": 6, "conjugate_isogenous_pairs": 128, "eigenvalues": [5.287366068066054, -5.290659740411378]}, "11": {"diameter": 5, "conjugate_isogenous_pairs": 98, "eigenvalues": [6.59768505606497, -6.488199485032989]}}}