{"prime": 27011, "nodes": 2252, "minpoly": "x^2 + 27003*x + 2", "spine": 190, "undirected": false, "ell": {"2": {"diameter": 15, "conjugate_isogenous_pairs": 23, "eigenvalues": [2.827738708548724, -2.8226117980910748]}, "3": {"diameter": 11, "conjugate_isogenous_pairs": 33, "eigenvalues": [3.4470342735851998, -3.45749057091651]}, "5": {"diameter": 8, "conjugate_isogenous_pairs": 72, "eigenvalues": [4.457832934843184, -4.461024974446842]}, "7": {"diameter": 6, "conjugate_isogenous_pairs": 61, "eigenvalues": [5.272870319467899, -5.256148106126124]}, "11": {"diameter": 5, "conjugate_isogenous_pairs": 84, "eigenvalues": [6.5942552903730505, -6.610531142383019]}}}