{"prime": 16673, "nodes": 1390, "minpoly": "x^2 + 16672*x + 3", "spine": 72, "undirected": false, "ell": {"2": {"diameter": 14, "conjugate_isogenous_pairs": 35, "eigenvalues": [2.8098954488708543, -2.8232950751881956]}, "3": {"diameter": 10, "conjugate_isogenous_pairs": 51, "eigenvalues": [3.4573734626145805, -3.456716979982578]}, "5": {"diameter": 7, "conjugate_isogenous_pairs": 31, "eigenvalues": [4.448444790729854, -4.412994637151072]}, "7": {"diameter": 6, "conjugate_isogenous_pairs": 170, "eigenvalues": [5.2712737353345025, -5.280885562953001]}, "11": {"diameter": 5, "conjugate_isogenous_pairs": 63, "eigenvalues": [6.596941907810816, -6.477567018622035]}}}