{"prime": 9391, "nodes": 783, "minpoly": "x^2 + 9390*x + 3", "spine": 55, "undirected": false, "ell": {"2": {"diameter": 13, "conjugate_isogenous_pairs": 23, "eigenvalues": [2.8260789480297186, -2.825792101205695]}, "3": {"diameter": 8, "conjugate_isogenous_pairs": 29, "eigenvalues": [3.4362323205114818, -3.4533045496091277]}, "5": {"diameter": 7, "conjugate_isogenous_pairs": 90, "eigenvalues": [4.417635988093869, -4.422948455618793]}, "7": {"diameter": 5, "conjugate_isogenous_pairs": 28, "eigenvalues": [5.135049590392616, -5.155580309102855]}, "11": {"diameter": 4, "conjugate_isogenous_pairs": 69, "eigenvalues": [6.594504402495006, -6.600557952938163]}}}