{"prime": 27281, "nodes": 2274, "minpoly": "x^2 + 27278*x + 6", "spine": 72, "undirected": false, "ell": {"2": {"diameter": 15, "conjugate_isogenous_pairs": 26, "eigenvalues": [2.818568438761997, -2.819760120564855]}, "3": {"diameter": 11, "conjugate_isogenous_pairs": 57, "eigenvalues": [3.4320170480938255, -3.4510826827233707]}, "5": {"diameter": 7, "conjugate_isogenous_pairs": 43, "eigenvalues": [4.469006809476346, -4.467952035208672]}, "7": {"diameter": 6, "conjugate_isogenous_pairs": 161, "eigenvalues": [5.2591661417043465, -5.222953732670775]}, "11": {"diameter": 5, "conjugate_isogenous_pairs": 105, "eigenvalues": [6.614186222474137, -6.573450442530406]}}}