{"prime": 6983, "nodes": 583, "minpoly": "x^2 + 6974*x + 5", "spine": 57, "undirected": false, "ell": {"2": {"diameter": 13, "conjugate_isogenous_pairs": 16, "eigenvalues": [2.813860464055086, -2.814917660152403]}, "3": {"diameter": 8, "conjugate_isogenous_pairs": 25, "eigenvalues": [3.45846672544917, -3.449055792859888]}, "5": {"diameter": 6, "conjugate_isogenous_pairs": 26, "eigenvalues": [4.449137294459335, -4.429610850714863]}, "7": {"diameter": 5, "conjugate_isogenous_pairs": 72, "eigenvalues": [5.202834495344908, -5.279533264669983]}, "11": {"diameter": 5, "conjugate_isogenous_pairs": 24, "eigenvalues": [6.4777750279721715, -6.538141740693339]}}}