{"prime": 6121, "nodes": 510, "minpoly": "x^2 + 6118*x + 7", "spine": 22, "undirected": true, "ell": {"2": {"diameter": 12, "conjugate_isogenous_pairs": 29, "eigenvalues": [2.820539400750274, -2.8167752573595877]}, "3": {"diameter": 8, "conjugate_isogenous_pairs": 20, "eigenvalues": [3.4346669397550262, -3.421934105804955]}, "5": {"diameter": 6, "conjugate_isogenous_pairs": 33, "eigenvalues": [4.435660987980678, -4.413062951055208]}, "7": {"diameter": 5, "conjugate_isogenous_pairs": 54, "eigenvalues": [5.245487944592492, -5.175308670684279]}, "11": {"diameter": 4, "conjugate_isogenous_pairs": 119, "eigenvalues": [6.40975515508551, -6.62905115533118]}}}