{"prime": 17021, "nodes": 1419, "minpoly": "x^2 + 17013*x + 2", "spine": 57, "undirected": false, "ell": {"2": {"diameter": 14, "conjugate_isogenous_pairs": 17, "eigenvalues": [2.8129156201713736, -2.821157158877226]}, "3": {"diameter": 10, "conjugate_isogenous_pairs": 74, "eigenvalues": [3.444131238785673, -3.445616458419171]}, "5": {"diameter": 7, "conjugate_isogenous_pairs": 30, "eigenvalues": [4.447903761203563, -4.451365326679526]}, "7": {"diameter": 6, "conjugate_isogenous_pairs": 70, "eigenvalues": [5.273119176751651, -5.235717830056584]}, "11": {"diameter": 5, "conjugate_isogenous_pairs": 108, "eigenvalues": [6.578678842309883, -6.625677519937571]}}}