{"prime": 997, "nodes": 83, "minpoly": "x^2 + 995*x + 7", "spine": 7, "undirected": true, "ell": {"2": {"diameter": 8, "conjugate_isogenous_pairs": 11, "eigenvalues": [2.7145508967362066, -2.767636189118193]}, "3": {"diameter": 6, "conjugate_isogenous_pairs": 20, "eigenvalues": [3.4447733180571976, -3.339644561912616]}, "5": {"diameter": 4, "conjugate_isogenous_pairs": 10, "eigenvalues": [4.166891188079182, -4.425957888915104]}, "7": {"diameter": 3, "conjugate_isogenous_pairs": 11, "eigenvalues": [4.733349892987125, -4.81468768746936]}, "11": {"diameter": 3, "conjugate_isogenous_pairs": 29, "eigenvalues": [6.20711164041996, -6.193527085331043]}}}