{"prime": 10513, "nodes": 876, "minpoly": "x^2 + 10506*x + 7", "spine": 20, "undirected": true, "ell": {"2": {"diameter": 13, "conjugate_isogenous_pairs": 40, "eigenvalues": [2.8173608956855327, -2.818797830308404]}, "3": {"diameter": 9, "conjugate_isogenous_pairs": 54, "eigenvalues": [3.4479159384240425, -3.4450540259251423]}, "5": {"diameter": 6, "conjugate_isogenous_pairs": 50, "eigenvalues": [4.454160602826609, -4.452173802651964]}, "7": {"diameter": 5, "conjugate_isogenous_pairs": 63, "eigenvalues": [5.231665962041144, -5.2575618158843005]}, "11": {"diameter": 4, "conjugate_isogenous_pairs": 99, "eigenvalues": [6.608930148974866, -6.518284843504528]}}}