{"prime": 3583, "nodes": 299, "minpoly": "x^2 + 3582*x + 3", "spine": 29, "undirected": false, "ell": {"2": {"diameter": 12, "conjugate_isogenous_pairs": 29, "eigenvalues": [2.8214534132288223, -2.8003208134437565]}, "3": {"diameter": 8, "conjugate_isogenous_pairs": 17, "eigenvalues": [3.392701058633438, -3.398183406964125]}, "5": {"diameter": 6, "conjugate_isogenous_pairs": 41, "eigenvalues": [4.444861643576501, -4.35001641299478]}, "7": {"diameter": 5, "conjugate_isogenous_pairs": 18, "eigenvalues": [5.159746239346987, -5.090214640605399]}, "11": {"diameter": 4, "conjugate_isogenous_pairs": 32, "eigenvalues": [6.535361204494329, -6.280257068749299]}}}