{"prime": 26947, "nodes": 2246, "minpoly": "x^2 + 26943*x + 2", "spine": 46, "undirected": false, "ell": {"2": {"diameter": 15, "conjugate_isogenous_pairs": 57, "eigenvalues": [2.8174088123720336, -2.817019060282498]}, "3": {"diameter": 10, "conjugate_isogenous_pairs": 65, "eigenvalues": [3.454851775867117, -3.4581280321236294]}, "5": {"diameter": 7, "conjugate_isogenous_pairs": 207, "eigenvalues": [4.465384121175914, -4.449999934641983]}, "7": {"diameter": 6, "conjugate_isogenous_pairs": 53, "eigenvalues": [5.226501503555301, -5.243413598033399]}, "11": {"diameter": 5, "conjugate_isogenous_pairs": 81, "eigenvalues": [6.548455348188819, -6.615170768209531]}}}