{"prime": 18269, "nodes": 1523, "minpoly": "x^2 + 18265*x + 2", "spine": 103, "undirected": false, "ell": {"2": {"diameter": 15, "conjugate_isogenous_pairs": 17, "eigenvalues": [2.820038768319905, -2.8255841162895856]}, "3": {"diameter": 10, "conjugate_isogenous_pairs": 60, "eigenvalues": [3.4304657485392736, -3.462395510926809]}, "5": {"diameter": 7, "conjugate_isogenous_pairs": 27, "eigenvalues": [4.436272286828252, -4.442681285429786]}, "7": {"diameter": 6, "conjugate_isogenous_pairs": 96, "eigenvalues": [5.254849870056928, -5.2647228307376785]}, "11": {"diameter": 5, "conjugate_isogenous_pairs": 141, "eigenvalues": [6.575458594176605, -6.589928606757152]}}}