{"prime": 12583, "nodes": 1049, "minpoly": "x^2 + 12581*x + 5", "spine": 37, "undirected": false, "ell": {"2": {"diameter": 13, "conjugate_isogenous_pairs": 31, "eigenvalues": [2.826134250546056, -2.819627188945262]}, "3": {"diameter": 9, "conjugate_isogenous_pairs": 58, "eigenvalues": [3.455860189570568, -3.451362469421494]}, "5": {"diameter": 7, "conjugate_isogenous_pairs": 86, "eigenvalues": [4.459679082971464, -4.459596472871759]}, "7": {"diameter": 5, "conjugate_isogenous_pairs": 35, "eigenvalues": [5.218210197999992, -5.277189517247468]}, "11": {"diameter": 4, "conjugate_isogenous_pairs": 66, "eigenvalues": [6.624504177872326, -6.500137062017489]}}}