{"prime": 4261, "nodes": 355, "minpoly": "x^2 + 4260*x + 2", "spine": 17, "undirected": true, "ell": {"2": {"diameter": 12, "conjugate_isogenous_pairs": 21, "eigenvalues": [2.8044976380985163, -2.8186310511697066]}, "3": {"diameter": 8, "conjugate_isogenous_pairs": 30, "eigenvalues": [3.44090536666924, -3.427232235200403]}, "5": {"diameter": 5, "conjugate_isogenous_pairs": 26, "eigenvalues": [4.4317080554699455, -4.365365562503574]}, "7": {"diameter": 5, "conjugate_isogenous_pairs": 20, "eigenvalues": [5.148425932709074, -5.278340768708747]}, "11": {"diameter": 4, "conjugate_isogenous_pairs": 106, "eigenvalues": [6.607766733027286, -6.452180822509039]}}}