{"prime": 24907, "nodes": 2076, "minpoly": "x^2 + 24903*x + 2", "spine": 34, "undirected": false, "ell": {"2": {"diameter": 15, "conjugate_isogenous_pairs": 69, "eigenvalues": [2.8267279348668906, -2.8255757151166208]}, "3": {"diameter": 10, "conjugate_isogenous_pairs": 64, "eigenvalues": [3.457979279915713, -3.4583162695864464]}, "5": {"diameter": 7, "conjugate_isogenous_pairs": 144, "eigenvalues": [4.447706109131609, -4.468363310332193]}, "7": {"diameter": 6, "conjugate_isogenous_pairs": 55, "eigenvalues": [5.235982120899919, -5.263620812620908]}, "11": {"diameter": 5, "conjugate_isogenous_pairs": 64, "eigenvalues": [6.626111808680234, -6.539907919070791]}}}