{"prime": 8867, "nodes": 740, "minpoly": "x^2 + 8866*x + 2", "spine": 54, "undirected": false, "ell": {"2": {"diameter": 13, "conjugate_isogenous_pairs": 17, "eigenvalues": [2.804301619543976, -2.82362848644019]}, "3": {"diameter": 9, "conjugate_isogenous_pairs": 28, "eigenvalues": [3.4414170327428595, -3.441435730967137]}, "5": {"diameter": 6, "conjugate_isogenous_pairs": 43, "eigenvalues": [4.465553962272202, -4.422376279532316]}, "7": {"diameter": 6, "conjugate_isogenous_pairs": 85, "eigenvalues": [5.246470580222249, -5.175459334914496]}, "11": {"diameter": 5, "conjugate_isogenous_pairs": 36, "eigenvalues": [6.617558157137835, -6.575012377528832]}}}