{"prime": 241, "nodes": 20, "minpoly": "x^2 + 238*x + 7", "spine": 6, "undirected": true, "ell": {"2": {"diameter": 6, "conjugate_isogenous_pairs": 4, "eigenvalues": [2.700633108780542, -2.6036259368661407]}, "3": {"diameter": 4, "conjugate_isogenous_pairs": 3, "eigenvalues": [2.93498116649136, -3.282947884704207]}, "5": {"diameter": 3, "conjugate_isogenous_pairs": 6, "eigenvalues": [4.319630225174378, -3.896343150558288]}, "7": {"diameter": 3, "conjugate_isogenous_pairs": 6, "eigenvalues": [5.0613864938394935, -4.613923383611113]}, "11": {"diameter": 2, "conjugate_isogenous_pairs": 7, "eigenvalues": [6.287930466324417, -4.964307234345313]}}}