{"prime": 3931, "nodes": 328, "minpoly": "x^2 + 3927*x + 2", "spine": 22, "undirected": false, "ell": {"2": {"diameter": 11, "conjugate_isogenous_pairs": 19, "eigenvalues": [2.799482537207426, -2.796183342594294]}, "3": {"diameter": 8, "conjugate_isogenous_pairs": 15, "eigenvalues": [3.442553321774258, -3.3639080071562817]}, "5": {"diameter": 6, "conjugate_isogenous_pairs": 59, "eigenvalues": [4.396239277454455, -4.463974331727258]}, "7": {"diameter": 5, "conjugate_isogenous_pairs": 18, "eigenvalues": [5.246378171661076, -5.117493567612215]}, "11": {"diameter": 4, "conjugate_isogenous_pairs": 40, "eigenvalues": [6.438862329210147, -6.609068260866261]}}}