{"prime": 12911, "nodes": 1077, "minpoly": "x^2 + 12909*x + 23", "spine": 165, "undirected": false, "ell": {"2": {"diameter": 14, "conjugate_isogenous_pairs": 16, "eigenvalues": [2.825966350184507, -2.8229655170756587]}, "3": {"diameter": 10, "conjugate_isogenous_pairs": 17, "eigenvalues": [3.442493630247895, -3.4385012855882024]}, "5": {"diameter": 7, "conjugate_isogenous_pairs": 47, "eigenvalues": [4.409831432064071, -4.385450991113113]}, "7": {"diameter": 6, "conjugate_isogenous_pairs": 58, "eigenvalues": [5.217705097912622, -5.243200856781991]}, "11": {"diameter": 5, "conjugate_isogenous_pairs": 60, "eigenvalues": [6.604448334166754, -6.5413132936453655]}}}