{"prime": 2557, "nodes": 213, "minpoly": "x^2 + 2553*x + 2", "spine": 9, "undirected": true, "ell": {"2": {"diameter": 10, "conjugate_isogenous_pairs": 16, "eigenvalues": [2.8107840887134623, -2.8148574819578855]}, "3": {"diameter": 7, "conjugate_isogenous_pairs": 38, "eigenvalues": [3.4488038716508185, -3.429757647801835]}, "5": {"diameter": 5, "conjugate_isogenous_pairs": 24, "eigenvalues": [4.367835103384515, -4.365638499130903]}, "7": {"diameter": 4, "conjugate_isogenous_pairs": 29, "eigenvalues": [5.2085428610947035, -5.23647323137243]}, "11": {"diameter": 4, "conjugate_isogenous_pairs": 44, "eigenvalues": [6.428298326710068, -6.433932088903175]}}}