{"prime": 14423, "nodes": 1203, "minpoly": "x^2 + 14422*x + 5", "spine": 113, "undirected": false, "ell": {"2": {"diameter": 15, "conjugate_isogenous_pairs": 21, "eigenvalues": [2.821797369932759, -2.818916640253369]}, "3": {"diameter": 9, "conjugate_isogenous_pairs": 29, "eigenvalues": [3.4153681673994054, -3.4528103132181847]}, "5": {"diameter": 7, "conjugate_isogenous_pairs": 42, "eigenvalues": [4.382740305690587, -4.424065747743834]}, "7": {"diameter": 6, "conjugate_isogenous_pairs": 96, "eigenvalues": [5.286137612111847, -5.2520083106987165]}, "11": {"diameter": 5, "conjugate_isogenous_pairs": 52, "eigenvalues": [6.621759868548511, -6.508628732459458]}}}