{"prime": 5843, "nodes": 488, "minpoly": "x^2 + 5839*x + 2", "spine": 50, "undirected": false, "ell": {"2": {"diameter": 12, "conjugate_isogenous_pairs": 16, "eigenvalues": [2.819589258096428, -2.7981719925224366]}, "3": {"diameter": 9, "conjugate_isogenous_pairs": 25, "eigenvalues": [3.411832753235133, -3.4349520242405025]}, "5": {"diameter": 6, "conjugate_isogenous_pairs": 46, "eigenvalues": [4.431720238933766, -4.444476714044349]}, "7": {"diameter": 5, "conjugate_isogenous_pairs": 64, "eigenvalues": [5.23809706904229, -5.186767756861148]}, "11": {"diameter": 4, "conjugate_isogenous_pairs": 28, "eigenvalues": [6.615295823383913, -6.3601632339072705]}}}