{"prime": 24943, "nodes": 2079, "minpoly": "x^2 + 24942*x + 5", "spine": 71, "undirected": false, "ell": {"2": {"diameter": 15, "conjugate_isogenous_pairs": 58, "eigenvalues": [2.822536253264075, -2.8193975386011356]}, "3": {"diameter": 10, "conjugate_isogenous_pairs": 72, "eigenvalues": [3.444227904907248, -3.455947922241529]}, "5": {"diameter": 7, "conjugate_isogenous_pairs": 106, "eigenvalues": [4.4476767976965785, -4.429820075581904]}, "7": {"diameter": 6, "conjugate_isogenous_pairs": 47, "eigenvalues": [5.279767362095227, -5.265749083345946]}, "11": {"diameter": 5, "conjugate_isogenous_pairs": 78, "eigenvalues": [6.605286532733015, -6.593471261697184]}}}