{"prime": 15329, "nodes": 1278, "minpoly": "x^2 + 15328*x + 3", "spine": 94, "undirected": false, "ell": {"2": {"diameter": 14, "conjugate_isogenous_pairs": 20, "eigenvalues": [2.821088481672902, -2.8240279189285022]}, "3": {"diameter": 10, "conjugate_isogenous_pairs": 32, "eigenvalues": [3.4280207835241256, -3.4512336784229665]}, "5": {"diameter": 7, "conjugate_isogenous_pairs": 34, "eigenvalues": [4.447176688549599, -4.4559379845360265]}, "7": {"diameter": 6, "conjugate_isogenous_pairs": 121, "eigenvalues": [5.28279110911165, -5.2885981223009]}, "11": {"diameter": 5, "conjugate_isogenous_pairs": 106, "eigenvalues": [6.575556154857784, -6.617518875053573]}}}