{"prime": 1753, "nodes": 146, "minpoly": "x^2 + 1746*x + 7", "spine": 10, "undirected": true, "ell": {"2": {"diameter": 11, "conjugate_isogenous_pairs": 24, "eigenvalues": [2.7947127017161293, -2.8031405597950565]}, "3": {"diameter": 7, "conjugate_isogenous_pairs": 11, "eigenvalues": [3.4145775774310896, -3.2765580512186023]}, "5": {"diameter": 4, "conjugate_isogenous_pairs": 19, "eigenvalues": [4.089101068870021, -4.398993526262395]}, "7": {"diameter": 4, "conjugate_isogenous_pairs": 29, "eigenvalues": [5.170547214165631, -5.2512899346928705]}, "11": {"diameter": 4, "conjugate_isogenous_pairs": 27, "eigenvalues": [6.583635846391782, -6.3387686206273175]}}}