{"prime": 19309, "nodes": 1609, "minpoly": "x^2 + 19305*x + 6", "spine": 51, "undirected": true, "ell": {"2": {"diameter": 14, "conjugate_isogenous_pairs": 51, "eigenvalues": [2.827160780788242, -2.8247347544643002]}, "3": {"diameter": 9, "conjugate_isogenous_pairs": 46, "eigenvalues": [3.449237924651476, -3.4392807461676798]}, "5": {"diameter": 7, "conjugate_isogenous_pairs": 52, "eigenvalues": [4.465863599970999, -4.458045712438044]}, "7": {"diameter": 6, "conjugate_isogenous_pairs": 52, "eigenvalues": [5.24424345467627, -5.264271048431716]}, "11": {"diameter": 5, "conjugate_isogenous_pairs": 256, "eigenvalues": [6.5528625214179135, -6.561117119744982]}}}