{"prime": 8573, "nodes": 715, "minpoly": "x^2 + 8569*x + 2", "spine": 37, "undirected": false, "ell": {"2": {"diameter": 14, "conjugate_isogenous_pairs": 30, "eigenvalues": [2.8074992621245154, -2.8092831830237337]}, "3": {"diameter": 9, "conjugate_isogenous_pairs": 55, "eigenvalues": [3.452384821598578, -3.4446447604997257]}, "5": {"diameter": 6, "conjugate_isogenous_pairs": 22, "eigenvalues": [4.451934440856388, -4.410981849738629]}, "7": {"diameter": 5, "conjugate_isogenous_pairs": 111, "eigenvalues": [5.187140341700015, -5.213448274713055]}, "11": {"diameter": 5, "conjugate_isogenous_pairs": 63, "eigenvalues": [6.5852401054750045, -6.568563258771281]}}}