{"prime": 18713, "nodes": 1560, "minpoly": "x^2 + 18712*x + 3", "spine": 54, "undirected": false, "ell": {"2": {"diameter": 14, "conjugate_isogenous_pairs": 24, "eigenvalues": [2.8239614865583835, -2.8251403516529456]}, "3": {"diameter": 10, "conjugate_isogenous_pairs": 82, "eigenvalues": [3.439856019085713, -3.443984659226349]}, "5": {"diameter": 7, "conjugate_isogenous_pairs": 35, "eigenvalues": [4.45623813288245, -4.464077296808974]}, "7": {"diameter": 6, "conjugate_isogenous_pairs": 160, "eigenvalues": [5.236375910214047, -5.272523314778126]}, "11": {"diameter": 5, "conjugate_isogenous_pairs": 50, "eigenvalues": [6.622976024912141, -6.530474887493153]}}}