{"prime": 20389, "nodes": 1699, "minpoly": "x^2 + 20385*x + 6", "spine": 55, "undirected": true, "ell": {"2": {"diameter": 14, "conjugate_isogenous_pairs": 42, "eigenvalues": [2.820398446945991, -2.813003860326546]}, "3": {"diameter": 9, "conjugate_isogenous_pairs": 59, "eigenvalues": [3.4440546588710714, -3.446791734437642]}, "5": {"diameter": 7, "conjugate_isogenous_pairs": 85, "eigenvalues": [4.385845239495814, -4.4392298050200925]}, "7": {"diameter": 6, "conjugate_isogenous_pairs": 51, "eigenvalues": [5.277382803287385, -5.276258625437106]}, "11": {"diameter": 5, "conjugate_isogenous_pairs": 334, "eigenvalues": [6.55841731352171, -6.618097512611891]}}}