{"prime": 12163, "nodes": 1014, "minpoly": "x^2 + 12162*x + 5", "spine": 30, "undirected": false, "ell": {"2": {"diameter": 14, "conjugate_isogenous_pairs": 41, "eigenvalues": [2.8115765022004817, -2.810458532690156]}, "3": {"diameter": 9, "conjugate_isogenous_pairs": 43, "eigenvalues": [3.426349984081123, -3.4409445553627593]}, "5": {"diameter": 7, "conjugate_isogenous_pairs": 140, "eigenvalues": [4.428025657667398, -4.444644499465778]}, "7": {"diameter": 5, "conjugate_isogenous_pairs": 42, "eigenvalues": [5.229477772907638, -5.277169176384689]}, "11": {"diameter": 4, "conjugate_isogenous_pairs": 72, "eigenvalues": [6.624016156305582, -6.558366881844727]}}}