{"prime": 2351, "nodes": 197, "minpoly": "x^2 + 2347*x + 13", "spine": 63, "undirected": false, "ell": {"2": {"diameter": 11, "conjugate_isogenous_pairs": 6, "eigenvalues": [2.7937400469114855, -2.8061910246290815]}, "3": {"diameter": 8, "conjugate_isogenous_pairs": 7, "eigenvalues": [3.367428048244627, -3.406810242680074]}, "5": {"diameter": 6, "conjugate_isogenous_pairs": 15, "eigenvalues": [4.411751257125539, -4.427578538293345]}, "7": {"diameter": 5, "conjugate_isogenous_pairs": 20, "eigenvalues": [5.192860547553091, -5.245352426897585]}, "11": {"diameter": 4, "conjugate_isogenous_pairs": 25, "eigenvalues": [6.598791597358282, -6.347999524063493]}}}