{"prime": 383, "nodes": 33, "minpoly": "x^2 + 382*x + 5", "spine": 17, "undirected": false, "ell": {"2": {"diameter": 7, "conjugate_isogenous_pairs": 4, "eigenvalues": [2.7558955918880867, -2.5582183441055952]}, "3": {"diameter": 5, "conjugate_isogenous_pairs": 2, "eigenvalues": [3.0865415150514224, -3.216684937871699]}, "5": {"diameter": 4, "conjugate_isogenous_pairs": 3, "eigenvalues": [4.417541698273968, -4.253602187923553]}, "7": {"diameter": 4, "conjugate_isogenous_pairs": 7, "eigenvalues": [4.879971959989467, -4.89802539988817]}, "11": {"diameter": 3, "conjugate_isogenous_pairs": 2, "eigenvalues": [6.255691765141516, -6.287421337949644]}}}