{"prime": 20011, "nodes": 1668, "minpoly": "x^2 + 20009*x + 12", "spine": 74, "undirected": false, "ell": {"2": {"diameter": 15, "conjugate_isogenous_pairs": 33, "eigenvalues": [2.826015374029724, -2.823448838869603]}, "3": {"diameter": 9, "conjugate_isogenous_pairs": 32, "eigenvalues": [3.4551312890669403, -3.4381070026023495]}, "5": {"diameter": 7, "conjugate_isogenous_pairs": 128, "eigenvalues": [4.439382285469114, -4.413449245389331]}, "7": {"diameter": 6, "conjugate_isogenous_pairs": 28, "eigenvalues": [5.222027932320233, -5.279481296738307]}, "11": {"diameter": 5, "conjugate_isogenous_pairs": 118, "eigenvalues": [6.585987029638504, -6.60898499636987]}}}