{"prime": 401, "nodes": 34, "minpoly": "x^2 + 396*x + 3", "spine": 10, "undirected": false, "ell": {"2": {"diameter": 8, "conjugate_isogenous_pairs": 3, "eigenvalues": [2.743887827849413, -2.654855704816863]}, "3": {"diameter": 6, "conjugate_isogenous_pairs": 5, "eigenvalues": [3.106913622501718, -3.0670795861441573]}, "5": {"diameter": 4, "conjugate_isogenous_pairs": 6, "eigenvalues": [3.630249004663636, -4.09453958210569]}, "7": {"diameter": 4, "conjugate_isogenous_pairs": 11, "eigenvalues": [5.21070551018793, -4.629901491622888]}, "11": {"diameter": 3, "conjugate_isogenous_pairs": 8, "eigenvalues": [5.727421204602602, -5.166108968320302]}}}