{"prime": 7573, "nodes": 631, "minpoly": "x^2 + 7572*x + 2", "spine": 19, "undirected": true, "ell": {"2": {"diameter": 13, "conjugate_isogenous_pairs": 47, "eigenvalues": [2.8182112796733096, -2.812354820729752]}, "3": {"diameter": 8, "conjugate_isogenous_pairs": 39, "eigenvalues": [3.426418269455117, -3.4441849478571047]}, "5": {"diameter": 6, "conjugate_isogenous_pairs": 33, "eigenvalues": [4.428538111122341, -4.406043412668854]}, "7": {"diameter": 5, "conjugate_isogenous_pairs": 46, "eigenvalues": [5.228039071680412, -5.283076520721834]}, "11": {"diameter": 4, "conjugate_isogenous_pairs": 124, "eigenvalues": [6.549426263926453, -6.607644486173407]}}}