{"prime": 8081, "nodes": 674, "minpoly": "x^2 + 8080*x + 3", "spine": 56, "undirected": false, "ell": {"2": {"diameter": 13, "conjugate_isogenous_pairs": 15, "eigenvalues": [2.816039138330404, -2.8206096551787665]}, "3": {"diameter": 9, "conjugate_isogenous_pairs": 20, "eigenvalues": [3.4587736007186716, -3.4375359456356036]}, "5": {"diameter": 6, "conjugate_isogenous_pairs": 27, "eigenvalues": [4.427311207652501, -4.453822615992315]}, "7": {"diameter": 6, "conjugate_isogenous_pairs": 91, "eigenvalues": [5.230739451901415, -5.1992899780626765]}, "11": {"diameter": 4, "conjugate_isogenous_pairs": 65, "eigenvalues": [6.396848393410555, -6.514163936341619]}}}