{"prime": 22259, "nodes": 1856, "minpoly": "x^2 + 22255*x + 2", "spine": 158, "undirected": false, "ell": {"2": {"diameter": 15, "conjugate_isogenous_pairs": 17, "eigenvalues": [2.8248029967849884, -2.8246215676742326]}, "3": {"diameter": 10, "conjugate_isogenous_pairs": 27, "eigenvalues": [3.4488278884356243, -3.4406633777079905]}, "5": {"diameter": 7, "conjugate_isogenous_pairs": 78, "eigenvalues": [4.435272766499062, -4.462597191092704]}, "7": {"diameter": 6, "conjugate_isogenous_pairs": 73, "eigenvalues": [5.257588280006646, -5.272187774017632]}, "11": {"diameter": 5, "conjugate_isogenous_pairs": 97, "eigenvalues": [6.536489380674727, -6.608936928652123]}}}