{"prime": 29287, "nodes": 2441, "minpoly": "x^2 + 29286*x + 5", "spine": 65, "undirected": false, "ell": {"2": {"diameter": 15, "conjugate_isogenous_pairs": 102, "eigenvalues": [2.8275432461138204, -2.826939997588087]}, "3": {"diameter": 10, "conjugate_isogenous_pairs": 36, "eigenvalues": [3.451628684180212, -3.4168768288045013]}, "5": {"diameter": 7, "conjugate_isogenous_pairs": 118, "eigenvalues": [4.439125840903308, -4.457744119731176]}, "7": {"diameter": 6, "conjugate_isogenous_pairs": 87, "eigenvalues": [5.2287822185496315, -5.247898102076726]}, "11": {"diameter": 5, "conjugate_isogenous_pairs": 133, "eigenvalues": [6.623010020175787, -6.616495772379402]}}}