{"prime": 20521, "nodes": 1710, "minpoly": "x^2 + 20512*x + 11", "spine": 42, "undirected": true, "ell": {"2": {"diameter": 14, "conjugate_isogenous_pairs": 48, "eigenvalues": [2.8223236398013882, -2.821029667175668]}, "3": {"diameter": 9, "conjugate_isogenous_pairs": 59, "eigenvalues": [3.4521630719086582, -3.4351189677438536]}, "5": {"diameter": 7, "conjugate_isogenous_pairs": 91, "eigenvalues": [4.470461355872857, -4.445628563873863]}, "7": {"diameter": 6, "conjugate_isogenous_pairs": 65, "eigenvalues": [5.275308076725535, -5.274082296275512]}, "11": {"diameter": 5, "conjugate_isogenous_pairs": 134, "eigenvalues": [6.582574780391644, -6.602145697191588]}}}