{"prime": 16001, "nodes": 1334, "minpoly": "x^2 + 16000*x + 3", "spine": 94, "undirected": false, "ell": {"2": {"diameter": 15, "conjugate_isogenous_pairs": 18, "eigenvalues": [2.8254388771465626, -2.825171985891505]}, "3": {"diameter": 10, "conjugate_isogenous_pairs": 28, "eigenvalues": [3.4341879427839417, -3.45164857922822]}, "5": {"diameter": 7, "conjugate_isogenous_pairs": 36, "eigenvalues": [4.417554567211526, -4.452659267305884]}, "7": {"diameter": 6, "conjugate_isogenous_pairs": 111, "eigenvalues": [5.255056397019156, -5.24856754559553]}, "11": {"diameter": 5, "conjugate_isogenous_pairs": 107, "eigenvalues": [6.600580921289361, -6.588129046048447]}}}