{"prime": 4201, "nodes": 350, "minpoly": "x^2 + 4200*x + 11", "spine": 18, "undirected": true, "ell": {"2": {"diameter": 11, "conjugate_isogenous_pairs": 16, "eigenvalues": [2.8179297082230486, -2.823165917181411]}, "3": {"diameter": 7, "conjugate_isogenous_pairs": 19, "eigenvalues": [3.406463779860505, -3.4214345383692213]}, "5": {"diameter": 5, "conjugate_isogenous_pairs": 44, "eigenvalues": [4.427938688137239, -4.461549751145972]}, "7": {"diameter": 5, "conjugate_isogenous_pairs": 28, "eigenvalues": [5.200846433088885, -5.008388944898705]}, "11": {"diameter": 4, "conjugate_isogenous_pairs": 73, "eigenvalues": [6.451239195656066, -6.548798671108568]}}}