{"prime": 19577, "nodes": 1632, "minpoly": "x^2 + 19576*x + 3", "spine": 66, "undirected": false, "ell": {"2": {"diameter": 15, "conjugate_isogenous_pairs": 23, "eigenvalues": [2.8275656617065965, -2.8160912345324616]}, "3": {"diameter": 10, "conjugate_isogenous_pairs": 75, "eigenvalues": [3.4464002218851717, -3.457294602204084]}, "5": {"diameter": 7, "conjugate_isogenous_pairs": 30, "eigenvalues": [4.449037745594843, -4.433599023128897]}, "7": {"diameter": 6, "conjugate_isogenous_pairs": 160, "eigenvalues": [5.257038484095305, -5.263756918248689]}, "11": {"diameter": 5, "conjugate_isogenous_pairs": 68, "eigenvalues": [6.5507561027911665, -6.5940601717980165]}}}