{"prime": 23071, "nodes": 1923, "minpoly": "x^2 + 23069*x + 3", "spine": 105, "undirected": false, "ell": {"2": {"diameter": 14, "conjugate_isogenous_pairs": 52, "eigenvalues": [2.827342015313678, -2.8171344833394993]}, "3": {"diameter": 10, "conjugate_isogenous_pairs": 30, "eigenvalues": [3.4613532951594714, -3.458255143029129]}, "5": {"diameter": 7, "conjugate_isogenous_pairs": 80, "eigenvalues": [4.462346341137498, -4.458961733138936]}, "7": {"diameter": 6, "conjugate_isogenous_pairs": 41, "eigenvalues": [5.233403988933182, -5.264916853780444]}, "11": {"diameter": 5, "conjugate_isogenous_pairs": 122, "eigenvalues": [6.626168701302616, -6.570637025089831]}}}