{"prime": 11131, "nodes": 928, "minpoly": "x^2 + 11127*x + 2", "spine": 50, "undirected": false, "ell": {"2": {"diameter": 14, "conjugate_isogenous_pairs": 28, "eigenvalues": [2.8257081544898317, -2.8211118687220194]}, "3": {"diameter": 9, "conjugate_isogenous_pairs": 34, "eigenvalues": [3.4624893022951726, -3.4494000719868083]}, "5": {"diameter": 7, "conjugate_isogenous_pairs": 110, "eigenvalues": [4.435342339774578, -4.469000382236951]}, "7": {"diameter": 5, "conjugate_isogenous_pairs": 20, "eigenvalues": [5.181085566808803, -5.222561011024717]}, "11": {"diameter": 5, "conjugate_isogenous_pairs": 64, "eigenvalues": [6.534544559049684, -6.625473988707924]}}}