{"prime": 26729, "nodes": 2228, "minpoly": "x^2 + 26719*x + 3", "spine": 132, "undirected": false, "ell": {"2": {"diameter": 16, "conjugate_isogenous_pairs": 18, "eigenvalues": [2.823983969439192, -2.8249612238940736]}, "3": {"diameter": 10, "conjugate_isogenous_pairs": 44, "eigenvalues": [3.4575312281772677, -3.437466100979326]}, "5": {"diameter": 7, "conjugate_isogenous_pairs": 40, "eigenvalues": [4.461510648634015, -4.464087982656159]}, "7": {"diameter": 6, "conjugate_isogenous_pairs": 162, "eigenvalues": [5.270640447411259, -5.283304632557115]}, "11": {"diameter": 5, "conjugate_isogenous_pairs": 131, "eigenvalues": [6.595138934078049, -6.515395781417093]}}}