{"prime": 12553, "nodes": 1046, "minpoly": "x^2 + 12552*x + 5", "spine": 18, "undirected": true, "ell": {"2": {"diameter": 13, "conjugate_isogenous_pairs": 33, "eigenvalues": [2.821609261099754, -2.800876216873116]}, "3": {"diameter": 9, "conjugate_isogenous_pairs": 57, "eigenvalues": [3.4520014633979086, -3.4253693248094055]}, "5": {"diameter": 6, "conjugate_isogenous_pairs": 98, "eigenvalues": [4.421597809173106, -4.394451023647847]}, "7": {"diameter": 5, "conjugate_isogenous_pairs": 105, "eigenvalues": [5.195146141434243, -5.200257743141701]}, "11": {"diameter": 4, "conjugate_isogenous_pairs": 96, "eigenvalues": [6.594593067933801, -6.4728795967870845]}}}