{"prime": 28871, "nodes": 2407, "minpoly": "x^2 + 28869*x + 13", "spine": 233, "undirected": false, "ell": {"2": {"diameter": 15, "conjugate_isogenous_pairs": 19, "eigenvalues": [2.8270026844800653, -2.828183384270243]}, "3": {"diameter": 10, "conjugate_isogenous_pairs": 31, "eigenvalues": [3.4545155546799564, -3.4620749276641636]}, "5": {"diameter": 7, "conjugate_isogenous_pairs": 55, "eigenvalues": [4.458484329533938, -4.449632418877058]}, "7": {"diameter": 6, "conjugate_isogenous_pairs": 106, "eigenvalues": [5.270893659213818, -5.263324111891728]}, "11": {"diameter": 5, "conjugate_isogenous_pairs": 123, "eigenvalues": [6.551539461863869, -6.617674929892705]}}}