{"prime": 6907, "nodes": 576, "minpoly": "x^2 + 6906*x + 2", "spine": 34, "undirected": false, "ell": {"2": {"diameter": 13, "conjugate_isogenous_pairs": 26, "eigenvalues": [2.804832446152147, -2.807963457533608]}, "3": {"diameter": 9, "conjugate_isogenous_pairs": 32, "eigenvalues": [3.4521355562909983, -3.457714649227414]}, "5": {"diameter": 6, "conjugate_isogenous_pairs": 70, "eigenvalues": [4.442248301919527, -4.460682959700204]}, "7": {"diameter": 5, "conjugate_isogenous_pairs": 30, "eigenvalues": [5.214958203194139, -5.275934462065616]}, "11": {"diameter": 4, "conjugate_isogenous_pairs": 65, "eigenvalues": [6.539305291983253, -6.553687924545928]}}}