{"prime": 8011, "nodes": 668, "minpoly": "x^2 + 8009*x + 14", "spine": 50, "undirected": false, "ell": {"2": {"diameter": 13, "conjugate_isogenous_pairs": 33, "eigenvalues": [2.8177188855486373, -2.8183260684004785]}, "3": {"diameter": 8, "conjugate_isogenous_pairs": 15, "eigenvalues": [3.425025991713268, -3.460196711734562]}, "5": {"diameter": 6, "conjugate_isogenous_pairs": 69, "eigenvalues": [4.456269824602221, -4.359530814081208]}, "7": {"diameter": 5, "conjugate_isogenous_pairs": 21, "eigenvalues": [5.211244398888133, -5.248009678090011]}, "11": {"diameter": 4, "conjugate_isogenous_pairs": 66, "eigenvalues": [6.554857617506873, -6.605479998065109]}}}