{"prime": 21787, "nodes": 1816, "minpoly": "x^2 + 21786*x + 23", "spine": 50, "undirected": false, "ell": {"2": {"diameter": 14, "conjugate_isogenous_pairs": 54, "eigenvalues": [2.818813153609731, -2.827668279307909]}, "3": {"diameter": 10, "conjugate_isogenous_pairs": 46, "eigenvalues": [3.456757107460123, -3.4600065553232193]}, "5": {"diameter": 7, "conjugate_isogenous_pairs": 142, "eigenvalues": [4.46761024736183, -4.440741349573331]}, "7": {"diameter": 6, "conjugate_isogenous_pairs": 47, "eigenvalues": [5.247564808436954, -5.280280675444574]}, "11": {"diameter": 5, "conjugate_isogenous_pairs": 123, "eigenvalues": [6.630608767297392, -6.560208694381189]}}}