{"prime": 28711, "nodes": 2393, "minpoly": "x^2 + 28709*x + 3", "spine": 97, "undirected": false, "ell": {"2": {"diameter": 15, "conjugate_isogenous_pairs": 46, "eigenvalues": [2.8275271588025435, -2.8239925505083048]}, "3": {"diameter": 10, "conjugate_isogenous_pairs": 36, "eigenvalues": [3.4516336027936974, -3.4605849614343245]}, "5": {"diameter": 7, "conjugate_isogenous_pairs": 116, "eigenvalues": [4.436271198507091, -4.444420744840234]}, "7": {"diameter": 6, "conjugate_isogenous_pairs": 59, "eigenvalues": [5.254673077975956, -5.200017182948923]}, "11": {"diameter": 5, "conjugate_isogenous_pairs": 152, "eigenvalues": [6.589221858804756, -6.607089267549919]}}}