{"prime": 26497, "nodes": 2208, "minpoly": "x^2 + 26492*x + 5", "spine": 24, "undirected": true, "ell": {"2": {"diameter": 14, "conjugate_isogenous_pairs": 61, "eigenvalues": [2.8222336217975665, -2.813484692226724]}, "3": {"diameter": 9, "conjugate_isogenous_pairs": 94, "eigenvalues": [3.452829057601448, -3.441386078822542]}, "5": {"diameter": 7, "conjugate_isogenous_pairs": 98, "eigenvalues": [4.449888454446947, -4.465336674482447]}, "7": {"diameter": 6, "conjugate_isogenous_pairs": 142, "eigenvalues": [5.28099589141643, -5.284314554500536]}, "11": {"diameter": 5, "conjugate_isogenous_pairs": 117, "eigenvalues": [6.59069470792008, -6.612841879006887]}}}