{"prime": 13411, "nodes": 1118, "minpoly": "x^2 + 13410*x + 2", "spine": 54, "undirected": false, "ell": {"2": {"diameter": 14, "conjugate_isogenous_pairs": 39, "eigenvalues": [2.815744549544641, -2.8196736179336273]}, "3": {"diameter": 9, "conjugate_isogenous_pairs": 20, "eigenvalues": [3.4448074590364888, -3.4324215439906753]}, "5": {"diameter": 7, "conjugate_isogenous_pairs": 128, "eigenvalues": [4.449183895465861, -4.437846762138397]}, "7": {"diameter": 5, "conjugate_isogenous_pairs": 26, "eigenvalues": [5.249696571435454, -5.230761583929339]}, "11": {"diameter": 5, "conjugate_isogenous_pairs": 102, "eigenvalues": [6.518775614588829, -6.569496063703426]}}}