{"prime": 20173, "nodes": 1681, "minpoly": "x^2 + 20172*x + 2", "spine": 35, "undirected": true, "ell": {"2": {"diameter": 14, "conjugate_isogenous_pairs": 62, "eigenvalues": [2.8267401454522325, -2.821942465739369]}, "3": {"diameter": 9, "conjugate_isogenous_pairs": 98, "eigenvalues": [3.459865532666314, -3.4577331868625985]}, "5": {"diameter": 7, "conjugate_isogenous_pairs": 79, "eigenvalues": [4.468162651306096, -4.46903058875635]}, "7": {"diameter": 6, "conjugate_isogenous_pairs": 78, "eigenvalues": [5.26925400803332, -5.248248982046759]}, "11": {"diameter": 5, "conjugate_isogenous_pairs": 196, "eigenvalues": [6.547181559433829, -6.618532248206941]}}}