{"prime": 17627, "nodes": 1470, "minpoly": "x^2 + 17621*x + 2", "spine": 54, "undirected": false, "ell": {"2": {"diameter": 14, "conjugate_isogenous_pairs": 25, "eigenvalues": [2.824322845690591, -2.819019043947412]}, "3": {"diameter": 10, "conjugate_isogenous_pairs": 43, "eigenvalues": [3.4460370569889958, -3.4519093696970877]}, "5": {"diameter": 7, "conjugate_isogenous_pairs": 75, "eigenvalues": [4.441757002726167, -4.4266826092388385]}, "7": {"diameter": 6, "conjugate_isogenous_pairs": 110, "eigenvalues": [5.217998206150502, -5.263888246405142]}, "11": {"diameter": 5, "conjugate_isogenous_pairs": 38, "eigenvalues": [6.558013147424157, -6.467337399201559]}}}