{"prime": 4651, "nodes": 388, "minpoly": "x^2 + 4642*x + 3", "spine": 34, "undirected": false, "ell": {"2": {"diameter": 12, "conjugate_isogenous_pairs": 19, "eigenvalues": [2.8146630581855914, -2.821952965403126]}, "3": {"diameter": 8, "conjugate_isogenous_pairs": 15, "eigenvalues": [3.454326666250845, -3.424617936516419]}, "5": {"diameter": 6, "conjugate_isogenous_pairs": 44, "eigenvalues": [4.41956581940514, -4.409088944956782]}, "7": {"diameter": 5, "conjugate_isogenous_pairs": 16, "eigenvalues": [5.065554138095312, -5.241845162022944]}, "11": {"diameter": 4, "conjugate_isogenous_pairs": 70, "eigenvalues": [6.4021352387966886, -6.366038826873953]}}}