{"prime": 6481, "nodes": 540, "minpoly": "x^2 + 6478*x + 7", "spine": 28, "undirected": true, "ell": {"2": {"diameter": 12, "conjugate_isogenous_pairs": 25, "eigenvalues": [2.811205653490463, -2.816927834630404]}, "3": {"diameter": 8, "conjugate_isogenous_pairs": 19, "eigenvalues": [3.447349959978812, -3.4564320158449493]}, "5": {"diameter": 6, "conjugate_isogenous_pairs": 45, "eigenvalues": [4.438329688620158, -4.410408018284721]}, "7": {"diameter": 5, "conjugate_isogenous_pairs": 38, "eigenvalues": [5.16106190452716, -5.205462583573618]}, "11": {"diameter": 4, "conjugate_isogenous_pairs": 117, "eigenvalues": [6.536005483523565, -6.550431287152059]}}}