{"prime": 24281, "nodes": 2024, "minpoly": "x^2 + 24269*x + 3", "spine": 114, "undirected": false, "ell": {"2": {"diameter": 15, "conjugate_isogenous_pairs": 21, "eigenvalues": [2.825444559472082, -2.819081757907338]}, "3": {"diameter": 10, "conjugate_isogenous_pairs": 41, "eigenvalues": [3.442238101895772, -3.460958332367381]}, "5": {"diameter": 7, "conjugate_isogenous_pairs": 33, "eigenvalues": [4.432986729215217, -4.466887202360928]}, "7": {"diameter": 6, "conjugate_isogenous_pairs": 173, "eigenvalues": [5.283825017523827, -5.249179573135047]}, "11": {"diameter": 5, "conjugate_isogenous_pairs": 133, "eigenvalues": [6.585079315216099, -6.590907433633476]}}}