{"prime": 13003, "nodes": 1084, "minpoly": "x^2 + 13001*x + 5", "spine": 22, "undirected": false, "ell": {"2": {"diameter": 14, "conjugate_isogenous_pairs": 46, "eigenvalues": [2.8108958715246417, -2.8240309352694286]}, "3": {"diameter": 9, "conjugate_isogenous_pairs": 50, "eigenvalues": [3.43390877972159, -3.4525912314784812]}, "5": {"diameter": 6, "conjugate_isogenous_pairs": 96, "eigenvalues": [4.427592479138359, -4.435715429534326]}, "7": {"diameter": 5, "conjugate_isogenous_pairs": 44, "eigenvalues": [5.2777559824614215, -5.271144564872424]}, "11": {"diameter": 4, "conjugate_isogenous_pairs": 63, "eigenvalues": [6.6238284568283925, -6.53688881518557]}}}