{"prime": 18181, "nodes": 1515, "minpoly": "x^2 + 18177*x + 2", "spine": 31, "undirected": true, "ell": {"2": {"diameter": 14, "conjugate_isogenous_pairs": 53, "eigenvalues": [2.819533097822356, -2.8256336376453746]}, "3": {"diameter": 9, "conjugate_isogenous_pairs": 64, "eigenvalues": [3.432373030507028, -3.46110817629494]}, "5": {"diameter": 6, "conjugate_isogenous_pairs": 78, "eigenvalues": [4.403652270760204, -4.427939376898684]}, "7": {"diameter": 6, "conjugate_isogenous_pairs": 43, "eigenvalues": [5.284172239525174, -5.2533168533836125]}, "11": {"diameter": 5, "conjugate_isogenous_pairs": 173, "eigenvalues": [6.610998166092849, -6.526081995441284]}}}