{"prime": 11491, "nodes": 958, "minpoly": "x^2 + 11481*x + 3", "spine": 54, "undirected": false, "ell": {"2": {"diameter": 13, "conjugate_isogenous_pairs": 22, "eigenvalues": [2.8258441949699855, -2.8170519703171224]}, "3": {"diameter": 9, "conjugate_isogenous_pairs": 28, "eigenvalues": [3.4572243566823793, -3.4528817678046493]}, "5": {"diameter": 6, "conjugate_isogenous_pairs": 121, "eigenvalues": [4.433214673064711, -4.43772878230267]}, "7": {"diameter": 5, "conjugate_isogenous_pairs": 27, "eigenvalues": [5.194688498185859, -5.232181943254682]}, "11": {"diameter": 5, "conjugate_isogenous_pairs": 72, "eigenvalues": [6.561289224290483, -6.453465275789903]}}}