{"prime": 7027, "nodes": 586, "minpoly": "x^2 + 7026*x + 2", "spine": 22, "undirected": false, "ell": {"2": {"diameter": 13, "conjugate_isogenous_pairs": 44, "eigenvalues": [2.8204878622289007, -2.8147328507999307]}, "3": {"diameter": 8, "conjugate_isogenous_pairs": 23, "eigenvalues": [3.4171227650924556, -3.4314934121523364]}, "5": {"diameter": 6, "conjugate_isogenous_pairs": 83, "eigenvalues": [4.412136188569537, -4.435593070822103]}, "7": {"diameter": 5, "conjugate_isogenous_pairs": 37, "eigenvalues": [5.184227262957863, -5.216046793253833]}, "11": {"diameter": 4, "conjugate_isogenous_pairs": 60, "eigenvalues": [6.465867899429489, -6.590085880619344]}}}