{"prime": 3361, "nodes": 280, "minpoly": "x^2 + 3360*x + 22", "spine": 12, "undirected": true, "ell": {"2": {"diameter": 11, "conjugate_isogenous_pairs": 16, "eigenvalues": [2.8082633001695942, -2.808080140604127]}, "3": {"diameter": 7, "conjugate_isogenous_pairs": 19, "eigenvalues": [3.4173529188878553, -3.4302054962928694]}, "5": {"diameter": 5, "conjugate_isogenous_pairs": 42, "eigenvalues": [4.357734802383482, -4.395715002091258]}, "7": {"diameter": 4, "conjugate_isogenous_pairs": 27, "eigenvalues": [5.148640995126407, -5.1738590288358735]}, "11": {"diameter": 4, "conjugate_isogenous_pairs": 66, "eigenvalues": [6.565808502039179, -6.473778863674506]}}}