{"prime": 26119, "nodes": 2177, "minpoly": "x^2 + 26117*x + 3", "spine": 77, "undirected": false, "ell": {"2": {"diameter": 15, "conjugate_isogenous_pairs": 46, "eigenvalues": [2.8249197719013486, -2.8233486990240104]}, "3": {"diameter": 10, "conjugate_isogenous_pairs": 38, "eigenvalues": [3.4618805148690903, -3.4544452249615274]}, "5": {"diameter": 7, "conjugate_isogenous_pairs": 135, "eigenvalues": [4.467672470566541, -4.456886188793835]}, "7": {"diameter": 6, "conjugate_isogenous_pairs": 52, "eigenvalues": [5.28752869377205, -5.237928751549986]}, "11": {"diameter": 5, "conjugate_isogenous_pairs": 176, "eigenvalues": [6.575979699112082, -6.6262561388865775]}}}