{"prime": 3793, "nodes": 316, "minpoly": "x^2 + 3788*x + 5", "spine": 18, "undirected": true, "ell": {"2": {"diameter": 11, "conjugate_isogenous_pairs": 33, "eigenvalues": [2.799277496650572, -2.8052627711978197]}, "3": {"diameter": 7, "conjugate_isogenous_pairs": 19, "eigenvalues": [3.425010728002215, -3.4278827565502072]}, "5": {"diameter": 5, "conjugate_isogenous_pairs": 24, "eigenvalues": [4.329995498993004, -4.364456138391876]}, "7": {"diameter": 5, "conjugate_isogenous_pairs": 45, "eigenvalues": [5.267103248655945, -5.246005647138553]}, "11": {"diameter": 4, "conjugate_isogenous_pairs": 36, "eigenvalues": [6.511307881031223, -6.482493661724114]}}}