{"prime": 8741, "nodes": 729, "minpoly": "x^2 + 8737*x + 2", "spine": 63, "undirected": false, "ell": {"2": {"diameter": 13, "conjugate_isogenous_pairs": 14, "eigenvalues": [2.822366600653891, -2.819870251977644]}, "3": {"diameter": 9, "conjugate_isogenous_pairs": 37, "eigenvalues": [3.417339839277837, -3.461301184629807]}, "5": {"diameter": 6, "conjugate_isogenous_pairs": 21, "eigenvalues": [4.43155520486367, -4.459344204404891]}, "7": {"diameter": 6, "conjugate_isogenous_pairs": 64, "eigenvalues": [5.25520820311985, -5.262410312630045]}, "11": {"diameter": 5, "conjugate_isogenous_pairs": 108, "eigenvalues": [6.542359802699003, -6.556264526354217]}}}