{"prime": 8053, "nodes": 671, "minpoly": "x^2 + 8052*x + 2", "spine": 15, "undirected": true, "ell": {"2": {"diameter": 12, "conjugate_isogenous_pairs": 47, "eigenvalues": [2.7984080697516407, -2.8031831651082277]}, "3": {"diameter": 8, "conjugate_isogenous_pairs": 43, "eigenvalues": [3.4397960993257812, -3.4506373772720513]}, "5": {"diameter": 6, "conjugate_isogenous_pairs": 42, "eigenvalues": [4.439885410315431, -4.448567237714743]}, "7": {"diameter": 5, "conjugate_isogenous_pairs": 53, "eigenvalues": [5.25064342805699, -5.16067310240791]}, "11": {"diameter": 4, "conjugate_isogenous_pairs": 130, "eigenvalues": [6.538588778176999, -6.490706620901549]}}}