{"prime": 2803, "nodes": 234, "minpoly": "x^2 + 2802*x + 2", "spine": 18, "undirected": false, "ell": {"2": {"diameter": 11, "conjugate_isogenous_pairs": 29, "eigenvalues": [2.826979371403539, -2.821797105067231]}, "3": {"diameter": 7, "conjugate_isogenous_pairs": 13, "eigenvalues": [3.4247720993063018, -3.3565020920451216]}, "5": {"diameter": 5, "conjugate_isogenous_pairs": 39, "eigenvalues": [4.301512117051054, -4.380366691814571]}, "7": {"diameter": 4, "conjugate_isogenous_pairs": 24, "eigenvalues": [5.261099449344405, -5.206075283364632]}, "11": {"diameter": 4, "conjugate_isogenous_pairs": 36, "eigenvalues": [6.4604389122155235, -6.562646258443344]}}}