{"prime": 20627, "nodes": 1720, "minpoly": "x^2 + 20626*x + 2", "spine": 118, "undirected": false, "ell": {"2": {"diameter": 15, "conjugate_isogenous_pairs": 31, "eigenvalues": [2.821110988201508, -2.825523014964856]}, "3": {"diameter": 10, "conjugate_isogenous_pairs": 47, "eigenvalues": [3.4570702071003225, -3.4563635081964956]}, "5": {"diameter": 7, "conjugate_isogenous_pairs": 62, "eigenvalues": [4.4429482960671045, -4.431106586287551]}, "7": {"diameter": 6, "conjugate_isogenous_pairs": 91, "eigenvalues": [5.288640220224444, -5.26454727493867]}, "11": {"diameter": 5, "conjugate_isogenous_pairs": 44, "eigenvalues": [6.514516162148245, -6.617984323086082]}}}