{"prime": 19801, "nodes": 1650, "minpoly": "x^2 + 19790*x + 13", "spine": 48, "undirected": true, "ell": {"2": {"diameter": 14, "conjugate_isogenous_pairs": 62, "eigenvalues": [2.812202785108825, -2.8142647966123344]}, "3": {"diameter": 9, "conjugate_isogenous_pairs": 28, "eigenvalues": [3.454505200633106, -3.44991789786125]}, "5": {"diameter": 7, "conjugate_isogenous_pairs": 67, "eigenvalues": [4.442631925771702, -4.4644226242943965]}, "7": {"diameter": 6, "conjugate_isogenous_pairs": 82, "eigenvalues": [5.259311144972436, -5.23150464600435]}, "11": {"diameter": 5, "conjugate_isogenous_pairs": 182, "eigenvalues": [6.566725209883716, -6.535672464787025]}}}