{"prime": 6073, "nodes": 506, "minpoly": "x^2 + 6072*x + 10", "spine": 12, "undirected": true, "ell": {"2": {"diameter": 11, "conjugate_isogenous_pairs": 34, "eigenvalues": [2.8053336034713077, -2.8202211462432984]}, "3": {"diameter": 8, "conjugate_isogenous_pairs": 30, "eigenvalues": [3.437916413956562, -3.4367117470392277]}, "5": {"diameter": 6, "conjugate_isogenous_pairs": 53, "eigenvalues": [4.424317525339808, -4.459628928525831]}, "7": {"diameter": 5, "conjugate_isogenous_pairs": 65, "eigenvalues": [5.146411376495347, -5.217934513494092]}, "11": {"diameter": 4, "conjugate_isogenous_pairs": 53, "eigenvalues": [6.587289712072807, -6.391732708871951]}}}