{"prime": 22993, "nodes": 1916, "minpoly": "x^2 + 22992*x + 5", "spine": 46, "undirected": true, "ell": {"2": {"diameter": 15, "conjugate_isogenous_pairs": 71, "eigenvalues": [2.8255869192095755, -2.8220079900077555]}, "3": {"diameter": 9, "conjugate_isogenous_pairs": 51, "eigenvalues": [3.4272089580885328, -3.4455706893120297]}, "5": {"diameter": 7, "conjugate_isogenous_pairs": 60, "eigenvalues": [4.471170380910824, -4.4416007738970755]}, "7": {"diameter": 6, "conjugate_isogenous_pairs": 138, "eigenvalues": [5.248359533159979, -5.273503569272215]}, "11": {"diameter": 5, "conjugate_isogenous_pairs": 121, "eigenvalues": [6.6013113113542365, -6.593204334615871]}}}