{"prime": 9181, "nodes": 765, "minpoly": "x^2 + 9177*x + 2", "spine": 23, "undirected": true, "ell": {"2": {"diameter": 12, "conjugate_isogenous_pairs": 22, "eigenvalues": [2.8229752594617357, -2.8248212260572045]}, "3": {"diameter": 9, "conjugate_isogenous_pairs": 57, "eigenvalues": [3.4333321151115737, -3.4415100467937663]}, "5": {"diameter": 6, "conjugate_isogenous_pairs": 51, "eigenvalues": [4.465124765849555, -4.40797600204938]}, "7": {"diameter": 5, "conjugate_isogenous_pairs": 24, "eigenvalues": [5.217438437179197, -5.216042253831824]}, "11": {"diameter": 4, "conjugate_isogenous_pairs": 136, "eigenvalues": [6.504298484978569, -6.622247046518026]}}}