{"prime": 673, "nodes": 56, "minpoly": "x^2 + 672*x + 5", "spine": 6, "undirected": true, "ell": {"2": {"diameter": 7, "conjugate_isogenous_pairs": 6, "eigenvalues": [2.722037385016943, -2.7666131396552176]}, "3": {"diameter": 6, "conjugate_isogenous_pairs": 13, "eigenvalues": [3.4568695018233475, -3.2439186638699344]}, "5": {"diameter": 4, "conjugate_isogenous_pairs": 15, "eigenvalues": [3.9664950588491887, -4.290717573338404]}, "7": {"diameter": 3, "conjugate_isogenous_pairs": 16, "eigenvalues": [5.124740048514117, -5.206817667916721]}, "11": {"diameter": 3, "conjugate_isogenous_pairs": 14, "eigenvalues": [6.038191965366353, -6.043635571818585]}}}