{"prime": 29581, "nodes": 2465, "minpoly": "x^2 + 29580*x + 10", "spine": 57, "undirected": true, "ell": {"2": {"diameter": 14, "conjugate_isogenous_pairs": 62, "eigenvalues": [2.823775400830832, -2.823765607668386]}, "3": {"diameter": 10, "conjugate_isogenous_pairs": 55, "eigenvalues": [3.4519137646497082, -3.455599977117168]}, "5": {"diameter": 7, "conjugate_isogenous_pairs": 89, "eigenvalues": [4.463702670273147, -4.468199096918172]}, "7": {"diameter": 6, "conjugate_isogenous_pairs": 52, "eigenvalues": [5.256237242393073, -5.268541644068426]}, "11": {"diameter": 5, "conjugate_isogenous_pairs": 351, "eigenvalues": [6.584039443505794, -6.629346448487409]}}}