{"prime": 8101, "nodes": 675, "minpoly": "x^2 + 8100*x + 6", "spine": 19, "undirected": true, "ell": {"2": {"diameter": 12, "conjugate_isogenous_pairs": 31, "eigenvalues": [2.815203487520477, -2.811102928208474]}, "3": {"diameter": 8, "conjugate_isogenous_pairs": 46, "eigenvalues": [3.4104353415172275, -3.445481963498589]}, "5": {"diameter": 6, "conjugate_isogenous_pairs": 48, "eigenvalues": [4.423065994161884, -4.466612255379688]}, "7": {"diameter": 5, "conjugate_isogenous_pairs": 27, "eigenvalues": [5.203978435138051, -5.261336874889676]}, "11": {"diameter": 4, "conjugate_isogenous_pairs": 121, "eigenvalues": [6.620446869554422, -6.503742586915199]}}}