{"prime": 13933, "nodes": 1161, "minpoly": "x^2 + 13932*x + 2", "spine": 29, "undirected": true, "ell": {"2": {"diameter": 13, "conjugate_isogenous_pairs": 39, "eigenvalues": [2.81580806078804, -2.8155094071195017]}, "3": {"diameter": 9, "conjugate_isogenous_pairs": 90, "eigenvalues": [3.460639826654401, -3.4578881701682267]}, "5": {"diameter": 6, "conjugate_isogenous_pairs": 62, "eigenvalues": [4.467590052635627, -4.436876520768796]}, "7": {"diameter": 5, "conjugate_isogenous_pairs": 51, "eigenvalues": [5.240464099999685, -5.250652980098786]}, "11": {"diameter": 4, "conjugate_isogenous_pairs": 175, "eigenvalues": [6.588101148725765, -6.61765455097802]}}}