{"prime": 1867, "nodes": 156, "minpoly": "x^2 + 1866*x + 2", "spine": 10, "undirected": false, "ell": {"2": {"diameter": 10, "conjugate_isogenous_pairs": 18, "eigenvalues": [2.798243889252574, -2.8266803268434564]}, "3": {"diameter": 7, "conjugate_isogenous_pairs": 14, "eigenvalues": [3.3708963231674964, -3.3988942307423016]}, "5": {"diameter": 5, "conjugate_isogenous_pairs": 39, "eigenvalues": [4.4705692950782385, -4.3644050058945165]}, "7": {"diameter": 4, "conjugate_isogenous_pairs": 12, "eigenvalues": [5.257344022985892, -5.0645113193666305]}, "11": {"diameter": 4, "conjugate_isogenous_pairs": 30, "eigenvalues": [6.520289813959872, -6.417632465480201]}}}