{"prime": 521, "nodes": 44, "minpoly": "x^2 + 515*x + 3", "spine": 16, "undirected": false, "ell": {"2": {"diameter": 8, "conjugate_isogenous_pairs": 2, "eigenvalues": [2.6754492212646577, -2.7769707980555762]}, "3": {"diameter": 6, "conjugate_isogenous_pairs": 5, "eigenvalues": [3.3744693198766735, -3.2668282361990855]}, "5": {"diameter": 4, "conjugate_isogenous_pairs": 3, "eigenvalues": [4.311053491246687, -4.338893074480907]}, "7": {"diameter": 4, "conjugate_isogenous_pairs": 12, "eigenvalues": [5.025174550202528, -5.046689256838928]}, "11": {"diameter": 3, "conjugate_isogenous_pairs": 10, "eigenvalues": [5.917117876034397, -5.524228207062605]}}}