{"prime": 17077, "nodes": 1423, "minpoly": "x^2 + 17073*x + 2", "spine": 23, "undirected": true, "ell": {"2": {"diameter": 14, "conjugate_isogenous_pairs": 60, "eigenvalues": [2.8202831123286938, -2.821767998464193]}, "3": {"diameter": 9, "conjugate_isogenous_pairs": 72, "eigenvalues": [3.439094517782617, -3.4471163664756634]}, "5": {"diameter": 7, "conjugate_isogenous_pairs": 87, "eigenvalues": [4.45628419032105, -4.440057132083967]}, "7": {"diameter": 5, "conjugate_isogenous_pairs": 85, "eigenvalues": [5.183229368340574, -5.253860074025264]}, "11": {"diameter": 5, "conjugate_isogenous_pairs": 136, "eigenvalues": [6.608536876155061, -6.58128336966565]}}}