{"prime": 25243, "nodes": 2104, "minpoly": "x^2 + 25239*x + 2", "spine": 34, "undirected": false, "ell": {"2": {"diameter": 16, "conjugate_isogenous_pairs": 49, "eigenvalues": [2.821658806855717, -2.820822951631202]}, "3": {"diameter": 9, "conjugate_isogenous_pairs": 58, "eigenvalues": [3.4500838545306047, -3.4493125890668135]}, "5": {"diameter": 7, "conjugate_isogenous_pairs": 138, "eigenvalues": [4.470862066619821, -4.430473887693419]}, "7": {"diameter": 6, "conjugate_isogenous_pairs": 64, "eigenvalues": [5.233115057960604, -5.2828414654754186]}, "11": {"diameter": 5, "conjugate_isogenous_pairs": 90, "eigenvalues": [6.5735810142845414, -6.612542888204358]}}}