{"prime": 2293, "nodes": 191, "minpoly": "x^2 + 2289*x + 2", "spine": 7, "undirected": true, "ell": {"2": {"diameter": 10, "conjugate_isogenous_pairs": 20, "eigenvalues": [2.7875150092191885, -2.806882853727801]}, "3": {"diameter": 7, "conjugate_isogenous_pairs": 28, "eigenvalues": [3.3649917227721517, -3.4020438230734595]}, "5": {"diameter": 5, "conjugate_isogenous_pairs": 29, "eigenvalues": [4.288003962067229, -4.298243981576419]}, "7": {"diameter": 4, "conjugate_isogenous_pairs": 28, "eigenvalues": [5.28350354043535, -5.15587182877625]}, "11": {"diameter": 4, "conjugate_isogenous_pairs": 49, "eigenvalues": [6.5915284192159, -6.314029608122245]}}}