{"prime": 18119, "nodes": 1511, "minpoly": "x^2 + 18117*x + 17", "spine": 205, "undirected": false, "ell": {"2": {"diameter": 15, "conjugate_isogenous_pairs": 15, "eigenvalues": [2.8251873748274097, -2.817034608812662]}, "3": {"diameter": 10, "conjugate_isogenous_pairs": 29, "eigenvalues": [3.455442530260825, -3.4580134886044838]}, "5": {"diameter": 7, "conjugate_isogenous_pairs": 51, "eigenvalues": [4.446341052097761, -4.401681765378459]}, "7": {"diameter": 6, "conjugate_isogenous_pairs": 76, "eigenvalues": [5.262850152627948, -5.287920182018856]}, "11": {"diameter": 5, "conjugate_isogenous_pairs": 73, "eigenvalues": [6.574663070564126, -6.574312801994511]}}}