{"prime": 13907, "nodes": 1160, "minpoly": "x^2 + 13906*x + 2", "spine": 90, "undirected": false, "ell": {"2": {"diameter": 14, "conjugate_isogenous_pairs": 28, "eigenvalues": [2.8169428630900057, -2.822522225786672]}, "3": {"diameter": 10, "conjugate_isogenous_pairs": 32, "eigenvalues": [3.446832373218192, -3.436510344436275]}, "5": {"diameter": 7, "conjugate_isogenous_pairs": 45, "eigenvalues": [4.464394745510406, -4.452998939864162]}, "7": {"diameter": 6, "conjugate_isogenous_pairs": 67, "eigenvalues": [5.274627112591399, -5.259868745391937]}, "11": {"diameter": 5, "conjugate_isogenous_pairs": 35, "eigenvalues": [6.5545593292455075, -6.500459025215654]}}}