{"prime": 1601, "nodes": 134, "minpoly": "x^2 + 1600*x + 3", "spine": 28, "undirected": false, "ell": {"2": {"diameter": 11, "conjugate_isogenous_pairs": 5, "eigenvalues": [2.821552359138676, -2.813329519582901]}, "3": {"diameter": 8, "conjugate_isogenous_pairs": 12, "eigenvalues": [3.4260352725531176, -3.3260009620412756]}, "5": {"diameter": 5, "conjugate_isogenous_pairs": 11, "eigenvalues": [4.252623093729787, -4.366296721944932]}, "7": {"diameter": 4, "conjugate_isogenous_pairs": 31, "eigenvalues": [4.951223899705356, -5.036024011140095]}, "11": {"diameter": 4, "conjugate_isogenous_pairs": 23, "eigenvalues": [6.4451173877298045, -6.279632052652465]}}}