{"prime": 29641, "nodes": 2470, "minpoly": "x^2 + 29634*x + 7", "spine": 68, "undirected": true, "ell": {"2": {"diameter": 15, "conjugate_isogenous_pairs": 54, "eigenvalues": [2.82499379063163, -2.825346811244236]}, "3": {"diameter": 10, "conjugate_isogenous_pairs": 75, "eigenvalues": [3.4577155757516964, -3.455230751062739]}, "5": {"diameter": 7, "conjugate_isogenous_pairs": 73, "eigenvalues": [4.455085837864597, -4.4377056794651475]}, "7": {"diameter": 6, "conjugate_isogenous_pairs": 68, "eigenvalues": [5.26987288532912, -5.262084929762172]}, "11": {"diameter": 5, "conjugate_isogenous_pairs": 197, "eigenvalues": [6.621001176922333, -6.62868159500359]}}}