{"prime": 24919, "nodes": 2077, "minpoly": "x^2 + 24917*x + 3", "spine": 99, "undirected": false, "ell": {"2": {"diameter": 15, "conjugate_isogenous_pairs": 63, "eigenvalues": [2.823522907385986, -2.821444101241369]}, "3": {"diameter": 10, "conjugate_isogenous_pairs": 24, "eigenvalues": [3.459165901113045, -3.455742837302502]}, "5": {"diameter": 7, "conjugate_isogenous_pairs": 106, "eigenvalues": [4.448089460522152, -4.4647235697872345]}, "7": {"diameter": 6, "conjugate_isogenous_pairs": 47, "eigenvalues": [5.251214214147965, -5.28252182754479]}, "11": {"diameter": 5, "conjugate_isogenous_pairs": 212, "eigenvalues": [6.526165246025862, -6.600930564683178]}}}