{"prime": 14303, "nodes": 1193, "minpoly": "x^2 + 14302*x + 5", "spine": 93, "undirected": false, "ell": {"2": {"diameter": 14, "conjugate_isogenous_pairs": 17, "eigenvalues": [2.815477891812711, -2.8248255955730825]}, "3": {"diameter": 9, "conjugate_isogenous_pairs": 45, "eigenvalues": [3.4507026753954353, -3.4344024551329673]}, "5": {"diameter": 7, "conjugate_isogenous_pairs": 35, "eigenvalues": [4.432882936365002, -4.366479694152305]}, "7": {"diameter": 6, "conjugate_isogenous_pairs": 109, "eigenvalues": [5.27303479896787, -5.259491087250408]}, "11": {"diameter": 5, "conjugate_isogenous_pairs": 30, "eigenvalues": [6.587557615660335, -6.518531358189821]}}}