{"prime": 23677, "nodes": 1973, "minpoly": "x^2 + 23676*x + 5", "spine": 49, "undirected": true, "ell": {"2": {"diameter": 14, "conjugate_isogenous_pairs": 79, "eigenvalues": [2.8274764409101554, -2.824972854904367]}, "3": {"diameter": 10, "conjugate_isogenous_pairs": 81, "eigenvalues": [3.4468354472009644, -3.445348253960074]}, "5": {"diameter": 7, "conjugate_isogenous_pairs": 62, "eigenvalues": [4.437799433612257, -4.471357374642258]}, "7": {"diameter": 6, "conjugate_isogenous_pairs": 75, "eigenvalues": [5.265529849017326, -5.280079081267822]}, "11": {"diameter": 5, "conjugate_isogenous_pairs": 174, "eigenvalues": [6.572653208734934, -6.605846596194147]}}}