{"prime": 16477, "nodes": 1373, "minpoly": "x^2 + 16476*x + 2", "spine": 27, "undirected": true, "ell": {"2": {"diameter": 14, "conjugate_isogenous_pairs": 58, "eigenvalues": [2.8219446170514377, -2.8177447301420067]}, "3": {"diameter": 9, "conjugate_isogenous_pairs": 68, "eigenvalues": [3.4206125851875266, -3.4423599716539015]}, "5": {"diameter": 7, "conjugate_isogenous_pairs": 59, "eigenvalues": [4.47146029042996, -4.444221450473732]}, "7": {"diameter": 5, "conjugate_isogenous_pairs": 66, "eigenvalues": [5.229474235659013, -5.2674190921554995]}, "11": {"diameter": 5, "conjugate_isogenous_pairs": 199, "eigenvalues": [6.584524294872934, -6.561059106338521]}}}