{"prime": 13679, "nodes": 1141, "minpoly": "x^2 + 13677*x + 7", "spine": 147, "undirected": false, "ell": {"2": {"diameter": 14, "conjugate_isogenous_pairs": 9, "eigenvalues": [2.8186922567882906, -2.8186301659978956]}, "3": {"diameter": 10, "conjugate_isogenous_pairs": 39, "eigenvalues": [3.448156085396447, -3.458131170366931]}, "5": {"diameter": 7, "conjugate_isogenous_pairs": 51, "eigenvalues": [4.432801385395639, -4.4269399675650565]}, "7": {"diameter": 6, "conjugate_isogenous_pairs": 45, "eigenvalues": [5.250333620453452, -5.2750135751995035]}, "11": {"diameter": 5, "conjugate_isogenous_pairs": 45, "eigenvalues": [6.570322274554335, -6.545803276588533]}}}