{"prime": 347, "nodes": 30, "minpoly": "x^2 + 343*x + 2", "spine": 10, "undirected": false, "ell": {"2": {"diameter": 8, "conjugate_isogenous_pairs": 2, "eigenvalues": [2.6146372348504316, -2.7469997609932033]}, "3": {"diameter": 5, "conjugate_isogenous_pairs": 6, "eigenvalues": [3.2064096540229574, -3.252773669408836]}, "5": {"diameter": 4, "conjugate_isogenous_pairs": 9, "eigenvalues": [4.128962656215418, -3.713640368807384]}, "7": {"diameter": 4, "conjugate_isogenous_pairs": 8, "eigenvalues": [4.806146119306526, -4.739497385684497]}, "11": {"diameter": 3, "conjugate_isogenous_pairs": 3, "eigenvalues": [6.309736848557593, -6.167915070238671]}}}