{"prime": 10979, "nodes": 916, "minpoly": "x^2 + 10974*x + 2", "spine": 70, "undirected": false, "ell": {"2": {"diameter": 14, "conjugate_isogenous_pairs": 19, "eigenvalues": [2.817345632536481, -2.8166092249321895]}, "3": {"diameter": 9, "conjugate_isogenous_pairs": 18, "eigenvalues": [3.452420266092531, -3.422641249619058]}, "5": {"diameter": 7, "conjugate_isogenous_pairs": 48, "eigenvalues": [4.448216490995354, -4.4245353098701425]}, "7": {"diameter": 6, "conjugate_isogenous_pairs": 54, "eigenvalues": [5.261462179168253, -5.257267340800531]}, "11": {"diameter": 5, "conjugate_isogenous_pairs": 73, "eigenvalues": [6.593495966340018, -6.587565893617955]}}}