{"prime": 16823, "nodes": 1403, "minpoly": "x^2 + 16821*x + 5", "spine": 95, "undirected": false, "ell": {"2": {"diameter": 14, "conjugate_isogenous_pairs": 26, "eigenvalues": [2.81509959778587, -2.8236517482630212]}, "3": {"diameter": 9, "conjugate_isogenous_pairs": 61, "eigenvalues": [3.455026599213277, -3.4578513016811336]}, "5": {"diameter": 7, "conjugate_isogenous_pairs": 47, "eigenvalues": [4.457698585885668, -4.443804679028154]}, "7": {"diameter": 6, "conjugate_isogenous_pairs": 115, "eigenvalues": [5.244632183249605, -5.24680323831357]}, "11": {"diameter": 5, "conjugate_isogenous_pairs": 37, "eigenvalues": [6.569081296050007, -6.5977826906494546]}}}