{"prime": 19273, "nodes": 1606, "minpoly": "x^2 + 19268*x + 5", "spine": 20, "undirected": true, "ell": {"2": {"diameter": 14, "conjugate_isogenous_pairs": 66, "eigenvalues": [2.8057169822552797, -2.8255584906553093]}, "3": {"diameter": 9, "conjugate_isogenous_pairs": 78, "eigenvalues": [3.444778499661421, -3.4458168525650765]}, "5": {"diameter": 6, "conjugate_isogenous_pairs": 81, "eigenvalues": [4.451687335530957, -4.455529870142976]}, "7": {"diameter": 6, "conjugate_isogenous_pairs": 128, "eigenvalues": [5.277631059767106, -5.269058030213694]}, "11": {"diameter": 5, "conjugate_isogenous_pairs": 98, "eigenvalues": [6.599041075805664, -6.588261003284177]}}}