{"prime": 13913, "nodes": 1160, "minpoly": "x^2 + 13907*x + 3", "spine": 34, "undirected": false, "ell": {"2": {"diameter": 14, "conjugate_isogenous_pairs": 20, "eigenvalues": [2.8187237093550777, -2.8101970583768647]}, "3": {"diameter": 10, "conjugate_isogenous_pairs": 75, "eigenvalues": [3.4477046245707554, -3.4490442877757514]}, "5": {"diameter": 7, "conjugate_isogenous_pairs": 29, "eigenvalues": [4.456260267675079, -4.411159019826724]}, "7": {"diameter": 6, "conjugate_isogenous_pairs": 172, "eigenvalues": [5.232577778864461, -5.280432932467226]}, "11": {"diameter": 5, "conjugate_isogenous_pairs": 40, "eigenvalues": [6.606306341920481, -6.617160456016569]}}}