{"prime": 2393, "nodes": 200, "minpoly": "x^2 + 2392*x + 3", "spine": 30, "undirected": false, "ell": {"2": {"diameter": 11, "conjugate_isogenous_pairs": 9, "eigenvalues": [2.818519162063053, -2.7689036211776417]}, "3": {"diameter": 8, "conjugate_isogenous_pairs": 19, "eigenvalues": [3.3351549562012908, -3.4152454001671715]}, "5": {"diameter": 6, "conjugate_isogenous_pairs": 9, "eigenvalues": [4.42095589439775, -4.411648322017173]}, "7": {"diameter": 5, "conjugate_isogenous_pairs": 50, "eigenvalues": [5.059287011315432, -5.262635760677424]}, "11": {"diameter": 4, "conjugate_isogenous_pairs": 15, "eigenvalues": [6.466080182534158, -6.3456564000850015]}}}