{"prime": 18757, "nodes": 1563, "minpoly": "x^2 + 18753*x + 2", "spine": 23, "undirected": true, "ell": {"2": {"diameter": 14, "conjugate_isogenous_pairs": 50, "eigenvalues": [2.812862441036969, -2.8251894961384263]}, "3": {"diameter": 9, "conjugate_isogenous_pairs": 117, "eigenvalues": [3.448808801270548, -3.452541416887163]}, "5": {"diameter": 6, "conjugate_isogenous_pairs": 113, "eigenvalues": [4.411358543309906, -4.462552022179377]}, "7": {"diameter": 5, "conjugate_isogenous_pairs": 73, "eigenvalues": [5.237153139901438, -5.268041630678906]}, "11": {"diameter": 5, "conjugate_isogenous_pairs": 158, "eigenvalues": [6.612514237941222, -6.579778082044622]}}}