{"prime": 12497, "nodes": 1042, "minpoly": "x^2 + 12491*x + 3", "spine": 40, "undirected": false, "ell": {"2": {"diameter": 14, "conjugate_isogenous_pairs": 20, "eigenvalues": [2.8165772040928347, -2.8029945896101633]}, "3": {"diameter": 9, "conjugate_isogenous_pairs": 47, "eigenvalues": [3.435133891628862, -3.4315899760248767]}, "5": {"diameter": 6, "conjugate_isogenous_pairs": 26, "eigenvalues": [4.44666539486441, -4.4556521107669225]}, "7": {"diameter": 6, "conjugate_isogenous_pairs": 160, "eigenvalues": [5.285926983068441, -5.180076161347444]}, "11": {"diameter": 5, "conjugate_isogenous_pairs": 50, "eigenvalues": [6.497838767795723, -6.59844923658822]}}}