{"prime": 27737, "nodes": 2312, "minpoly": "x^2 + 27736*x + 3", "spine": 80, "undirected": false, "ell": {"2": {"diameter": 15, "conjugate_isogenous_pairs": 44, "eigenvalues": [2.82742873205765, -2.8208953199425797]}, "3": {"diameter": 10, "conjugate_isogenous_pairs": 67, "eigenvalues": [3.440330903491872, -3.442054644148927]}, "5": {"diameter": 7, "conjugate_isogenous_pairs": 46, "eigenvalues": [4.449377657841191, -4.438833058743795]}, "7": {"diameter": 6, "conjugate_isogenous_pairs": 228, "eigenvalues": [5.272834669295003, -5.230916669906892]}, "11": {"diameter": 5, "conjugate_isogenous_pairs": 80, "eigenvalues": [6.582022634047159, -6.60681255364897]}}}