{"prime": 21227, "nodes": 1770, "minpoly": "x^2 + 21226*x + 2", "spine": 98, "undirected": false, "ell": {"2": {"diameter": 15, "conjugate_isogenous_pairs": 35, "eigenvalues": [2.827222498885076, -2.820582610037857]}, "3": {"diameter": 10, "conjugate_isogenous_pairs": 53, "eigenvalues": [3.4560119813256174, -3.4333171872122747]}, "5": {"diameter": 7, "conjugate_isogenous_pairs": 77, "eigenvalues": [4.4594052713000565, -4.455153813434234]}, "7": {"diameter": 6, "conjugate_isogenous_pairs": 109, "eigenvalues": [5.256963288178475, -5.289841087299353]}, "11": {"diameter": 5, "conjugate_isogenous_pairs": 46, "eigenvalues": [6.592925799315933, -6.572316999048257]}}}