{"prime": 28573, "nodes": 2381, "minpoly": "x^2 + 28572*x + 2", "spine": 55, "undirected": true, "ell": {"2": {"diameter": 15, "conjugate_isogenous_pairs": 90, "eigenvalues": [2.8230845051545206, -2.825170788021737]}, "3": {"diameter": 10, "conjugate_isogenous_pairs": 122, "eigenvalues": [3.458497988463247, -3.4617426355143857]}, "5": {"diameter": 7, "conjugate_isogenous_pairs": 67, "eigenvalues": [4.419441182129448, -4.457003797138605]}, "7": {"diameter": 6, "conjugate_isogenous_pairs": 64, "eigenvalues": [5.241643060757047, -5.275230801883932]}, "11": {"diameter": 5, "conjugate_isogenous_pairs": 178, "eigenvalues": [6.629950065346615, -6.60266937157136]}}}