{"prime": 29759, "nodes": 2481, "minpoly": "x^2 + 29758*x + 7", "spine": 175, "undirected": false, "ell": {"2": {"diameter": 15, "conjugate_isogenous_pairs": 23, "eigenvalues": [2.8221778919941443, -2.8228598560550844]}, "3": {"diameter": 10, "conjugate_isogenous_pairs": 42, "eigenvalues": [3.4556380181389046, -3.459166273155646]}, "5": {"diameter": 7, "conjugate_isogenous_pairs": 60, "eigenvalues": [4.455251284597261, -4.467525992591842]}, "7": {"diameter": 6, "conjugate_isogenous_pairs": 93, "eigenvalues": [5.287965434996269, -5.279933209055337]}, "11": {"diameter": 5, "conjugate_isogenous_pairs": 65, "eigenvalues": [6.57784672878327, -6.593373914877881]}}}