{"prime": 14543, "nodes": 1213, "minpoly": "x^2 + 14542*x + 5", "spine": 91, "undirected": false, "ell": {"2": {"diameter": 14, "conjugate_isogenous_pairs": 25, "eigenvalues": [2.8155950982179347, -2.8184021303209414]}, "3": {"diameter": 9, "conjugate_isogenous_pairs": 51, "eigenvalues": [3.45723861635179, -3.4557037484327826]}, "5": {"diameter": 7, "conjugate_isogenous_pairs": 39, "eigenvalues": [4.453882456407648, -4.47015442660133]}, "7": {"diameter": 6, "conjugate_isogenous_pairs": 76, "eigenvalues": [5.274005980596913, -5.228244718778545]}, "11": {"diameter": 5, "conjugate_isogenous_pairs": 29, "eigenvalues": [6.571830824916267, -6.6037999096542865]}}}