{"prime": 1913, "nodes": 160, "minpoly": "x^2 + 1908*x + 3", "spine": 18, "undirected": false, "ell": {"2": {"diameter": 10, "conjugate_isogenous_pairs": 8, "eigenvalues": [2.7385400012156924, -2.815687067707838]}, "3": {"diameter": 8, "conjugate_isogenous_pairs": 18, "eigenvalues": [3.4117502484876168, -3.443102681698591]}, "5": {"diameter": 5, "conjugate_isogenous_pairs": 16, "eigenvalues": [4.323686782486024, -4.4404278548201805]}, "7": {"diameter": 4, "conjugate_isogenous_pairs": 51, "eigenvalues": [5.213766886461908, -5.037791941809958]}, "11": {"diameter": 4, "conjugate_isogenous_pairs": 15, "eigenvalues": [6.159711187877688, -6.5905101502874475]}}}