{"prime": 16903, "nodes": 1409, "minpoly": "x^2 + 16902*x + 3", "spine": 71, "undirected": false, "ell": {"2": {"diameter": 14, "conjugate_isogenous_pairs": 46, "eigenvalues": [2.8267277894708203, -2.816737074175189]}, "3": {"diameter": 9, "conjugate_isogenous_pairs": 47, "eigenvalues": [3.4408139148197696, -3.429584428892129]}, "5": {"diameter": 7, "conjugate_isogenous_pairs": 75, "eigenvalues": [4.446945265117015, -4.420887282038275]}, "7": {"diameter": 6, "conjugate_isogenous_pairs": 46, "eigenvalues": [5.173460995596164, -5.253644282683204]}, "11": {"diameter": 5, "conjugate_isogenous_pairs": 101, "eigenvalues": [6.538346880680362, -6.59223276484025]}}}