{"prime": 13499, "nodes": 1126, "minpoly": "x^2 + 13498*x + 6", "spine": 114, "undirected": false, "ell": {"2": {"diameter": 14, "conjugate_isogenous_pairs": 23, "eigenvalues": [2.826242853770608, -2.8211421988487553]}, "3": {"diameter": 10, "conjugate_isogenous_pairs": 25, "eigenvalues": [3.4485404013068806, -3.433809916051225]}, "5": {"diameter": 7, "conjugate_isogenous_pairs": 43, "eigenvalues": [4.448253028525214, -4.426672040144878]}, "7": {"diameter": 6, "conjugate_isogenous_pairs": 47, "eigenvalues": [5.20047982045894, -5.167347904387403]}, "11": {"diameter": 5, "conjugate_isogenous_pairs": 63, "eigenvalues": [6.537864837286436, -6.608742461210005]}}}