{"prime": 7211, "nodes": 602, "minpoly": "x^2 + 7207*x + 2", "spine": 70, "undirected": false, "ell": {"2": {"diameter": 13, "conjugate_isogenous_pairs": 7, "eigenvalues": [2.8174155648323964, -2.8167867352200084]}, "3": {"diameter": 9, "conjugate_isogenous_pairs": 29, "eigenvalues": [3.4445832277122848, -3.4297714883916544]}, "5": {"diameter": 6, "conjugate_isogenous_pairs": 52, "eigenvalues": [4.464304986102484, -4.469167751814178]}, "7": {"diameter": 5, "conjugate_isogenous_pairs": 35, "eigenvalues": [5.252903432201714, -5.2313592862837535]}, "11": {"diameter": 4, "conjugate_isogenous_pairs": 41, "eigenvalues": [6.595580537211273, -6.6141113724164216]}}}