{"prime": 23087, "nodes": 1925, "minpoly": "x^2 + 23086*x + 5", "spine": 121, "undirected": false, "ell": {"2": {"diameter": 15, "conjugate_isogenous_pairs": 29, "eigenvalues": [2.822381103312528, -2.827044613461232]}, "3": {"diameter": 10, "conjugate_isogenous_pairs": 57, "eigenvalues": [3.436737647057425, -3.4549183157041976]}, "5": {"diameter": 7, "conjugate_isogenous_pairs": 55, "eigenvalues": [4.423559310562703, -4.467864546933467]}, "7": {"diameter": 6, "conjugate_isogenous_pairs": 121, "eigenvalues": [5.280461123345567, -5.250813582767445]}, "11": {"diameter": 5, "conjugate_isogenous_pairs": 40, "eigenvalues": [6.601363334003842, -6.594001682093864]}}}