{"prime": 22573, "nodes": 1881, "minpoly": "x^2 + 22572*x + 6", "spine": 27, "undirected": true, "ell": {"2": {"diameter": 15, "conjugate_isogenous_pairs": 92, "eigenvalues": [2.822607157432798, -2.8274252783276257]}, "3": {"diameter": 9, "conjugate_isogenous_pairs": 103, "eigenvalues": [3.4460805071183183, -3.4572493418559644]}, "5": {"diameter": 7, "conjugate_isogenous_pairs": 58, "eigenvalues": [4.431468818819397, -4.465795886251169]}, "7": {"diameter": 6, "conjugate_isogenous_pairs": 74, "eigenvalues": [5.262672879368181, -5.272131198477616]}, "11": {"diameter": 5, "conjugate_isogenous_pairs": 220, "eigenvalues": [6.600293889931372, -6.591529325865595]}}}