{"prime": 14831, "nodes": 1237, "minpoly": "x^2 + 14830*x + 11", "spine": 141, "undirected": false, "ell": {"2": {"diameter": 15, "conjugate_isogenous_pairs": 26, "eigenvalues": [2.821027646450926, -2.817596491813423]}, "3": {"diameter": 10, "conjugate_isogenous_pairs": 20, "eigenvalues": [3.4247842172077365, -3.446710616240529]}, "5": {"diameter": 7, "conjugate_isogenous_pairs": 33, "eigenvalues": [4.420325753425802, -4.45165622397325]}, "7": {"diameter": 6, "conjugate_isogenous_pairs": 69, "eigenvalues": [5.2240829174870465, -5.274601001143067]}, "11": {"diameter": 5, "conjugate_isogenous_pairs": 71, "eigenvalues": [6.55239731293014, -6.497999505445892]}}}