{"prime": 3643, "nodes": 304, "minpoly": "x^2 + 3642*x + 2", "spine": 18, "undirected": false, "ell": {"2": {"diameter": 11, "conjugate_isogenous_pairs": 20, "eigenvalues": [2.8034448551703424, -2.822031858062718]}, "3": {"diameter": 8, "conjugate_isogenous_pairs": 24, "eigenvalues": [3.3670042052775555, -3.4428809562686524]}, "5": {"diameter": 6, "conjugate_isogenous_pairs": 56, "eigenvalues": [4.395598490636788, -4.300463040340733]}, "7": {"diameter": 5, "conjugate_isogenous_pairs": 21, "eigenvalues": [5.197330279288076, -5.23481462586851]}, "11": {"diameter": 4, "conjugate_isogenous_pairs": 43, "eigenvalues": [6.619365121370166, -6.460433869377332]}}}