{"prime": 24247, "nodes": 2021, "minpoly": "x^2 + 24242*x + 3", "spine": 55, "undirected": false, "ell": {"2": {"diameter": 15, "conjugate_isogenous_pairs": 88, "eigenvalues": [2.825666605624505, -2.8255804919534904]}, "3": {"diameter": 10, "conjugate_isogenous_pairs": 42, "eigenvalues": [3.452893159297065, -3.45204856128901]}, "5": {"diameter": 7, "conjugate_isogenous_pairs": 97, "eigenvalues": [4.465140376476625, -4.436695033196021]}, "7": {"diameter": 6, "conjugate_isogenous_pairs": 73, "eigenvalues": [5.252415922192428, -5.251664295926985]}, "11": {"diameter": 5, "conjugate_isogenous_pairs": 146, "eigenvalues": [6.560013669405456, -6.596244259410448]}}}