{"prime": 4889, "nodes": 408, "minpoly": "x^2 + 4883*x + 3", "spine": 44, "undirected": false, "ell": {"2": {"diameter": 12, "conjugate_isogenous_pairs": 12, "eigenvalues": [2.8125778097642584, -2.8178777855680357]}, "3": {"diameter": 8, "conjugate_isogenous_pairs": 17, "eigenvalues": [3.4103821923690405, -3.4520237939204463]}, "5": {"diameter": 6, "conjugate_isogenous_pairs": 16, "eigenvalues": [4.371003608731926, -4.400060392602419]}, "7": {"diameter": 5, "conjugate_isogenous_pairs": 61, "eigenvalues": [5.250383234469133, -5.213690543428536]}, "11": {"diameter": 4, "conjugate_isogenous_pairs": 44, "eigenvalues": [6.407580046593817, -6.622192585082878]}}}