{"prime": 19973, "nodes": 1665, "minpoly": "x^2 + 19969*x + 2", "spine": 45, "undirected": false, "ell": {"2": {"diameter": 15, "conjugate_isogenous_pairs": 26, "eigenvalues": [2.820413832641849, -2.816034549219256]}, "3": {"diameter": 10, "conjugate_isogenous_pairs": 123, "eigenvalues": [3.4575028749024908, -3.461303175193329]}, "5": {"diameter": 7, "conjugate_isogenous_pairs": 42, "eigenvalues": [4.4318021573830615, -4.463324323876878]}, "7": {"diameter": 6, "conjugate_isogenous_pairs": 136, "eigenvalues": [5.2423296384422535, -5.203112749734575]}, "11": {"diameter": 5, "conjugate_isogenous_pairs": 74, "eigenvalues": [6.559727037109746, -6.580759360150704]}}}