{"prime": 12073, "nodes": 1006, "minpoly": "x^2 + 12070*x + 7", "spine": 34, "undirected": true, "ell": {"2": {"diameter": 13, "conjugate_isogenous_pairs": 32, "eigenvalues": [2.798487906198973, -2.817246462877931]}, "3": {"diameter": 9, "conjugate_isogenous_pairs": 54, "eigenvalues": [3.4528374082681186, -3.4364599811640857]}, "5": {"diameter": 6, "conjugate_isogenous_pairs": 47, "eigenvalues": [4.420034627910358, -4.453275657697297]}, "7": {"diameter": 5, "conjugate_isogenous_pairs": 85, "eigenvalues": [5.266044416703676, -5.226042225795707]}, "11": {"diameter": 4, "conjugate_isogenous_pairs": 96, "eigenvalues": [6.586953675018263, -6.624752216457529]}}}