{"prime": 13121, "nodes": 1094, "minpoly": "x^2 + 13120*x + 7", "spine": 72, "undirected": false, "ell": {"2": {"diameter": 14, "conjugate_isogenous_pairs": 21, "eigenvalues": [2.8198497230779433, -2.8262467199040215]}, "3": {"diameter": 9, "conjugate_isogenous_pairs": 33, "eigenvalues": [3.4521791572849847, -3.439969777780539]}, "5": {"diameter": 6, "conjugate_isogenous_pairs": 26, "eigenvalues": [4.445311772875657, -4.450024704981073]}, "7": {"diameter": 6, "conjugate_isogenous_pairs": 103, "eigenvalues": [5.213123744942836, -5.235432038516818]}, "11": {"diameter": 5, "conjugate_isogenous_pairs": 65, "eigenvalues": [6.548176023568905, -6.601306935463425]}}}