{"prime": 503, "nodes": 43, "minpoly": "x^2 + 498*x + 5", "spine": 21, "undirected": false, "ell": {"2": {"diameter": 8, "conjugate_isogenous_pairs": 3, "eigenvalues": [2.7130482091540182, -2.7306539169464505]}, "3": {"diameter": 6, "conjugate_isogenous_pairs": 7, "eigenvalues": [3.3451853896202612, -3.255775512514936]}, "5": {"diameter": 4, "conjugate_isogenous_pairs": 3, "eigenvalues": [4.2326992224992175, -4.340497696292652]}, "7": {"diameter": 4, "conjugate_isogenous_pairs": 7, "eigenvalues": [5.049450061175093, -5.221702235605813]}, "11": {"diameter": 3, "conjugate_isogenous_pairs": 3, "eigenvalues": [6.362702535572536, -5.745964961183976]}}}