{"prime": 10589, "nodes": 883, "minpoly": "x^2 + 10588*x + 2", "spine": 73, "undirected": false, "ell": {"2": {"diameter": 13, "conjugate_isogenous_pairs": 14, "eigenvalues": [2.8026988391956964, -2.8212561395121565]}, "3": {"diameter": 9, "conjugate_isogenous_pairs": 37, "eigenvalues": [3.4602931480025427, -3.426692869804525]}, "5": {"diameter": 7, "conjugate_isogenous_pairs": 25, "eigenvalues": [4.416578142959196, -4.4642117097882315]}, "7": {"diameter": 6, "conjugate_isogenous_pairs": 56, "eigenvalues": [5.276763172231999, -5.277745510998665]}, "11": {"diameter": 5, "conjugate_isogenous_pairs": 110, "eigenvalues": [6.575437560048298, -6.5635817681952275]}}}