{"prime": 3301, "nodes": 275, "minpoly": "x^2 + 3297*x + 6", "spine": 17, "undirected": true, "ell": {"2": {"diameter": 10, "conjugate_isogenous_pairs": 12, "eigenvalues": [2.784317296076249, -2.7940214593160135]}, "3": {"diameter": 7, "conjugate_isogenous_pairs": 26, "eigenvalues": [3.408825568517849, -3.4250836592133447]}, "5": {"diameter": 5, "conjugate_isogenous_pairs": 35, "eigenvalues": [4.285392134024581, -4.4170006036046825]}, "7": {"diameter": 4, "conjugate_isogenous_pairs": 22, "eigenvalues": [5.208133268926385, -5.046503184873428]}, "11": {"diameter": 4, "conjugate_isogenous_pairs": 72, "eigenvalues": [6.366006373401183, -6.481155695624191]}}}