{"prime": 20297, "nodes": 1692, "minpoly": "x^2 + 20296*x + 3", "spine": 70, "undirected": false, "ell": {"2": {"diameter": 14, "conjugate_isogenous_pairs": 30, "eigenvalues": [2.8131297695578903, -2.8173833932161374]}, "3": {"diameter": 10, "conjugate_isogenous_pairs": 98, "eigenvalues": [3.4464710501017435, -3.4440977799510373]}, "5": {"diameter": 7, "conjugate_isogenous_pairs": 36, "eigenvalues": [4.437579830502032, -4.444352617301683]}, "7": {"diameter": 6, "conjugate_isogenous_pairs": 143, "eigenvalues": [5.221250082442124, -5.280174625392228]}, "11": {"diameter": 5, "conjugate_isogenous_pairs": 41, "eigenvalues": [6.592764638051512, -6.584234216609138]}}}