{"prime": 4507, "nodes": 376, "minpoly": "x^2 + 4503*x + 2", "spine": 26, "undirected": false, "ell": {"2": {"diameter": 12, "conjugate_isogenous_pairs": 32, "eigenvalues": [2.809950341862601, -2.8205444184792894]}, "3": {"diameter": 8, "conjugate_isogenous_pairs": 26, "eigenvalues": [3.416471165313322, -3.4239805986445453]}, "5": {"diameter": 6, "conjugate_isogenous_pairs": 48, "eigenvalues": [4.40692144493231, -4.436300189305684]}, "7": {"diameter": 5, "conjugate_isogenous_pairs": 19, "eigenvalues": [5.172357346815793, -5.2432239787027015]}, "11": {"diameter": 4, "conjugate_isogenous_pairs": 31, "eigenvalues": [6.444323487323917, -6.506651987327965]}}}