{"prime": 15017, "nodes": 1252, "minpoly": "x^2 + 15016*x + 3", "spine": 34, "undirected": false, "ell": {"2": {"diameter": 14, "conjugate_isogenous_pairs": 24, "eigenvalues": [2.8254962018260157, -2.802927692545091]}, "3": {"diameter": 10, "conjugate_isogenous_pairs": 74, "eigenvalues": [3.457340101408126, -3.443342617951943]}, "5": {"diameter": 7, "conjugate_isogenous_pairs": 51, "eigenvalues": [4.4288623993806775, -4.4193971362800415]}, "7": {"diameter": 6, "conjugate_isogenous_pairs": 184, "eigenvalues": [5.281662214857368, -5.283582051069332]}, "11": {"diameter": 5, "conjugate_isogenous_pairs": 44, "eigenvalues": [6.568291776776514, -6.5871750111513565]}}}