{"prime": 9473, "nodes": 790, "minpoly": "x^2 + 9467*x + 3", "spine": 40, "undirected": false, "ell": {"2": {"diameter": 13, "conjugate_isogenous_pairs": 20, "eigenvalues": [2.814760771057164, -2.8214184052899083]}, "3": {"diameter": 9, "conjugate_isogenous_pairs": 66, "eigenvalues": [3.455352277867614, -3.4314221265630285]}, "5": {"diameter": 6, "conjugate_isogenous_pairs": 26, "eigenvalues": [4.424743644671352, -4.442899947597297]}, "7": {"diameter": 6, "conjugate_isogenous_pairs": 97, "eigenvalues": [5.255399632811082, -5.26917962039242]}, "11": {"diameter": 5, "conjugate_isogenous_pairs": 29, "eigenvalues": [6.623794985561451, -6.517673081388265]}}}