{"prime": 8069, "nodes": 673, "minpoly": "x^2 + 8068*x + 2", "spine": 77, "undirected": false, "ell": {"2": {"diameter": 14, "conjugate_isogenous_pairs": 9, "eigenvalues": [2.82707838238778, -2.8210242149791465]}, "3": {"diameter": 9, "conjugate_isogenous_pairs": 41, "eigenvalues": [3.4070883994446843, -3.440780192180774]}, "5": {"diameter": 7, "conjugate_isogenous_pairs": 20, "eigenvalues": [4.4063212748077785, -4.378850737551495]}, "7": {"diameter": 5, "conjugate_isogenous_pairs": 55, "eigenvalues": [5.250345461521777, -5.1971064998714045]}, "11": {"diameter": 4, "conjugate_isogenous_pairs": 93, "eigenvalues": [6.5310258156282535, -6.625611886559939]}}}