{"prime": 25037, "nodes": 2087, "minpoly": "x^2 + 25033*x + 2", "spine": 73, "undirected": false, "ell": {"2": {"diameter": 15, "conjugate_isogenous_pairs": 36, "eigenvalues": [2.8265288472196817, -2.821404303137842]}, "3": {"diameter": 10, "conjugate_isogenous_pairs": 95, "eigenvalues": [3.4540919839519706, -3.454514651891459]}, "5": {"diameter": 7, "conjugate_isogenous_pairs": 27, "eigenvalues": [4.45694925772451, -4.4579994796115265]}, "7": {"diameter": 6, "conjugate_isogenous_pairs": 164, "eigenvalues": [5.259317590402458, -5.265159418826242]}, "11": {"diameter": 5, "conjugate_isogenous_pairs": 123, "eigenvalues": [6.507820251634083, -6.619047551598355]}}}