{"prime": 8231, "nodes": 687, "minpoly": "x^2 + 8230*x + 11", "spine": 107, "undirected": false, "ell": {"2": {"diameter": 13, "conjugate_isogenous_pairs": 15, "eigenvalues": [2.817422360844616, -2.812056104091618]}, "3": {"diameter": 9, "conjugate_isogenous_pairs": 14, "eigenvalues": [3.451487629206623, -3.4537270535586106]}, "5": {"diameter": 7, "conjugate_isogenous_pairs": 25, "eigenvalues": [4.44235838146107, -4.4181182856086245]}, "7": {"diameter": 6, "conjugate_isogenous_pairs": 45, "eigenvalues": [5.179017665502521, -5.186486156407121]}, "11": {"diameter": 4, "conjugate_isogenous_pairs": 42, "eigenvalues": [6.553230730419625, -6.509511080247554]}}}