{"prime": 6397, "nodes": 533, "minpoly": "x^2 + 6396*x + 2", "spine": 25, "undirected": true, "ell": {"2": {"diameter": 12, "conjugate_isogenous_pairs": 29, "eigenvalues": [2.8017288859649323, -2.817519128152013]}, "3": {"diameter": 8, "conjugate_isogenous_pairs": 52, "eigenvalues": [3.4330705882095374, -3.432941531606696]}, "5": {"diameter": 6, "conjugate_isogenous_pairs": 35, "eigenvalues": [4.42067587398793, -4.4102541904845785]}, "7": {"diameter": 5, "conjugate_isogenous_pairs": 38, "eigenvalues": [5.1301637075335655, -5.278712894491495]}, "11": {"diameter": 4, "conjugate_isogenous_pairs": 112, "eigenvalues": [6.601842954844749, -6.585406608787967]}}}