{"prime": 431, "nodes": 37, "minpoly": "x^2 + 430*x + 7", "spine": 21, "undirected": false, "ell": {"2": {"diameter": 7, "conjugate_isogenous_pairs": 1, "eigenvalues": [2.718260681590321, -2.773069326933478]}, "3": {"diameter": 6, "conjugate_isogenous_pairs": 3, "eigenvalues": [3.317806998408776, -3.264672015032042]}, "5": {"diameter": 5, "conjugate_isogenous_pairs": 6, "eigenvalues": [4.33482830322137, -4.1920792171993195]}, "7": {"diameter": 4, "conjugate_isogenous_pairs": 5, "eigenvalues": [5.233795302505259, -5.014144959303421]}, "11": {"diameter": 3, "conjugate_isogenous_pairs": 4, "eigenvalues": [6.014766118718308, -5.2893542822819155]}}}