{"prime": 18341, "nodes": 1529, "minpoly": "x^2 + 18336*x + 3", "spine": 63, "undirected": false, "ell": {"2": {"diameter": 15, "conjugate_isogenous_pairs": 23, "eigenvalues": [2.8261316031029238, -2.8188548881568365]}, "3": {"diameter": 9, "conjugate_isogenous_pairs": 72, "eigenvalues": [3.4461009199563812, -3.4492414900234816]}, "5": {"diameter": 7, "conjugate_isogenous_pairs": 33, "eigenvalues": [4.443002498559821, -4.457365797919963]}, "7": {"diameter": 6, "conjugate_isogenous_pairs": 93, "eigenvalues": [5.246074065509771, -5.239297605357451]}, "11": {"diameter": 5, "conjugate_isogenous_pairs": 96, "eigenvalues": [6.584571990786239, -6.572082053913277]}}}