{"prime": 24527, "nodes": 2045, "minpoly": "x^2 + 24510*x + 5", "spine": 181, "undirected": false, "ell": {"2": {"diameter": 15, "conjugate_isogenous_pairs": 34, "eigenvalues": [2.8220683189421254, -2.822155271405415]}, "3": {"diameter": 10, "conjugate_isogenous_pairs": 55, "eigenvalues": [3.453965239124355, -3.4425063364131074]}, "5": {"diameter": 7, "conjugate_isogenous_pairs": 47, "eigenvalues": [4.4569564979227545, -4.44054452846802]}, "7": {"diameter": 6, "conjugate_isogenous_pairs": 102, "eigenvalues": [5.229547716741436, -5.262065839126925]}, "11": {"diameter": 5, "conjugate_isogenous_pairs": 41, "eigenvalues": [6.623644049834606, -6.5959140802185185]}}}