{"prime": 27479, "nodes": 2291, "minpoly": "x^2 + 27478*x + 7", "spine": 181, "undirected": false, "ell": {"2": {"diameter": 16, "conjugate_isogenous_pairs": 20, "eigenvalues": [2.827427647681439, -2.8275424415575663]}, "3": {"diameter": 10, "conjugate_isogenous_pairs": 48, "eigenvalues": [3.4571568933571744, -3.44897275064137]}, "5": {"diameter": 8, "conjugate_isogenous_pairs": 61, "eigenvalues": [4.4638877888030475, -4.447757876377081]}, "7": {"diameter": 6, "conjugate_isogenous_pairs": 96, "eigenvalues": [5.264736940705978, -5.275634437255308]}, "11": {"diameter": 5, "conjugate_isogenous_pairs": 61, "eigenvalues": [6.569269187293231, -6.600527101908598]}}}