{"prime": 24391, "nodes": 2033, "minpoly": "x^2 + 24389*x + 3", "spine": 123, "undirected": false, "ell": {"2": {"diameter": 15, "conjugate_isogenous_pairs": 57, "eigenvalues": [2.821305056027999, -2.8172532025500177]}, "3": {"diameter": 10, "conjugate_isogenous_pairs": 32, "eigenvalues": [3.4398776529319983, -3.4569301768883505]}, "5": {"diameter": 7, "conjugate_isogenous_pairs": 71, "eigenvalues": [4.463973655368999, -4.443329719018327]}, "7": {"diameter": 6, "conjugate_isogenous_pairs": 36, "eigenvalues": [5.245005966338723, -5.27465414151242]}, "11": {"diameter": 5, "conjugate_isogenous_pairs": 141, "eigenvalues": [6.581310729906587, -6.624386923966453]}}}