{"prime": 23099, "nodes": 1926, "minpoly": "x^2 + 23098*x + 2", "spine": 170, "undirected": false, "ell": {"2": {"diameter": 15, "conjugate_isogenous_pairs": 21, "eigenvalues": [2.818405990791028, -2.822179051457929]}, "3": {"diameter": 10, "conjugate_isogenous_pairs": 27, "eigenvalues": [3.4374696407788665, -3.4607801010317596]}, "5": {"diameter": 7, "conjugate_isogenous_pairs": 66, "eigenvalues": [4.460167526523862, -4.449027715098897]}, "7": {"diameter": 6, "conjugate_isogenous_pairs": 67, "eigenvalues": [5.2612983299706135, -5.269891721766331]}, "11": {"diameter": 5, "conjugate_isogenous_pairs": 77, "eigenvalues": [6.61785071054432, -6.592350950048676]}}}