{"prime": 12763, "nodes": 1064, "minpoly": "x^2 + 12759*x + 2", "spine": 30, "undirected": false, "ell": {"2": {"diameter": 13, "conjugate_isogenous_pairs": 50, "eigenvalues": [2.824397039534479, -2.823600098528714]}, "3": {"diameter": 9, "conjugate_isogenous_pairs": 42, "eigenvalues": [3.445587846180974, -3.45736787407548]}, "5": {"diameter": 7, "conjugate_isogenous_pairs": 107, "eigenvalues": [4.4333441907863085, -4.461709266082435]}, "7": {"diameter": 6, "conjugate_isogenous_pairs": 46, "eigenvalues": [5.246226013727616, -5.23059602076562]}, "11": {"diameter": 5, "conjugate_isogenous_pairs": 52, "eigenvalues": [6.474408274155468, -6.573660143143141]}}}