{"prime": 8179, "nodes": 682, "minpoly": "x^2 + 8178*x + 2", "spine": 50, "undirected": false, "ell": {"2": {"diameter": 14, "conjugate_isogenous_pairs": 34, "eigenvalues": [2.8041003612735875, -2.8179060628334676]}, "3": {"diameter": 9, "conjugate_isogenous_pairs": 18, "eigenvalues": [3.4510054103264345, -3.4546594949043063]}, "5": {"diameter": 6, "conjugate_isogenous_pairs": 90, "eigenvalues": [4.449538245083272, -4.45091912831043]}, "7": {"diameter": 5, "conjugate_isogenous_pairs": 20, "eigenvalues": [5.253166923516985, -5.212864023347545]}, "11": {"diameter": 4, "conjugate_isogenous_pairs": 69, "eigenvalues": [6.455174941366252, -6.629974262902167]}}}