{"prime": 7703, "nodes": 643, "minpoly": "x^2 + 7702*x + 5", "spine": 81, "undirected": false, "ell": {"2": {"diameter": 14, "conjugate_isogenous_pairs": 27, "eigenvalues": [2.8188735021782456, -2.801905733061359]}, "3": {"diameter": 9, "conjugate_isogenous_pairs": 22, "eigenvalues": [3.4150125137439837, -3.446553020416214]}, "5": {"diameter": 7, "conjugate_isogenous_pairs": 27, "eigenvalues": [4.437018685690869, -4.428212281920331]}, "7": {"diameter": 5, "conjugate_isogenous_pairs": 69, "eigenvalues": [5.191183553697535, -5.250596452975051]}, "11": {"diameter": 4, "conjugate_isogenous_pairs": 28, "eigenvalues": [6.584411031805064, -6.607601411806493]}}}