{"prime": 1153, "nodes": 96, "minpoly": "x^2 + 1152*x + 5", "spine": 8, "undirected": true, "ell": {"2": {"diameter": 10, "conjugate_isogenous_pairs": 14, "eigenvalues": [2.8059180589570722, -2.7822494398779565]}, "3": {"diameter": 6, "conjugate_isogenous_pairs": 11, "eigenvalues": [3.3678189246261936, -3.447584615919136]}, "5": {"diameter": 4, "conjugate_isogenous_pairs": 17, "eigenvalues": [4.021512623071985, -4.356352486160227]}, "7": {"diameter": 4, "conjugate_isogenous_pairs": 25, "eigenvalues": [5.028491984622775, -4.8871914704050425]}, "11": {"diameter": 3, "conjugate_isogenous_pairs": 25, "eigenvalues": [6.544913399836147, -6.230537139913622]}}}