{"prime": 1483, "nodes": 124, "minpoly": "x^2 + 1482*x + 2", "spine": 14, "undirected": false, "ell": {"2": {"diameter": 9, "conjugate_isogenous_pairs": 19, "eigenvalues": [2.800513476332794, -2.797765542315222]}, "3": {"diameter": 6, "conjugate_isogenous_pairs": 13, "eigenvalues": [3.425482245278545, -3.377480582159379]}, "5": {"diameter": 5, "conjugate_isogenous_pairs": 22, "eigenvalues": [4.440835673217438, -4.404385716286839]}, "7": {"diameter": 4, "conjugate_isogenous_pairs": 15, "eigenvalues": [5.143781985358664, -4.914522788266988]}, "11": {"diameter": 3, "conjugate_isogenous_pairs": 16, "eigenvalues": [6.398774730345299, -6.481194304092029]}}}