{"prime": 181, "nodes": 15, "minpoly": "x^2 + 177*x + 2", "spine": 5, "undirected": true, "ell": {"2": {"diameter": 6, "conjugate_isogenous_pairs": 3, "eigenvalues": [2.698779942296324, -2.3522761050811583]}, "3": {"diameter": 4, "conjugate_isogenous_pairs": 4, "eigenvalues": [3.0945364546966987, -2.9600266171593277]}, "5": {"diameter": 3, "conjugate_isogenous_pairs": 3, "eigenvalues": [3.4606087321049617, -4.042135332440676]}, "7": {"diameter": 2, "conjugate_isogenous_pairs": 3, "eigenvalues": [4.678908599160651, -4.190313825514723]}, "11": {"diameter": 2, "conjugate_isogenous_pairs": 5, "eigenvalues": [5.543486539938976, -5.8529398176247]}}}