{"prime": 13381, "nodes": 1115, "minpoly": "x^2 + 13377*x + 10", "spine": 31, "undirected": true, "ell": {"2": {"diameter": 13, "conjugate_isogenous_pairs": 27, "eigenvalues": [2.807403865355536, -2.81837845756365]}, "3": {"diameter": 9, "conjugate_isogenous_pairs": 62, "eigenvalues": [3.4539983430527044, -3.4442477443905575]}, "5": {"diameter": 6, "conjugate_isogenous_pairs": 51, "eigenvalues": [4.440415296554193, -4.468816876070437]}, "7": {"diameter": 5, "conjugate_isogenous_pairs": 36, "eigenvalues": [5.2686813129239916, -5.267155428277084]}, "11": {"diameter": 4, "conjugate_isogenous_pairs": 160, "eigenvalues": [6.6176299073379905, -6.596202313346912]}}}