{"prime": 18517, "nodes": 1543, "minpoly": "x^2 + 18515*x + 6", "spine": 19, "undirected": true, "ell": {"2": {"diameter": 14, "conjugate_isogenous_pairs": 64, "eigenvalues": [2.819897440955713, -2.8186127543901494]}, "3": {"diameter": 9, "conjugate_isogenous_pairs": 96, "eigenvalues": [3.436894707930436, -3.4270437277671992]}, "5": {"diameter": 7, "conjugate_isogenous_pairs": 64, "eigenvalues": [4.455602458597141, -4.4430494196035095]}, "7": {"diameter": 5, "conjugate_isogenous_pairs": 69, "eigenvalues": [5.226497310761965, -5.232014288528728]}, "11": {"diameter": 5, "conjugate_isogenous_pairs": 156, "eigenvalues": [6.517074111262169, -6.612881548233362]}}}