{"prime": 13451, "nodes": 1122, "minpoly": "x^2 + 13447*x + 2", "spine": 90, "undirected": false, "ell": {"2": {"diameter": 13, "conjugate_isogenous_pairs": 14, "eigenvalues": [2.803477435654549, -2.8230020442565165]}, "3": {"diameter": 10, "conjugate_isogenous_pairs": 28, "eigenvalues": [3.4461626941400283, -3.4523060752751946]}, "5": {"diameter": 7, "conjugate_isogenous_pairs": 49, "eigenvalues": [4.374289846649046, -4.427501519248825]}, "7": {"diameter": 6, "conjugate_isogenous_pairs": 59, "eigenvalues": [5.282993247257528, -5.255940817600858]}, "11": {"diameter": 5, "conjugate_isogenous_pairs": 45, "eigenvalues": [6.532253305414626, -6.542934659969454]}}}