{"prime": 761, "nodes": 64, "minpoly": "x^2 + 758*x + 6", "spine": 20, "undirected": false, "ell": {"2": {"diameter": 10, "conjugate_isogenous_pairs": 4, "eigenvalues": [2.823113571185328, -2.8067631690599386]}, "3": {"diameter": 7, "conjugate_isogenous_pairs": 4, "eigenvalues": [3.2370816817377994, -3.360128435554202]}, "5": {"diameter": 5, "conjugate_isogenous_pairs": 7, "eigenvalues": [4.099069156307415, -4.200096213926859]}, "7": {"diameter": 4, "conjugate_isogenous_pairs": 17, "eigenvalues": [5.249877159085561, -4.854101966249694]}, "11": {"diameter": 3, "conjugate_isogenous_pairs": 13, "eigenvalues": [6.288578650281882, -6.319368968269023]}}}