{"prime": 5333, "nodes": 445, "minpoly": "x^2 + 5332*x + 2", "spine": 31, "undirected": false, "ell": {"2": {"diameter": 12, "conjugate_isogenous_pairs": 18, "eigenvalues": [2.7909655080804, -2.798184297082998]}, "3": {"diameter": 8, "conjugate_isogenous_pairs": 47, "eigenvalues": [3.436935105249217, -3.4539585682589276]}, "5": {"diameter": 6, "conjugate_isogenous_pairs": 13, "eigenvalues": [4.436660160326057, -4.466563904836086]}, "7": {"diameter": 5, "conjugate_isogenous_pairs": 72, "eigenvalues": [5.14520617941793, -5.167262545154252]}, "11": {"diameter": 4, "conjugate_isogenous_pairs": 48, "eigenvalues": [6.4684048201820055, -6.331778102839077]}}}