{"prime": 15331, "nodes": 1278, "minpoly": "x^2 + 15327*x + 2", "spine": 38, "undirected": false, "ell": {"2": {"diameter": 14, "conjugate_isogenous_pairs": 28, "eigenvalues": [2.8168623956157495, -2.8200670628027127]}, "3": {"diameter": 9, "conjugate_isogenous_pairs": 46, "eigenvalues": [3.4445257439538493, -3.420351180090554]}, "5": {"diameter": 7, "conjugate_isogenous_pairs": 165, "eigenvalues": [4.463856117620772, -4.440868664058342]}, "7": {"diameter": 6, "conjugate_isogenous_pairs": 30, "eigenvalues": [5.210232303752716, -5.202194016120368]}, "11": {"diameter": 5, "conjugate_isogenous_pairs": 78, "eigenvalues": [6.588185074252519, -6.481680464312355]}}}