{"prime": 10531, "nodes": 878, "minpoly": "x^2 + 10524*x + 3", "spine": 54, "undirected": false, "ell": {"2": {"diameter": 14, "conjugate_isogenous_pairs": 37, "eigenvalues": [2.809871252748386, -2.809969221360193]}, "3": {"diameter": 8, "conjugate_isogenous_pairs": 19, "eigenvalues": [3.439690921025674, -3.4267597805778736]}, "5": {"diameter": 6, "conjugate_isogenous_pairs": 62, "eigenvalues": [4.419182617155508, -4.446996618461798]}, "7": {"diameter": 5, "conjugate_isogenous_pairs": 22, "eigenvalues": [5.269169498751546, -5.217173882411721]}, "11": {"diameter": 4, "conjugate_isogenous_pairs": 84, "eigenvalues": [6.567144925105075, -6.582950208661753]}}}