{"prime": 21139, "nodes": 1762, "minpoly": "x^2 + 21138*x + 2", "spine": 74, "undirected": false, "ell": {"2": {"diameter": 15, "conjugate_isogenous_pairs": 36, "eigenvalues": [2.8211009911047866, -2.825449434484829]}, "3": {"diameter": 10, "conjugate_isogenous_pairs": 32, "eigenvalues": [3.4596036964081183, -3.443407679708657]}, "5": {"diameter": 7, "conjugate_isogenous_pairs": 102, "eigenvalues": [4.470186164246814, -4.438942269980943]}, "7": {"diameter": 6, "conjugate_isogenous_pairs": 28, "eigenvalues": [5.2150388362430355, -5.288844625711831]}, "11": {"diameter": 5, "conjugate_isogenous_pairs": 150, "eigenvalues": [6.5971827916034185, -6.586015457105871]}}}