{"prime": 15149, "nodes": 1263, "minpoly": "x^2 + 15145*x + 2", "spine": 85, "undirected": false, "ell": {"2": {"diameter": 14, "conjugate_isogenous_pairs": 17, "eigenvalues": [2.8243312261532556, -2.826465598854712]}, "3": {"diameter": 9, "conjugate_isogenous_pairs": 79, "eigenvalues": [3.442528053912895, -3.451550450596765]}, "5": {"diameter": 7, "conjugate_isogenous_pairs": 29, "eigenvalues": [4.416274649893262, -4.470837455599164]}, "7": {"diameter": 6, "conjugate_isogenous_pairs": 60, "eigenvalues": [5.2574306245190146, -5.160733904447594]}, "11": {"diameter": 5, "conjugate_isogenous_pairs": 70, "eigenvalues": [6.521891832776629, -6.6167097494517275]}}}