{"prime": 3623, "nodes": 303, "minpoly": "x^2 + 3616*x + 5", "spine": 45, "undirected": false, "ell": {"2": {"diameter": 11, "conjugate_isogenous_pairs": 10, "eigenvalues": [2.8133172709288568, -2.7827388051786874]}, "3": {"diameter": 8, "conjugate_isogenous_pairs": 19, "eigenvalues": [3.364865436241056, -3.4443932210849018]}, "5": {"diameter": 6, "conjugate_isogenous_pairs": 19, "eigenvalues": [4.437221526933725, -4.410223305987749]}, "7": {"diameter": 5, "conjugate_isogenous_pairs": 45, "eigenvalues": [5.174675271959392, -5.261992012242733]}, "11": {"diameter": 4, "conjugate_isogenous_pairs": 15, "eigenvalues": [6.627149327754724, -6.558030003831855]}}}