{"prime": 15569, "nodes": 1298, "minpoly": "x^2 + 15564*x + 3", "spine": 56, "undirected": false, "ell": {"2": {"diameter": 15, "conjugate_isogenous_pairs": 14, "eigenvalues": [2.817625159837587, -2.817178920509154]}, "3": {"diameter": 9, "conjugate_isogenous_pairs": 37, "eigenvalues": [3.4483081869155425, -3.4477841511382925]}, "5": {"diameter": 7, "conjugate_isogenous_pairs": 40, "eigenvalues": [4.416245462591679, -4.447133933268427]}, "7": {"diameter": 6, "conjugate_isogenous_pairs": 152, "eigenvalues": [5.244804878465058, -5.233610011185581]}, "11": {"diameter": 5, "conjugate_isogenous_pairs": 85, "eigenvalues": [6.588205987342271, -6.590409044599096]}}}