{"prime": 16411, "nodes": 1368, "minpoly": "x^2 + 16410*x + 3", "spine": 54, "undirected": false, "ell": {"2": {"diameter": 14, "conjugate_isogenous_pairs": 36, "eigenvalues": [2.824771259228255, -2.8251837881030366]}, "3": {"diameter": 9, "conjugate_isogenous_pairs": 22, "eigenvalues": [3.460151984898415, -3.4197003945736193]}, "5": {"diameter": 7, "conjugate_isogenous_pairs": 150, "eigenvalues": [4.461748639195201, -4.43926011654836]}, "7": {"diameter": 6, "conjugate_isogenous_pairs": 37, "eigenvalues": [5.241143293500354, -5.275948048869931]}, "11": {"diameter": 5, "conjugate_isogenous_pairs": 173, "eigenvalues": [6.5525736634777365, -6.589764126588098]}}}