{"prime": 23357, "nodes": 1947, "minpoly": "x^2 + 23356*x + 2", "spine": 71, "undirected": false, "ell": {"2": {"diameter": 15, "conjugate_isogenous_pairs": 37, "eigenvalues": [2.826404112426801, -2.82182087228585]}, "3": {"diameter": 10, "conjugate_isogenous_pairs": 97, "eigenvalues": [3.4531642063592374, -3.4263178705810926]}, "5": {"diameter": 7, "conjugate_isogenous_pairs": 24, "eigenvalues": [4.421642594478746, -4.451844698083412]}, "7": {"diameter": 6, "conjugate_isogenous_pairs": 142, "eigenvalues": [5.279703976810359, -5.242423749727963]}, "11": {"diameter": 5, "conjugate_isogenous_pairs": 101, "eigenvalues": [6.622843314498865, -6.610965401979114]}}}