{"prime": 20731, "nodes": 1728, "minpoly": "x^2 + 20727*x + 2", "spine": 70, "undirected": false, "ell": {"2": {"diameter": 15, "conjugate_isogenous_pairs": 27, "eigenvalues": [2.812821724866142, -2.824803956658188]}, "3": {"diameter": 10, "conjugate_isogenous_pairs": 38, "eigenvalues": [3.4531206064543634, -3.4635642150863455]}, "5": {"diameter": 7, "conjugate_isogenous_pairs": 181, "eigenvalues": [4.46346121096961, -4.46279330191509]}, "7": {"diameter": 6, "conjugate_isogenous_pairs": 31, "eigenvalues": [5.276019143610803, -5.278068179947397]}, "11": {"diameter": 5, "conjugate_isogenous_pairs": 111, "eigenvalues": [6.579026793086007, -6.62451985222511]}}}