{"prime": 28789, "nodes": 2399, "minpoly": "x^2 + 28787*x + 7", "spine": 65, "undirected": true, "ell": {"2": {"diameter": 15, "conjugate_isogenous_pairs": 55, "eigenvalues": [2.8282620627764268, -2.8227690384730684]}, "3": {"diameter": 10, "conjugate_isogenous_pairs": 65, "eigenvalues": [3.456940046586083, -3.452973207959504]}, "5": {"diameter": 7, "conjugate_isogenous_pairs": 77, "eigenvalues": [4.42186069781689, -4.461838891392591]}, "7": {"diameter": 6, "conjugate_isogenous_pairs": 52, "eigenvalues": [5.231934806619125, -5.2815125028436825]}, "11": {"diameter": 5, "conjugate_isogenous_pairs": 375, "eigenvalues": [6.571576281929792, -6.576623030516656]}}}