{"prime": 15443, "nodes": 1288, "minpoly": "x^2 + 15438*x + 2", "spine": 58, "undirected": false, "ell": {"2": {"diameter": 15, "conjugate_isogenous_pairs": 17, "eigenvalues": [2.8166291720472527, -2.8235600601364124]}, "3": {"diameter": 10, "conjugate_isogenous_pairs": 66, "eigenvalues": [3.4549405085861404, -3.4621728192626278]}, "5": {"diameter": 7, "conjugate_isogenous_pairs": 82, "eigenvalues": [4.461868229526113, -4.430819820749813]}, "7": {"diameter": 6, "conjugate_isogenous_pairs": 93, "eigenvalues": [5.266084922614714, -5.250067216457207]}, "11": {"diameter": 5, "conjugate_isogenous_pairs": 37, "eigenvalues": [6.49283405493441, -6.578309330352284]}}}