{"prime": 17209, "nodes": 1434, "minpoly": "x^2 + 17202*x + 14", "spine": 42, "undirected": true, "ell": {"2": {"diameter": 14, "conjugate_isogenous_pairs": 39, "eigenvalues": [2.810371518295527, -2.8208704057904446]}, "3": {"diameter": 9, "conjugate_isogenous_pairs": 40, "eigenvalues": [3.4620039164532357, -3.4500565177583087]}, "5": {"diameter": 6, "conjugate_isogenous_pairs": 50, "eigenvalues": [4.456906409304089, -4.396817859922935]}, "7": {"diameter": 5, "conjugate_isogenous_pairs": 72, "eigenvalues": [5.287514410266583, -5.2723177286708935]}, "11": {"diameter": 5, "conjugate_isogenous_pairs": 199, "eigenvalues": [6.526514567416317, -6.599494739526233]}}}