{"prime": 16987, "nodes": 1416, "minpoly": "x^2 + 16976*x + 3", "spine": 42, "undirected": false, "ell": {"2": {"diameter": 14, "conjugate_isogenous_pairs": 66, "eigenvalues": [2.8207214795831947, -2.827173027582677]}, "3": {"diameter": 9, "conjugate_isogenous_pairs": 39, "eigenvalues": [3.4567194344012666, -3.4406765610755476]}, "5": {"diameter": 7, "conjugate_isogenous_pairs": 86, "eigenvalues": [4.461250634525035, -4.4263239438339586]}, "7": {"diameter": 6, "conjugate_isogenous_pairs": 56, "eigenvalues": [5.217851734246972, -5.262643883105117]}, "11": {"diameter": 5, "conjugate_isogenous_pairs": 83, "eigenvalues": [6.613216132851932, -6.492549671831429]}}}