{"prime": 5059, "nodes": 422, "minpoly": "x^2 + 5055*x + 2", "spine": 38, "undirected": false, "ell": {"2": {"diameter": 12, "conjugate_isogenous_pairs": 21, "eigenvalues": [2.814766530030999, -2.8093757789002938]}, "3": {"diameter": 8, "conjugate_isogenous_pairs": 14, "eigenvalues": [3.4494312873498134, -3.438863074896957]}, "5": {"diameter": 6, "conjugate_isogenous_pairs": 69, "eigenvalues": [4.387638287101398, -4.440221245091849]}, "7": {"diameter": 5, "conjugate_isogenous_pairs": 20, "eigenvalues": [5.276000993557368, -5.087067371158018]}, "11": {"diameter": 4, "conjugate_isogenous_pairs": 65, "eigenvalues": [6.4478064896050045, -6.50212609809868]}}}