{"prime": 4463, "nodes": 373, "minpoly": "x^2 + 4460*x + 5", "spine": 55, "undirected": false, "ell": {"2": {"diameter": 11, "conjugate_isogenous_pairs": 11, "eigenvalues": [2.790869204682062, -2.812953772969445]}, "3": {"diameter": 8, "conjugate_isogenous_pairs": 26, "eigenvalues": [3.420362424841507, -3.450478073609338]}, "5": {"diameter": 6, "conjugate_isogenous_pairs": 23, "eigenvalues": [4.414587123017591, -4.422313003188385]}, "7": {"diameter": 5, "conjugate_isogenous_pairs": 35, "eigenvalues": [5.210488891858532, -5.158684427820027]}, "11": {"diameter": 4, "conjugate_isogenous_pairs": 13, "eigenvalues": [6.425340209474146, -6.475929960443152]}}}