{"prime": 11527, "nodes": 961, "minpoly": "x^2 + 11526*x + 5", "spine": 61, "undirected": false, "ell": {"2": {"diameter": 13, "conjugate_isogenous_pairs": 42, "eigenvalues": [2.822057944225088, -2.8081760463511656]}, "3": {"diameter": 9, "conjugate_isogenous_pairs": 27, "eigenvalues": [3.422254274599245, -3.4269872983279916]}, "5": {"diameter": 6, "conjugate_isogenous_pairs": 60, "eigenvalues": [4.441812567694247, -4.438834590419736]}, "7": {"diameter": 5, "conjugate_isogenous_pairs": 33, "eigenvalues": [5.257931142595598, -5.2771279240161375]}, "11": {"diameter": 5, "conjugate_isogenous_pairs": 74, "eigenvalues": [6.62363399806381, -6.575872650422397]}}}