{"prime": 27773, "nodes": 2315, "minpoly": "x^2 + 27768*x + 2", "spine": 45, "undirected": false, "ell": {"2": {"diameter": 15, "conjugate_isogenous_pairs": 31, "eigenvalues": [2.8205432303142195, -2.827906561507356]}, "3": {"diameter": 10, "conjugate_isogenous_pairs": 106, "eigenvalues": [3.442974053559184, -3.4486393539816946]}, "5": {"diameter": 7, "conjugate_isogenous_pairs": 62, "eigenvalues": [4.452958181073999, -4.4608600375743555]}, "7": {"diameter": 6, "conjugate_isogenous_pairs": 235, "eigenvalues": [5.25776985811926, -5.270723065238847]}, "11": {"diameter": 5, "conjugate_isogenous_pairs": 121, "eigenvalues": [6.613341395976106, -6.601205375930363]}}}