{"prime": 8059, "nodes": 672, "minpoly": "x^2 + 8058*x + 3", "spine": 42, "undirected": false, "ell": {"2": {"diameter": 13, "conjugate_isogenous_pairs": 20, "eigenvalues": [2.8191474089728565, -2.822704378698415]}, "3": {"diameter": 9, "conjugate_isogenous_pairs": 24, "eigenvalues": [3.4223662324979527, -3.4442646932070127]}, "5": {"diameter": 6, "conjugate_isogenous_pairs": 103, "eigenvalues": [4.432451217937999, -4.462206278287212]}, "7": {"diameter": 5, "conjugate_isogenous_pairs": 19, "eigenvalues": [5.263326963070419, -5.163776634944428]}, "11": {"diameter": 4, "conjugate_isogenous_pairs": 76, "eigenvalues": [6.597928587622444, -6.589513382753806]}}}