{"prime": 17191, "nodes": 1433, "minpoly": "x^2 + 17189*x + 3", "spine": 91, "undirected": false, "ell": {"2": {"diameter": 15, "conjugate_isogenous_pairs": 53, "eigenvalues": [2.8260838362095337, -2.8226955762536377]}, "3": {"diameter": 9, "conjugate_isogenous_pairs": 18, "eigenvalues": [3.4504327598307905, -3.4543539436640613]}, "5": {"diameter": 7, "conjugate_isogenous_pairs": 79, "eigenvalues": [4.420385209224874, -4.413909615727404]}, "7": {"diameter": 6, "conjugate_isogenous_pairs": 36, "eigenvalues": [5.274773804531501, -5.269039051356508]}, "11": {"diameter": 5, "conjugate_isogenous_pairs": 143, "eigenvalues": [6.578032556217835, -6.591447684255824]}}}