{"prime": 13339, "nodes": 1112, "minpoly": "x^2 + 13335*x + 2", "spine": 42, "undirected": false, "ell": {"2": {"diameter": 14, "conjugate_isogenous_pairs": 26, "eigenvalues": [2.8227738286781707, -2.8224021312033165]}, "3": {"diameter": 9, "conjugate_isogenous_pairs": 44, "eigenvalues": [3.4536120222996085, -3.440763654735065]}, "5": {"diameter": 6, "conjugate_isogenous_pairs": 135, "eigenvalues": [4.424907406589624, -4.442877506899124]}, "7": {"diameter": 6, "conjugate_isogenous_pairs": 26, "eigenvalues": [5.256431848427547, -5.281153819023759]}, "11": {"diameter": 5, "conjugate_isogenous_pairs": 88, "eigenvalues": [6.597228425990997, -6.52503918132123]}}}