{"prime": 16229, "nodes": 1353, "minpoly": "x^2 + 16225*x + 2", "spine": 73, "undirected": false, "ell": {"2": {"diameter": 14, "conjugate_isogenous_pairs": 21, "eigenvalues": [2.826152778059226, -2.81369987148485]}, "3": {"diameter": 10, "conjugate_isogenous_pairs": 46, "eigenvalues": [3.456067651512106, -3.4479730653484295]}, "5": {"diameter": 7, "conjugate_isogenous_pairs": 31, "eigenvalues": [4.461679180443979, -4.463470575305424]}, "7": {"diameter": 6, "conjugate_isogenous_pairs": 91, "eigenvalues": [5.254308908910528, -5.25748595171387]}, "11": {"diameter": 5, "conjugate_isogenous_pairs": 166, "eigenvalues": [6.630439142184748, -6.592617906051657]}}}