{"prime": 11689, "nodes": 974, "minpoly": "x^2 + 11682*x + 7", "spine": 36, "undirected": true, "ell": {"2": {"diameter": 13, "conjugate_isogenous_pairs": 38, "eigenvalues": [2.821244436699174, -2.8188894550625236]}, "3": {"diameter": 8, "conjugate_isogenous_pairs": 39, "eigenvalues": [3.4520140258642464, -3.4571928754597785]}, "5": {"diameter": 6, "conjugate_isogenous_pairs": 43, "eigenvalues": [4.409766148528203, -4.421650515547012]}, "7": {"diameter": 5, "conjugate_isogenous_pairs": 53, "eigenvalues": [5.2481426431149485, -5.2340933849687055]}, "11": {"diameter": 4, "conjugate_isogenous_pairs": 159, "eigenvalues": [6.60853582945717, -6.5646093037036914]}}}