{"prime": 24659, "nodes": 2056, "minpoly": "x^2 + 24658*x + 2", "spine": 154, "undirected": false, "ell": {"2": {"diameter": 16, "conjugate_isogenous_pairs": 24, "eigenvalues": [2.8217961144702937, -2.8182560029340684]}, "3": {"diameter": 10, "conjugate_isogenous_pairs": 31, "eigenvalues": [3.4599092960093136, -3.4528984530932063]}, "5": {"diameter": 7, "conjugate_isogenous_pairs": 83, "eigenvalues": [4.445184430761344, -4.455090906665445]}, "7": {"diameter": 6, "conjugate_isogenous_pairs": 79, "eigenvalues": [5.274200630195873, -5.2788476527930355]}, "11": {"diameter": 5, "conjugate_isogenous_pairs": 76, "eigenvalues": [6.600164652767745, -6.553481654739149]}}}