{"prime": 12547, "nodes": 1046, "minpoly": "x^2 + 12546*x + 2", "spine": 42, "undirected": false, "ell": {"2": {"diameter": 13, "conjugate_isogenous_pairs": 59, "eigenvalues": [2.821108824751648, -2.8208789030237633]}, "3": {"diameter": 9, "conjugate_isogenous_pairs": 34, "eigenvalues": [3.4413811424054392, -3.4367327719814997]}, "5": {"diameter": 6, "conjugate_isogenous_pairs": 108, "eigenvalues": [4.454441716645119, -4.429740903922885]}, "7": {"diameter": 5, "conjugate_isogenous_pairs": 34, "eigenvalues": [5.265453018775093, -5.236465763961027]}, "11": {"diameter": 5, "conjugate_isogenous_pairs": 69, "eigenvalues": [6.578142081957515, -6.595926761641336]}}}