{"prime": 6823, "nodes": 569, "minpoly": "x^2 + 6821*x + 3", "spine": 33, "undirected": false, "ell": {"2": {"diameter": 13, "conjugate_isogenous_pairs": 44, "eigenvalues": [2.8196598072770898, -2.816695170006041]}, "3": {"diameter": 8, "conjugate_isogenous_pairs": 22, "eigenvalues": [3.445331663347284, -3.4560815326613983]}, "5": {"diameter": 6, "conjugate_isogenous_pairs": 57, "eigenvalues": [4.426783282187345, -4.461825915070586]}, "7": {"diameter": 5, "conjugate_isogenous_pairs": 35, "eigenvalues": [5.249338611429364, -5.232669207347265]}, "11": {"diameter": 4, "conjugate_isogenous_pairs": 68, "eigenvalues": [6.512210638871907, -6.583379376778503]}}}