{"prime": 13513, "nodes": 1126, "minpoly": "x^2 + 13508*x + 5", "spine": 20, "undirected": true, "ell": {"2": {"diameter": 14, "conjugate_isogenous_pairs": 67, "eigenvalues": [2.8265089649590314, -2.8181883123866127]}, "3": {"diameter": 9, "conjugate_isogenous_pairs": 39, "eigenvalues": [3.4618235287434533, -3.4533687988981265]}, "5": {"diameter": 6, "conjugate_isogenous_pairs": 51, "eigenvalues": [4.444586619205654, -4.37535151093038]}, "7": {"diameter": 5, "conjugate_isogenous_pairs": 98, "eigenvalues": [5.194403513025738, -5.248630518143421]}, "11": {"diameter": 4, "conjugate_isogenous_pairs": 96, "eigenvalues": [6.6244325474734715, -6.515238614946538]}}}