{"prime": 11093, "nodes": 925, "minpoly": "x^2 + 11092*x + 2", "spine": 59, "undirected": false, "ell": {"2": {"diameter": 13, "conjugate_isogenous_pairs": 30, "eigenvalues": [2.813572139119703, -2.812849476459887]}, "3": {"diameter": 9, "conjugate_isogenous_pairs": 61, "eigenvalues": [3.454028972084088, -3.449638824825337]}, "5": {"diameter": 6, "conjugate_isogenous_pairs": 18, "eigenvalues": [4.453238214122302, -4.424664955427389]}, "7": {"diameter": 6, "conjugate_isogenous_pairs": 75, "eigenvalues": [5.205634701965598, -5.282947324923264]}, "11": {"diameter": 5, "conjugate_isogenous_pairs": 59, "eigenvalues": [6.524313054116086, -6.584238533005651]}}}