{"prime": 24859, "nodes": 2072, "minpoly": "x^2 + 24855*x + 2", "spine": 58, "undirected": false, "ell": {"2": {"diameter": 15, "conjugate_isogenous_pairs": 32, "eigenvalues": [2.8128351107086003, -2.8138113341685136]}, "3": {"diameter": 10, "conjugate_isogenous_pairs": 58, "eigenvalues": [3.431468728902576, -3.462583828646015]}, "5": {"diameter": 7, "conjugate_isogenous_pairs": 179, "eigenvalues": [4.416460177485941, -4.461305931736326]}, "7": {"diameter": 6, "conjugate_isogenous_pairs": 36, "eigenvalues": [5.238461339991249, -5.220015240970652]}, "11": {"diameter": 5, "conjugate_isogenous_pairs": 109, "eigenvalues": [6.622713807053947, -6.589237576507156]}}}