{"prime": 16231, "nodes": 1353, "minpoly": "x^2 + 16230*x + 3", "spine": 95, "undirected": false, "ell": {"2": {"diameter": 14, "conjugate_isogenous_pairs": 35, "eigenvalues": [2.8131679261436373, -2.8238486815723767]}, "3": {"diameter": 10, "conjugate_isogenous_pairs": 25, "eigenvalues": [3.4564436836766226, -3.4425867655062072]}, "5": {"diameter": 7, "conjugate_isogenous_pairs": 78, "eigenvalues": [4.460039385291289, -4.439749484320456]}, "7": {"diameter": 6, "conjugate_isogenous_pairs": 29, "eigenvalues": [5.2356676928470165, -5.2684613470639965]}, "11": {"diameter": 5, "conjugate_isogenous_pairs": 144, "eigenvalues": [6.5564901949636, -6.549363277553967]}}}