{"prime": 11257, "nodes": 938, "minpoly": "x^2 + 11252*x + 10", "spine": 18, "undirected": true, "ell": {"2": {"diameter": 12, "conjugate_isogenous_pairs": 37, "eigenvalues": [2.812087926269803, -2.815242709545808]}, "3": {"diameter": 9, "conjugate_isogenous_pairs": 66, "eigenvalues": [3.438402579193714, -3.4278992243971573]}, "5": {"diameter": 6, "conjugate_isogenous_pairs": 58, "eigenvalues": [4.414055746011261, -4.379213930920267]}, "7": {"diameter": 5, "conjugate_isogenous_pairs": 79, "eigenvalues": [5.277784681243061, -5.2268699350274]}, "11": {"diameter": 4, "conjugate_isogenous_pairs": 77, "eigenvalues": [6.543532489530505, -6.588616582078226]}}}