{"prime": 23297, "nodes": 1942, "minpoly": "x^2 + 23296*x + 3", "spine": 62, "undirected": false, "ell": {"2": {"diameter": 14, "conjugate_isogenous_pairs": 21, "eigenvalues": [2.822620308187431, -2.818586029900176]}, "3": {"diameter": 10, "conjugate_isogenous_pairs": 98, "eigenvalues": [3.455736152839688, -3.453299454134701]}, "5": {"diameter": 7, "conjugate_isogenous_pairs": 53, "eigenvalues": [4.459784969991675, -4.471741216969066]}, "7": {"diameter": 6, "conjugate_isogenous_pairs": 171, "eigenvalues": [5.284449647052694, -5.188983880096871]}, "11": {"diameter": 5, "conjugate_isogenous_pairs": 63, "eigenvalues": [6.624552133386389, -6.604715290028513]}}}