{"prime": 11971, "nodes": 998, "minpoly": "x^2 + 11970*x + 10", "spine": 30, "undirected": false, "ell": {"2": {"diameter": 14, "conjugate_isogenous_pairs": 32, "eigenvalues": [2.8170267136829534, -2.8126009331856445]}, "3": {"diameter": 9, "conjugate_isogenous_pairs": 29, "eigenvalues": [3.4422100294611027, -3.4556269450899353]}, "5": {"diameter": 7, "conjugate_isogenous_pairs": 122, "eigenvalues": [4.456313615192501, -4.389938830702943]}, "7": {"diameter": 5, "conjugate_isogenous_pairs": 29, "eigenvalues": [5.286320014991269, -5.251257908551089]}, "11": {"diameter": 4, "conjugate_isogenous_pairs": 89, "eigenvalues": [6.474222036092519, -6.549108912083887]}}}