{"prime": 16139, "nodes": 1346, "minpoly": "x^2 + 16134*x + 2", "spine": 78, "undirected": false, "ell": {"2": {"diameter": 14, "conjugate_isogenous_pairs": 13, "eigenvalues": [2.8227301529611557, -2.823806974304732]}, "3": {"diameter": 10, "conjugate_isogenous_pairs": 37, "eigenvalues": [3.4416107459863414, -3.454844148000084]}, "5": {"diameter": 7, "conjugate_isogenous_pairs": 101, "eigenvalues": [4.4376075250870475, -4.435304739163786]}, "7": {"diameter": 6, "conjugate_isogenous_pairs": 75, "eigenvalues": [5.239926700057827, -5.263888420948157]}, "11": {"diameter": 5, "conjugate_isogenous_pairs": 67, "eigenvalues": [6.536792185128236, -6.613650754956679]}}}