{"prime": 179, "nodes": 16, "minpoly": "x^2 + 172*x + 2", "spine": 10, "undirected": false, "ell": {"2": {"diameter": 6, "conjugate_isogenous_pairs": 1, "eigenvalues": [2.602450005922769, -2.7257382248632145]}, "3": {"diameter": 5, "conjugate_isogenous_pairs": 2, "eigenvalues": [3.1074699624348168, -3.2026243651157458]}, "5": {"diameter": 4, "conjugate_isogenous_pairs": 3, "eigenvalues": [4.334483244311592, -2.935785430560282]}, "7": {"diameter": 3, "conjugate_isogenous_pairs": 3, "eigenvalues": [4.639765070580206, -4.58995976333968]}, "11": {"diameter": 2, "conjugate_isogenous_pairs": 2, "eigenvalues": [4.2964818958962345, -5.861080566142019]}}}