{"prime": 17387, "nodes": 1450, "minpoly": "x^2 + 17380*x + 2", "spine": 102, "undirected": false, "ell": {"2": {"diameter": 15, "conjugate_isogenous_pairs": 34, "eigenvalues": [2.821766515438298, -2.8194661766953915]}, "3": {"diameter": 10, "conjugate_isogenous_pairs": 35, "eigenvalues": [3.457057939599622, -3.4475563366429243]}, "5": {"diameter": 7, "conjugate_isogenous_pairs": 70, "eigenvalues": [4.452689702972455, -4.432011753251136]}, "7": {"diameter": 6, "conjugate_isogenous_pairs": 101, "eigenvalues": [5.2325546429110315, -5.266391108846565]}, "11": {"diameter": 5, "conjugate_isogenous_pairs": 48, "eigenvalues": [6.602842540473508, -6.506496212432779]}}}