{"prime": 21319, "nodes": 1777, "minpoly": "x^2 + 21317*x + 14", "spine": 91, "undirected": false, "ell": {"2": {"diameter": 14, "conjugate_isogenous_pairs": 38, "eigenvalues": [2.8252265086932926, -2.8135399577748568]}, "3": {"diameter": 10, "conjugate_isogenous_pairs": 34, "eigenvalues": [3.447590009506088, -3.4634722202397343]}, "5": {"diameter": 7, "conjugate_isogenous_pairs": 74, "eigenvalues": [4.420473009598998, -4.446723579125636]}, "7": {"diameter": 6, "conjugate_isogenous_pairs": 36, "eigenvalues": [5.282188105188555, -5.274108066720517]}, "11": {"diameter": 5, "conjugate_isogenous_pairs": 100, "eigenvalues": [6.571780810595591, -6.607513463366995]}}}