{"prime": 12979, "nodes": 1082, "minpoly": "x^2 + 12975*x + 2", "spine": 50, "undirected": false, "ell": {"2": {"diameter": 13, "conjugate_isogenous_pairs": 27, "eigenvalues": [2.822254596148787, -2.824081648653406]}, "3": {"diameter": 9, "conjugate_isogenous_pairs": 24, "eigenvalues": [3.441798170156163, -3.4512823410415665]}, "5": {"diameter": 7, "conjugate_isogenous_pairs": 162, "eigenvalues": [4.444032032356195, -4.436022497771515]}, "7": {"diameter": 6, "conjugate_isogenous_pairs": 31, "eigenvalues": [5.194325651087534, -5.237769826238948]}, "11": {"diameter": 4, "conjugate_isogenous_pairs": 77, "eigenvalues": [6.516035832583617, -6.61284854251298]}}}