{"prime": 23747, "nodes": 1980, "minpoly": "x^2 + 23746*x + 2", "spine": 98, "undirected": false, "ell": {"2": {"diameter": 15, "conjugate_isogenous_pairs": 46, "eigenvalues": [2.825845515830627, -2.8255359263515865]}, "3": {"diameter": 10, "conjugate_isogenous_pairs": 48, "eigenvalues": [3.458465989238123, -3.453685241012197]}, "5": {"diameter": 7, "conjugate_isogenous_pairs": 54, "eigenvalues": [4.459467290653114, -4.457752883648757]}, "7": {"diameter": 6, "conjugate_isogenous_pairs": 93, "eigenvalues": [5.245319551067263, -5.269999589478313]}, "11": {"diameter": 5, "conjugate_isogenous_pairs": 44, "eigenvalues": [6.60810459865142, -6.5934437284463625]}}}