{"prime": 3109, "nodes": 259, "minpoly": "x^2 + 3105*x + 6", "spine": 15, "undirected": true, "ell": {"2": {"diameter": 10, "conjugate_isogenous_pairs": 11, "eigenvalues": [2.8065428842353324, -2.8107235192583215]}, "3": {"diameter": 7, "conjugate_isogenous_pairs": 25, "eigenvalues": [3.3852179318885574, -3.456331556573862]}, "5": {"diameter": 5, "conjugate_isogenous_pairs": 39, "eigenvalues": [4.437203940295515, -4.470252750985516]}, "7": {"diameter": 4, "conjugate_isogenous_pairs": 18, "eigenvalues": [5.222662542509035, -5.120565283541269]}, "11": {"diameter": 4, "conjugate_isogenous_pairs": 81, "eigenvalues": [6.319562132074119, -6.5230815132469155]}}}