{"prime": 23197, "nodes": 1933, "minpoly": "x^2 + 23196*x + 2", "spine": 31, "undirected": true, "ell": {"2": {"diameter": 15, "conjugate_isogenous_pairs": 96, "eigenvalues": [2.817588105146455, -2.8261836859990996]}, "3": {"diameter": 9, "conjugate_isogenous_pairs": 69, "eigenvalues": [3.4572667055523856, -3.458960564516643]}, "5": {"diameter": 7, "conjugate_isogenous_pairs": 65, "eigenvalues": [4.459436990572185, -4.449876256435122]}, "7": {"diameter": 6, "conjugate_isogenous_pairs": 86, "eigenvalues": [5.245667583295291, -5.266262034376557]}, "11": {"diameter": 5, "conjugate_isogenous_pairs": 226, "eigenvalues": [6.610999788598444, -6.6075221339299075]}}}