{"prime": 21587, "nodes": 1800, "minpoly": "x^2 + 21586*x + 2", "spine": 74, "undirected": false, "ell": {"2": {"diameter": 15, "conjugate_isogenous_pairs": 36, "eigenvalues": [2.8254233830065116, -2.8229062076659583]}, "3": {"diameter": 10, "conjugate_isogenous_pairs": 34, "eigenvalues": [3.4449850619240103, -3.4562148863230666]}, "5": {"diameter": 7, "conjugate_isogenous_pairs": 77, "eigenvalues": [4.468416458167443, -4.4573864613187455]}, "7": {"diameter": 6, "conjugate_isogenous_pairs": 157, "eigenvalues": [5.2865696878999335, -5.268604295300214]}, "11": {"diameter": 5, "conjugate_isogenous_pairs": 73, "eigenvalues": [6.589205460850294, -6.623846857118611]}}}