{"prime": 26951, "nodes": 2247, "minpoly": "x^2 + 26949*x + 7", "spine": 127, "undirected": false, "ell": {"2": {"diameter": 15, "conjugate_isogenous_pairs": 26, "eigenvalues": [2.823431193728201, -2.8197958915637282]}, "3": {"diameter": 10, "conjugate_isogenous_pairs": 38, "eigenvalues": [3.45333517929692, -3.4616794247154616]}, "5": {"diameter": 7, "conjugate_isogenous_pairs": 72, "eigenvalues": [4.4562305021481965, -4.4222661894673285]}, "7": {"diameter": 6, "conjugate_isogenous_pairs": 102, "eigenvalues": [5.283603960366888, -5.27948871843293]}, "11": {"diameter": 5, "conjugate_isogenous_pairs": 81, "eigenvalues": [6.631298077676233, -6.551275391539105]}}}