{"prime": 24691, "nodes": 2058, "minpoly": "x^2 + 24687*x + 2", "spine": 62, "undirected": false, "ell": {"2": {"diameter": 14, "conjugate_isogenous_pairs": 32, "eigenvalues": [2.8260167982188844, -2.826875580740739]}, "3": {"diameter": 9, "conjugate_isogenous_pairs": 44, "eigenvalues": [3.442059059236046, -3.4442454792559962]}, "5": {"diameter": 7, "conjugate_isogenous_pairs": 220, "eigenvalues": [4.453442168767753, -4.450848638831812]}, "7": {"diameter": 6, "conjugate_isogenous_pairs": 39, "eigenvalues": [5.276656196530837, -5.2702287812481075]}, "11": {"diameter": 5, "conjugate_isogenous_pairs": 153, "eigenvalues": [6.624981934749597, -6.629390225965443]}}}