{"prime": 8017, "nodes": 668, "minpoly": "x^2 + 8016*x + 5", "spine": 14, "undirected": true, "ell": {"2": {"diameter": 12, "conjugate_isogenous_pairs": 22, "eigenvalues": [2.8164357675771985, -2.8248941304063027]}, "3": {"diameter": 8, "conjugate_isogenous_pairs": 46, "eigenvalues": [3.4490223172496517, -3.4342042616107036]}, "5": {"diameter": 6, "conjugate_isogenous_pairs": 55, "eigenvalues": [4.444560932695978, -4.429826159687394]}, "7": {"diameter": 5, "conjugate_isogenous_pairs": 81, "eigenvalues": [5.250254963969816, -5.219410266311841]}, "11": {"diameter": 4, "conjugate_isogenous_pairs": 69, "eigenvalues": [6.508466966225782, -6.530910031440942]}}}