{"prime": 5669, "nodes": 473, "minpoly": "x^2 + 5657*x + 3", "spine": 53, "undirected": false, "ell": {"2": {"diameter": 13, "conjugate_isogenous_pairs": 15, "eigenvalues": [2.81574698536373, -2.8201408050100847]}, "3": {"diameter": 9, "conjugate_isogenous_pairs": 30, "eigenvalues": [3.4307768153982483, -3.412679951397907]}, "5": {"diameter": 6, "conjugate_isogenous_pairs": 14, "eigenvalues": [4.407466035737104, -4.4348101910897615]}, "7": {"diameter": 5, "conjugate_isogenous_pairs": 35, "eigenvalues": [5.267566004221038, -5.03565225887568]}, "11": {"diameter": 4, "conjugate_isogenous_pairs": 51, "eigenvalues": [6.619415572539024, -6.444842536942933]}}}