{"prime": 8849, "nodes": 738, "minpoly": "x^2 + 8843*x + 3", "spine": 58, "undirected": false, "ell": {"2": {"diameter": 13, "conjugate_isogenous_pairs": 11, "eigenvalues": [2.8244982623347377, -2.8236817670343624]}, "3": {"diameter": 9, "conjugate_isogenous_pairs": 33, "eigenvalues": [3.4268278687048785, -3.4610066966687296]}, "5": {"diameter": 6, "conjugate_isogenous_pairs": 21, "eigenvalues": [4.451336317927921, -4.396169083333352]}, "7": {"diameter": 5, "conjugate_isogenous_pairs": 84, "eigenvalues": [5.204256553940055, -5.236464645729852]}, "11": {"diameter": 5, "conjugate_isogenous_pairs": 41, "eigenvalues": [6.615637007310003, -6.6227191631761375]}}}