{"prime": 11069, "nodes": 923, "minpoly": "x^2 + 11061*x + 2", "spine": 41, "undirected": false, "ell": {"2": {"diameter": 13, "conjugate_isogenous_pairs": 17, "eigenvalues": [2.8122338367233093, -2.811098804748567]}, "3": {"diameter": 9, "conjugate_isogenous_pairs": 38, "eigenvalues": [3.4625444325501458, -3.449169426307843]}, "5": {"diameter": 7, "conjugate_isogenous_pairs": 29, "eigenvalues": [4.3970095692217726, -4.437587490486424]}, "7": {"diameter": 6, "conjugate_isogenous_pairs": 69, "eigenvalues": [5.2353302287558785, -5.248557776549849]}, "11": {"diameter": 5, "conjugate_isogenous_pairs": 83, "eigenvalues": [6.565409676382362, -6.611576752532845]}}}