{"prime": 12413, "nodes": 1035, "minpoly": "x^2 + 12409*x + 2", "spine": 33, "undirected": false, "ell": {"2": {"diameter": 14, "conjugate_isogenous_pairs": 25, "eigenvalues": [2.819637783505773, -2.7989904533423955]}, "3": {"diameter": 9, "conjugate_isogenous_pairs": 72, "eigenvalues": [3.4549077325543713, -3.4483105371135463]}, "5": {"diameter": 7, "conjugate_isogenous_pairs": 37, "eigenvalues": [4.439541439327277, -4.421153758054002]}, "7": {"diameter": 6, "conjugate_isogenous_pairs": 137, "eigenvalues": [5.264798510817252, -5.278646023873041]}, "11": {"diameter": 5, "conjugate_isogenous_pairs": 56, "eigenvalues": [6.558188254476457, -6.6046212249451814]}}}