{"prime": 14537, "nodes": 1212, "minpoly": "x^2 + 14536*x + 3", "spine": 74, "undirected": false, "ell": {"2": {"diameter": 14, "conjugate_isogenous_pairs": 23, "eigenvalues": [2.81517887188125, -2.824979240558245]}, "3": {"diameter": 10, "conjugate_isogenous_pairs": 47, "eigenvalues": [3.4452405484572006, -3.458214290280984]}, "5": {"diameter": 6, "conjugate_isogenous_pairs": 29, "eigenvalues": [4.438104608828994, -4.444490994667563]}, "7": {"diameter": 6, "conjugate_isogenous_pairs": 150, "eigenvalues": [5.244931398981822, -5.269875483199337]}, "11": {"diameter": 5, "conjugate_isogenous_pairs": 51, "eigenvalues": [6.532050785702334, -6.609078597897022]}}}