{"prime": 2423, "nodes": 203, "minpoly": "x^2 + 2421*x + 5", "spine": 33, "undirected": false, "ell": {"2": {"diameter": 11, "conjugate_isogenous_pairs": 10, "eigenvalues": [2.773199104222018, -2.7659865895934272]}, "3": {"diameter": 8, "conjugate_isogenous_pairs": 9, "eigenvalues": [3.3906061732238326, -3.447873119593851]}, "5": {"diameter": 6, "conjugate_isogenous_pairs": 18, "eigenvalues": [4.399276449376009, -4.408952407956758]}, "7": {"diameter": 5, "conjugate_isogenous_pairs": 37, "eigenvalues": [4.997962353181699, -5.290087775600183]}, "11": {"diameter": 4, "conjugate_isogenous_pairs": 12, "eigenvalues": [6.503355602142472, -6.5724350096407695]}}}