{"prime": 20431, "nodes": 1703, "minpoly": "x^2 + 20429*x + 3", "spine": 77, "undirected": false, "ell": {"2": {"diameter": 15, "conjugate_isogenous_pairs": 60, "eigenvalues": [2.8234484146266565, -2.819719031698315]}, "3": {"diameter": 9, "conjugate_isogenous_pairs": 34, "eigenvalues": [3.455909407233835, -3.4574315921134064]}, "5": {"diameter": 7, "conjugate_isogenous_pairs": 63, "eigenvalues": [4.443596487427459, -4.438068823096288]}, "7": {"diameter": 6, "conjugate_isogenous_pairs": 42, "eigenvalues": [5.244697810495875, -5.2695164204894445]}, "11": {"diameter": 5, "conjugate_isogenous_pairs": 168, "eigenvalues": [6.555366742231854, -6.595233042666365]}}}