{"prime": 10987, "nodes": 916, "minpoly": "x^2 + 10983*x + 2", "spine": 22, "undirected": false, "ell": {"2": {"diameter": 14, "conjugate_isogenous_pairs": 44, "eigenvalues": [2.824882513839134, -2.808908209760962]}, "3": {"diameter": 9, "conjugate_isogenous_pairs": 28, "eigenvalues": [3.4448348248125575, -3.4387732676847933]}, "5": {"diameter": 6, "conjugate_isogenous_pairs": 136, "eigenvalues": [4.455906216730461, -4.4349768731771695]}, "7": {"diameter": 5, "conjugate_isogenous_pairs": 47, "eigenvalues": [5.2705502661572705, -5.274645153579942]}, "11": {"diameter": 4, "conjugate_isogenous_pairs": 57, "eigenvalues": [6.5883364453433515, -6.59405507588231]}}}