{"prime": 12451, "nodes": 1038, "minpoly": "x^2 + 12450*x + 3", "spine": 50, "undirected": false, "ell": {"2": {"diameter": 13, "conjugate_isogenous_pairs": 32, "eigenvalues": [2.815039490710459, -2.812811374477369]}, "3": {"diameter": 9, "conjugate_isogenous_pairs": 32, "eigenvalues": [3.459884409852914, -3.4549849440420064]}, "5": {"diameter": 6, "conjugate_isogenous_pairs": 99, "eigenvalues": [4.358975271824519, -4.462029113205301]}, "7": {"diameter": 5, "conjugate_isogenous_pairs": 24, "eigenvalues": [5.179651305226555, -5.243920587265965]}, "11": {"diameter": 4, "conjugate_isogenous_pairs": 118, "eigenvalues": [6.522413580400724, -6.467393432026589]}}}