{"prime": 18287, "nodes": 1525, "minpoly": "x^2 + 18282*x + 5", "spine": 111, "undirected": false, "ell": {"2": {"diameter": 14, "conjugate_isogenous_pairs": 26, "eigenvalues": [2.8224931739629877, -2.826423970034313]}, "3": {"diameter": 10, "conjugate_isogenous_pairs": 46, "eigenvalues": [3.4511600552101336, -3.44513092742567]}, "5": {"diameter": 7, "conjugate_isogenous_pairs": 36, "eigenvalues": [4.464677334481601, -4.439743815065456]}, "7": {"diameter": 6, "conjugate_isogenous_pairs": 87, "eigenvalues": [5.199548442892204, -5.278464536486662]}, "11": {"diameter": 5, "conjugate_isogenous_pairs": 48, "eigenvalues": [6.623089960646308, -6.611434273229672]}}}