{"prime": 27367, "nodes": 2281, "minpoly": "x^2 + 27366*x + 3", "spine": 61, "undirected": false, "ell": {"2": {"diameter": 15, "conjugate_isogenous_pairs": 55, "eigenvalues": [2.8103579567754435, -2.8192144350432047]}, "3": {"diameter": 10, "conjugate_isogenous_pairs": 78, "eigenvalues": [3.456381351467952, -3.4594599682940697]}, "5": {"diameter": 7, "conjugate_isogenous_pairs": 161, "eigenvalues": [4.453820291101776, -4.458529772807911]}, "7": {"diameter": 6, "conjugate_isogenous_pairs": 56, "eigenvalues": [5.23789929329461, -5.251558247720379]}, "11": {"diameter": 5, "conjugate_isogenous_pairs": 87, "eigenvalues": [6.6097933569138325, -6.596120148058897]}}}