{"prime": 3083, "nodes": 258, "minpoly": "x^2 + 3079*x + 2", "spine": 26, "undirected": false, "ell": {"2": {"diameter": 11, "conjugate_isogenous_pairs": 13, "eigenvalues": [2.806007390776071, -2.785257354795336]}, "3": {"diameter": 8, "conjugate_isogenous_pairs": 12, "eigenvalues": [3.368840750917667, -3.3532622604983]}, "5": {"diameter": 6, "conjugate_isogenous_pairs": 24, "eigenvalues": [4.440732242191081, -4.404598436861934]}, "7": {"diameter": 5, "conjugate_isogenous_pairs": 47, "eigenvalues": [4.973383115624283, -5.253656312593111]}, "11": {"diameter": 4, "conjugate_isogenous_pairs": 22, "eigenvalues": [6.546616505962902, -6.364887560252776]}}}