{"prime": 26801, "nodes": 2234, "minpoly": "x^2 + 26795*x + 3", "spine": 98, "undirected": false, "ell": {"2": {"diameter": 15, "conjugate_isogenous_pairs": 32, "eigenvalues": [2.8239822186121253, -2.8221011930997]}, "3": {"diameter": 10, "conjugate_isogenous_pairs": 33, "eigenvalues": [3.440127696384385, -3.438591897645706]}, "5": {"diameter": 7, "conjugate_isogenous_pairs": 38, "eigenvalues": [4.456241615338836, -4.4657599070743945]}, "7": {"diameter": 6, "conjugate_isogenous_pairs": 191, "eigenvalues": [5.2554510515441155, -5.2529935042671845]}, "11": {"diameter": 5, "conjugate_isogenous_pairs": 105, "eigenvalues": [6.595479573136044, -6.5932370517462395]}}}