{"prime": 23563, "nodes": 1964, "minpoly": "x^2 + 23559*x + 2", "spine": 34, "undirected": false, "ell": {"2": {"diameter": 15, "conjugate_isogenous_pairs": 75, "eigenvalues": [2.8263701546959883, -2.8153476315315227]}, "3": {"diameter": 9, "conjugate_isogenous_pairs": 46, "eigenvalues": [3.4489963017957668, -3.4517938364676772]}, "5": {"diameter": 7, "conjugate_isogenous_pairs": 172, "eigenvalues": [4.441091112883277, -4.44157987300035]}, "7": {"diameter": 6, "conjugate_isogenous_pairs": 54, "eigenvalues": [5.279159794925761, -5.268304848011695]}, "11": {"diameter": 5, "conjugate_isogenous_pairs": 93, "eigenvalues": [6.596760837021219, -6.623394830397976]}}}