{"prime": 1367, "nodes": 115, "minpoly": "x^2 + 1365*x + 5", "spine": 25, "undirected": false, "ell": {"2": {"diameter": 9, "conjugate_isogenous_pairs": 6, "eigenvalues": [2.77750746192559, -2.777173397370547]}, "3": {"diameter": 7, "conjugate_isogenous_pairs": 9, "eigenvalues": [3.4501786653792, -3.3700531369356113]}, "5": {"diameter": 5, "conjugate_isogenous_pairs": 14, "eigenvalues": [4.147452958593117, -4.305830439829404]}, "7": {"diameter": 4, "conjugate_isogenous_pairs": 27, "eigenvalues": [5.214385816444225, -4.80994453622502]}, "11": {"diameter": 3, "conjugate_isogenous_pairs": 10, "eigenvalues": [5.97846922656911, -6.210691570242916]}}}