{"prime": 5879, "nodes": 491, "minpoly": "x^2 + 5877*x + 11", "spine": 101, "undirected": false, "ell": {"2": {"diameter": 12, "conjugate_isogenous_pairs": 9, "eigenvalues": [2.801536888529787, -2.82044966093147]}, "3": {"diameter": 9, "conjugate_isogenous_pairs": 14, "eigenvalues": [3.4365137114393245, -3.4481417788961815]}, "5": {"diameter": 6, "conjugate_isogenous_pairs": 20, "eigenvalues": [4.425713126853084, -4.464651149212824]}, "7": {"diameter": 5, "conjugate_isogenous_pairs": 35, "eigenvalues": [5.247075810514544, -5.162836796156915]}, "11": {"diameter": 4, "conjugate_isogenous_pairs": 39, "eigenvalues": [6.5699939427429275, -6.631020163050815]}}}