{"prime": 5573, "nodes": 465, "minpoly": "x^2 + 5569*x + 2", "spine": 31, "undirected": false, "ell": {"2": {"diameter": 13, "conjugate_isogenous_pairs": 13, "eigenvalues": [2.824179412555883, -2.8082925269155754]}, "3": {"diameter": 9, "conjugate_isogenous_pairs": 67, "eigenvalues": [3.426818072656858, -3.453615715984217]}, "5": {"diameter": 6, "conjugate_isogenous_pairs": 23, "eigenvalues": [4.400361528932821, -4.469336723970008]}, "7": {"diameter": 5, "conjugate_isogenous_pairs": 52, "eigenvalues": [5.138398857371791, -5.199886991309225]}, "11": {"diameter": 4, "conjugate_isogenous_pairs": 31, "eigenvalues": [6.622757993136629, -6.568036966968587]}}}