{"prime": 29429, "nodes": 2453, "minpoly": "x^2 + 29425*x + 2", "spine": 85, "undirected": false, "ell": {"2": {"diameter": 15, "conjugate_isogenous_pairs": 24, "eigenvalues": [2.825895433876191, -2.817980490596697]}, "3": {"diameter": 10, "conjugate_isogenous_pairs": 86, "eigenvalues": [3.458729567835021, -3.463516844319981]}, "5": {"diameter": 7, "conjugate_isogenous_pairs": 52, "eigenvalues": [4.448700361680355, -4.445516205895421]}, "7": {"diameter": 6, "conjugate_isogenous_pairs": 118, "eigenvalues": [5.2804071368029435, -5.268492147234976]}, "11": {"diameter": 5, "conjugate_isogenous_pairs": 102, "eigenvalues": [6.630508182396519, -6.539611656209857]}}}