{"prime": 28027, "nodes": 2336, "minpoly": "x^2 + 28022*x + 2", "spine": 66, "undirected": false, "ell": {"2": {"diameter": 15, "conjugate_isogenous_pairs": 58, "eigenvalues": [2.826662634843749, -2.825789250037534]}, "3": {"diameter": 10, "conjugate_isogenous_pairs": 54, "eigenvalues": [3.455467948305377, -3.4323960542707823]}, "5": {"diameter": 7, "conjugate_isogenous_pairs": 186, "eigenvalues": [4.44218014350651, -4.43872975342653]}, "7": {"diameter": 6, "conjugate_isogenous_pairs": 71, "eigenvalues": [5.270443842170772, -5.272988541513354]}, "11": {"diameter": 5, "conjugate_isogenous_pairs": 130, "eigenvalues": [6.621238078054656, -6.593016201339202]}}}