{"prime": 13469, "nodes": 1123, "minpoly": "x^2 + 13465*x + 2", "spine": 63, "undirected": false, "ell": {"2": {"diameter": 14, "conjugate_isogenous_pairs": 14, "eigenvalues": [2.8179604655885417, -2.827931920960064]}, "3": {"diameter": 10, "conjugate_isogenous_pairs": 64, "eigenvalues": [3.4486282425393777, -3.4476277056497473]}, "5": {"diameter": 7, "conjugate_isogenous_pairs": 32, "eigenvalues": [4.428030550706797, -4.4203173248736185]}, "7": {"diameter": 6, "conjugate_isogenous_pairs": 69, "eigenvalues": [5.223182714117427, -5.269509260470761]}, "11": {"diameter": 5, "conjugate_isogenous_pairs": 76, "eigenvalues": [6.511530827599005, -6.530660475344438]}}}