{"prime": 3001, "nodes": 250, "minpoly": "x^2 + 2999*x + 14", "spine": 20, "undirected": true, "ell": {"2": {"diameter": 11, "conjugate_isogenous_pairs": 22, "eigenvalues": [2.812665820502079, -2.7945223895719864]}, "3": {"diameter": 7, "conjugate_isogenous_pairs": 12, "eigenvalues": [3.39218413245001, -3.4172136441360377]}, "5": {"diameter": 5, "conjugate_isogenous_pairs": 19, "eigenvalues": [4.382848361857684, -4.333261579961363]}, "7": {"diameter": 4, "conjugate_isogenous_pairs": 26, "eigenvalues": [5.173931707164399, -5.1260821385941835]}, "11": {"diameter": 4, "conjugate_isogenous_pairs": 70, "eigenvalues": [6.404474426685452, -6.352157512916106]}}}