{"prime": 2417, "nodes": 202, "minpoly": "x^2 + 2408*x + 3", "spine": 18, "undirected": false, "ell": {"2": {"diameter": 11, "conjugate_isogenous_pairs": 9, "eigenvalues": [2.8140144155048876, -2.7452621291471084]}, "3": {"diameter": 7, "conjugate_isogenous_pairs": 30, "eigenvalues": [3.409407355129945, -3.437265779368018]}, "5": {"diameter": 6, "conjugate_isogenous_pairs": 14, "eigenvalues": [4.458497788232949, -4.259562794655575]}, "7": {"diameter": 5, "conjugate_isogenous_pairs": 54, "eigenvalues": [5.131273221322372, -5.247686232112213]}, "11": {"diameter": 4, "conjugate_isogenous_pairs": 17, "eigenvalues": [6.434734155597429, -6.568281898741804]}}}