{"prime": 1123, "nodes": 94, "minpoly": "x^2 + 1122*x + 2", "spine": 10, "undirected": false, "ell": {"2": {"diameter": 10, "conjugate_isogenous_pairs": 17, "eigenvalues": [2.8061555335306227, -2.804608332182558]}, "3": {"diameter": 6, "conjugate_isogenous_pairs": 7, "eigenvalues": [3.3143853801538388, -3.289812001799161]}, "5": {"diameter": 5, "conjugate_isogenous_pairs": 23, "eigenvalues": [4.420380574126831, -4.184542994338175]}, "7": {"diameter": 4, "conjugate_isogenous_pairs": 10, "eigenvalues": [4.926055053650739, -5.014900523340037]}, "11": {"diameter": 3, "conjugate_isogenous_pairs": 23, "eigenvalues": [6.377576196634611, -6.533818722843045]}}}