{"prime": 11057, "nodes": 922, "minpoly": "x^2 + 11056*x + 3", "spine": 36, "undirected": false, "ell": {"2": {"diameter": 14, "conjugate_isogenous_pairs": 18, "eigenvalues": [2.8009088862313702, -2.8108555411165015]}, "3": {"diameter": 9, "conjugate_isogenous_pairs": 62, "eigenvalues": [3.436681628551033, -3.4587215745058373]}, "5": {"diameter": 7, "conjugate_isogenous_pairs": 44, "eigenvalues": [4.424947895646253, -4.4346336203866725]}, "7": {"diameter": 6, "conjugate_isogenous_pairs": 154, "eigenvalues": [5.243819347700058, -5.262938597462117]}, "11": {"diameter": 5, "conjugate_isogenous_pairs": 39, "eigenvalues": [6.624690626133919, -6.582683702420395]}}}