{"prime": 14087, "nodes": 1175, "minpoly": "x^2 + 14085*x + 5", "spine": 123, "undirected": false, "ell": {"2": {"diameter": 14, "conjugate_isogenous_pairs": 21, "eigenvalues": [2.8154526518926635, -2.803247687950203]}, "3": {"diameter": 9, "conjugate_isogenous_pairs": 37, "eigenvalues": [3.435021185206086, -3.4622975108390803]}, "5": {"diameter": 7, "conjugate_isogenous_pairs": 42, "eigenvalues": [4.4561722070796685, -4.400372483781478]}, "7": {"diameter": 6, "conjugate_isogenous_pairs": 103, "eigenvalues": [5.277747009741543, -5.274199320259128]}, "11": {"diameter": 5, "conjugate_isogenous_pairs": 51, "eigenvalues": [6.539991251385065, -6.6095215045097016]}}}