{"prime": 2251, "nodes": 188, "minpoly": "x^2 + 2249*x + 7", "spine": 14, "undirected": false, "ell": {"2": {"diameter": 11, "conjugate_isogenous_pairs": 13, "eigenvalues": [2.795064481193079, -2.8112759565460683]}, "3": {"diameter": 7, "conjugate_isogenous_pairs": 14, "eigenvalues": [3.4142135623730945, -3.458408507306112]}, "5": {"diameter": 5, "conjugate_isogenous_pairs": 52, "eigenvalues": [4.424429087091245, -4.309921176785022]}, "7": {"diameter": 4, "conjugate_isogenous_pairs": 12, "eigenvalues": [5.117823079097382, -5.226890273473227]}, "11": {"diameter": 4, "conjugate_isogenous_pairs": 36, "eigenvalues": [6.4069349224558145, -6.309672501667814]}}}