{"prime": 11447, "nodes": 955, "minpoly": "x^2 + 11445*x + 5", "spine": 63, "undirected": false, "ell": {"2": {"diameter": 13, "conjugate_isogenous_pairs": 20, "eigenvalues": [2.822207971621928, -2.8064789680522524]}, "3": {"diameter": 9, "conjugate_isogenous_pairs": 44, "eigenvalues": [3.4388756633428788, -3.4362938575895363]}, "5": {"diameter": 7, "conjugate_isogenous_pairs": 50, "eigenvalues": [4.458930416046157, -4.434715408506649]}, "7": {"diameter": 6, "conjugate_isogenous_pairs": 73, "eigenvalues": [5.185586379037099, -5.251906792343614]}, "11": {"diameter": 5, "conjugate_isogenous_pairs": 37, "eigenvalues": [6.419052937518653, -6.592177095084183]}}}