{"prime": 14591, "nodes": 1217, "minpoly": "x^2 + 14588*x + 11", "spine": 147, "undirected": false, "ell": {"2": {"diameter": 14, "conjugate_isogenous_pairs": 16, "eigenvalues": [2.8218193411987142, -2.8241137236488543]}, "3": {"diameter": 10, "conjugate_isogenous_pairs": 16, "eigenvalues": [3.4625426854571617, -3.4580664258882976]}, "5": {"diameter": 7, "conjugate_isogenous_pairs": 48, "eigenvalues": [4.468864481476335, -4.464729584571868]}, "7": {"diameter": 6, "conjugate_isogenous_pairs": 85, "eigenvalues": [5.27485782112788, -5.202585043495415]}, "11": {"diameter": 5, "conjugate_isogenous_pairs": 70, "eigenvalues": [6.523997279000551, -6.509998133397777]}}}