{"prime": 20807, "nodes": 1735, "minpoly": "x^2 + 20805*x + 5", "spine": 155, "undirected": false, "ell": {"2": {"diameter": 15, "conjugate_isogenous_pairs": 43, "eigenvalues": [2.8169501906454077, -2.826349686114908]}, "3": {"diameter": 10, "conjugate_isogenous_pairs": 39, "eigenvalues": [3.4607691263858453, -3.453594273336096]}, "5": {"diameter": 7, "conjugate_isogenous_pairs": 50, "eigenvalues": [4.4393427950125055, -4.455150214778482]}, "7": {"diameter": 6, "conjugate_isogenous_pairs": 97, "eigenvalues": [5.277428376461391, -5.277000692425285]}, "11": {"diameter": 5, "conjugate_isogenous_pairs": 47, "eigenvalues": [6.5322072536673605, -6.6108580359541245]}}}