{"prime": 13367, "nodes": 1115, "minpoly": "x^2 + 13365*x + 5", "spine": 99, "undirected": false, "ell": {"2": {"diameter": 14, "conjugate_isogenous_pairs": 16, "eigenvalues": [2.7960243151655746, -2.806588434739846]}, "3": {"diameter": 10, "conjugate_isogenous_pairs": 48, "eigenvalues": [3.433348655498974, -3.4601739758683108]}, "5": {"diameter": 7, "conjugate_isogenous_pairs": 50, "eigenvalues": [4.4656773021321525, -4.408696745582788]}, "7": {"diameter": 6, "conjugate_isogenous_pairs": 89, "eigenvalues": [5.239696726788561, -5.254682763022301]}, "11": {"diameter": 5, "conjugate_isogenous_pairs": 32, "eigenvalues": [6.553459210405478, -6.569109058207711]}}}