{"prime": 677, "nodes": 57, "minpoly": "x^2 + 672*x + 2", "spine": 15, "undirected": false, "ell": {"2": {"diameter": 9, "conjugate_isogenous_pairs": 4, "eigenvalues": [2.747529036989157, -2.8119074360942307]}, "3": {"diameter": 6, "conjugate_isogenous_pairs": 14, "eigenvalues": [3.3170874443710585, -3.434601874915263]}, "5": {"diameter": 5, "conjugate_isogenous_pairs": 4, "eigenvalues": [4.239466581751734, -4.058643741266103]}, "7": {"diameter": 4, "conjugate_isogenous_pairs": 15, "eigenvalues": [4.704297453899137, -4.617108912906096]}, "11": {"diameter": 3, "conjugate_isogenous_pairs": 10, "eigenvalues": [5.656370128158373, -6.4181602114141185]}}}