{"prime": 2971, "nodes": 248, "minpoly": "x^2 + 2970*x + 10", "spine": 22, "undirected": false, "ell": {"2": {"diameter": 11, "conjugate_isogenous_pairs": 22, "eigenvalues": [2.8190493147085895, -2.7904427829009304]}, "3": {"diameter": 7, "conjugate_isogenous_pairs": 9, "eigenvalues": [3.455416987695083, -3.44672302344757]}, "5": {"diameter": 5, "conjugate_isogenous_pairs": 42, "eigenvalues": [4.33255905176892, -4.370635941972565]}, "7": {"diameter": 5, "conjugate_isogenous_pairs": 18, "eigenvalues": [5.211428813770591, -5.031685788617083]}, "11": {"diameter": 4, "conjugate_isogenous_pairs": 50, "eigenvalues": [6.538262871482148, -6.501218163694672]}}}