{"prime": 16843, "nodes": 1404, "minpoly": "x^2 + 16839*x + 2", "spine": 30, "undirected": false, "ell": {"2": {"diameter": 14, "conjugate_isogenous_pairs": 54, "eigenvalues": [2.819831956306123, -2.824949266988103]}, "3": {"diameter": 9, "conjugate_isogenous_pairs": 45, "eigenvalues": [3.442616487474388, -3.448872527379117]}, "5": {"diameter": 7, "conjugate_isogenous_pairs": 161, "eigenvalues": [4.4424214115044025, -4.440978416330091]}, "7": {"diameter": 6, "conjugate_isogenous_pairs": 41, "eigenvalues": [5.273260245456276, -5.218126028721944]}, "11": {"diameter": 5, "conjugate_isogenous_pairs": 73, "eigenvalues": [6.609844073460144, -6.594436822173381]}}}