{"prime": 13619, "nodes": 1136, "minpoly": "x^2 + 13612*x + 2", "spine": 66, "undirected": false, "ell": {"2": {"diameter": 15, "conjugate_isogenous_pairs": 15, "eigenvalues": [2.814931508626375, -2.8223237413465676]}, "3": {"diameter": 9, "conjugate_isogenous_pairs": 26, "eigenvalues": [3.444902029869073, -3.4406699660518836]}, "5": {"diameter": 7, "conjugate_isogenous_pairs": 66, "eigenvalues": [4.439641121349288, -4.441672568054246]}, "7": {"diameter": 6, "conjugate_isogenous_pairs": 65, "eigenvalues": [5.2580479158885405, -5.201081315604418]}, "11": {"diameter": 5, "conjugate_isogenous_pairs": 60, "eigenvalues": [6.53877803658511, -6.527800938804449]}}}