{"prime": 12241, "nodes": 1020, "minpoly": "x^2 + 12234*x + 7", "spine": 32, "undirected": true, "ell": {"2": {"diameter": 14, "conjugate_isogenous_pairs": 53, "eigenvalues": [2.807347770505805, -2.8232899162570066]}, "3": {"diameter": 9, "conjugate_isogenous_pairs": 24, "eigenvalues": [3.4395094831465207, -3.4383450558586937]}, "5": {"diameter": 6, "conjugate_isogenous_pairs": 50, "eigenvalues": [4.399190675320022, -4.448553772683315]}, "7": {"diameter": 5, "conjugate_isogenous_pairs": 45, "eigenvalues": [5.275748777273056, -5.226193776562425]}, "11": {"diameter": 4, "conjugate_isogenous_pairs": 135, "eigenvalues": [6.55282125016457, -6.593714860100271]}}}