{"prime": 23531, "nodes": 1962, "minpoly": "x^2 + 23526*x + 2", "spine": 106, "undirected": false, "ell": {"2": {"diameter": 15, "conjugate_isogenous_pairs": 14, "eigenvalues": [2.8262950223200343, -2.8208989301192946]}, "3": {"diameter": 10, "conjugate_isogenous_pairs": 61, "eigenvalues": [3.420646992649598, -3.459845429977607]}, "5": {"diameter": 7, "conjugate_isogenous_pairs": 85, "eigenvalues": [4.4515110541260325, -4.459999421067959]}, "7": {"diameter": 6, "conjugate_isogenous_pairs": 73, "eigenvalues": [5.286092274134354, -5.279987286213315]}, "11": {"diameter": 5, "conjugate_isogenous_pairs": 74, "eigenvalues": [6.617285833200945, -6.564242568456228]}}}