{"prime": 20177, "nodes": 1682, "minpoly": "x^2 + 20171*x + 3", "spine": 80, "undirected": false, "ell": {"2": {"diameter": 15, "conjugate_isogenous_pairs": 31, "eigenvalues": [2.825441112869996, -2.8230832562371133]}, "3": {"diameter": 10, "conjugate_isogenous_pairs": 44, "eigenvalues": [3.461794337111508, -3.440232908898616]}, "5": {"diameter": 7, "conjugate_isogenous_pairs": 32, "eigenvalues": [4.434873455449835, -4.443235473254749]}, "7": {"diameter": 6, "conjugate_isogenous_pairs": 238, "eigenvalues": [5.272907297482943, -5.2387830933194985]}, "11": {"diameter": 5, "conjugate_isogenous_pairs": 59, "eigenvalues": [6.5350511508450495, -6.629362075855207]}}}