{"prime": 6029, "nodes": 503, "minpoly": "x^2 + 6025*x + 2", "spine": 35, "undirected": false, "ell": {"2": {"diameter": 12, "conjugate_isogenous_pairs": 10, "eigenvalues": [2.813261355166788, -2.822792206661356]}, "3": {"diameter": 9, "conjugate_isogenous_pairs": 42, "eigenvalues": [3.459998742381824, -3.381446224415884]}, "5": {"diameter": 6, "conjugate_isogenous_pairs": 24, "eigenvalues": [4.38957331417147, -4.435492823854744]}, "7": {"diameter": 5, "conjugate_isogenous_pairs": 57, "eigenvalues": [5.242989508225704, -5.241825790451842]}, "11": {"diameter": 4, "conjugate_isogenous_pairs": 50, "eigenvalues": [6.425954484563808, -6.452443796617826]}}}