{"prime": 25913, "nodes": 2160, "minpoly": "x^2 + 25912*x + 3", "spine": 86, "undirected": false, "ell": {"2": {"diameter": 15, "conjugate_isogenous_pairs": 31, "eigenvalues": [2.819324996373575, -2.8144045369940396]}, "3": {"diameter": 10, "conjugate_isogenous_pairs": 79, "eigenvalues": [3.4528399024363328, -3.4395443120789295]}, "5": {"diameter": 7, "conjugate_isogenous_pairs": 36, "eigenvalues": [4.468996744620676, -4.457483498692012]}, "7": {"diameter": 6, "conjugate_isogenous_pairs": 173, "eigenvalues": [5.275237089161502, -5.269163722542543]}, "11": {"diameter": 5, "conjugate_isogenous_pairs": 69, "eigenvalues": [6.597596756795312, -6.603766877639996]}}}