{"prime": 25717, "nodes": 2143, "minpoly": "x^2 + 25716*x + 2", "spine": 47, "undirected": true, "ell": {"2": {"diameter": 15, "conjugate_isogenous_pairs": 59, "eigenvalues": [2.824813202737265, -2.817392995444726]}, "3": {"diameter": 10, "conjugate_isogenous_pairs": 92, "eigenvalues": [3.45611310117235, -3.4611511410034]}, "5": {"diameter": 7, "conjugate_isogenous_pairs": 84, "eigenvalues": [4.46535016313835, -4.453644948969881]}, "7": {"diameter": 6, "conjugate_isogenous_pairs": 66, "eigenvalues": [5.288433018275209, -5.285212300584832]}, "11": {"diameter": 5, "conjugate_isogenous_pairs": 213, "eigenvalues": [6.628596208759698, -6.590603656548059]}}}