{"prime": 11497, "nodes": 958, "minpoly": "x^2 + 11494*x + 7", "spine": 28, "undirected": true, "ell": {"2": {"diameter": 13, "conjugate_isogenous_pairs": 49, "eigenvalues": [2.8232595526288677, -2.8148133409233895]}, "3": {"diameter": 9, "conjugate_isogenous_pairs": 46, "eigenvalues": [3.4514386654172085, -3.4617079087311047]}, "5": {"diameter": 6, "conjugate_isogenous_pairs": 61, "eigenvalues": [4.433045965908637, -4.460025015700963]}, "7": {"diameter": 5, "conjugate_isogenous_pairs": 98, "eigenvalues": [5.259487601039223, -5.18185065852425]}, "11": {"diameter": 4, "conjugate_isogenous_pairs": 110, "eigenvalues": [6.593181857886166, -6.62403139936094]}}}