{"prime": 883, "nodes": 74, "minpoly": "x^2 + 879*x + 2", "spine": 6, "undirected": false, "ell": {"2": {"diameter": 9, "conjugate_isogenous_pairs": 11, "eigenvalues": [2.7776261322455, -2.7863837904898445]}, "3": {"diameter": 6, "conjugate_isogenous_pairs": 10, "eigenvalues": [3.236622509848142, -3.370611578228579]}, "5": {"diameter": 5, "conjugate_isogenous_pairs": 24, "eigenvalues": [4.2688159229419895, -4.335262562019855]}, "7": {"diameter": 4, "conjugate_isogenous_pairs": 10, "eigenvalues": [5.249033433962837, -4.954846626680874]}, "11": {"diameter": 3, "conjugate_isogenous_pairs": 11, "eigenvalues": [5.974006216644428, -6.462590888370572]}}}