{"prime": 17929, "nodes": 1494, "minpoly": "x^2 + 17915*x + 11", "spine": 38, "undirected": true, "ell": {"2": {"diameter": 14, "conjugate_isogenous_pairs": 26, "eigenvalues": [2.818871297354596, -2.824593586101338]}, "3": {"diameter": 9, "conjugate_isogenous_pairs": 47, "eigenvalues": [3.423218793108873, -3.461386331397189]}, "5": {"diameter": 6, "conjugate_isogenous_pairs": 117, "eigenvalues": [4.436899949188272, -4.467795400392936]}, "7": {"diameter": 5, "conjugate_isogenous_pairs": 92, "eigenvalues": [5.286136539929038, -5.261218184153374]}, "11": {"diameter": 5, "conjugate_isogenous_pairs": 183, "eigenvalues": [6.575979360173009, -6.62862544774105]}}}