{"prime": 22063, "nodes": 1839, "minpoly": "x^2 + 22061*x + 5", "spine": 73, "undirected": false, "ell": {"2": {"diameter": 15, "conjugate_isogenous_pairs": 67, "eigenvalues": [2.8243724732941136, -2.8192811802510853]}, "3": {"diameter": 9, "conjugate_isogenous_pairs": 43, "eigenvalues": [3.435919037265944, -3.4401383336966664]}, "5": {"diameter": 7, "conjugate_isogenous_pairs": 120, "eigenvalues": [4.468191469261208, -4.461084372108036]}, "7": {"diameter": 6, "conjugate_isogenous_pairs": 70, "eigenvalues": [5.240923979938132, -5.264097889508094]}, "11": {"diameter": 5, "conjugate_isogenous_pairs": 96, "eigenvalues": [6.569446844601952, -6.558776620905963]}}}