{"prime": 29387, "nodes": 2450, "minpoly": "x^2 + 29383*x + 2", "spine": 90, "undirected": false, "ell": {"2": {"diameter": 15, "conjugate_isogenous_pairs": 28, "eigenvalues": [2.826876584871889, -2.8214961908050684]}, "3": {"diameter": 11, "conjugate_isogenous_pairs": 58, "eigenvalues": [3.459634662670965, -3.453909784143459]}, "5": {"diameter": 7, "conjugate_isogenous_pairs": 139, "eigenvalues": [4.4558281374002835, -4.456012433736582]}, "7": {"diameter": 6, "conjugate_isogenous_pairs": 136, "eigenvalues": [5.278620746762043, -5.275489944484104]}, "11": {"diameter": 5, "conjugate_isogenous_pairs": 68, "eigenvalues": [6.619219397346181, -6.614493695106996]}}}