{"prime": 6277, "nodes": 523, "minpoly": "x^2 + 6276*x + 2", "spine": 23, "undirected": true, "ell": {"2": {"diameter": 12, "conjugate_isogenous_pairs": 43, "eigenvalues": [2.8262345465688137, -2.819541889822576]}, "3": {"diameter": 8, "conjugate_isogenous_pairs": 44, "eigenvalues": [3.4487291698073994, -3.434717443157839]}, "5": {"diameter": 6, "conjugate_isogenous_pairs": 37, "eigenvalues": [4.421316229504155, -4.373383473473038]}, "7": {"diameter": 5, "conjugate_isogenous_pairs": 35, "eigenvalues": [5.202322526074816, -5.123206441935398]}, "11": {"diameter": 4, "conjugate_isogenous_pairs": 83, "eigenvalues": [6.435963221770504, -6.565278308583529]}}}