{"prime": 3251, "nodes": 272, "minpoly": "x^2 + 3249*x + 6", "spine": 62, "undirected": false, "ell": {"2": {"diameter": 12, "conjugate_isogenous_pairs": 7, "eigenvalues": [2.827155271671081, -2.814143787544022]}, "3": {"diameter": 8, "conjugate_isogenous_pairs": 9, "eigenvalues": [3.440959922332368, -3.442004932084143]}, "5": {"diameter": 6, "conjugate_isogenous_pairs": 24, "eigenvalues": [4.298073768182952, -4.400774261262954]}, "7": {"diameter": 5, "conjugate_isogenous_pairs": 19, "eigenvalues": [5.2152121700490435, -5.08247838517296]}, "11": {"diameter": 4, "conjugate_isogenous_pairs": 27, "eigenvalues": [6.561294819372171, -6.501657391698484]}}}