{"prime": 22751, "nodes": 1897, "minpoly": "x^2 + 22749*x + 21", "spine": 147, "undirected": false, "ell": {"2": {"diameter": 14, "conjugate_isogenous_pairs": 17, "eigenvalues": [2.81891012752361, -2.827215256311771]}, "3": {"diameter": 10, "conjugate_isogenous_pairs": 42, "eigenvalues": [3.459307816287671, -3.446372717485725]}, "5": {"diameter": 7, "conjugate_isogenous_pairs": 56, "eigenvalues": [4.4577093608861125, -4.4595553313060705]}, "7": {"diameter": 6, "conjugate_isogenous_pairs": 70, "eigenvalues": [5.200331836459785, -5.237687177732101]}, "11": {"diameter": 5, "conjugate_isogenous_pairs": 74, "eigenvalues": [6.619993428755971, -6.5861612506378275]}}}