{"prime": 8941, "nodes": 745, "minpoly": "x^2 + 8940*x + 6", "spine": 29, "undirected": true, "ell": {"2": {"diameter": 12, "conjugate_isogenous_pairs": 29, "eigenvalues": [2.822542977220507, -2.803612820200502]}, "3": {"diameter": 9, "conjugate_isogenous_pairs": 50, "eigenvalues": [3.460258274898122, -3.4487161836984908]}, "5": {"diameter": 6, "conjugate_isogenous_pairs": 41, "eigenvalues": [4.41910969441422, -4.403812430170255]}, "7": {"diameter": 5, "conjugate_isogenous_pairs": 36, "eigenvalues": [5.228792744531901, -5.270121597248646]}, "11": {"diameter": 4, "conjugate_isogenous_pairs": 95, "eigenvalues": [6.606887298315448, -6.544688834708658]}}}