{"prime": 20719, "nodes": 1727, "minpoly": "x^2 + 20718*x + 3", "spine": 127, "undirected": false, "ell": {"2": {"diameter": 14, "conjugate_isogenous_pairs": 40, "eigenvalues": [2.8278537331370313, -2.807647285525184]}, "3": {"diameter": 10, "conjugate_isogenous_pairs": 33, "eigenvalues": [3.451587886424082, -3.4434000393177033]}, "5": {"diameter": 7, "conjugate_isogenous_pairs": 74, "eigenvalues": [4.448874648772237, -4.411734838957224]}, "7": {"diameter": 6, "conjugate_isogenous_pairs": 35, "eigenvalues": [5.266848894037147, -5.230941610603948]}, "11": {"diameter": 5, "conjugate_isogenous_pairs": 113, "eigenvalues": [6.619749242367451, -6.619815575879721]}}}