{"prime": 13063, "nodes": 1089, "minpoly": "x^2 + 13062*x + 5", "spine": 51, "undirected": false, "ell": {"2": {"diameter": 14, "conjugate_isogenous_pairs": 41, "eigenvalues": [2.818102958346031, -2.8232433927373064]}, "3": {"diameter": 9, "conjugate_isogenous_pairs": 42, "eigenvalues": [3.449591174759937, -3.453944437188271]}, "5": {"diameter": 7, "conjugate_isogenous_pairs": 120, "eigenvalues": [4.422351236132343, -4.439097113617127]}, "7": {"diameter": 5, "conjugate_isogenous_pairs": 47, "eigenvalues": [5.282954855144224, -5.242402372409495]}, "11": {"diameter": 5, "conjugate_isogenous_pairs": 59, "eigenvalues": [6.5864881759726215, -6.625984157130176]}}}