{"prime": 12253, "nodes": 1021, "minpoly": "x^2 + 12252*x + 2", "spine": 25, "undirected": true, "ell": {"2": {"diameter": 13, "conjugate_isogenous_pairs": 61, "eigenvalues": [2.8227834543933126, -2.825269556715268]}, "3": {"diameter": 9, "conjugate_isogenous_pairs": 76, "eigenvalues": [3.4547462247656084, -3.4452648952940486]}, "5": {"diameter": 6, "conjugate_isogenous_pairs": 45, "eigenvalues": [4.425189686459556, -4.443254908619175]}, "7": {"diameter": 5, "conjugate_isogenous_pairs": 55, "eigenvalues": [5.165169303347741, -5.180596431231077]}, "11": {"diameter": 4, "conjugate_isogenous_pairs": 148, "eigenvalues": [6.580622578542926, -6.537070309753815]}}}