{"prime": 29863, "nodes": 2489, "minpoly": "x^2 + 29862*x + 10", "spine": 45, "undirected": false, "ell": {"2": {"diameter": 14, "conjugate_isogenous_pairs": 49, "eigenvalues": [2.8242370720665386, -2.821749206840948]}, "3": {"diameter": 10, "conjugate_isogenous_pairs": 57, "eigenvalues": [3.462974971550287, -3.4565943946772633]}, "5": {"diameter": 7, "conjugate_isogenous_pairs": 150, "eigenvalues": [4.459109529209503, -4.460997841042792]}, "7": {"diameter": 6, "conjugate_isogenous_pairs": 103, "eigenvalues": [5.287967123496777, -5.283190230065964]}, "11": {"diameter": 5, "conjugate_isogenous_pairs": 122, "eigenvalues": [6.625890279628373, -6.590189915143852]}}}