{"prime": 20599, "nodes": 1717, "minpoly": "x^2 + 20598*x + 3", "spine": 117, "undirected": false, "ell": {"2": {"diameter": 14, "conjugate_isogenous_pairs": 37, "eigenvalues": [2.821981436964634, -2.826656692862591]}, "3": {"diameter": 10, "conjugate_isogenous_pairs": 27, "eigenvalues": [3.45746872278255, -3.4560163876318297]}, "5": {"diameter": 7, "conjugate_isogenous_pairs": 112, "eigenvalues": [4.459586012127016, -4.470938284606419]}, "7": {"diameter": 6, "conjugate_isogenous_pairs": 44, "eigenvalues": [5.255503440011703, -5.276679293900949]}, "11": {"diameter": 5, "conjugate_isogenous_pairs": 176, "eigenvalues": [6.603896835737836, -6.593146370893029]}}}