{"prime": 19819, "nodes": 1652, "minpoly": "x^2 + 19818*x + 3", "spine": 42, "undirected": false, "ell": {"2": {"diameter": 14, "conjugate_isogenous_pairs": 34, "eigenvalues": [2.821434092031906, -2.8243001469608755]}, "3": {"diameter": 10, "conjugate_isogenous_pairs": 36, "eigenvalues": [3.4465287637355995, -3.455578761815461]}, "5": {"diameter": 7, "conjugate_isogenous_pairs": 213, "eigenvalues": [4.42852788612834, -4.454311441727429]}, "7": {"diameter": 6, "conjugate_isogenous_pairs": 35, "eigenvalues": [5.265598874644298, -5.254096588112792]}, "11": {"diameter": 5, "conjugate_isogenous_pairs": 153, "eigenvalues": [6.598866515439448, -6.5906767149256655]}}}