{"prime": 29833, "nodes": 2486, "minpoly": "x^2 + 29832*x + 5", "spine": 42, "undirected": true, "ell": {"2": {"diameter": 15, "conjugate_isogenous_pairs": 96, "eigenvalues": [2.826844942469286, -2.826011697137291]}, "3": {"diameter": 10, "conjugate_isogenous_pairs": 55, "eigenvalues": [3.451350006481234, -3.458981076561705]}, "5": {"diameter": 7, "conjugate_isogenous_pairs": 74, "eigenvalues": [4.449525718868595, -4.4655703271762555]}, "7": {"diameter": 6, "conjugate_isogenous_pairs": 167, "eigenvalues": [5.270477215257521, -5.269140095066249]}, "11": {"diameter": 5, "conjugate_isogenous_pairs": 188, "eigenvalues": [6.620919678267727, -6.617848995569479]}}}