{"prime": 26959, "nodes": 2247, "minpoly": "x^2 + 26955*x + 6", "spine": 57, "undirected": false, "ell": {"2": {"diameter": 14, "conjugate_isogenous_pairs": 35, "eigenvalues": [2.823827343666707, -2.8239819292056616]}, "3": {"diameter": 9, "conjugate_isogenous_pairs": 54, "eigenvalues": [3.4578839969557458, -3.4565270093653835]}, "5": {"diameter": 7, "conjugate_isogenous_pairs": 129, "eigenvalues": [4.446260319816209, -4.45314316761935]}, "7": {"diameter": 6, "conjugate_isogenous_pairs": 45, "eigenvalues": [5.27553622379246, -5.230080428204891]}, "11": {"diameter": 5, "conjugate_isogenous_pairs": 136, "eigenvalues": [6.569102317616191, -6.631897749289698]}}}