{"prime": 12953, "nodes": 1080, "minpoly": "x^2 + 12952*x + 3", "spine": 56, "undirected": false, "ell": {"2": {"diameter": 14, "conjugate_isogenous_pairs": 26, "eigenvalues": [2.821830960338174, -2.8238734382615465]}, "3": {"diameter": 10, "conjugate_isogenous_pairs": 43, "eigenvalues": [3.4490332371010255, -3.445237656297161]}, "5": {"diameter": 7, "conjugate_isogenous_pairs": 31, "eigenvalues": [4.396269353167971, -4.457779620072307]}, "7": {"diameter": 6, "conjugate_isogenous_pairs": 171, "eigenvalues": [5.218326903803918, -5.25849385060858]}, "11": {"diameter": 5, "conjugate_isogenous_pairs": 59, "eigenvalues": [6.498701682734166, -6.628910430884838]}}}