{"prime": 18959, "nodes": 1581, "minpoly": "x^2 + 18958*x + 13", "spine": 195, "undirected": false, "ell": {"2": {"diameter": 15, "conjugate_isogenous_pairs": 20, "eigenvalues": [2.826358995728309, -2.818456205449208]}, "3": {"diameter": 10, "conjugate_isogenous_pairs": 27, "eigenvalues": [3.435211497034353, -3.4405993939386477]}, "5": {"diameter": 7, "conjugate_isogenous_pairs": 44, "eigenvalues": [4.426268734471836, -4.436902865448114]}, "7": {"diameter": 6, "conjugate_isogenous_pairs": 56, "eigenvalues": [5.272713585988215, -5.252179727719883]}, "11": {"diameter": 5, "conjugate_isogenous_pairs": 78, "eigenvalues": [6.617349546821461, -6.620869451221333]}}}