{"prime": 9337, "nodes": 778, "minpoly": "x^2 + 9336*x + 5", "spine": 26, "undirected": true, "ell": {"2": {"diameter": 14, "conjugate_isogenous_pairs": 52, "eigenvalues": [2.826770227159699, -2.8205925239602982]}, "3": {"diameter": 9, "conjugate_isogenous_pairs": 31, "eigenvalues": [3.454183123361126, -3.41124158002773]}, "5": {"diameter": 6, "conjugate_isogenous_pairs": 40, "eigenvalues": [4.406192056926776, -4.374538091458599]}, "7": {"diameter": 5, "conjugate_isogenous_pairs": 75, "eigenvalues": [5.253566037625909, -5.194057016020788]}, "11": {"diameter": 4, "conjugate_isogenous_pairs": 75, "eigenvalues": [6.462539857516548, -6.519888283652648]}}}