{"prime": 11777, "nodes": 982, "minpoly": "x^2 + 11768*x + 3", "spine": 60, "undirected": false, "ell": {"2": {"diameter": 14, "conjugate_isogenous_pairs": 23, "eigenvalues": [2.821509593230778, -2.8173860773945476]}, "3": {"diameter": 10, "conjugate_isogenous_pairs": 51, "eigenvalues": [3.410427344405419, -3.4554369580601327]}, "5": {"diameter": 7, "conjugate_isogenous_pairs": 22, "eigenvalues": [4.41743521267236, -4.450028890945673]}, "7": {"diameter": 6, "conjugate_isogenous_pairs": 112, "eigenvalues": [5.280648347660649, -5.257645425329329]}, "11": {"diameter": 5, "conjugate_isogenous_pairs": 45, "eigenvalues": [6.616276673132356, -6.507019407798991]}}}