{"prime": 16417, "nodes": 1368, "minpoly": "x^2 + 16416*x + 10", "spine": 16, "undirected": true, "ell": {"2": {"diameter": 13, "conjugate_isogenous_pairs": 49, "eigenvalues": [2.8172705443150474, -2.8066695860816777]}, "3": {"diameter": 9, "conjugate_isogenous_pairs": 66, "eigenvalues": [3.4262599487353844, -3.455925463994631]}, "5": {"diameter": 7, "conjugate_isogenous_pairs": 61, "eigenvalues": [4.450325663423259, -4.46376919710751]}, "7": {"diameter": 5, "conjugate_isogenous_pairs": 119, "eigenvalues": [5.253747229786875, -5.280514150742404]}, "11": {"diameter": 5, "conjugate_isogenous_pairs": 132, "eigenvalues": [6.570187048297088, -6.626552912548698]}}}