{"prime": 29501, "nodes": 2459, "minpoly": "x^2 + 29496*x + 2", "spine": 137, "undirected": false, "ell": {"2": {"diameter": 16, "conjugate_isogenous_pairs": 22, "eigenvalues": [2.820017895441422, -2.8269633608598963]}, "3": {"diameter": 10, "conjugate_isogenous_pairs": 87, "eigenvalues": [3.4631269366892408, -3.450849104990342]}, "5": {"diameter": 7, "conjugate_isogenous_pairs": 42, "eigenvalues": [4.451836348532734, -4.465891213404275]}, "7": {"diameter": 6, "conjugate_isogenous_pairs": 103, "eigenvalues": [5.26678597773745, -5.291330853510934]}, "11": {"diameter": 5, "conjugate_isogenous_pairs": 213, "eigenvalues": [6.618742478454474, -6.602162012971533]}}}