{"prime": 12197, "nodes": 1017, "minpoly": "x^2 + 12196*x + 2", "spine": 63, "undirected": false, "ell": {"2": {"diameter": 14, "conjugate_isogenous_pairs": 28, "eigenvalues": [2.8208120048142127, -2.814132456874099]}, "3": {"diameter": 9, "conjugate_isogenous_pairs": 59, "eigenvalues": [3.4373759216475253, -3.4401313283112027]}, "5": {"diameter": 6, "conjugate_isogenous_pairs": 19, "eigenvalues": [4.439800264303721, -4.4075762483477785]}, "7": {"diameter": 5, "conjugate_isogenous_pairs": 81, "eigenvalues": [5.242546373030777, -5.2459343183001845]}, "11": {"diameter": 5, "conjugate_isogenous_pairs": 73, "eigenvalues": [6.601580238976292, -6.597253371493214]}}}