{"prime": 1559, "nodes": 131, "minpoly": "x^2 + 1558*x + 19", "spine": 51, "undirected": false, "ell": {"2": {"diameter": 10, "conjugate_isogenous_pairs": 3, "eigenvalues": [2.800196668386874, -2.8107124051410333]}, "3": {"diameter": 7, "conjugate_isogenous_pairs": 7, "eigenvalues": [3.4036407045791064, -3.4154030654241483]}, "5": {"diameter": 5, "conjugate_isogenous_pairs": 12, "eigenvalues": [4.404033652366827, -4.449524185257271]}, "7": {"diameter": 5, "conjugate_isogenous_pairs": 10, "eigenvalues": [5.163855753119371, -5.142567126443066]}, "11": {"diameter": 4, "conjugate_isogenous_pairs": 12, "eigenvalues": [6.254470646392676, -6.358413289640276]}}}