{"prime": 17519, "nodes": 1461, "minpoly": "x^2 + 17517*x + 13", "spine": 179, "undirected": false, "ell": {"2": {"diameter": 14, "conjugate_isogenous_pairs": 20, "eigenvalues": [2.8247834921053028, -2.8234029872243593]}, "3": {"diameter": 10, "conjugate_isogenous_pairs": 27, "eigenvalues": [3.4345716744751673, -3.4264155697229994]}, "5": {"diameter": 7, "conjugate_isogenous_pairs": 36, "eigenvalues": [4.432546752405245, -4.415166445615933]}, "7": {"diameter": 6, "conjugate_isogenous_pairs": 54, "eigenvalues": [5.290827973720694, -5.280123613767442]}, "11": {"diameter": 5, "conjugate_isogenous_pairs": 74, "eigenvalues": [6.626950373798927, -6.626021180929319]}}}