{"prime": 1499, "nodes": 126, "minpoly": "x^2 + 1495*x + 2", "spine": 26, "undirected": false, "ell": {"2": {"diameter": 11, "conjugate_isogenous_pairs": 4, "eigenvalues": [2.7910973655778033, -2.774844663784912]}, "3": {"diameter": 8, "conjugate_isogenous_pairs": 8, "eigenvalues": [3.399578944777998, -3.4506226567210363]}, "5": {"diameter": 5, "conjugate_isogenous_pairs": 20, "eigenvalues": [4.360788319900016, -4.2865535973536435]}, "7": {"diameter": 5, "conjugate_isogenous_pairs": 20, "eigenvalues": [5.055557423954956, -4.885057032984486]}, "11": {"diameter": 4, "conjugate_isogenous_pairs": 16, "eigenvalues": [6.616596133958168, -6.3479318486382805]}}}