{"prime": 21347, "nodes": 1780, "minpoly": "x^2 + 21343*x + 2", "spine": 66, "undirected": false, "ell": {"2": {"diameter": 15, "conjugate_isogenous_pairs": 19, "eigenvalues": [2.826950465313997, -2.8197462286972215]}, "3": {"diameter": 10, "conjugate_isogenous_pairs": 66, "eigenvalues": [3.4474528079015867, -3.448867968802506]}, "5": {"diameter": 7, "conjugate_isogenous_pairs": 104, "eigenvalues": [4.438345303741585, -4.437940191218166]}, "7": {"diameter": 6, "conjugate_isogenous_pairs": 82, "eigenvalues": [5.191365283302218, -5.280525072095726]}, "11": {"diameter": 5, "conjugate_isogenous_pairs": 46, "eigenvalues": [6.6143417594778935, -6.59326675874826]}}}