{"prime": 16193, "nodes": 1350, "minpoly": "x^2 + 16186*x + 5", "spine": 32, "undirected": false, "ell": {"2": {"diameter": 14, "conjugate_isogenous_pairs": 34, "eigenvalues": [2.8156836542710133, -2.827080868536795]}, "3": {"diameter": 9, "conjugate_isogenous_pairs": 43, "eigenvalues": [3.4528267425285906, -3.4502298620783116]}, "5": {"diameter": 7, "conjugate_isogenous_pairs": 38, "eigenvalues": [4.443739853614304, -4.463638195856649]}, "7": {"diameter": 6, "conjugate_isogenous_pairs": 199, "eigenvalues": [5.263159090139228, -5.278800265128375]}, "11": {"diameter": 5, "conjugate_isogenous_pairs": 47, "eigenvalues": [6.519238355583179, -6.601072960278531]}}}