{"prime": 22943, "nodes": 1913, "minpoly": "x^2 + 22940*x + 5", "spine": 107, "undirected": false, "ell": {"2": {"diameter": 15, "conjugate_isogenous_pairs": 21, "eigenvalues": [2.8227952646819756, -2.8114624931870265]}, "3": {"diameter": 10, "conjugate_isogenous_pairs": 50, "eigenvalues": [3.459835470442067, -3.4394460697351468]}, "5": {"diameter": 7, "conjugate_isogenous_pairs": 85, "eigenvalues": [4.440667662692865, -4.467587227712924]}, "7": {"diameter": 6, "conjugate_isogenous_pairs": 151, "eigenvalues": [5.2656923586453726, -5.265696334782816]}, "11": {"diameter": 5, "conjugate_isogenous_pairs": 61, "eigenvalues": [6.554659959482886, -6.599467896133765]}}}