{"prime": 8731, "nodes": 728, "minpoly": "x^2 + 8727*x + 2", "spine": 34, "undirected": false, "ell": {"2": {"diameter": 13, "conjugate_isogenous_pairs": 22, "eigenvalues": [2.8104175667181304, -2.815627169640312]}, "3": {"diameter": 9, "conjugate_isogenous_pairs": 26, "eigenvalues": [3.3915111438840135, -3.4561590384045022]}, "5": {"diameter": 6, "conjugate_isogenous_pairs": 127, "eigenvalues": [4.440135604090848, -4.427240912732063]}, "7": {"diameter": 5, "conjugate_isogenous_pairs": 23, "eigenvalues": [5.232606328085104, -5.256665032381551]}, "11": {"diameter": 4, "conjugate_isogenous_pairs": 93, "eigenvalues": [6.610452273262253, -6.543542947979373]}}}