{"prime": 23189, "nodes": 1933, "minpoly": "x^2 + 23188*x + 2", "spine": 113, "undirected": false, "ell": {"2": {"diameter": 15, "conjugate_isogenous_pairs": 23, "eigenvalues": [2.820449433674959, -2.8204893495301326]}, "3": {"diameter": 10, "conjugate_isogenous_pairs": 72, "eigenvalues": [3.4443910592145106, -3.4548588791588553]}, "5": {"diameter": 7, "conjugate_isogenous_pairs": 22, "eigenvalues": [4.444718224190189, -4.435407150845218]}, "7": {"diameter": 6, "conjugate_isogenous_pairs": 79, "eigenvalues": [5.219156450839159, -5.273881935400484]}, "11": {"diameter": 5, "conjugate_isogenous_pairs": 159, "eigenvalues": [6.626479025622389, -6.605721673615427]}}}