{"prime": 12829, "nodes": 1069, "minpoly": "x^2 + 12828*x + 2", "spine": 29, "undirected": true, "ell": {"2": {"diameter": 14, "conjugate_isogenous_pairs": 46, "eigenvalues": [2.8274249427962315, -2.8131342241572894]}, "3": {"diameter": 9, "conjugate_isogenous_pairs": 44, "eigenvalues": [3.439443756280318, -3.4387743645378577]}, "5": {"diameter": 6, "conjugate_isogenous_pairs": 46, "eigenvalues": [4.447125144758417, -4.437772941421745]}, "7": {"diameter": 5, "conjugate_isogenous_pairs": 51, "eigenvalues": [5.2202270966169, -5.210798027096803]}, "11": {"diameter": 5, "conjugate_isogenous_pairs": 235, "eigenvalues": [6.560697585103414, -6.530751103740565]}}}