{"prime": 24229, "nodes": 2019, "minpoly": "x^2 + 24225*x + 2", "spine": 47, "undirected": true, "ell": {"2": {"diameter": 14, "conjugate_isogenous_pairs": 33, "eigenvalues": [2.8269158060387296, -2.8235947663292262]}, "3": {"diameter": 9, "conjugate_isogenous_pairs": 101, "eigenvalues": [3.450943176061693, -3.457405165038135]}, "5": {"diameter": 7, "conjugate_isogenous_pairs": 85, "eigenvalues": [4.461460487234089, -4.46460747109058]}, "7": {"diameter": 6, "conjugate_isogenous_pairs": 36, "eigenvalues": [5.272208086099975, -5.254708479304679]}, "11": {"diameter": 5, "conjugate_isogenous_pairs": 191, "eigenvalues": [6.587255889192167, -6.563099268485198]}}}