{"prime": 10781, "nodes": 899, "minpoly": "x^2 + 10780*x + 10", "spine": 59, "undirected": false, "ell": {"2": {"diameter": 13, "conjugate_isogenous_pairs": 12, "eigenvalues": [2.8162126361559174, -2.8230398131589673]}, "3": {"diameter": 9, "conjugate_isogenous_pairs": 52, "eigenvalues": [3.459699807026333, -3.442168461753223]}, "5": {"diameter": 7, "conjugate_isogenous_pairs": 33, "eigenvalues": [4.4284765086402835, -4.4146744564868206]}, "7": {"diameter": 6, "conjugate_isogenous_pairs": 71, "eigenvalues": [5.265049214823226, -5.265046890129549]}, "11": {"diameter": 5, "conjugate_isogenous_pairs": 60, "eigenvalues": [6.553237659479072, -6.570335982670174]}}}