{"prime": 17863, "nodes": 1489, "minpoly": "x^2 + 17862*x + 6", "spine": 81, "undirected": false, "ell": {"2": {"diameter": 14, "conjugate_isogenous_pairs": 52, "eigenvalues": [2.8127061379180986, -2.823074683664216]}, "3": {"diameter": 10, "conjugate_isogenous_pairs": 41, "eigenvalues": [3.4590228115008435, -3.45573482927957]}, "5": {"diameter": 7, "conjugate_isogenous_pairs": 72, "eigenvalues": [4.437518046068212, -4.450756324772995]}, "7": {"diameter": 6, "conjugate_isogenous_pairs": 42, "eigenvalues": [5.25841218436614, -5.226416382301452]}, "11": {"diameter": 5, "conjugate_isogenous_pairs": 82, "eigenvalues": [6.581979160766485, -6.580625418995321]}}}