{"prime": 15881, "nodes": 1324, "minpoly": "x^2 + 15880*x + 3", "spine": 74, "undirected": false, "ell": {"2": {"diameter": 14, "conjugate_isogenous_pairs": 21, "eigenvalues": [2.819986547132404, -2.820477367444856]}, "3": {"diameter": 9, "conjugate_isogenous_pairs": 40, "eigenvalues": [3.4410971780011548, -3.4514153990333454]}, "5": {"diameter": 7, "conjugate_isogenous_pairs": 29, "eigenvalues": [4.466340762384263, -4.471816157991884]}, "7": {"diameter": 6, "conjugate_isogenous_pairs": 107, "eigenvalues": [5.2527598806941365, -5.264094337580276]}, "11": {"diameter": 5, "conjugate_isogenous_pairs": 100, "eigenvalues": [6.592931918732171, -6.510562544858998]}}}