{"prime": 19483, "nodes": 1624, "minpoly": "x^2 + 19479*x + 2", "spine": 42, "undirected": false, "ell": {"2": {"diameter": 14, "conjugate_isogenous_pairs": 39, "eigenvalues": [2.8220124680416654, -2.8266926071050786]}, "3": {"diameter": 9, "conjugate_isogenous_pairs": 53, "eigenvalues": [3.455205214036255, -3.4574829439908745]}, "5": {"diameter": 7, "conjugate_isogenous_pairs": 191, "eigenvalues": [4.462842687678525, -4.451941296820547]}, "7": {"diameter": 6, "conjugate_isogenous_pairs": 51, "eigenvalues": [5.274153580436261, -5.2073587867638915]}, "11": {"diameter": 5, "conjugate_isogenous_pairs": 66, "eigenvalues": [6.560906029243244, -6.5936145339564]}}}