{"prime": 2549, "nodes": 213, "minpoly": "x^2 + 2545*x + 2", "spine": 35, "undirected": false, "ell": {"2": {"diameter": 11, "conjugate_isogenous_pairs": 5, "eigenvalues": [2.804147777745593, -2.8002462879315244]}, "3": {"diameter": 7, "conjugate_isogenous_pairs": 29, "eigenvalues": [3.410292991013073, -3.417591261081405]}, "5": {"diameter": 5, "conjugate_isogenous_pairs": 10, "eigenvalues": [4.375623638916125, -4.460458764212556]}, "7": {"diameter": 5, "conjugate_isogenous_pairs": 18, "eigenvalues": [5.187772557444331, -5.193523750551081]}, "11": {"diameter": 4, "conjugate_isogenous_pairs": 33, "eigenvalues": [6.430006610704727, -6.39701217797472]}}}