{"prime": 22051, "nodes": 1838, "minpoly": "x^2 + 22050*x + 3", "spine": 58, "undirected": false, "ell": {"2": {"diameter": 15, "conjugate_isogenous_pairs": 35, "eigenvalues": [2.8280200888755185, -2.825769779539199]}, "3": {"diameter": 9, "conjugate_isogenous_pairs": 56, "eigenvalues": [3.460935886675149, -3.453634740391346]}, "5": {"diameter": 7, "conjugate_isogenous_pairs": 146, "eigenvalues": [4.449721261874888, -4.445861202243241]}, "7": {"diameter": 6, "conjugate_isogenous_pairs": 28, "eigenvalues": [5.283036341477777, -5.275325425549798]}, "11": {"diameter": 5, "conjugate_isogenous_pairs": 108, "eigenvalues": [6.615059125950342, -6.593382831909532]}}}