{"prime": 5657, "nodes": 472, "minpoly": "x^2 + 5652*x + 3", "spine": 28, "undirected": false, "ell": {"2": {"diameter": 12, "conjugate_isogenous_pairs": 19, "eigenvalues": [2.8066857226498154, -2.810803377739087]}, "3": {"diameter": 9, "conjugate_isogenous_pairs": 31, "eigenvalues": [3.4476096412811708, -3.4205930086145435]}, "5": {"diameter": 6, "conjugate_isogenous_pairs": 23, "eigenvalues": [4.419648455867185, -4.4308471533409195]}, "7": {"diameter": 5, "conjugate_isogenous_pairs": 110, "eigenvalues": [5.223963567355693, -5.195000755091059]}, "11": {"diameter": 4, "conjugate_isogenous_pairs": 30, "eigenvalues": [6.607247674343237, -6.470392082514377]}}}