{"prime": 21757, "nodes": 1813, "minpoly": "x^2 + 21756*x + 5", "spine": 29, "undirected": true, "ell": {"2": {"diameter": 14, "conjugate_isogenous_pairs": 50, "eigenvalues": [2.819083144522052, -2.8177179291456977]}, "3": {"diameter": 10, "conjugate_isogenous_pairs": 125, "eigenvalues": [3.4595266098026913, -3.4476750016992863]}, "5": {"diameter": 7, "conjugate_isogenous_pairs": 114, "eigenvalues": [4.459076913922027, -4.4677007832655775]}, "7": {"diameter": 6, "conjugate_isogenous_pairs": 85, "eigenvalues": [5.274975123580693, -5.270311157060586]}, "11": {"diameter": 5, "conjugate_isogenous_pairs": 162, "eigenvalues": [6.590649445276673, -6.58354836408407]}}}