{"prime": 14341, "nodes": 1195, "minpoly": "x^2 + 14340*x + 2", "spine": 35, "undirected": true, "ell": {"2": {"diameter": 14, "conjugate_isogenous_pairs": 34, "eigenvalues": [2.8230609585132034, -2.8048462814960473]}, "3": {"diameter": 9, "conjugate_isogenous_pairs": 41, "eigenvalues": [3.4565120624715555, -3.428681192618744]}, "5": {"diameter": 6, "conjugate_isogenous_pairs": 73, "eigenvalues": [4.424593172717535, -4.44875301333366]}, "7": {"diameter": 5, "conjugate_isogenous_pairs": 39, "eigenvalues": [5.278265253447667, -5.264874826076224]}, "11": {"diameter": 5, "conjugate_isogenous_pairs": 280, "eigenvalues": [6.625535461993578, -6.544537856058389]}}}