{"prime": 19583, "nodes": 1633, "minpoly": "x^2 + 19582*x + 5", "spine": 99, "undirected": false, "ell": {"2": {"diameter": 14, "conjugate_isogenous_pairs": 33, "eigenvalues": [2.814413126377286, -2.8236058803693256]}, "3": {"diameter": 10, "conjugate_isogenous_pairs": 47, "eigenvalues": [3.4413952144648547, -3.4606728458463696]}, "5": {"diameter": 7, "conjugate_isogenous_pairs": 46, "eigenvalues": [4.421537807527854, -4.462146150989536]}, "7": {"diameter": 6, "conjugate_isogenous_pairs": 120, "eigenvalues": [5.283314057059697, -5.265999748605595]}, "11": {"diameter": 5, "conjugate_isogenous_pairs": 44, "eigenvalues": [6.622315095479073, -6.542123108302397]}}}