{"prime": 2729, "nodes": 228, "minpoly": "x^2 + 2723*x + 3", "spine": 40, "undirected": false, "ell": {"2": {"diameter": 12, "conjugate_isogenous_pairs": 8, "eigenvalues": [2.8226952617023975, -2.80991212092091]}, "3": {"diameter": 8, "conjugate_isogenous_pairs": 13, "eigenvalues": [3.3685569598537497, -3.455546631691349]}, "5": {"diameter": 5, "conjugate_isogenous_pairs": 9, "eigenvalues": [4.415261636865451, -4.415099522947494]}, "7": {"diameter": 5, "conjugate_isogenous_pairs": 36, "eigenvalues": [5.200275082098588, -5.208103770102678]}, "11": {"diameter": 4, "conjugate_isogenous_pairs": 31, "eigenvalues": [6.576872572378236, -6.311141673893545]}}}