{"prime": 22031, "nodes": 1837, "minpoly": "x^2 + 22030*x + 7", "spine": 183, "undirected": false, "ell": {"2": {"diameter": 15, "conjugate_isogenous_pairs": 19, "eigenvalues": [2.825900072436882, -2.8217977510544117]}, "3": {"diameter": 10, "conjugate_isogenous_pairs": 38, "eigenvalues": [3.427177799723711, -3.4512658633940205]}, "5": {"diameter": 7, "conjugate_isogenous_pairs": 48, "eigenvalues": [4.438854534012387, -4.451831982796353]}, "7": {"diameter": 6, "conjugate_isogenous_pairs": 83, "eigenvalues": [5.237866751232817, -5.283343117599102]}, "11": {"diameter": 5, "conjugate_isogenous_pairs": 50, "eigenvalues": [6.614655047647961, -6.557965679136852]}}}