{"prime": 16189, "nodes": 1349, "minpoly": "x^2 + 16188*x + 2", "spine": 45, "undirected": true, "ell": {"2": {"diameter": 14, "conjugate_isogenous_pairs": 30, "eigenvalues": [2.8179140506444846, -2.8248523497152713]}, "3": {"diameter": 9, "conjugate_isogenous_pairs": 67, "eigenvalues": [3.4573923687708725, -3.451285513246951]}, "5": {"diameter": 6, "conjugate_isogenous_pairs": 56, "eigenvalues": [4.4033137163794445, -4.4628268359680305]}, "7": {"diameter": 5, "conjugate_isogenous_pairs": 37, "eigenvalues": [5.264267570816487, -5.263776155387042]}, "11": {"diameter": 5, "conjugate_isogenous_pairs": 232, "eigenvalues": [6.48409751641875, -6.571583288198409]}}}