{"prime": 28579, "nodes": 2382, "minpoly": "x^2 + 28578*x + 2", "spine": 66, "undirected": false, "ell": {"2": {"diameter": 16, "conjugate_isogenous_pairs": 66, "eigenvalues": [2.8259401246297826, -2.8231494544547227]}, "3": {"diameter": 9, "conjugate_isogenous_pairs": 25, "eigenvalues": [3.4544065521777703, -3.460263901072413]}, "5": {"diameter": 7, "conjugate_isogenous_pairs": 163, "eigenvalues": [4.445745775755345, -4.458254330488764]}, "7": {"diameter": 6, "conjugate_isogenous_pairs": 43, "eigenvalues": [5.286991697882305, -5.274389290957565]}, "11": {"diameter": 5, "conjugate_isogenous_pairs": 210, "eigenvalues": [6.624072396689232, -6.591628639705]}}}