{"prime": 27739, "nodes": 2312, "minpoly": "x^2 + 27738*x + 3", "spine": 82, "undirected": false, "ell": {"2": {"diameter": 15, "conjugate_isogenous_pairs": 39, "eigenvalues": [2.821200758766467, -2.818962606666784]}, "3": {"diameter": 9, "conjugate_isogenous_pairs": 42, "eigenvalues": [3.460668542491785, -3.4620706158245853]}, "5": {"diameter": 7, "conjugate_isogenous_pairs": 172, "eigenvalues": [4.44539916666873, -4.4559247759947045]}, "7": {"diameter": 6, "conjugate_isogenous_pairs": 39, "eigenvalues": [5.275785018918072, -5.2677089575437135]}, "11": {"diameter": 5, "conjugate_isogenous_pairs": 204, "eigenvalues": [6.617436997720315, -6.623450850301776]}}}