{"prime": 5527, "nodes": 461, "minpoly": "x^2 + 5525*x + 5", "spine": 19, "undirected": false, "ell": {"2": {"diameter": 12, "conjugate_isogenous_pairs": 37, "eigenvalues": [2.8143605037945734, -2.805026331747252]}, "3": {"diameter": 8, "conjugate_isogenous_pairs": 25, "eigenvalues": [3.459005112476407, -3.4120762514433296]}, "5": {"diameter": 6, "conjugate_isogenous_pairs": 48, "eigenvalues": [4.452483354944482, -4.444113560710637]}, "7": {"diameter": 5, "conjugate_isogenous_pairs": 26, "eigenvalues": [5.20966417331996, -5.184444058850579]}, "11": {"diameter": 4, "conjugate_isogenous_pairs": 40, "eigenvalues": [6.557420160677736, -6.594558646376427]}}}