{"prime": 3023, "nodes": 253, "minpoly": "x^2 + 3021*x + 5", "spine": 47, "undirected": false, "ell": {"2": {"diameter": 11, "conjugate_isogenous_pairs": 12, "eigenvalues": [2.8144737855989903, -2.822179710352472]}, "3": {"diameter": 8, "conjugate_isogenous_pairs": 16, "eigenvalues": [3.4268076249963344, -3.3697389492876897]}, "5": {"diameter": 5, "conjugate_isogenous_pairs": 15, "eigenvalues": [4.341984413895163, -4.275682349881754]}, "7": {"diameter": 5, "conjugate_isogenous_pairs": 48, "eigenvalues": [5.138021485979721, -5.176547735830316]}, "11": {"diameter": 4, "conjugate_isogenous_pairs": 19, "eigenvalues": [6.431128550940512, -6.585844071244295]}}}