{"prime": 22349, "nodes": 1863, "minpoly": "x^2 + 22340*x + 2", "spine": 103, "undirected": false, "ell": {"2": {"diameter": 15, "conjugate_isogenous_pairs": 21, "eigenvalues": [2.8201849499727643, -2.8257748790511856]}, "3": {"diameter": 10, "conjugate_isogenous_pairs": 57, "eigenvalues": [3.445554462651529, -3.444430354731395]}, "5": {"diameter": 7, "conjugate_isogenous_pairs": 41, "eigenvalues": [4.435314590099521, -4.455741027648415]}, "7": {"diameter": 6, "conjugate_isogenous_pairs": 116, "eigenvalues": [5.218568917275286, -5.261171309139134]}, "11": {"diameter": 5, "conjugate_isogenous_pairs": 192, "eigenvalues": [6.598846709277496, -6.5817404971000215]}}}