{"prime": 24763, "nodes": 2064, "minpoly": "x^2 + 24759*x + 2", "spine": 38, "undirected": false, "ell": {"2": {"diameter": 14, "conjugate_isogenous_pairs": 66, "eigenvalues": [2.826124106317023, -2.820539752797707]}, "3": {"diameter": 10, "conjugate_isogenous_pairs": 85, "eigenvalues": [3.4628968935797633, -3.437800477429807]}, "5": {"diameter": 7, "conjugate_isogenous_pairs": 212, "eigenvalues": [4.454088493813745, -4.4485108436328735]}, "7": {"diameter": 6, "conjugate_isogenous_pairs": 61, "eigenvalues": [5.280779641164627, -5.271143067349817]}, "11": {"diameter": 5, "conjugate_isogenous_pairs": 84, "eigenvalues": [6.588630241630729, -6.563327792537236]}}}