{"prime": 3517, "nodes": 293, "minpoly": "x^2 + 3516*x + 2", "spine": 15, "undirected": true, "ell": {"2": {"diameter": 11, "conjugate_isogenous_pairs": 30, "eigenvalues": [2.8158047939196384, -2.801325874447081]}, "3": {"diameter": 8, "conjugate_isogenous_pairs": 32, "eigenvalues": [3.44100067101872, -3.4028699226118984]}, "5": {"diameter": 5, "conjugate_isogenous_pairs": 26, "eigenvalues": [4.46893598324776, -4.3156385560897945]}, "7": {"diameter": 4, "conjugate_isogenous_pairs": 22, "eigenvalues": [5.103043433032678, -5.275413920582095]}, "11": {"diameter": 4, "conjugate_isogenous_pairs": 76, "eigenvalues": [6.54084108930234, -6.168060323467787]}}}