{"prime": 24749, "nodes": 2063, "minpoly": "x^2 + 24745*x + 2", "spine": 77, "undirected": false, "ell": {"2": {"diameter": 15, "conjugate_isogenous_pairs": 17, "eigenvalues": [2.8148871338750885, -2.827091427850793]}, "3": {"diameter": 10, "conjugate_isogenous_pairs": 113, "eigenvalues": [3.4493454968399067, -3.456809261493569]}, "5": {"diameter": 7, "conjugate_isogenous_pairs": 47, "eigenvalues": [4.442206419021782, -4.464428657636253]}, "7": {"diameter": 6, "conjugate_isogenous_pairs": 96, "eigenvalues": [5.26433894591077, -5.252601873861985]}, "11": {"diameter": 5, "conjugate_isogenous_pairs": 134, "eigenvalues": [6.6125985636940054, -6.603140325518635]}}}