{"prime": 25621, "nodes": 2135, "minpoly": "x^2 + 25618*x + 10", "spine": 47, "undirected": true, "ell": {"2": {"diameter": 14, "conjugate_isogenous_pairs": 53, "eigenvalues": [2.8276420503430195, -2.821755526737771]}, "3": {"diameter": 10, "conjugate_isogenous_pairs": 87, "eigenvalues": [3.4371292919574623, -3.450387420110273]}, "5": {"diameter": 7, "conjugate_isogenous_pairs": 112, "eigenvalues": [4.460435267439331, -4.417414628996369]}, "7": {"diameter": 6, "conjugate_isogenous_pairs": 43, "eigenvalues": [5.290917617788064, -5.260703027464771]}, "11": {"diameter": 5, "conjugate_isogenous_pairs": 209, "eigenvalues": [6.61768997291855, -6.622032704308557]}}}