{"prime": 21727, "nodes": 1811, "minpoly": "x^2 + 21726*x + 3", "spine": 95, "undirected": false, "ell": {"2": {"diameter": 14, "conjugate_isogenous_pairs": 69, "eigenvalues": [2.822472312452214, -2.8225648240006866]}, "3": {"diameter": 10, "conjugate_isogenous_pairs": 43, "eigenvalues": [3.4618105636653005, -3.4483372696103975]}, "5": {"diameter": 7, "conjugate_isogenous_pairs": 80, "eigenvalues": [4.44872418417966, -4.4299473602784]}, "7": {"diameter": 6, "conjugate_isogenous_pairs": 50, "eigenvalues": [5.273898064627517, -5.248751001785611]}, "11": {"diameter": 5, "conjugate_isogenous_pairs": 100, "eigenvalues": [6.511391263826992, -6.564991498867105]}}}