{"prime": 4639, "nodes": 387, "minpoly": "x^2 + 4637*x + 3", "spine": 51, "undirected": false, "ell": {"2": {"diameter": 11, "conjugate_isogenous_pairs": 18, "eigenvalues": [2.8125913304959753, -2.81829286224261]}, "3": {"diameter": 8, "conjugate_isogenous_pairs": 11, "eigenvalues": [3.4223398750105813, -3.4236559031256384]}, "5": {"diameter": 6, "conjugate_isogenous_pairs": 49, "eigenvalues": [4.432337510510568, -4.419792189554903]}, "7": {"diameter": 5, "conjugate_isogenous_pairs": 18, "eigenvalues": [5.1578491602490715, -5.262393854871356]}, "11": {"diameter": 4, "conjugate_isogenous_pairs": 71, "eigenvalues": [6.589276274804956, -6.581221105106705]}}}