{"prime": 9257, "nodes": 772, "minpoly": "x^2 + 9256*x + 3", "spine": 60, "undirected": false, "ell": {"2": {"diameter": 13, "conjugate_isogenous_pairs": 22, "eigenvalues": [2.803817106662672, -2.8177492816199528]}, "3": {"diameter": 9, "conjugate_isogenous_pairs": 43, "eigenvalues": [3.4580827402877676, -3.4304033399207867]}, "5": {"diameter": 6, "conjugate_isogenous_pairs": 18, "eigenvalues": [4.3479900282689, -4.387618356673145]}, "7": {"diameter": 5, "conjugate_isogenous_pairs": 93, "eigenvalues": [5.249018521002883, -5.234074529960496]}, "11": {"diameter": 4, "conjugate_isogenous_pairs": 32, "eigenvalues": [6.518757649116311, -6.507955595335044]}}}