{"prime": 19157, "nodes": 1597, "minpoly": "x^2 + 19156*x + 2", "spine": 77, "undirected": false, "ell": {"2": {"diameter": 15, "conjugate_isogenous_pairs": 39, "eigenvalues": [2.8239119827492893, -2.818448683139824]}, "3": {"diameter": 10, "conjugate_isogenous_pairs": 80, "eigenvalues": [3.439349366662787, -3.462618542062599]}, "5": {"diameter": 7, "conjugate_isogenous_pairs": 35, "eigenvalues": [4.449398472624716, -4.4645668200163025]}, "7": {"diameter": 6, "conjugate_isogenous_pairs": 110, "eigenvalues": [5.267733292762251, -5.278851405538541]}, "11": {"diameter": 5, "conjugate_isogenous_pairs": 106, "eigenvalues": [6.61953140346821, -6.608615371025781]}}}