{"prime": 21893, "nodes": 1825, "minpoly": "x^2 + 21885*x + 2", "spine": 45, "undirected": false, "ell": {"2": {"diameter": 14, "conjugate_isogenous_pairs": 28, "eigenvalues": [2.8173536667807966, -2.8185246310946206]}, "3": {"diameter": 11, "conjugate_isogenous_pairs": 134, "eigenvalues": [3.4510802960693736, -3.4619020946583934]}, "5": {"diameter": 7, "conjugate_isogenous_pairs": 36, "eigenvalues": [4.442591220437643, -4.447069005969723]}, "7": {"diameter": 6, "conjugate_isogenous_pairs": 145, "eigenvalues": [5.25597939074681, -5.2736633826394534]}, "11": {"diameter": 5, "conjugate_isogenous_pairs": 72, "eigenvalues": [6.618510957597766, -6.6100022241426535]}}}