{"prime": 29021, "nodes": 2419, "minpoly": "x^2 + 29015*x + 2", "spine": 105, "undirected": false, "ell": {"2": {"diameter": 15, "conjugate_isogenous_pairs": 30, "eigenvalues": [2.825272530430139, -2.8186211900617817]}, "3": {"diameter": 10, "conjugate_isogenous_pairs": 56, "eigenvalues": [3.463186327815941, -3.453116535209106]}, "5": {"diameter": 7, "conjugate_isogenous_pairs": 37, "eigenvalues": [4.470945524837559, -4.456841834407838]}, "7": {"diameter": 6, "conjugate_isogenous_pairs": 132, "eigenvalues": [5.232621148686287, -5.24722938265216]}, "11": {"diameter": 5, "conjugate_isogenous_pairs": 212, "eigenvalues": [6.623018107185121, -6.579258158455591]}}}