{"prime": 6899, "nodes": 576, "minpoly": "x^2 + 6895*x + 2", "spine": 70, "undirected": false, "ell": {"2": {"diameter": 13, "conjugate_isogenous_pairs": 8, "eigenvalues": [2.7999120907306083, -2.8126239912037967]}, "3": {"diameter": 9, "conjugate_isogenous_pairs": 25, "eigenvalues": [3.4518598903210216, -3.4456859796591055]}, "5": {"diameter": 6, "conjugate_isogenous_pairs": 50, "eigenvalues": [4.451747381540143, -4.443366862558401]}, "7": {"diameter": 6, "conjugate_isogenous_pairs": 37, "eigenvalues": [5.256735950564264, -5.263618660894967]}, "11": {"diameter": 4, "conjugate_isogenous_pairs": 33, "eigenvalues": [6.361751413750704, -6.489304882689721]}}}