{"prime": 5903, "nodes": 493, "minpoly": "x^2 + 5901*x + 5", "spine": 73, "undirected": false, "ell": {"2": {"diameter": 13, "conjugate_isogenous_pairs": 11, "eigenvalues": [2.791106341911828, -2.7928676993881107]}, "3": {"diameter": 9, "conjugate_isogenous_pairs": 26, "eigenvalues": [3.4404944438595235, -3.4410769827960093]}, "5": {"diameter": 7, "conjugate_isogenous_pairs": 34, "eigenvalues": [4.40371748289057, -4.433717574929888]}, "7": {"diameter": 5, "conjugate_isogenous_pairs": 34, "eigenvalues": [5.2263025164863395, -5.1984969840013955]}, "11": {"diameter": 4, "conjugate_isogenous_pairs": 14, "eigenvalues": [6.5821442279640925, -6.561148981375394]}}}