{"prime": 3259, "nodes": 272, "minpoly": "x^2 + 3248*x + 3", "spine": 18, "undirected": false, "ell": {"2": {"diameter": 11, "conjugate_isogenous_pairs": 10, "eigenvalues": [2.8139290132637576, -2.817647714866468]}, "3": {"diameter": 7, "conjugate_isogenous_pairs": 15, "eigenvalues": [3.390014732439356, -3.385523578350515]}, "5": {"diameter": 6, "conjugate_isogenous_pairs": 56, "eigenvalues": [4.375220881181261, -4.431313171663783]}, "7": {"diameter": 4, "conjugate_isogenous_pairs": 16, "eigenvalues": [5.197154689778869, -5.2736314861931675]}, "11": {"diameter": 4, "conjugate_isogenous_pairs": 51, "eigenvalues": [6.4646953111966745, -6.501037027305098]}}}