{"prime": 21341, "nodes": 1779, "minpoly": "x^2 + 21340*x + 2", "spine": 79, "undirected": false, "ell": {"2": {"diameter": 14, "conjugate_isogenous_pairs": 33, "eigenvalues": [2.8203655317089504, -2.8267717546593527]}, "3": {"diameter": 10, "conjugate_isogenous_pairs": 60, "eigenvalues": [3.4593909137755547, -3.4531537960576024]}, "5": {"diameter": 7, "conjugate_isogenous_pairs": 40, "eigenvalues": [4.451519562252599, -4.446469156495806]}, "7": {"diameter": 6, "conjugate_isogenous_pairs": 101, "eigenvalues": [5.26028900175259, -5.270066792893724]}, "11": {"diameter": 5, "conjugate_isogenous_pairs": 144, "eigenvalues": [6.6095556791689685, -6.5858886852976815]}}}