{"prime": 10889, "nodes": 908, "minpoly": "x^2 + 10884*x + 3", "spine": 62, "undirected": false, "ell": {"2": {"diameter": 13, "conjugate_isogenous_pairs": 14, "eigenvalues": [2.8153365569466797, -2.8228057998163045]}, "3": {"diameter": 9, "conjugate_isogenous_pairs": 40, "eigenvalues": [3.454555481003768, -3.4432762282022145]}, "5": {"diameter": 7, "conjugate_isogenous_pairs": 29, "eigenvalues": [4.41949517600607, -4.410033582445304]}, "7": {"diameter": 6, "conjugate_isogenous_pairs": 93, "eigenvalues": [5.26835936854977, -5.212762272045626]}, "11": {"diameter": 5, "conjugate_isogenous_pairs": 65, "eigenvalues": [6.5817102552317595, -6.464307394458668]}}}