{"prime": 8171, "nodes": 682, "minpoly": "x^2 + 8167*x + 2", "spine": 42, "undirected": false, "ell": {"2": {"diameter": 14, "conjugate_isogenous_pairs": 12, "eigenvalues": [2.807946158540541, -2.8134155988878926]}, "3": {"diameter": 9, "conjugate_isogenous_pairs": 20, "eigenvalues": [3.454549729154381, -3.437068596692428]}, "5": {"diameter": 6, "conjugate_isogenous_pairs": 57, "eigenvalues": [4.39704482556489, -4.452270806222662]}, "7": {"diameter": 5, "conjugate_isogenous_pairs": 62, "eigenvalues": [5.252432126375527, -5.278788647274096]}, "11": {"diameter": 4, "conjugate_isogenous_pairs": 44, "eigenvalues": [6.505162903373674, -6.589150004649489]}}}