{"prime": 16747, "nodes": 1396, "minpoly": "x^2 + 16746*x + 2", "spine": 38, "undirected": false, "ell": {"2": {"diameter": 14, "conjugate_isogenous_pairs": 61, "eigenvalues": [2.8194296633231946, -2.825223594285929]}, "3": {"diameter": 9, "conjugate_isogenous_pairs": 35, "eigenvalues": [3.431933773212268, -3.4399248549726913]}, "5": {"diameter": 7, "conjugate_isogenous_pairs": 91, "eigenvalues": [4.449754064710538, -4.455345148845118]}, "7": {"diameter": 6, "conjugate_isogenous_pairs": 47, "eigenvalues": [5.25459969884079, -5.225982696352887]}, "11": {"diameter": 5, "conjugate_isogenous_pairs": 99, "eigenvalues": [6.606768519796428, -6.586878437650566]}}}