{"prime": 24421, "nodes": 2035, "minpoly": "x^2 + 24419*x + 7", "spine": 39, "undirected": true, "ell": {"2": {"diameter": 15, "conjugate_isogenous_pairs": 66, "eigenvalues": [2.8179621396240138, -2.8251283304304162]}, "3": {"diameter": 10, "conjugate_isogenous_pairs": 56, "eigenvalues": [3.451967541937205, -3.4386084058418542]}, "5": {"diameter": 7, "conjugate_isogenous_pairs": 73, "eigenvalues": [4.432508856288265, -4.418974231107837]}, "7": {"diameter": 6, "conjugate_isogenous_pairs": 68, "eigenvalues": [5.266409957228359, -5.275560246329479]}, "11": {"diameter": 5, "conjugate_isogenous_pairs": 326, "eigenvalues": [6.607762774722109, -6.6089026224004845]}}}