{"prime": 3571, "nodes": 298, "minpoly": "x^2 + 3567*x + 2", "spine": 30, "undirected": false, "ell": {"2": {"diameter": 11, "conjugate_isogenous_pairs": 12, "eigenvalues": [2.7824692056010716, -2.8246435226098754]}, "3": {"diameter": 8, "conjugate_isogenous_pairs": 14, "eigenvalues": [3.3935817762161067, -3.409550464414464]}, "5": {"diameter": 5, "conjugate_isogenous_pairs": 69, "eigenvalues": [4.3579884153704125, -4.403569809387118]}, "7": {"diameter": 5, "conjugate_isogenous_pairs": 13, "eigenvalues": [5.039039630489423, -5.235895812436192]}, "11": {"diameter": 4, "conjugate_isogenous_pairs": 32, "eigenvalues": [6.329235667210855, -6.508024246403765]}}}