{"prime": 26891, "nodes": 2242, "minpoly": "x^2 + 26889*x + 6", "spine": 82, "undirected": false, "ell": {"2": {"diameter": 14, "conjugate_isogenous_pairs": 22, "eigenvalues": [2.8230323307581364, -2.8224816428526647]}, "3": {"diameter": 10, "conjugate_isogenous_pairs": 53, "eigenvalues": [3.4555106983758233, -3.447365141272899]}, "5": {"diameter": 7, "conjugate_isogenous_pairs": 124, "eigenvalues": [4.4442620157971335, -4.453296249568135]}, "7": {"diameter": 6, "conjugate_isogenous_pairs": 69, "eigenvalues": [5.257355007063996, -5.286947056648946]}, "11": {"diameter": 5, "conjugate_isogenous_pairs": 81, "eigenvalues": [6.621917823287349, -6.606407136742362]}}}