{"prime": 3299, "nodes": 276, "minpoly": "x^2 + 3293*x + 2", "spine": 54, "undirected": false, "ell": {"2": {"diameter": 12, "conjugate_isogenous_pairs": 6, "eigenvalues": [2.801774587703744, -2.8209007789160085]}, "3": {"diameter": 8, "conjugate_isogenous_pairs": 15, "eigenvalues": [3.4432636529006175, -3.319733323019188]}, "5": {"diameter": 6, "conjugate_isogenous_pairs": 34, "eigenvalues": [4.294483896636972, -4.32079194324142]}, "7": {"diameter": 5, "conjugate_isogenous_pairs": 25, "eigenvalues": [5.1657165473594535, -5.06038891750435]}, "11": {"diameter": 4, "conjugate_isogenous_pairs": 18, "eigenvalues": [6.439187590263953, -6.244632770234627]}}}