{"prime": 7207, "nodes": 601, "minpoly": "x^2 + 7206*x + 3", "spine": 29, "undirected": false, "ell": {"2": {"diameter": 13, "conjugate_isogenous_pairs": 33, "eigenvalues": [2.8046092399830096, -2.8040695392729353]}, "3": {"diameter": 8, "conjugate_isogenous_pairs": 26, "eigenvalues": [3.427143934547745, -3.4497445575428953]}, "5": {"diameter": 6, "conjugate_isogenous_pairs": 74, "eigenvalues": [4.460593633765446, -4.442624169310676]}, "7": {"diameter": 5, "conjugate_isogenous_pairs": 25, "eigenvalues": [5.237892288086904, -5.2719526664180085]}, "11": {"diameter": 4, "conjugate_isogenous_pairs": 52, "eigenvalues": [6.4772503392073535, -6.5903134469843865]}}}