{"prime": 24337, "nodes": 2028, "minpoly": "x^2 + 24332*x + 5", "spine": 30, "undirected": true, "ell": {"2": {"diameter": 15, "conjugate_isogenous_pairs": 67, "eigenvalues": [2.827082700533517, -2.81084714123632]}, "3": {"diameter": 9, "conjugate_isogenous_pairs": 63, "eigenvalues": [3.4460874313483503, -3.4625269392446176]}, "5": {"diameter": 7, "conjugate_isogenous_pairs": 58, "eigenvalues": [4.450340955306811, -4.453875161264191]}, "7": {"diameter": 6, "conjugate_isogenous_pairs": 136, "eigenvalues": [5.275259110783855, -5.241160084960574]}, "11": {"diameter": 5, "conjugate_isogenous_pairs": 168, "eigenvalues": [6.599744324651564, -6.614674077485883]}}}