{"prime": 19559, "nodes": 1631, "minpoly": "x^2 + 19557*x + 13", "spine": 143, "undirected": false, "ell": {"2": {"diameter": 14, "conjugate_isogenous_pairs": 18, "eigenvalues": [2.8105716910570377, -2.821499700612206]}, "3": {"diameter": 10, "conjugate_isogenous_pairs": 24, "eigenvalues": [3.449664933163975, -3.436531319480977]}, "5": {"diameter": 7, "conjugate_isogenous_pairs": 67, "eigenvalues": [4.453420052536518, -4.462683889981963]}, "7": {"diameter": 6, "conjugate_isogenous_pairs": 87, "eigenvalues": [5.257368315594866, -5.244384576365091]}, "11": {"diameter": 5, "conjugate_isogenous_pairs": 59, "eigenvalues": [6.599508527819582, -6.607191627178271]}}}