{"prime": 12659, "nodes": 1056, "minpoly": "x^2 + 12655*x + 2", "spine": 90, "undirected": false, "ell": {"2": {"diameter": 14, "conjugate_isogenous_pairs": 18, "eigenvalues": [2.81555135974378, -2.813316123397705]}, "3": {"diameter": 10, "conjugate_isogenous_pairs": 24, "eigenvalues": [3.434702896579269, -3.438046633927651]}, "5": {"diameter": 7, "conjugate_isogenous_pairs": 52, "eigenvalues": [4.406333825098066, -4.470072421556795]}, "7": {"diameter": 6, "conjugate_isogenous_pairs": 56, "eigenvalues": [5.239483698167232, -5.222761472533007]}, "11": {"diameter": 5, "conjugate_isogenous_pairs": 59, "eigenvalues": [6.612014178163714, -6.531398714908853]}}}