{"prime": 14549, "nodes": 1213, "minpoly": "x^2 + 14536*x + 2", "spine": 79, "undirected": false, "ell": {"2": {"diameter": 15, "conjugate_isogenous_pairs": 16, "eigenvalues": [2.8152024779268494, -2.825705601985635]}, "3": {"diameter": 10, "conjugate_isogenous_pairs": 47, "eigenvalues": [3.4559748358728846, -3.45281375349032]}, "5": {"diameter": 7, "conjugate_isogenous_pairs": 40, "eigenvalues": [4.386502472222059, -4.466592410863]}, "7": {"diameter": 6, "conjugate_isogenous_pairs": 94, "eigenvalues": [5.262162306989439, -5.243187989393851]}, "11": {"diameter": 5, "conjugate_isogenous_pairs": 157, "eigenvalues": [6.522531058343483, -6.547874764429924]}}}