{"prime": 27803, "nodes": 2318, "minpoly": "x^2 + 27802*x + 2", "spine": 134, "undirected": false, "ell": {"2": {"diameter": 16, "conjugate_isogenous_pairs": 46, "eigenvalues": [2.824479914434955, -2.8240252006863753]}, "3": {"diameter": 10, "conjugate_isogenous_pairs": 67, "eigenvalues": [3.460996316643515, -3.4554351116353295]}, "5": {"diameter": 7, "conjugate_isogenous_pairs": 73, "eigenvalues": [4.465928801436345, -4.455191113574222]}, "7": {"diameter": 6, "conjugate_isogenous_pairs": 97, "eigenvalues": [5.284767175290804, -5.254705435267465]}, "11": {"diameter": 5, "conjugate_isogenous_pairs": 45, "eigenvalues": [6.563957802777616, -6.629043974818179]}}}