{"prime": 487, "nodes": 41, "minpoly": "x^2 + 485*x + 3", "spine": 7, "undirected": false, "ell": {"2": {"diameter": 8, "conjugate_isogenous_pairs": 7, "eigenvalues": [2.7511000451104386, -2.7073689223371753]}, "3": {"diameter": 5, "conjugate_isogenous_pairs": 5, "eigenvalues": [3.3027756377319952, -3.441852309469909]}, "5": {"diameter": 4, "conjugate_isogenous_pairs": 14, "eigenvalues": [4.173909318427193, -4.2852254394992375]}, "7": {"diameter": 3, "conjugate_isogenous_pairs": 9, "eigenvalues": [5.170541630132083, -4.5178998677655064]}, "11": {"diameter": 3, "conjugate_isogenous_pairs": 10, "eigenvalues": [5.731687514716779, -6.065868855659849]}}}