{"prime": 9403, "nodes": 784, "minpoly": "x^2 + 9396*x + 3", "spine": 22, "undirected": false, "ell": {"2": {"diameter": 13, "conjugate_isogenous_pairs": 38, "eigenvalues": [2.8124153823843643, -2.826757942618975]}, "3": {"diameter": 9, "conjugate_isogenous_pairs": 42, "eigenvalues": [3.4306851304401316, -3.433329135979017]}, "5": {"diameter": 7, "conjugate_isogenous_pairs": 84, "eigenvalues": [4.440766225410897, -4.452951436530622]}, "7": {"diameter": 5, "conjugate_isogenous_pairs": 29, "eigenvalues": [5.241948717291894, -5.258293912500591]}, "11": {"diameter": 4, "conjugate_isogenous_pairs": 48, "eigenvalues": [6.59335461809098, -6.552529952736758]}}}