{"prime": 16063, "nodes": 1339, "minpoly": "x^2 + 16062*x + 5", "spine": 49, "undirected": false, "ell": {"2": {"diameter": 14, "conjugate_isogenous_pairs": 71, "eigenvalues": [2.8214771832702676, -2.8278077933349417]}, "3": {"diameter": 9, "conjugate_isogenous_pairs": 26, "eigenvalues": [3.4452940487145436, -3.4536908479112585]}, "5": {"diameter": 7, "conjugate_isogenous_pairs": 82, "eigenvalues": [4.460089179572986, -4.421046839742948]}, "7": {"diameter": 5, "conjugate_isogenous_pairs": 47, "eigenvalues": [5.28250255208178, -5.146922970198271]}, "11": {"diameter": 5, "conjugate_isogenous_pairs": 95, "eigenvalues": [6.594231358890794, -6.6235239830081065]}}}