{"prime": 14759, "nodes": 1231, "minpoly": "x^2 + 14757*x + 17", "spine": 181, "undirected": false, "ell": {"2": {"diameter": 14, "conjugate_isogenous_pairs": 13, "eigenvalues": [2.816480607789155, -2.822614505177432]}, "3": {"diameter": 10, "conjugate_isogenous_pairs": 23, "eigenvalues": [3.4582141917790254, -3.4506236599816824]}, "5": {"diameter": 7, "conjugate_isogenous_pairs": 43, "eigenvalues": [4.461399090010869, -4.435368640584096]}, "7": {"diameter": 6, "conjugate_isogenous_pairs": 54, "eigenvalues": [5.270281553945383, -5.226608247677851]}, "11": {"diameter": 5, "conjugate_isogenous_pairs": 69, "eigenvalues": [6.517957664750419, -6.46656730664131]}}}