{"prime": 24407, "nodes": 2035, "minpoly": "x^2 + 24405*x + 5", "spine": 97, "undirected": false, "ell": {"2": {"diameter": 15, "conjugate_isogenous_pairs": 43, "eigenvalues": [2.8250056912418002, -2.8211133801471426]}, "3": {"diameter": 10, "conjugate_isogenous_pairs": 38, "eigenvalues": [3.437562679753563, -3.4167676851259823]}, "5": {"diameter": 7, "conjugate_isogenous_pairs": 48, "eigenvalues": [4.463804719684214, -4.470688948864261]}, "7": {"diameter": 6, "conjugate_isogenous_pairs": 135, "eigenvalues": [5.247268692776517, -5.2861569593541]}, "11": {"diameter": 5, "conjugate_isogenous_pairs": 74, "eigenvalues": [6.611068442418907, -6.622155731305903]}}}