{"prime": 26687, "nodes": 2225, "minpoly": "x^2 + 26685*x + 5", "spine": 137, "undirected": false, "ell": {"2": {"diameter": 16, "conjugate_isogenous_pairs": 50, "eigenvalues": [2.816037607514735, -2.8240850291486645]}, "3": {"diameter": 11, "conjugate_isogenous_pairs": 40, "eigenvalues": [3.449599601123207, -3.4502912059262747]}, "5": {"diameter": 7, "conjugate_isogenous_pairs": 48, "eigenvalues": [4.4593697750889465, -4.442593029061063]}, "7": {"diameter": 6, "conjugate_isogenous_pairs": 158, "eigenvalues": [5.232966832765633, -5.252098210457151]}, "11": {"diameter": 5, "conjugate_isogenous_pairs": 56, "eigenvalues": [6.617508507738591, -6.5637884138261]}}}