{"prime": 28097, "nodes": 2342, "minpoly": "x^2 + 28091*x + 3", "spine": 98, "undirected": false, "ell": {"2": {"diameter": 15, "conjugate_isogenous_pairs": 42, "eigenvalues": [2.8224224841254686, -2.823834545761009]}, "3": {"diameter": 10, "conjugate_isogenous_pairs": 64, "eigenvalues": [3.4521785743066573, -3.4604396727738695]}, "5": {"diameter": 7, "conjugate_isogenous_pairs": 32, "eigenvalues": [4.461427319715765, -4.463345904263452]}, "7": {"diameter": 6, "conjugate_isogenous_pairs": 267, "eigenvalues": [5.281575069489016, -5.24268572848692]}, "11": {"diameter": 5, "conjugate_isogenous_pairs": 63, "eigenvalues": [6.593107475864291, -6.617340720624318]}}}