{"prime": 18583, "nodes": 1549, "minpoly": "x^2 + 18581*x + 3", "spine": 61, "undirected": false, "ell": {"2": {"diameter": 15, "conjugate_isogenous_pairs": 84, "eigenvalues": [2.8232402976892823, -2.8198132237672593]}, "3": {"diameter": 9, "conjugate_isogenous_pairs": 36, "eigenvalues": [3.4387707594267782, -3.4624840549214064]}, "5": {"diameter": 7, "conjugate_isogenous_pairs": 67, "eigenvalues": [4.455293034139355, -4.434126191008928]}, "7": {"diameter": 6, "conjugate_isogenous_pairs": 49, "eigenvalues": [5.225507416125375, -5.270181600325675]}, "11": {"diameter": 5, "conjugate_isogenous_pairs": 92, "eigenvalues": [6.547776558534803, -6.574199069946375]}}}