{"prime": 10193, "nodes": 850, "minpoly": "x^2 + 10192*x + 3", "spine": 34, "undirected": false, "ell": {"2": {"diameter": 13, "conjugate_isogenous_pairs": 17, "eigenvalues": [2.8019949028250704, -2.8138526470452256]}, "3": {"diameter": 9, "conjugate_isogenous_pairs": 66, "eigenvalues": [3.460111248853558, -3.446568799431978]}, "5": {"diameter": 6, "conjugate_isogenous_pairs": 26, "eigenvalues": [4.4152172052363134, -4.456782473038779]}, "7": {"diameter": 5, "conjugate_isogenous_pairs": 118, "eigenvalues": [5.237470709711304, -5.272006954340933]}, "11": {"diameter": 5, "conjugate_isogenous_pairs": 40, "eigenvalues": [6.546250667537673, -6.485790065349179]}}}