{"prime": 6949, "nodes": 579, "minpoly": "x^2 + 6948*x + 2", "spine": 35, "undirected": true, "ell": {"2": {"diameter": 13, "conjugate_isogenous_pairs": 24, "eigenvalues": [2.822689715896463, -2.818465161815752]}, "3": {"diameter": 8, "conjugate_isogenous_pairs": 27, "eigenvalues": [3.432293114219227, -3.455544684862125]}, "5": {"diameter": 6, "conjugate_isogenous_pairs": 38, "eigenvalues": [4.379464349699935, -4.427665710816574]}, "7": {"diameter": 5, "conjugate_isogenous_pairs": 27, "eigenvalues": [5.214054050553413, -5.2666697850577595]}, "11": {"diameter": 4, "conjugate_isogenous_pairs": 167, "eigenvalues": [6.46474984547727, -6.50035323987959]}}}