{"prime": 19139, "nodes": 1596, "minpoly": "x^2 + 19135*x + 2", "spine": 114, "undirected": false, "ell": {"2": {"diameter": 15, "conjugate_isogenous_pairs": 13, "eigenvalues": [2.8236335853517165, -2.823721893576167]}, "3": {"diameter": 10, "conjugate_isogenous_pairs": 43, "eigenvalues": [3.4460769535929994, -3.441937195641009]}, "5": {"diameter": 7, "conjugate_isogenous_pairs": 95, "eigenvalues": [4.440114997615254, -4.457672157581825]}, "7": {"diameter": 6, "conjugate_isogenous_pairs": 71, "eigenvalues": [5.259807657396217, -5.226212193038261]}, "11": {"diameter": 5, "conjugate_isogenous_pairs": 48, "eigenvalues": [6.577173753936443, -6.538675951566555]}}}