{"prime": 29599, "nodes": 2467, "minpoly": "x^2 + 29595*x + 13", "spine": 105, "undirected": false, "ell": {"2": {"diameter": 15, "conjugate_isogenous_pairs": 70, "eigenvalues": [2.823091517285803, -2.820628792348228]}, "3": {"diameter": 10, "conjugate_isogenous_pairs": 32, "eigenvalues": [3.4530496598797957, -3.457877266101658]}, "5": {"diameter": 7, "conjugate_isogenous_pairs": 84, "eigenvalues": [4.465221740947399, -4.4585657485729016]}, "7": {"diameter": 6, "conjugate_isogenous_pairs": 45, "eigenvalues": [5.274446206584267, -5.272386907998122]}, "11": {"diameter": 5, "conjugate_isogenous_pairs": 186, "eigenvalues": [6.59411930078166, -6.6105900103881385]}}}