{"prime": 17299, "nodes": 1442, "minpoly": "x^2 + 17295*x + 2", "spine": 38, "undirected": false, "ell": {"2": {"diameter": 14, "conjugate_isogenous_pairs": 28, "eigenvalues": [2.8181121998327554, -2.824567213819578]}, "3": {"diameter": 9, "conjugate_isogenous_pairs": 50, "eigenvalues": [3.4255592323657953, -3.4504151464021486]}, "5": {"diameter": 7, "conjugate_isogenous_pairs": 159, "eigenvalues": [4.427141546700822, -4.4376118708409855]}, "7": {"diameter": 6, "conjugate_isogenous_pairs": 26, "eigenvalues": [5.288829363666754, -5.255684105629696]}, "11": {"diameter": 5, "conjugate_isogenous_pairs": 106, "eigenvalues": [6.623708231118132, -6.59859339792292]}}}