{"prime": 27673, "nodes": 2306, "minpoly": "x^2 + 27671*x + 11", "spine": 34, "undirected": true, "ell": {"2": {"diameter": 14, "conjugate_isogenous_pairs": 43, "eigenvalues": [2.8235736747711444, -2.8218175472039695]}, "3": {"diameter": 10, "conjugate_isogenous_pairs": 105, "eigenvalues": [3.4591327354260026, -3.458255269407031]}, "5": {"diameter": 7, "conjugate_isogenous_pairs": 112, "eigenvalues": [4.447407065811784, -4.447024804303717]}, "7": {"diameter": 6, "conjugate_isogenous_pairs": 135, "eigenvalues": [5.266637642462054, -5.267921083272797]}, "11": {"diameter": 5, "conjugate_isogenous_pairs": 123, "eigenvalues": [6.58654651342699, -6.621929442162828]}}}