{"prime": 25457, "nodes": 2122, "minpoly": "x^2 + 25445*x + 3", "spine": 88, "undirected": false, "ell": {"2": {"diameter": 15, "conjugate_isogenous_pairs": 49, "eigenvalues": [2.8187260285821205, -2.8141279402796853]}, "3": {"diameter": 10, "conjugate_isogenous_pairs": 64, "eigenvalues": [3.462342912906659, -3.4500420111542205]}, "5": {"diameter": 7, "conjugate_isogenous_pairs": 29, "eigenvalues": [4.449807958969845, -4.435051128407212]}, "7": {"diameter": 6, "conjugate_isogenous_pairs": 229, "eigenvalues": [5.242439106038526, -5.26643844664281]}, "11": {"diameter": 5, "conjugate_isogenous_pairs": 56, "eigenvalues": [6.6051301094695924, -6.599362252343911]}}}