{"prime": 7691, "nodes": 642, "minpoly": "x^2 + 7687*x + 2", "spine": 86, "undirected": false, "ell": {"2": {"diameter": 14, "conjugate_isogenous_pairs": 10, "eigenvalues": [2.814925849324544, -2.8099927926886985]}, "3": {"diameter": 9, "conjugate_isogenous_pairs": 13, "eigenvalues": [3.4413340756037845, -3.4572311276850325]}, "5": {"diameter": 6, "conjugate_isogenous_pairs": 52, "eigenvalues": [4.326630454651868, -4.362489105152938]}, "7": {"diameter": 5, "conjugate_isogenous_pairs": 53, "eigenvalues": [5.172204821141352, -5.178124931837114]}, "11": {"diameter": 5, "conjugate_isogenous_pairs": 55, "eigenvalues": [6.597238753599589, -6.513219448281632]}}}