{"prime": 24151, "nodes": 2013, "minpoly": "x^2 + 24149*x + 6", "spine": 105, "undirected": false, "ell": {"2": {"diameter": 15, "conjugate_isogenous_pairs": 26, "eigenvalues": [2.8205049341339126, -2.823210147080994]}, "3": {"diameter": 10, "conjugate_isogenous_pairs": 45, "eigenvalues": [3.4492673396941593, -3.4492444296745948]}, "5": {"diameter": 7, "conjugate_isogenous_pairs": 138, "eigenvalues": [4.454443422874519, -4.46443920739139]}, "7": {"diameter": 6, "conjugate_isogenous_pairs": 39, "eigenvalues": [5.27068452106907, -5.209332961265436]}, "11": {"diameter": 5, "conjugate_isogenous_pairs": 144, "eigenvalues": [6.626987326179514, -6.541100571258914]}}}