{"prime": 16607, "nodes": 1385, "minpoly": "x^2 + 16605*x + 5", "spine": 119, "undirected": false, "ell": {"2": {"diameter": 14, "conjugate_isogenous_pairs": 38, "eigenvalues": [2.81164473875648, -2.820056857835801]}, "3": {"diameter": 10, "conjugate_isogenous_pairs": 29, "eigenvalues": [3.453698355421107, -3.4463154825570226]}, "5": {"diameter": 7, "conjugate_isogenous_pairs": 43, "eigenvalues": [4.445262065195085, -4.467324459462936]}, "7": {"diameter": 6, "conjugate_isogenous_pairs": 70, "eigenvalues": [5.23846873393483, -5.264694502326378]}, "11": {"diameter": 5, "conjugate_isogenous_pairs": 44, "eigenvalues": [6.606937142845419, -6.5711624457733535]}}}