{"prime": 1873, "nodes": 156, "minpoly": "x^2 + 1870*x + 10", "spine": 6, "undirected": true, "ell": {"2": {"diameter": 10, "conjugate_isogenous_pairs": 18, "eigenvalues": [2.7778046382910255, -2.7964548231039763]}, "3": {"diameter": 7, "conjugate_isogenous_pairs": 26, "eigenvalues": [3.4598378863258237, -3.323634670441508]}, "5": {"diameter": 5, "conjugate_isogenous_pairs": 22, "eigenvalues": [4.272641296207392, -4.403129777386252]}, "7": {"diameter": 4, "conjugate_isogenous_pairs": 31, "eigenvalues": [4.996964684516955, -5.268465325020258]}, "11": {"diameter": 3, "conjugate_isogenous_pairs": 25, "eigenvalues": [6.375301629571411, -6.5703984291603215]}}}