{"prime": 20879, "nodes": 1741, "minpoly": "x^2 + 20877*x + 11", "spine": 183, "undirected": false, "ell": {"2": {"diameter": 15, "conjugate_isogenous_pairs": 22, "eigenvalues": [2.821558836040871, -2.8135708161003548]}, "3": {"diameter": 10, "conjugate_isogenous_pairs": 30, "eigenvalues": [3.4485518452522106, -3.4483955632049366]}, "5": {"diameter": 7, "conjugate_isogenous_pairs": 37, "eigenvalues": [4.465029459272327, -4.455115765515284]}, "7": {"diameter": 6, "conjugate_isogenous_pairs": 85, "eigenvalues": [5.228580892292589, -5.266610135828707]}, "11": {"diameter": 5, "conjugate_isogenous_pairs": 69, "eigenvalues": [6.5379555717097615, -6.56770079537078]}}}