{"prime": 28843, "nodes": 2404, "minpoly": "x^2 + 28842*x + 2", "spine": 46, "undirected": false, "ell": {"2": {"diameter": 16, "conjugate_isogenous_pairs": 87, "eigenvalues": [2.827410484467572, -2.8223733634306196]}, "3": {"diameter": 9, "conjugate_isogenous_pairs": 49, "eigenvalues": [3.446365242364869, -3.449128538161385]}, "5": {"diameter": 7, "conjugate_isogenous_pairs": 133, "eigenvalues": [4.4300966388544145, -4.4571648653950975]}, "7": {"diameter": 6, "conjugate_isogenous_pairs": 71, "eigenvalues": [5.278360199834497, -5.274721748886455]}, "11": {"diameter": 5, "conjugate_isogenous_pairs": 127, "eigenvalues": [6.623768759120586, -6.572224993840524]}}}