{"prime": 21559, "nodes": 1797, "minpoly": "x^2 + 21554*x + 15", "spine": 99, "undirected": false, "ell": {"2": {"diameter": 14, "conjugate_isogenous_pairs": 43, "eigenvalues": [2.8141973611408932, -2.825784790819328]}, "3": {"diameter": 10, "conjugate_isogenous_pairs": 33, "eigenvalues": [3.450353825334027, -3.450524190610264]}, "5": {"diameter": 7, "conjugate_isogenous_pairs": 112, "eigenvalues": [4.448762119573198, -4.430790187555442]}, "7": {"diameter": 6, "conjugate_isogenous_pairs": 42, "eigenvalues": [5.225135090530241, -5.208138207268972]}, "11": {"diameter": 5, "conjugate_isogenous_pairs": 202, "eigenvalues": [6.5703769332127, -6.589854327001432]}}}