{"prime": 16811, "nodes": 1402, "minpoly": "x^2 + 16810*x + 7", "spine": 94, "undirected": false, "ell": {"2": {"diameter": 14, "conjugate_isogenous_pairs": 17, "eigenvalues": [2.81215910399723, -2.8274089798066053]}, "3": {"diameter": 10, "conjugate_isogenous_pairs": 24, "eigenvalues": [3.46053976757894, -3.451601679258345]}, "5": {"diameter": 7, "conjugate_isogenous_pairs": 84, "eigenvalues": [4.415911852840442, -4.467510851355274]}, "7": {"diameter": 6, "conjugate_isogenous_pairs": 73, "eigenvalues": [5.20237373188148, -5.23475377593103]}, "11": {"diameter": 5, "conjugate_isogenous_pairs": 48, "eigenvalues": [6.558611360924693, -6.586726186589878]}}}