{"prime": 2347, "nodes": 196, "minpoly": "x^2 + 2342*x + 3", "spine": 10, "undirected": false, "ell": {"2": {"diameter": 10, "conjugate_isogenous_pairs": 21, "eigenvalues": [2.7977584267642035, -2.8153307153894804]}, "3": {"diameter": 6, "conjugate_isogenous_pairs": 12, "eigenvalues": [3.3256418187835237, -3.4169001016624048]}, "5": {"diameter": 5, "conjugate_isogenous_pairs": 50, "eigenvalues": [4.385235668520333, -4.343911170570401]}, "7": {"diameter": 4, "conjugate_isogenous_pairs": 23, "eigenvalues": [5.105132273308761, -4.9058322271790695]}, "11": {"diameter": 4, "conjugate_isogenous_pairs": 31, "eigenvalues": [6.494441523129625, -6.366074482212375]}}}