{"prime": 9043, "nodes": 754, "minpoly": "x^2 + 9038*x + 3", "spine": 30, "undirected": false, "ell": {"2": {"diameter": 13, "conjugate_isogenous_pairs": 56, "eigenvalues": [2.8225488947446764, -2.8123010689659234]}, "3": {"diameter": 9, "conjugate_isogenous_pairs": 19, "eigenvalues": [3.421825422936981, -3.445602994943103]}, "5": {"diameter": 6, "conjugate_isogenous_pairs": 97, "eigenvalues": [4.451056644988079, -4.3887817280616765]}, "7": {"diameter": 5, "conjugate_isogenous_pairs": 43, "eigenvalues": [5.2658167342706035, -5.247549230715987]}, "11": {"diameter": 4, "conjugate_isogenous_pairs": 61, "eigenvalues": [6.531256689159664, -6.538688009138767]}}}