{"prime": 4657, "nodes": 388, "minpoly": "x^2 + 4652*x + 15", "spine": 12, "undirected": true, "ell": {"2": {"diameter": 11, "conjugate_isogenous_pairs": 27, "eigenvalues": [2.812251011222404, -2.798160804320197]}, "3": {"diameter": 8, "conjugate_isogenous_pairs": 34, "eigenvalues": [3.4124028920802822, -3.385879128901564]}, "5": {"diameter": 6, "conjugate_isogenous_pairs": 32, "eigenvalues": [4.406430257746851, -4.4378586488713685]}, "7": {"diameter": 5, "conjugate_isogenous_pairs": 47, "eigenvalues": [5.185327283029213, -5.137619791253331]}, "11": {"diameter": 4, "conjugate_isogenous_pairs": 48, "eigenvalues": [6.396427839951618, -6.5318686065246565]}}}