{"prime": 23369, "nodes": 1948, "minpoly": "x^2 + 23364*x + 3", "spine": 98, "undirected": false, "ell": {"2": {"diameter": 16, "conjugate_isogenous_pairs": 23, "eigenvalues": [2.8246742424435647, -2.815859111595739]}, "3": {"diameter": 10, "conjugate_isogenous_pairs": 29, "eigenvalues": [3.447970039331471, -3.4634021822706984]}, "5": {"diameter": 7, "conjugate_isogenous_pairs": 41, "eigenvalues": [4.434732948792606, -4.462748029284934]}, "7": {"diameter": 6, "conjugate_isogenous_pairs": 214, "eigenvalues": [5.202580899932122, -5.24805992714149]}, "11": {"diameter": 5, "conjugate_isogenous_pairs": 133, "eigenvalues": [6.6203426091266575, -6.619729395131938]}}}