{"prime": 4787, "nodes": 400, "minpoly": "x^2 + 4783*x + 2", "spine": 50, "undirected": false, "ell": {"2": {"diameter": 12, "conjugate_isogenous_pairs": 12, "eigenvalues": [2.8222443469298475, -2.8264691850354224]}, "3": {"diameter": 8, "conjugate_isogenous_pairs": 21, "eigenvalues": [3.427099079887315, -3.449874613531772]}, "5": {"diameter": 6, "conjugate_isogenous_pairs": 36, "eigenvalues": [4.413419836681893, -4.417762342345756]}, "7": {"diameter": 5, "conjugate_isogenous_pairs": 52, "eigenvalues": [5.245425132926044, -5.198247182430851]}, "11": {"diameter": 4, "conjugate_isogenous_pairs": 25, "eigenvalues": [6.2878114014411075, -6.4302173655239425]}}}