{"prime": 19037, "nodes": 1587, "minpoly": "x^2 + 19033*x + 2", "spine": 51, "undirected": false, "ell": {"2": {"diameter": 14, "conjugate_isogenous_pairs": 20, "eigenvalues": [2.821042295461033, -2.82348589606407]}, "3": {"diameter": 10, "conjugate_isogenous_pairs": 101, "eigenvalues": [3.4617941563138683, -3.457113793633826]}, "5": {"diameter": 7, "conjugate_isogenous_pairs": 65, "eigenvalues": [4.467305198031975, -4.438344417142805]}, "7": {"diameter": 6, "conjugate_isogenous_pairs": 166, "eigenvalues": [5.202655967964665, -5.273825395515375]}, "11": {"diameter": 5, "conjugate_isogenous_pairs": 92, "eigenvalues": [6.573894294713335, -6.557343807057536]}}}