{"prime": 16183, "nodes": 1349, "minpoly": "x^2 + 16181*x + 3", "spine": 67, "undirected": false, "ell": {"2": {"diameter": 14, "conjugate_isogenous_pairs": 66, "eigenvalues": [2.8231441984285643, -2.8181394875960115]}, "3": {"diameter": 9, "conjugate_isogenous_pairs": 39, "eigenvalues": [3.446137366037656, -3.4544844925823086]}, "5": {"diameter": 7, "conjugate_isogenous_pairs": 84, "eigenvalues": [4.421066961393706, -4.457519828923358]}, "7": {"diameter": 6, "conjugate_isogenous_pairs": 44, "eigenvalues": [5.271956974955616, -5.259641274427658]}, "11": {"diameter": 5, "conjugate_isogenous_pairs": 92, "eigenvalues": [6.566478456030963, -6.52622558539171]}}}