{"prime": 18803, "nodes": 1568, "minpoly": "x^2 + 18802*x + 5", "spine": 62, "undirected": false, "ell": {"2": {"diameter": 15, "conjugate_isogenous_pairs": 28, "eigenvalues": [2.816140054776358, -2.8160223104586892]}, "3": {"diameter": 10, "conjugate_isogenous_pairs": 35, "eigenvalues": [3.457282737273067, -3.4564378386372634]}, "5": {"diameter": 7, "conjugate_isogenous_pairs": 84, "eigenvalues": [4.462796160537068, -4.452517424569216]}, "7": {"diameter": 6, "conjugate_isogenous_pairs": 116, "eigenvalues": [5.256064941398957, -5.259100442338879]}, "11": {"diameter": 5, "conjugate_isogenous_pairs": 43, "eigenvalues": [6.58874694758852, -6.58780153571898]}}}