{"prime": 27581, "nodes": 2299, "minpoly": "x^2 + 27577*x + 2", "spine": 75, "undirected": false, "ell": {"2": {"diameter": 15, "conjugate_isogenous_pairs": 22, "eigenvalues": [2.8230078527850684, -2.824259892400506]}, "3": {"diameter": 10, "conjugate_isogenous_pairs": 76, "eigenvalues": [3.4473405813986653, -3.4585963442824563]}, "5": {"diameter": 7, "conjugate_isogenous_pairs": 54, "eigenvalues": [4.44836764449906, -4.442656076824966]}, "7": {"diameter": 6, "conjugate_isogenous_pairs": 162, "eigenvalues": [5.235133009721566, -5.268829103605719]}, "11": {"diameter": 5, "conjugate_isogenous_pairs": 178, "eigenvalues": [6.596033373724472, -6.6202074894088]}}}