{"prime": 16729, "nodes": 1394, "minpoly": "x^2 + 16726*x + 13", "spine": 42, "undirected": true, "ell": {"2": {"diameter": 14, "conjugate_isogenous_pairs": 53, "eigenvalues": [2.824273605817864, -2.8203647878256692]}, "3": {"diameter": 9, "conjugate_isogenous_pairs": 28, "eigenvalues": [3.4599085556769777, -3.4379791668563757]}, "5": {"diameter": 6, "conjugate_isogenous_pairs": 60, "eigenvalues": [4.442836462662248, -4.442041389837366]}, "7": {"diameter": 5, "conjugate_isogenous_pairs": 65, "eigenvalues": [5.263093058839308, -5.2614886132601635]}, "11": {"diameter": 5, "conjugate_isogenous_pairs": 158, "eigenvalues": [6.612799326826179, -6.544906630483591]}}}