{"prime": 14969, "nodes": 1248, "minpoly": "x^2 + 14964*x + 3", "spine": 90, "undirected": false, "ell": {"2": {"diameter": 14, "conjugate_isogenous_pairs": 29, "eigenvalues": [2.8109706023653356, -2.8168657460384545]}, "3": {"diameter": 10, "conjugate_isogenous_pairs": 29, "eigenvalues": [3.433188048466235, -3.4524432380243404]}, "5": {"diameter": 7, "conjugate_isogenous_pairs": 26, "eigenvalues": [4.406468946375928, -4.415225392573065]}, "7": {"diameter": 6, "conjugate_isogenous_pairs": 125, "eigenvalues": [5.276098585324631, -5.207627264029893]}, "11": {"diameter": 5, "conjugate_isogenous_pairs": 64, "eigenvalues": [6.574510758510416, -6.622843045794517]}}}