{"prime": 25673, "nodes": 2140, "minpoly": "x^2 + 25672*x + 3", "spine": 50, "undirected": false, "ell": {"2": {"diameter": 15, "conjugate_isogenous_pairs": 30, "eigenvalues": [2.8193300044707605, -2.8252697148008306]}, "3": {"diameter": 10, "conjugate_isogenous_pairs": 106, "eigenvalues": [3.440364205068271, -3.4440391829275363]}, "5": {"diameter": 7, "conjugate_isogenous_pairs": 53, "eigenvalues": [4.465125622742146, -4.467131213717379]}, "7": {"diameter": 6, "conjugate_isogenous_pairs": 206, "eigenvalues": [5.256020377728567, -5.276621084207768]}, "11": {"diameter": 5, "conjugate_isogenous_pairs": 66, "eigenvalues": [6.549566724402265, -6.611486697001018]}}}