{"prime": 20393, "nodes": 1700, "minpoly": "x^2 + 20392*x + 3", "spine": 56, "undirected": false, "ell": {"2": {"diameter": 15, "conjugate_isogenous_pairs": 21, "eigenvalues": [2.825493439259269, -2.816211806629404]}, "3": {"diameter": 10, "conjugate_isogenous_pairs": 98, "eigenvalues": [3.4613906362570726, -3.403748566646716]}, "5": {"diameter": 7, "conjugate_isogenous_pairs": 52, "eigenvalues": [4.467323208821549, -4.4514476268214755]}, "7": {"diameter": 6, "conjugate_isogenous_pairs": 183, "eigenvalues": [5.274534495693476, -5.265875219434003]}, "11": {"diameter": 5, "conjugate_isogenous_pairs": 41, "eigenvalues": [6.620773449984421, -6.606891150298207]}}}