{"prime": 24551, "nodes": 2047, "minpoly": "x^2 + 24550*x + 7", "spine": 169, "undirected": false, "ell": {"2": {"diameter": 15, "conjugate_isogenous_pairs": 22, "eigenvalues": [2.827917132795823, -2.824300355720085]}, "3": {"diameter": 10, "conjugate_isogenous_pairs": 39, "eigenvalues": [3.4546999776891334, -3.4539593491451406]}, "5": {"diameter": 7, "conjugate_isogenous_pairs": 86, "eigenvalues": [4.422927565785244, -4.468547923811328]}, "7": {"diameter": 6, "conjugate_isogenous_pairs": 79, "eigenvalues": [5.211112173487303, -5.274492431778613]}, "11": {"diameter": 5, "conjugate_isogenous_pairs": 74, "eigenvalues": [6.542622488896233, -6.608424606098463]}}}