{"prime": 19447, "nodes": 1621, "minpoly": "x^2 + 19446*x + 3", "spine": 53, "undirected": false, "ell": {"2": {"diameter": 14, "conjugate_isogenous_pairs": 39, "eigenvalues": [2.824780468419722, -2.817351958545028]}, "3": {"diameter": 10, "conjugate_isogenous_pairs": 58, "eigenvalues": [3.4597278148593738, -3.4355254007815605]}, "5": {"diameter": 7, "conjugate_isogenous_pairs": 114, "eigenvalues": [4.438249803536298, -4.464176262829084]}, "7": {"diameter": 6, "conjugate_isogenous_pairs": 46, "eigenvalues": [5.172413067426878, -5.231982713408597]}, "11": {"diameter": 5, "conjugate_isogenous_pairs": 87, "eigenvalues": [6.602940051861758, -6.534176396357607]}}}