{"prime": 12479, "nodes": 1041, "minpoly": "x^2 + 12466*x + 23", "spine": 159, "undirected": false, "ell": {"2": {"diameter": 15, "conjugate_isogenous_pairs": 14, "eigenvalues": [2.8275022374842957, -2.8226291694824215]}, "3": {"diameter": 10, "conjugate_isogenous_pairs": 16, "eigenvalues": [3.4615462687221026, -3.421754205630427]}, "5": {"diameter": 7, "conjugate_isogenous_pairs": 28, "eigenvalues": [4.445845264898863, -4.402263540768103]}, "7": {"diameter": 6, "conjugate_isogenous_pairs": 66, "eigenvalues": [5.201968858888463, -5.28249513973411]}, "11": {"diameter": 5, "conjugate_isogenous_pairs": 53, "eigenvalues": [6.5664127232105995, -6.56482882113731]}}}