{"prime": 11003, "nodes": 918, "minpoly": "x^2 + 11002*x + 2", "spine": 54, "undirected": false, "ell": {"2": {"diameter": 14, "conjugate_isogenous_pairs": 32, "eigenvalues": [2.809053469554813, -2.825914746055986]}, "3": {"diameter": 10, "conjugate_isogenous_pairs": 24, "eigenvalues": [3.4589882580174725, -3.4316396549702146]}, "5": {"diameter": 7, "conjugate_isogenous_pairs": 49, "eigenvalues": [4.40368412847756, -4.421496708694998]}, "7": {"diameter": 6, "conjugate_isogenous_pairs": 98, "eigenvalues": [5.255442366572818, -5.169087752622374]}, "11": {"diameter": 5, "conjugate_isogenous_pairs": 42, "eigenvalues": [6.583813278475856, -6.572556198142241]}}}