{"prime": 8219, "nodes": 686, "minpoly": "x^2 + 8213*x + 2", "spine": 70, "undirected": false, "ell": {"2": {"diameter": 13, "conjugate_isogenous_pairs": 9, "eigenvalues": [2.821397330391221, -2.807025227019771]}, "3": {"diameter": 9, "conjugate_isogenous_pairs": 27, "eigenvalues": [3.4087404483843047, -3.4597931387981116]}, "5": {"diameter": 6, "conjugate_isogenous_pairs": 47, "eigenvalues": [4.390988438716195, -4.428152617348042]}, "7": {"diameter": 5, "conjugate_isogenous_pairs": 39, "eigenvalues": [5.27095712383963, -5.079794673531071]}, "11": {"diameter": 5, "conjugate_isogenous_pairs": 34, "eigenvalues": [6.502825728760144, -6.571990878785906]}}}