{"prime": 4759, "nodes": 397, "minpoly": "x^2 + 4753*x + 3", "spine": 55, "undirected": false, "ell": {"2": {"diameter": 12, "conjugate_isogenous_pairs": 19, "eigenvalues": [2.79474791840859, -2.7931326104397525]}, "3": {"diameter": 8, "conjugate_isogenous_pairs": 15, "eigenvalues": [3.4366963493957763, -3.443227255460024]}, "5": {"diameter": 6, "conjugate_isogenous_pairs": 26, "eigenvalues": [4.462163563735225, -4.397109013772655]}, "7": {"diameter": 5, "conjugate_isogenous_pairs": 11, "eigenvalues": [5.144209296860109, -5.247930313126967]}, "11": {"diameter": 4, "conjugate_isogenous_pairs": 57, "eigenvalues": [6.364006354598174, -6.595405488555075]}}}