{"prime": 3491, "nodes": 292, "minpoly": "x^2 + 3490*x + 2", "spine": 46, "undirected": false, "ell": {"2": {"diameter": 12, "conjugate_isogenous_pairs": 7, "eigenvalues": [2.783912978817619, -2.806047316971164]}, "3": {"diameter": 8, "conjugate_isogenous_pairs": 10, "eigenvalues": [3.4373728463374373, -3.4050706136586677]}, "5": {"diameter": 6, "conjugate_isogenous_pairs": 25, "eigenvalues": [4.447082811019992, -4.437348583977444]}, "7": {"diameter": 5, "conjugate_isogenous_pairs": 34, "eigenvalues": [5.118594696961923, -5.1847047846729515]}, "11": {"diameter": 4, "conjugate_isogenous_pairs": 39, "eigenvalues": [6.42216604300704, -6.577536243034769]}}}