{"prime": 5407, "nodes": 451, "minpoly": "x^2 + 5406*x + 3", "spine": 43, "undirected": false, "ell": {"2": {"diameter": 13, "conjugate_isogenous_pairs": 31, "eigenvalues": [2.8045838383742936, -2.820640117096691]}, "3": {"diameter": 9, "conjugate_isogenous_pairs": 19, "eigenvalues": [3.432158663499829, -3.456104862297058]}, "5": {"diameter": 6, "conjugate_isogenous_pairs": 49, "eigenvalues": [4.437816048839261, -4.389128860748759]}, "7": {"diameter": 5, "conjugate_isogenous_pairs": 20, "eigenvalues": [5.195289883800744, -5.260731636847393]}, "11": {"diameter": 4, "conjugate_isogenous_pairs": 34, "eigenvalues": [6.597945019915857, -6.313753481949179]}}}