{"prime": 1951, "nodes": 163, "minpoly": "x^2 + 1949*x + 3", "spine": 33, "undirected": false, "ell": {"2": {"diameter": 11, "conjugate_isogenous_pairs": 14, "eigenvalues": [2.8132505902539844, -2.801479150824829]}, "3": {"diameter": 7, "conjugate_isogenous_pairs": 8, "eigenvalues": [3.4479504511613053, -3.417229125996745]}, "5": {"diameter": 5, "conjugate_isogenous_pairs": 15, "eigenvalues": [4.293648507131757, -4.386645189275327]}, "7": {"diameter": 4, "conjugate_isogenous_pairs": 10, "eigenvalues": [5.094660444751675, -4.964576224765619]}, "11": {"diameter": 4, "conjugate_isogenous_pairs": 33, "eigenvalues": [6.40354449418815, -6.244043749118876]}}}