{"prime": 6547, "nodes": 546, "minpoly": "x^2 + 6543*x + 2", "spine": 22, "undirected": false, "ell": {"2": {"diameter": 14, "conjugate_isogenous_pairs": 33, "eigenvalues": [2.825259978632505, -2.808408962654907]}, "3": {"diameter": 8, "conjugate_isogenous_pairs": 31, "eigenvalues": [3.4400402254578033, -3.392929129197688]}, "5": {"diameter": 6, "conjugate_isogenous_pairs": 99, "eigenvalues": [4.437342379908764, -4.415457969331953]}, "7": {"diameter": 5, "conjugate_isogenous_pairs": 27, "eigenvalues": [5.228595473519668, -5.2606052973787305]}, "11": {"diameter": 4, "conjugate_isogenous_pairs": 42, "eigenvalues": [6.526488281827163, -6.517625969517293]}}}