{"prime": 14653, "nodes": 1221, "minpoly": "x^2 + 14649*x + 2", "spine": 19, "undirected": true, "ell": {"2": {"diameter": 13, "conjugate_isogenous_pairs": 57, "eigenvalues": [2.812586980278881, -2.8171719506771797]}, "3": {"diameter": 9, "conjugate_isogenous_pairs": 74, "eigenvalues": [3.4392946567900218, -3.451498125744255]}, "5": {"diameter": 6, "conjugate_isogenous_pairs": 66, "eigenvalues": [4.467608182283085, -4.4228655391074705]}, "7": {"diameter": 5, "conjugate_isogenous_pairs": 65, "eigenvalues": [5.261543177416903, -5.265465005448428]}, "11": {"diameter": 5, "conjugate_isogenous_pairs": 150, "eigenvalues": [6.465332569593976, -6.611368046199615]}}}