{"prime": 29443, "nodes": 2454, "minpoly": "x^2 + 29439*x + 2", "spine": 50, "undirected": false, "ell": {"2": {"diameter": 15, "conjugate_isogenous_pairs": 62, "eigenvalues": [2.8238877151348003, -2.8269217188914366]}, "3": {"diameter": 10, "conjugate_isogenous_pairs": 55, "eigenvalues": [3.452435684510287, -3.4481708673244036]}, "5": {"diameter": 7, "conjugate_isogenous_pairs": 250, "eigenvalues": [4.463579297300172, -4.469706511374472]}, "7": {"diameter": 6, "conjugate_isogenous_pairs": 65, "eigenvalues": [5.249137550483054, -5.246519048846432]}, "11": {"diameter": 5, "conjugate_isogenous_pairs": 98, "eigenvalues": [6.601966923725456, -6.594315942399502]}}}