{"prime": 26641, "nodes": 2220, "minpoly": "x^2 + 26638*x + 7", "spine": 82, "undirected": true, "ell": {"2": {"diameter": 15, "conjugate_isogenous_pairs": 50, "eigenvalues": [2.8249659716630577, -2.8233039333098984]}, "3": {"diameter": 10, "conjugate_isogenous_pairs": 51, "eigenvalues": [3.4498241179183142, -3.4506209866815025]}, "5": {"diameter": 7, "conjugate_isogenous_pairs": 73, "eigenvalues": [4.426877646723418, -4.4565208646547685]}, "7": {"diameter": 6, "conjugate_isogenous_pairs": 73, "eigenvalues": [5.273252446370437, -5.254339323720001]}, "11": {"diameter": 5, "conjugate_isogenous_pairs": 161, "eigenvalues": [6.538142246803238, -6.509772197263592]}}}