{"prime": 2777, "nodes": 232, "minpoly": "x^2 + 2772*x + 3", "spine": 20, "undirected": false, "ell": {"2": {"diameter": 10, "conjugate_isogenous_pairs": 14, "eigenvalues": [2.7784168733869854, -2.7614280006209184]}, "3": {"diameter": 8, "conjugate_isogenous_pairs": 16, "eigenvalues": [3.391203701446132, -3.460233219373074]}, "5": {"diameter": 5, "conjugate_isogenous_pairs": 12, "eigenvalues": [4.394671525617008, -4.378549252261787]}, "7": {"diameter": 5, "conjugate_isogenous_pairs": 73, "eigenvalues": [5.2458974245960865, -5.113506217497262]}, "11": {"diameter": 4, "conjugate_isogenous_pairs": 26, "eigenvalues": [6.503262793431821, -6.3158200807891935]}}}