{"prime": 11113, "nodes": 926, "minpoly": "x^2 + 11112*x + 13", "spine": 14, "undirected": true, "ell": {"2": {"diameter": 13, "conjugate_isogenous_pairs": 43, "eigenvalues": [2.8251176977886465, -2.824741334846312]}, "3": {"diameter": 8, "conjugate_isogenous_pairs": 38, "eigenvalues": [3.4333236309519357, -3.4598176517648316]}, "5": {"diameter": 6, "conjugate_isogenous_pairs": 71, "eigenvalues": [4.439543719858679, -4.456260650252394]}, "7": {"diameter": 5, "conjugate_isogenous_pairs": 101, "eigenvalues": [5.252154549449564, -5.220197119140304]}, "11": {"diameter": 4, "conjugate_isogenous_pairs": 86, "eigenvalues": [6.560402849759323, -6.598556375457487]}}}