{"prime": 15649, "nodes": 1304, "minpoly": "x^2 + 15644*x + 11", "spine": 38, "undirected": true, "ell": {"2": {"diameter": 13, "conjugate_isogenous_pairs": 29, "eigenvalues": [2.7985512078702337, -2.8154309187612476]}, "3": {"diameter": 9, "conjugate_isogenous_pairs": 51, "eigenvalues": [3.4505298605728654, -3.450019997755198]}, "5": {"diameter": 7, "conjugate_isogenous_pairs": 75, "eigenvalues": [4.460422515217942, -4.453776546789236]}, "7": {"diameter": 6, "conjugate_isogenous_pairs": 55, "eigenvalues": [5.240313072640705, -5.259460283330007]}, "11": {"diameter": 5, "conjugate_isogenous_pairs": 130, "eigenvalues": [6.527587955496705, -6.592514274916732]}}}