{"prime": 17467, "nodes": 1456, "minpoly": "x^2 + 17466*x + 3", "spine": 30, "undirected": false, "ell": {"2": {"diameter": 14, "conjugate_isogenous_pairs": 54, "eigenvalues": [2.8223743331614104, -2.8235043482365354]}, "3": {"diameter": 9, "conjugate_isogenous_pairs": 57, "eigenvalues": [3.4501975946124466, -3.4395751221050745]}, "5": {"diameter": 7, "conjugate_isogenous_pairs": 163, "eigenvalues": [4.414735210700284, -4.42268303794174]}, "7": {"diameter": 6, "conjugate_isogenous_pairs": 49, "eigenvalues": [5.2314285899696324, -5.2510904488099435]}, "11": {"diameter": 5, "conjugate_isogenous_pairs": 62, "eigenvalues": [6.591786986746605, -6.60899248841325]}}}