{"prime": 3191, "nodes": 267, "minpoly": "x^2 + 3189*x + 11", "spine": 69, "undirected": false, "ell": {"2": {"diameter": 11, "conjugate_isogenous_pairs": 7, "eigenvalues": [2.8009328086925933, -2.7838367638362453]}, "3": {"diameter": 8, "conjugate_isogenous_pairs": 8, "eigenvalues": [3.4511597323199954, -3.4320905159761685]}, "5": {"diameter": 6, "conjugate_isogenous_pairs": 16, "eigenvalues": [4.411007803309929, -4.43540034450225]}, "7": {"diameter": 5, "conjugate_isogenous_pairs": 33, "eigenvalues": [5.2328110245030635, -5.251434888515345]}, "11": {"diameter": 4, "conjugate_isogenous_pairs": 27, "eigenvalues": [6.371010872152673, -6.4620014844089235]}}}