{"prime": 4703, "nodes": 393, "minpoly": "x^2 + 4702*x + 5", "spine": 75, "undirected": false, "ell": {"2": {"diameter": 12, "conjugate_isogenous_pairs": 10, "eigenvalues": [2.7883399743794994, -2.825891568310474]}, "3": {"diameter": 8, "conjugate_isogenous_pairs": 25, "eigenvalues": [3.437496850936691, -3.457532453740761]}, "5": {"diameter": 6, "conjugate_isogenous_pairs": 22, "eigenvalues": [4.412232260625785, -4.4617680241620015]}, "7": {"diameter": 5, "conjugate_isogenous_pairs": 49, "eigenvalues": [5.186147460557431, -5.2495431620469555]}, "11": {"diameter": 4, "conjugate_isogenous_pairs": 18, "eigenvalues": [6.499025532008687, -6.376354444356962]}}}