{"prime": 3257, "nodes": 272, "minpoly": "x^2 + 3252*x + 3", "spine": 18, "undirected": false, "ell": {"2": {"diameter": 11, "conjugate_isogenous_pairs": 10, "eigenvalues": [2.7992816581293516, -2.819751655907027]}, "3": {"diameter": 8, "conjugate_isogenous_pairs": 23, "eigenvalues": [3.4333918278892743, -3.4401042665198824]}, "5": {"diameter": 5, "conjugate_isogenous_pairs": 17, "eigenvalues": [4.447303511490626, -4.325213538040987]}, "7": {"diameter": 5, "conjugate_isogenous_pairs": 83, "eigenvalues": [5.188360702240568, -5.220799177602091]}, "11": {"diameter": 4, "conjugate_isogenous_pairs": 24, "eigenvalues": [6.245691559020955, -6.481135875784046]}}}