{"prime": 28663, "nodes": 2389, "minpoly": "x^2 + 28662*x + 3", "spine": 81, "undirected": false, "ell": {"2": {"diameter": 15, "conjugate_isogenous_pairs": 96, "eigenvalues": [2.825807331977612, -2.823977890089148]}, "3": {"diameter": 10, "conjugate_isogenous_pairs": 59, "eigenvalues": [3.461809456247547, -3.454233242235621]}, "5": {"diameter": 7, "conjugate_isogenous_pairs": 89, "eigenvalues": [4.448530176313386, -4.426603807773093]}, "7": {"diameter": 6, "conjugate_isogenous_pairs": 53, "eigenvalues": [5.25077053504081, -5.287205781399243]}, "11": {"diameter": 5, "conjugate_isogenous_pairs": 131, "eigenvalues": [6.558660645274135, -6.60603549935903]}}}