{"prime": 21001, "nodes": 1750, "minpoly": "x^2 + 20992*x + 11", "spine": 36, "undirected": true, "ell": {"2": {"diameter": 14, "conjugate_isogenous_pairs": 35, "eigenvalues": [2.82188241587019, -2.8225888444382594]}, "3": {"diameter": 9, "conjugate_isogenous_pairs": 59, "eigenvalues": [3.4485369949934066, -3.45171291711342]}, "5": {"diameter": 7, "conjugate_isogenous_pairs": 114, "eigenvalues": [4.462344095088686, -4.452480653531501]}, "7": {"diameter": 6, "conjugate_isogenous_pairs": 77, "eigenvalues": [5.240739540436456, -5.2816379982068105]}, "11": {"diameter": 5, "conjugate_isogenous_pairs": 167, "eigenvalues": [6.611298098645903, -6.5830333653144235]}}}