{"prime": 25601, "nodes": 2134, "minpoly": "x^2 + 25583*x + 3", "spine": 96, "undirected": false, "ell": {"2": {"diameter": 15, "conjugate_isogenous_pairs": 20, "eigenvalues": [2.816473379790987, -2.8263636425159766]}, "3": {"diameter": 10, "conjugate_isogenous_pairs": 53, "eigenvalues": [3.453767989770182, -3.459174016607496]}, "5": {"diameter": 7, "conjugate_isogenous_pairs": 47, "eigenvalues": [4.464829076285901, -4.432692540039321]}, "7": {"diameter": 6, "conjugate_isogenous_pairs": 196, "eigenvalues": [5.231247690413018, -5.25619640156221]}, "11": {"diameter": 5, "conjugate_isogenous_pairs": 78, "eigenvalues": [6.614583570203811, -6.615269923720947]}}}