{"prime": 12983, "nodes": 1083, "minpoly": "x^2 + 12978*x + 5", "spine": 101, "undirected": false, "ell": {"2": {"diameter": 14, "conjugate_isogenous_pairs": 27, "eigenvalues": [2.807376297474582, -2.8062721705735]}, "3": {"diameter": 10, "conjugate_isogenous_pairs": 40, "eigenvalues": [3.417612990542441, -3.4310054366114158]}, "5": {"diameter": 7, "conjugate_isogenous_pairs": 28, "eigenvalues": [4.462062530947895, -4.428558865270914]}, "7": {"diameter": 6, "conjugate_isogenous_pairs": 90, "eigenvalues": [5.236399193433301, -5.251129391998036]}, "11": {"diameter": 5, "conjugate_isogenous_pairs": 37, "eigenvalues": [6.543491547320548, -6.560618560032789]}}}