{"prime": 1033, "nodes": 86, "minpoly": "x^2 + 1030*x + 5", "spine": 6, "undirected": true, "ell": {"2": {"diameter": 9, "conjugate_isogenous_pairs": 13, "eigenvalues": [2.772449981600019, -2.8101945540095956]}, "3": {"diameter": 6, "conjugate_isogenous_pairs": 17, "eigenvalues": [3.355705337434516, -3.310437732700984]}, "5": {"diameter": 4, "conjugate_isogenous_pairs": 18, "eigenvalues": [4.166965560258123, -4.306969424683865]}, "7": {"diameter": 4, "conjugate_isogenous_pairs": 17, "eigenvalues": [5.2133343052222605, -4.980418007826059]}, "11": {"diameter": 3, "conjugate_isogenous_pairs": 17, "eigenvalues": [6.508753246197228, -6.382833740842906]}}}