{"prime": 9857, "nodes": 822, "minpoly": "x^2 + 9856*x + 5", "spine": 30, "undirected": false, "ell": {"2": {"diameter": 13, "conjugate_isogenous_pairs": 19, "eigenvalues": [2.813005328928288, -2.8148183658876644]}, "3": {"diameter": 10, "conjugate_isogenous_pairs": 47, "eigenvalues": [3.423614425570154, -3.451890410520446]}, "5": {"diameter": 6, "conjugate_isogenous_pairs": 30, "eigenvalues": [4.432571958606661, -4.39290408161711]}, "7": {"diameter": 5, "conjugate_isogenous_pairs": 155, "eigenvalues": [5.248951607229914, -5.255822551711056]}, "11": {"diameter": 5, "conjugate_isogenous_pairs": 39, "eigenvalues": [6.570486385725593, -6.581861521469987]}}}