{"prime": 17167, "nodes": 1431, "minpoly": "x^2 + 17166*x + 3", "spine": 61, "undirected": false, "ell": {"2": {"diameter": 14, "conjugate_isogenous_pairs": 57, "eigenvalues": [2.82043436444188, -2.816748215579735]}, "3": {"diameter": 9, "conjugate_isogenous_pairs": 35, "eigenvalues": [3.45684819761681, -3.4521714590929165]}, "5": {"diameter": 7, "conjugate_isogenous_pairs": 115, "eigenvalues": [4.462189967751306, -4.437138717304808]}, "7": {"diameter": 6, "conjugate_isogenous_pairs": 63, "eigenvalues": [5.263872368333104, -5.2594189035899355]}, "11": {"diameter": 5, "conjugate_isogenous_pairs": 116, "eigenvalues": [6.594207236051192, -6.590301616122769]}}}