{"prime": 4001, "nodes": 334, "minpoly": "x^2 + 4000*x + 3", "spine": 36, "undirected": false, "ell": {"2": {"diameter": 11, "conjugate_isogenous_pairs": 6, "eigenvalues": [2.775592411275472, -2.80114157434996]}, "3": {"diameter": 8, "conjugate_isogenous_pairs": 28, "eigenvalues": [3.391235920740516, -3.410689597129241]}, "5": {"diameter": 6, "conjugate_isogenous_pairs": 19, "eigenvalues": [4.353025663861089, -4.41986168460006]}, "7": {"diameter": 5, "conjugate_isogenous_pairs": 42, "eigenvalues": [5.285717269310058, -5.169602875891155]}, "11": {"diameter": 4, "conjugate_isogenous_pairs": 30, "eigenvalues": [6.484791543870211, -6.425946785865584]}}}