{"prime": 18211, "nodes": 1518, "minpoly": "x^2 + 18205*x + 7", "spine": 50, "undirected": false, "ell": {"2": {"diameter": 14, "conjugate_isogenous_pairs": 31, "eigenvalues": [2.8252978562479543, -2.825065655497325]}, "3": {"diameter": 9, "conjugate_isogenous_pairs": 40, "eigenvalues": [3.451112824914647, -3.4437367978630316]}, "5": {"diameter": 7, "conjugate_isogenous_pairs": 173, "eigenvalues": [4.422013467302383, -4.437418749155968]}, "7": {"diameter": 6, "conjugate_isogenous_pairs": 36, "eigenvalues": [5.2584507847142925, -5.281050059450858]}, "11": {"diameter": 5, "conjugate_isogenous_pairs": 128, "eigenvalues": [6.611298738262725, -6.576146635293324]}}}