{"prime": 13109, "nodes": 1093, "minpoly": "x^2 + 13108*x + 2", "spine": 99, "undirected": false, "ell": {"2": {"diameter": 14, "conjugate_isogenous_pairs": 16, "eigenvalues": [2.815075897199839, -2.8263439488167856]}, "3": {"diameter": 9, "conjugate_isogenous_pairs": 37, "eigenvalues": [3.4276569189770267, -3.4401576377553345]}, "5": {"diameter": 7, "conjugate_isogenous_pairs": 30, "eigenvalues": [4.436673785952423, -4.444821075839155]}, "7": {"diameter": 6, "conjugate_isogenous_pairs": 82, "eigenvalues": [5.232555041644185, -5.276934651107941]}, "11": {"diameter": 5, "conjugate_isogenous_pairs": 118, "eigenvalues": [6.550938037889798, -6.562641931108881]}}}