{"prime": 4621, "nodes": 385, "minpoly": "x^2 + 4617*x + 2", "spine": 13, "undirected": true, "ell": {"2": {"diameter": 11, "conjugate_isogenous_pairs": 19, "eigenvalues": [2.789287606083737, -2.8183061325515153]}, "3": {"diameter": 7, "conjugate_isogenous_pairs": 38, "eigenvalues": [3.4211367425812087, -3.4501427979737738]}, "5": {"diameter": 5, "conjugate_isogenous_pairs": 31, "eigenvalues": [4.354232616869195, -4.459668506039893]}, "7": {"diameter": 5, "conjugate_isogenous_pairs": 26, "eigenvalues": [5.2303815475778075, -5.2305872507463045]}, "11": {"diameter": 4, "conjugate_isogenous_pairs": 107, "eigenvalues": [6.483344162063663, -6.605887325335754]}}}