{"prime": 5641, "nodes": 470, "minpoly": "x^2 + 5627*x + 14", "spine": 20, "undirected": true, "ell": {"2": {"diameter": 12, "conjugate_isogenous_pairs": 24, "eigenvalues": [2.7963912657970575, -2.8179187878452363]}, "3": {"diameter": 8, "conjugate_isogenous_pairs": 20, "eigenvalues": [3.4531259973260884, -3.410337556132245]}, "5": {"diameter": 6, "conjugate_isogenous_pairs": 29, "eigenvalues": [4.44970990608301, -4.383398043182586]}, "7": {"diameter": 5, "conjugate_isogenous_pairs": 39, "eigenvalues": [5.225396614444864, -5.116363480605774]}, "11": {"diameter": 4, "conjugate_isogenous_pairs": 101, "eigenvalues": [6.43774495932232, -6.281220395617073]}}}