{"prime": 13151, "nodes": 1097, "minpoly": "x^2 + 13149*x + 13", "spine": 153, "undirected": false, "ell": {"2": {"diameter": 14, "conjugate_isogenous_pairs": 14, "eigenvalues": [2.807685941256498, -2.814014468520808]}, "3": {"diameter": 10, "conjugate_isogenous_pairs": 21, "eigenvalues": [3.439649585513125, -3.456053461907645]}, "5": {"diameter": 7, "conjugate_isogenous_pairs": 47, "eigenvalues": [4.435519323212218, -4.403448088556877]}, "7": {"diameter": 6, "conjugate_isogenous_pairs": 64, "eigenvalues": [5.2886043408112275, -5.263535267550054]}, "11": {"diameter": 5, "conjugate_isogenous_pairs": 80, "eigenvalues": [6.518504790518184, -6.539579084118591]}}}