{"prime": 29131, "nodes": 2428, "minpoly": "x^2 + 29127*x + 2", "spine": 54, "undirected": false, "ell": {"2": {"diameter": 15, "conjugate_isogenous_pairs": 53, "eigenvalues": [2.8269165723493694, -2.825111412419613]}, "3": {"diameter": 10, "conjugate_isogenous_pairs": 45, "eigenvalues": [3.459326518797696, -3.447652377487351]}, "5": {"diameter": 7, "conjugate_isogenous_pairs": 210, "eigenvalues": [4.447525900196919, -4.464389766241571]}, "7": {"diameter": 6, "conjugate_isogenous_pairs": 49, "eigenvalues": [5.248091137822799, -5.2787692214246125]}, "11": {"diameter": 5, "conjugate_isogenous_pairs": 133, "eigenvalues": [6.570902813435439, -6.595572726128938]}}}