{"prime": 9283, "nodes": 774, "minpoly": "x^2 + 9279*x + 2", "spine": 22, "undirected": false, "ell": {"2": {"diameter": 13, "conjugate_isogenous_pairs": 35, "eigenvalues": [2.8055557899623276, -2.8034139938854357]}, "3": {"diameter": 9, "conjugate_isogenous_pairs": 51, "eigenvalues": [3.451070294785976, -3.4515002352596227]}, "5": {"diameter": 6, "conjugate_isogenous_pairs": 94, "eigenvalues": [4.4056939699532975, -4.4342360897611615]}, "7": {"diameter": 5, "conjugate_isogenous_pairs": 25, "eigenvalues": [5.231055604664142, -5.232177951720973]}, "11": {"diameter": 4, "conjugate_isogenous_pairs": 42, "eigenvalues": [6.578276203707474, -6.627695232619897]}}}