{"prime": 11243, "nodes": 938, "minpoly": "x^2 + 11238*x + 5", "spine": 50, "undirected": false, "ell": {"2": {"diameter": 14, "conjugate_isogenous_pairs": 22, "eigenvalues": [2.827863427964735, -2.8172943001940323]}, "3": {"diameter": 9, "conjugate_isogenous_pairs": 33, "eigenvalues": [3.449712644048773, -3.410332715075415]}, "5": {"diameter": 7, "conjugate_isogenous_pairs": 70, "eigenvalues": [4.436450093038592, -4.409058700454601]}, "7": {"diameter": 6, "conjugate_isogenous_pairs": 104, "eigenvalues": [5.262434619381354, -5.173811809496374]}, "11": {"diameter": 5, "conjugate_isogenous_pairs": 31, "eigenvalues": [6.608603915755877, -6.581801822517285]}}}