{"prime": 13177, "nodes": 1098, "minpoly": "x^2 + 13176*x + 5", "spine": 32, "undirected": true, "ell": {"2": {"diameter": 14, "conjugate_isogenous_pairs": 61, "eigenvalues": [2.823613418647445, -2.824659347615473]}, "3": {"diameter": 9, "conjugate_isogenous_pairs": 38, "eigenvalues": [3.432423795266923, -3.442980188106044]}, "5": {"diameter": 6, "conjugate_isogenous_pairs": 58, "eigenvalues": [4.402262738598781, -4.456429778599581]}, "7": {"diameter": 5, "conjugate_isogenous_pairs": 58, "eigenvalues": [5.267421888751424, -5.279929307479888]}, "11": {"diameter": 5, "conjugate_isogenous_pairs": 108, "eigenvalues": [6.495002737882995, -6.55643438368935]}}}