{"prime": 1657, "nodes": 138, "minpoly": "x^2 + 1655*x + 11", "spine": 8, "undirected": true, "ell": {"2": {"diameter": 10, "conjugate_isogenous_pairs": 19, "eigenvalues": [2.779416950088652, -2.8081538502532233]}, "3": {"diameter": 6, "conjugate_isogenous_pairs": 14, "eigenvalues": [3.339636360038709, -3.346943529942449]}, "5": {"diameter": 4, "conjugate_isogenous_pairs": 21, "eigenvalues": [4.254921741335541, -4.008256529632819]}, "7": {"diameter": 4, "conjugate_isogenous_pairs": 24, "eigenvalues": [5.112679473203307, -4.974436426810281]}, "11": {"diameter": 3, "conjugate_isogenous_pairs": 33, "eigenvalues": [6.113231573638241, -6.151743152695913]}}}