{"prime": 25073, "nodes": 2090, "minpoly": "x^2 + 25067*x + 3", "spine": 70, "undirected": false, "ell": {"2": {"diameter": 15, "conjugate_isogenous_pairs": 44, "eigenvalues": [2.8260445777026524, -2.8245793799499106]}, "3": {"diameter": 10, "conjugate_isogenous_pairs": 48, "eigenvalues": [3.4536284981511214, -3.4535925430006587]}, "5": {"diameter": 7, "conjugate_isogenous_pairs": 30, "eigenvalues": [4.420712787286939, -4.428832614951978]}, "7": {"diameter": 6, "conjugate_isogenous_pairs": 246, "eigenvalues": [5.259035530080413, -5.223256219256761]}, "11": {"diameter": 5, "conjugate_isogenous_pairs": 88, "eigenvalues": [6.599153480034471, -6.540138977681413]}}}