{"prime": 1811, "nodes": 152, "minpoly": "x^2 + 1809*x + 6", "spine": 46, "undirected": false, "ell": {"2": {"diameter": 12, "conjugate_isogenous_pairs": 5, "eigenvalues": [2.81124011883124, -2.790393999495296]}, "3": {"diameter": 7, "conjugate_isogenous_pairs": 7, "eigenvalues": [3.4373521503787967, -3.43315850965577]}, "5": {"diameter": 5, "conjugate_isogenous_pairs": 13, "eigenvalues": [4.443477405187465, -4.220660099023258]}, "7": {"diameter": 5, "conjugate_isogenous_pairs": 11, "eigenvalues": [5.170105404012281, -5.093803807113152]}, "11": {"diameter": 4, "conjugate_isogenous_pairs": 13, "eigenvalues": [6.2939032357623885, -6.369375659646645]}}}