{"prime": 5653, "nodes": 471, "minpoly": "x^2 + 5652*x + 5", "spine": 15, "undirected": true, "ell": {"2": {"diameter": 12, "conjugate_isogenous_pairs": 30, "eigenvalues": [2.827149538871304, -2.806763900211678]}, "3": {"diameter": 8, "conjugate_isogenous_pairs": 51, "eigenvalues": [3.4156258217618087, -3.458974792928384]}, "5": {"diameter": 6, "conjugate_isogenous_pairs": 55, "eigenvalues": [4.427021068691193, -4.419926972313905]}, "7": {"diameter": 5, "conjugate_isogenous_pairs": 32, "eigenvalues": [5.140575546604719, -5.1874516218082345]}, "11": {"diameter": 4, "conjugate_isogenous_pairs": 75, "eigenvalues": [6.578901300488457, -6.592908705510849]}}}