{"prime": 19889, "nodes": 1658, "minpoly": "x^2 + 19883*x + 3", "spine": 86, "undirected": false, "ell": {"2": {"diameter": 14, "conjugate_isogenous_pairs": 19, "eigenvalues": [2.809548146974182, -2.8158048695843187]}, "3": {"diameter": 10, "conjugate_isogenous_pairs": 41, "eigenvalues": [3.45577174166012, -3.428210132755475]}, "5": {"diameter": 7, "conjugate_isogenous_pairs": 35, "eigenvalues": [4.463077940628905, -4.464104688548253]}, "7": {"diameter": 6, "conjugate_isogenous_pairs": 122, "eigenvalues": [5.165720299341825, -5.270745308544597]}, "11": {"diameter": 5, "conjugate_isogenous_pairs": 70, "eigenvalues": [6.550741871516755, -6.579801040785079]}}}