{"prime": 1783, "nodes": 149, "minpoly": "x^2 + 1782*x + 10", "spine": 17, "undirected": false, "ell": {"2": {"diameter": 10, "conjugate_isogenous_pairs": 22, "eigenvalues": [2.8002665017553614, -2.8147937046192175]}, "3": {"diameter": 7, "conjugate_isogenous_pairs": 10, "eigenvalues": [3.409275329870983, -3.3978857439915284]}, "5": {"diameter": 5, "conjugate_isogenous_pairs": 19, "eigenvalues": [4.420506193975253, -4.303398418895523]}, "7": {"diameter": 4, "conjugate_isogenous_pairs": 16, "eigenvalues": [5.243116338600041, -5.034371980744901]}, "11": {"diameter": 3, "conjugate_isogenous_pairs": 26, "eigenvalues": [6.388944505665465, -6.501283367394284]}}}