{"prime": 28807, "nodes": 2401, "minpoly": "x^2 + 28804*x + 11", "spine": 73, "undirected": false, "ell": {"2": {"diameter": 15, "conjugate_isogenous_pairs": 69, "eigenvalues": [2.817103071286785, -2.820454543236091]}, "3": {"diameter": 10, "conjugate_isogenous_pairs": 73, "eigenvalues": [3.454022291577107, -3.4586196421299182]}, "5": {"diameter": 7, "conjugate_isogenous_pairs": 92, "eigenvalues": [4.445247809844996, -4.4275366334367074]}, "7": {"diameter": 6, "conjugate_isogenous_pairs": 65, "eigenvalues": [5.244325440911702, -5.254940984126079]}, "11": {"diameter": 5, "conjugate_isogenous_pairs": 88, "eigenvalues": [6.602063433918472, -6.573000676195962]}}}