{"prime": 29867, "nodes": 2490, "minpoly": "x^2 + 29863*x + 2", "spine": 106, "undirected": false, "ell": {"2": {"diameter": 16, "conjugate_isogenous_pairs": 41, "eigenvalues": [2.826540014162997, -2.8257235723309027]}, "3": {"diameter": 10, "conjugate_isogenous_pairs": 53, "eigenvalues": [3.4506205145220936, -3.462111494093481]}, "5": {"diameter": 7, "conjugate_isogenous_pairs": 92, "eigenvalues": [4.4556410044885695, -4.4718784390305615]}, "7": {"diameter": 6, "conjugate_isogenous_pairs": 140, "eigenvalues": [5.276309502055, -5.245966251152408]}, "11": {"diameter": 5, "conjugate_isogenous_pairs": 68, "eigenvalues": [6.623443588914591, -6.609050018475771]}}}