{"prime": 6131, "nodes": 512, "minpoly": "x^2 + 6126*x + 2", "spine": 62, "undirected": false, "ell": {"2": {"diameter": 13, "conjugate_isogenous_pairs": 11, "eigenvalues": [2.8069320027115996, -2.805425417166621]}, "3": {"diameter": 9, "conjugate_isogenous_pairs": 12, "eigenvalues": [3.4449784590661663, -3.4544349390094746]}, "5": {"diameter": 6, "conjugate_isogenous_pairs": 37, "eigenvalues": [4.41065109810873, -4.413037979778857]}, "7": {"diameter": 5, "conjugate_isogenous_pairs": 56, "eigenvalues": [5.269059519594223, -5.089487360685809]}, "11": {"diameter": 4, "conjugate_isogenous_pairs": 54, "eigenvalues": [6.312304220164422, -6.511441343011193]}}}