{"prime": 21013, "nodes": 1751, "minpoly": "x^2 + 21012*x + 2", "spine": 37, "undirected": true, "ell": {"2": {"diameter": 15, "conjugate_isogenous_pairs": 90, "eigenvalues": [2.827196903152826, -2.82083499060237]}, "3": {"diameter": 9, "conjugate_isogenous_pairs": 57, "eigenvalues": [3.4419167283767536, -3.456859574089757]}, "5": {"diameter": 6, "conjugate_isogenous_pairs": 60, "eigenvalues": [4.447554035009808, -4.471788171002442]}, "7": {"diameter": 6, "conjugate_isogenous_pairs": 74, "eigenvalues": [5.2671902072787065, -5.242914034131786]}, "11": {"diameter": 5, "conjugate_isogenous_pairs": 233, "eigenvalues": [6.548229223277104, -6.593361561765551]}}}