{"prime": 28283, "nodes": 2358, "minpoly": "x^2 + 28282*x + 2", "spine": 74, "undirected": false, "ell": {"2": {"diameter": 16, "conjugate_isogenous_pairs": 43, "eigenvalues": [2.8252164914113043, -2.8267965483696815]}, "3": {"diameter": 10, "conjugate_isogenous_pairs": 51, "eigenvalues": [3.4576401119242197, -3.4501721609747946]}, "5": {"diameter": 7, "conjugate_isogenous_pairs": 91, "eigenvalues": [4.39967795961944, -4.458346010087079]}, "7": {"diameter": 6, "conjugate_isogenous_pairs": 130, "eigenvalues": [5.247307052741179, -5.287429685286143]}, "11": {"diameter": 5, "conjugate_isogenous_pairs": 75, "eigenvalues": [6.5867672984899865, -6.591844436240813]}}}