{"prime": 9091, "nodes": 758, "minpoly": "x^2 + 9080*x + 3", "spine": 42, "undirected": false, "ell": {"2": {"diameter": 13, "conjugate_isogenous_pairs": 32, "eigenvalues": [2.81520265355252, -2.817493660016385]}, "3": {"diameter": 9, "conjugate_isogenous_pairs": 17, "eigenvalues": [3.4357707619171567, -3.452979679164102]}, "5": {"diameter": 6, "conjugate_isogenous_pairs": 46, "eigenvalues": [4.443584984423015, -4.446594998869548]}, "7": {"diameter": 5, "conjugate_isogenous_pairs": 24, "eigenvalues": [5.113009203047786, -5.221059862222007]}, "11": {"diameter": 4, "conjugate_isogenous_pairs": 99, "eigenvalues": [6.512508421760964, -6.536591672846564]}}}