{"prime": 15391, "nodes": 1283, "minpoly": "x^2 + 15390*x + 12", "spine": 93, "undirected": false, "ell": {"2": {"diameter": 15, "conjugate_isogenous_pairs": 38, "eigenvalues": [2.8246970139711918, -2.816838888033715]}, "3": {"diameter": 10, "conjugate_isogenous_pairs": 33, "eigenvalues": [3.441286808941468, -3.455645109687633]}, "5": {"diameter": 7, "conjugate_isogenous_pairs": 77, "eigenvalues": [4.465293709829928, -4.464530658786148]}, "7": {"diameter": 6, "conjugate_isogenous_pairs": 27, "eigenvalues": [5.2463545704628745, -5.231564776651883]}, "11": {"diameter": 5, "conjugate_isogenous_pairs": 104, "eigenvalues": [6.61335024036348, -6.5863524556331265]}}}