{"prime": 20773, "nodes": 1731, "minpoly": "x^2 + 20769*x + 2", "spine": 27, "undirected": true, "ell": {"2": {"diameter": 14, "conjugate_isogenous_pairs": 60, "eigenvalues": [2.818332587912512, -2.82256314965937]}, "3": {"diameter": 9, "conjugate_isogenous_pairs": 108, "eigenvalues": [3.4561156972753992, -3.4486498304735136]}, "5": {"diameter": 7, "conjugate_isogenous_pairs": 73, "eigenvalues": [4.449827249670842, -4.448738903999651]}, "7": {"diameter": 6, "conjugate_isogenous_pairs": 74, "eigenvalues": [5.204781227028149, -5.269978491787015]}, "11": {"diameter": 5, "conjugate_isogenous_pairs": 111, "eigenvalues": [6.49751874894381, -6.5665833863449405]}}}