{"prime": 311, "nodes": 27, "minpoly": "x^2 + 310*x + 17", "spine": 19, "undirected": false, "ell": {"2": {"diameter": 7, "conjugate_isogenous_pairs": 1, "eigenvalues": [2.766650643084953, -2.6735888136879433]}, "3": {"diameter": 5, "conjugate_isogenous_pairs": 2, "eigenvalues": [3.2521503737858053, -3.2376476943096506]}, "5": {"diameter": 4, "conjugate_isogenous_pairs": 1, "eigenvalues": [4.333863809818202, -4.1330137315428646]}, "7": {"diameter": 3, "conjugate_isogenous_pairs": 3, "eigenvalues": [4.600841635899696, -4.730793338764895]}, "11": {"diameter": 3, "conjugate_isogenous_pairs": 4, "eigenvalues": [6.225632971891987, -6.139195084975503]}}}