{"prime": 26021, "nodes": 2169, "minpoly": "x^2 + 26017*x + 2", "spine": 83, "undirected": false, "ell": {"2": {"diameter": 15, "conjugate_isogenous_pairs": 19, "eigenvalues": [2.814784757163136, -2.8230301028725333]}, "3": {"diameter": 10, "conjugate_isogenous_pairs": 95, "eigenvalues": [3.45671105075818, -3.4475209607510684]}, "5": {"diameter": 7, "conjugate_isogenous_pairs": 67, "eigenvalues": [4.450075895056284, -4.4478724596426655]}, "7": {"diameter": 6, "conjugate_isogenous_pairs": 145, "eigenvalues": [5.23234571659247, -5.248424988205464]}, "11": {"diameter": 5, "conjugate_isogenous_pairs": 177, "eigenvalues": [6.584595942458294, -6.564235787474762]}}}