{"prime": 28729, "nodes": 2394, "minpoly": "x^2 + 28728*x + 22", "spine": 46, "undirected": true, "ell": {"2": {"diameter": 14, "conjugate_isogenous_pairs": 38, "eigenvalues": [2.8220635602796285, -2.81942496556039]}, "3": {"diameter": 10, "conjugate_isogenous_pairs": 59, "eigenvalues": [3.4586922976496766, -3.441120301148061]}, "5": {"diameter": 7, "conjugate_isogenous_pairs": 104, "eigenvalues": [4.450368899717985, -4.46810460427587]}, "7": {"diameter": 6, "conjugate_isogenous_pairs": 74, "eigenvalues": [5.272095731700098, -5.253931808062549]}, "11": {"diameter": 5, "conjugate_isogenous_pairs": 165, "eigenvalues": [6.618627866649164, -6.603653075834997]}}}