{"prime": 13697, "nodes": 1142, "minpoly": "x^2 + 13692*x + 3", "spine": 50, "undirected": false, "ell": {"2": {"diameter": 14, "conjugate_isogenous_pairs": 30, "eigenvalues": [2.818834638396288, -2.823107803321083]}, "3": {"diameter": 9, "conjugate_isogenous_pairs": 51, "eigenvalues": [3.4569093596452127, -3.4388800461621845]}, "5": {"diameter": 6, "conjugate_isogenous_pairs": 36, "eigenvalues": [4.4650453212248316, -4.406754617717998]}, "7": {"diameter": 6, "conjugate_isogenous_pairs": 191, "eigenvalues": [5.2509990998846, -5.260793376183419]}, "11": {"diameter": 5, "conjugate_isogenous_pairs": 64, "eigenvalues": [6.59062771614985, -6.574146264948195]}}}