{"prime": 23929, "nodes": 1994, "minpoly": "x^2 + 23926*x + 7", "spine": 44, "undirected": true, "ell": {"2": {"diameter": 15, "conjugate_isogenous_pairs": 36, "eigenvalues": [2.823184604065331, -2.828207045154376]}, "3": {"diameter": 9, "conjugate_isogenous_pairs": 44, "eigenvalues": [3.4523462117204495, -3.4429318177606136]}, "5": {"diameter": 7, "conjugate_isogenous_pairs": 76, "eigenvalues": [4.446050909638314, -4.444393529465874]}, "7": {"diameter": 6, "conjugate_isogenous_pairs": 102, "eigenvalues": [5.2745558658115685, -5.27797663883476]}, "11": {"diameter": 5, "conjugate_isogenous_pairs": 255, "eigenvalues": [6.619456977785617, -6.525261567101791]}}}