{"prime": 9479, "nodes": 791, "minpoly": "x^2 + 9472*x + 7", "spine": 101, "undirected": false, "ell": {"2": {"diameter": 13, "conjugate_isogenous_pairs": 10, "eigenvalues": [2.817785123428113, -2.8114488050632604]}, "3": {"diameter": 9, "conjugate_isogenous_pairs": 21, "eigenvalues": [3.4414530776522567, -3.418666236385636]}, "5": {"diameter": 7, "conjugate_isogenous_pairs": 51, "eigenvalues": [4.36919824838306, -4.444728502481979]}, "7": {"diameter": 5, "conjugate_isogenous_pairs": 51, "eigenvalues": [5.273337121762902, -5.225975123986084]}, "11": {"diameter": 4, "conjugate_isogenous_pairs": 45, "eigenvalues": [6.518631000740985, -6.509329433079235]}}}