{"prime": 9587, "nodes": 800, "minpoly": "x^2 + 9583*x + 2", "spine": 46, "undirected": false, "ell": {"2": {"diameter": 13, "conjugate_isogenous_pairs": 22, "eigenvalues": [2.81137510837063, -2.8222158192435813]}, "3": {"diameter": 10, "conjugate_isogenous_pairs": 46, "eigenvalues": [3.4425219992444074, -3.442514503661929]}, "5": {"diameter": 7, "conjugate_isogenous_pairs": 50, "eigenvalues": [4.432538384113497, -4.448910818495281]}, "7": {"diameter": 6, "conjugate_isogenous_pairs": 65, "eigenvalues": [5.190396030234188, -5.27144289424502]}, "11": {"diameter": 5, "conjugate_isogenous_pairs": 31, "eigenvalues": [6.553581382032074, -6.60069226050085]}}}