{"prime": 6491, "nodes": 542, "minpoly": "x^2 + 6487*x + 2", "spine": 62, "undirected": false, "ell": {"2": {"diameter": 13, "conjugate_isogenous_pairs": 9, "eigenvalues": [2.8112483157857038, -2.8259761232860834]}, "3": {"diameter": 9, "conjugate_isogenous_pairs": 24, "eigenvalues": [3.44366926154619, -3.4424155939168]}, "5": {"diameter": 6, "conjugate_isogenous_pairs": 41, "eigenvalues": [4.411176957277605, -4.403677191278392]}, "7": {"diameter": 5, "conjugate_isogenous_pairs": 50, "eigenvalues": [5.117097042975468, -5.2744858880585035]}, "11": {"diameter": 4, "conjugate_isogenous_pairs": 33, "eigenvalues": [6.55687023568385, -6.5238877735818]}}}