{"prime": 1879, "nodes": 157, "minpoly": "x^2 + 1877*x + 6", "spine": 27, "undirected": false, "ell": {"2": {"diameter": 11, "conjugate_isogenous_pairs": 15, "eigenvalues": [2.8255101050722082, -2.7820219695227784]}, "3": {"diameter": 7, "conjugate_isogenous_pairs": 6, "eigenvalues": [3.4147917368910004, -3.4010259748869838]}, "5": {"diameter": 5, "conjugate_isogenous_pairs": 20, "eigenvalues": [4.346112903659388, -4.383316780425863]}, "7": {"diameter": 4, "conjugate_isogenous_pairs": 11, "eigenvalues": [5.221933430522586, -5.2101637345087]}, "11": {"diameter": 4, "conjugate_isogenous_pairs": 34, "eigenvalues": [6.516010033190915, -6.39089019156411]}}}