{"prime": 28309, "nodes": 2359, "minpoly": "x^2 + 28305*x + 2", "spine": 57, "undirected": true, "ell": {"2": {"diameter": 14, "conjugate_isogenous_pairs": 42, "eigenvalues": [2.8259681779615202, -2.8218081261367995]}, "3": {"diameter": 10, "conjugate_isogenous_pairs": 87, "eigenvalues": [3.453128956451566, -3.446057044762854]}, "5": {"diameter": 7, "conjugate_isogenous_pairs": 119, "eigenvalues": [4.448502812655494, -4.440834179779586]}, "7": {"diameter": 6, "conjugate_isogenous_pairs": 70, "eigenvalues": [5.267264344458495, -5.281495821051281]}, "11": {"diameter": 5, "conjugate_isogenous_pairs": 264, "eigenvalues": [6.591904652905277, -6.601019074164571]}}}