{"prime": 7937, "nodes": 662, "minpoly": "x^2 + 7936*x + 3", "spine": 46, "undirected": false, "ell": {"2": {"diameter": 14, "conjugate_isogenous_pairs": 20, "eigenvalues": [2.807911003505264, -2.8238819865670304]}, "3": {"diameter": 9, "conjugate_isogenous_pairs": 27, "eigenvalues": [3.4541971013453883, -3.4371437194437973]}, "5": {"diameter": 6, "conjugate_isogenous_pairs": 25, "eigenvalues": [4.440614602319807, -4.432702417647599]}, "7": {"diameter": 5, "conjugate_isogenous_pairs": 129, "eigenvalues": [5.248771692447124, -5.230283610657941]}, "11": {"diameter": 4, "conjugate_isogenous_pairs": 43, "eigenvalues": [6.5875476126623225, -6.576312676678428]}}}