{"prime": 14629, "nodes": 1219, "minpoly": "x^2 + 14623*x + 2", "spine": 53, "undirected": true, "ell": {"2": {"diameter": 14, "conjugate_isogenous_pairs": 31, "eigenvalues": [2.81311122354822, -2.8220358041430664]}, "3": {"diameter": 9, "conjugate_isogenous_pairs": 41, "eigenvalues": [3.451767846188824, -3.4424182669652383]}, "5": {"diameter": 6, "conjugate_isogenous_pairs": 62, "eigenvalues": [4.428495326426773, -4.411502372975416]}, "7": {"diameter": 5, "conjugate_isogenous_pairs": 36, "eigenvalues": [5.242970230082644, -5.262643574372471]}, "11": {"diameter": 5, "conjugate_isogenous_pairs": 229, "eigenvalues": [6.559475757836754, -6.622320585699511]}}}