{"prime": 647, "nodes": 55, "minpoly": "x^2 + 645*x + 5", "spine": 23, "undirected": false, "ell": {"2": {"diameter": 8, "conjugate_isogenous_pairs": 5, "eigenvalues": [2.7088301056413138, -2.7013376877222885]}, "3": {"diameter": 7, "conjugate_isogenous_pairs": 4, "eigenvalues": [3.440487597308405, -3.3024084303061825]}, "5": {"diameter": 5, "conjugate_isogenous_pairs": 4, "eigenvalues": [4.19151351228322, -4.318033162279739]}, "7": {"diameter": 4, "conjugate_isogenous_pairs": 12, "eigenvalues": [5.154944788231537, -4.735203755784578]}, "11": {"diameter": 3, "conjugate_isogenous_pairs": 5, "eigenvalues": [6.439233762881853, -6.407201999464514]}}}