{"prime": 29531, "nodes": 2462, "minpoly": "x^2 + 29530*x + 2", "spine": 178, "undirected": false, "ell": {"2": {"diameter": 15, "conjugate_isogenous_pairs": 29, "eigenvalues": [2.8196106410081914, -2.8232850718826685]}, "3": {"diameter": 10, "conjugate_isogenous_pairs": 33, "eigenvalues": [3.460830074883862, -3.44975100847816]}, "5": {"diameter": 8, "conjugate_isogenous_pairs": 65, "eigenvalues": [4.4484172877044985, -4.462528687228258]}, "7": {"diameter": 6, "conjugate_isogenous_pairs": 83, "eigenvalues": [5.28145120743964, -5.290236999540476]}, "11": {"diameter": 5, "conjugate_isogenous_pairs": 84, "eigenvalues": [6.570155689108051, -6.597256176484883]}}}