{"prime": 7307, "nodes": 610, "minpoly": "x^2 + 7306*x + 2", "spine": 50, "undirected": false, "ell": {"2": {"diameter": 13, "conjugate_isogenous_pairs": 21, "eigenvalues": [2.807999660236796, -2.824497166726321]}, "3": {"diameter": 9, "conjugate_isogenous_pairs": 26, "eigenvalues": [3.443306584578749, -3.443699867027344]}, "5": {"diameter": 6, "conjugate_isogenous_pairs": 42, "eigenvalues": [4.438134807284113, -4.448763076662731]}, "7": {"diameter": 6, "conjugate_isogenous_pairs": 69, "eigenvalues": [5.214170045487096, -5.2616374660982395]}, "11": {"diameter": 4, "conjugate_isogenous_pairs": 25, "eigenvalues": [6.572216246324052, -6.429537180428806]}}}