{"prime": 16943, "nodes": 1413, "minpoly": "x^2 + 16942*x + 5", "spine": 135, "undirected": false, "ell": {"2": {"diameter": 15, "conjugate_isogenous_pairs": 28, "eigenvalues": [2.8254817265708243, -2.82485813492094]}, "3": {"diameter": 10, "conjugate_isogenous_pairs": 38, "eigenvalues": [3.449739423499356, -3.4443811467397607]}, "5": {"diameter": 7, "conjugate_isogenous_pairs": 39, "eigenvalues": [4.4433140098639345, -4.430975431952491]}, "7": {"diameter": 6, "conjugate_isogenous_pairs": 122, "eigenvalues": [5.264071541643292, -5.240063775834514]}, "11": {"diameter": 5, "conjugate_isogenous_pairs": 38, "eigenvalues": [6.585478243237191, -6.617808129051872]}}}