{"prime": 12269, "nodes": 1023, "minpoly": "x^2 + 12268*x + 2", "spine": 77, "undirected": false, "ell": {"2": {"diameter": 14, "conjugate_isogenous_pairs": 18, "eigenvalues": [2.8270032658953554, -2.8207436110899806]}, "3": {"diameter": 10, "conjugate_isogenous_pairs": 42, "eigenvalues": [3.4591942419942328, -3.4443376362733833]}, "5": {"diameter": 6, "conjugate_isogenous_pairs": 23, "eigenvalues": [4.46372032592441, -4.434151165649581]}, "7": {"diameter": 6, "conjugate_isogenous_pairs": 72, "eigenvalues": [5.236360399560409, -5.254137470698191]}, "11": {"diameter": 5, "conjugate_isogenous_pairs": 107, "eigenvalues": [6.561879540884933, -6.489243337403831]}}}