{"prime": 1607, "nodes": 135, "minpoly": "x^2 + 1605*x + 5", "spine": 27, "undirected": false, "ell": {"2": {"diameter": 10, "conjugate_isogenous_pairs": 10, "eigenvalues": [2.7815324376853057, -2.811534723923391]}, "3": {"diameter": 7, "conjugate_isogenous_pairs": 11, "eigenvalues": [3.3889203251067928, -3.439504085316843]}, "5": {"diameter": 5, "conjugate_isogenous_pairs": 11, "eigenvalues": [4.363341820876944, -4.3687068921557515]}, "7": {"diameter": 5, "conjugate_isogenous_pairs": 26, "eigenvalues": [5.222115795036645, -5.1574012719364095]}, "11": {"diameter": 4, "conjugate_isogenous_pairs": 10, "eigenvalues": [6.5485673514778835, -6.535467792407263]}}}