{"prime": 25667, "nodes": 2140, "minpoly": "x^2 + 25666*x + 2", "spine": 90, "undirected": false, "ell": {"2": {"diameter": 15, "conjugate_isogenous_pairs": 48, "eigenvalues": [2.8253096244471867, -2.8145749766751598]}, "3": {"diameter": 10, "conjugate_isogenous_pairs": 48, "eigenvalues": [3.457941698798427, -3.4449551319238143]}, "5": {"diameter": 7, "conjugate_isogenous_pairs": 66, "eigenvalues": [4.446341514137758, -4.437041552906124]}, "7": {"diameter": 6, "conjugate_isogenous_pairs": 150, "eigenvalues": [5.274994724580676, -5.235915948905607]}, "11": {"diameter": 5, "conjugate_isogenous_pairs": 59, "eigenvalues": [6.624362455665085, -6.612716840223616]}}}