{"prime": 13241, "nodes": 1104, "minpoly": "x^2 + 13235*x + 3", "spine": 56, "undirected": false, "ell": {"2": {"diameter": 13, "conjugate_isogenous_pairs": 17, "eigenvalues": [2.820770646382336, -2.8269336885806586]}, "3": {"diameter": 9, "conjugate_isogenous_pairs": 36, "eigenvalues": [3.4396755263712446, -3.4394894682552324]}, "5": {"diameter": 7, "conjugate_isogenous_pairs": 40, "eigenvalues": [4.413187957022508, -4.45545691319719]}, "7": {"diameter": 6, "conjugate_isogenous_pairs": 83, "eigenvalues": [5.257411827496255, -5.231448088386836]}, "11": {"diameter": 5, "conjugate_isogenous_pairs": 67, "eigenvalues": [6.561212061365388, -6.599977642272966]}}}