{"prime": 9173, "nodes": 765, "minpoly": "x^2 + 9172*x + 2", "spine": 47, "undirected": false, "ell": {"2": {"diameter": 13, "conjugate_isogenous_pairs": 18, "eigenvalues": [2.81200257409681, -2.826184915445629]}, "3": {"diameter": 9, "conjugate_isogenous_pairs": 60, "eigenvalues": [3.410947080914893, -3.4463785954679818]}, "5": {"diameter": 6, "conjugate_isogenous_pairs": 22, "eigenvalues": [4.447943125584357, -4.454572743474728]}, "7": {"diameter": 6, "conjugate_isogenous_pairs": 100, "eigenvalues": [5.256780766442864, -5.2319052570789095]}, "11": {"diameter": 5, "conjugate_isogenous_pairs": 79, "eigenvalues": [6.5030604910954635, -6.588998898652959]}}}