{"prime": 5737, "nodes": 478, "minpoly": "x^2 + 5736*x + 5", "spine": 18, "undirected": true, "ell": {"2": {"diameter": 12, "conjugate_isogenous_pairs": 19, "eigenvalues": [2.8170465438191297, -2.8091394524263076]}, "3": {"diameter": 8, "conjugate_isogenous_pairs": 41, "eigenvalues": [3.455016376532328, -3.4204717389449937]}, "5": {"diameter": 6, "conjugate_isogenous_pairs": 44, "eigenvalues": [4.419044200550662, -4.386457308693542]}, "7": {"diameter": 5, "conjugate_isogenous_pairs": 43, "eigenvalues": [5.252970241925499, -5.238386754136269]}, "11": {"diameter": 4, "conjugate_isogenous_pairs": 48, "eigenvalues": [6.569775213812306, -6.312072810429875]}}}