{"prime": 13829, "nodes": 1153, "minpoly": "x^2 + 13822*x + 2", "spine": 81, "undirected": false, "ell": {"2": {"diameter": 14, "conjugate_isogenous_pairs": 12, "eigenvalues": [2.824304337991843, -2.8218918232019505]}, "3": {"diameter": 9, "conjugate_isogenous_pairs": 67, "eigenvalues": [3.456442085833409, -3.437617953060484]}, "5": {"diameter": 7, "conjugate_isogenous_pairs": 29, "eigenvalues": [4.469543720689343, -4.427611460110827]}, "7": {"diameter": 6, "conjugate_isogenous_pairs": 76, "eigenvalues": [5.16988217868056, -5.219420665084312]}, "11": {"diameter": 5, "conjugate_isogenous_pairs": 75, "eigenvalues": [6.415926711690047, -6.585097824954034]}}}