{"prime": 6337, "nodes": 528, "minpoly": "x^2 + 6336*x + 10", "spine": 14, "undirected": true, "ell": {"2": {"diameter": 12, "conjugate_isogenous_pairs": 38, "eigenvalues": [2.8263454939606474, -2.808349783974146]}, "3": {"diameter": 8, "conjugate_isogenous_pairs": 30, "eigenvalues": [3.463140012332506, -3.4273660786403064]}, "5": {"diameter": 6, "conjugate_isogenous_pairs": 51, "eigenvalues": [4.372419650856763, -4.339962889124374]}, "7": {"diameter": 5, "conjugate_isogenous_pairs": 75, "eigenvalues": [5.267069345817642, -5.259886633025745]}, "11": {"diameter": 4, "conjugate_isogenous_pairs": 66, "eigenvalues": [6.524135156986677, -6.509283148185791]}}}