{"prime": 6329, "nodes": 528, "minpoly": "x^2 + 6324*x + 3", "spine": 32, "undirected": false, "ell": {"2": {"diameter": 12, "conjugate_isogenous_pairs": 9, "eigenvalues": [2.79625025217537, -2.8186659953492947]}, "3": {"diameter": 9, "conjugate_isogenous_pairs": 21, "eigenvalues": [3.400787165069072, -3.388142475724104]}, "5": {"diameter": 6, "conjugate_isogenous_pairs": 26, "eigenvalues": [4.46187559179707, -4.39950927496141]}, "7": {"diameter": 5, "conjugate_isogenous_pairs": 96, "eigenvalues": [5.125040566905055, -5.194767430206066]}, "11": {"diameter": 4, "conjugate_isogenous_pairs": 53, "eigenvalues": [6.566246366750731, -6.439679502271384]}}}