{"prime": 23251, "nodes": 1938, "minpoly": "x^2 + 23247*x + 2", "spine": 58, "undirected": false, "ell": {"2": {"diameter": 15, "conjugate_isogenous_pairs": 37, "eigenvalues": [2.8250880582287925, -2.8236567388326335]}, "3": {"diameter": 9, "conjugate_isogenous_pairs": 38, "eigenvalues": [3.4618490630035077, -3.43456027089238]}, "5": {"diameter": 7, "conjugate_isogenous_pairs": 227, "eigenvalues": [4.46630792725243, -4.459832431393924]}, "7": {"diameter": 6, "conjugate_isogenous_pairs": 41, "eigenvalues": [5.284253228315827, -5.2720178012321695]}, "11": {"diameter": 5, "conjugate_isogenous_pairs": 124, "eigenvalues": [6.562258486298138, -6.621837103692935]}}}