{"prime": 22783, "nodes": 1899, "minpoly": "x^2 + 22782*x + 3", "spine": 69, "undirected": false, "ell": {"2": {"diameter": 15, "conjugate_isogenous_pairs": 67, "eigenvalues": [2.817695231509355, -2.817919076362105]}, "3": {"diameter": 9, "conjugate_isogenous_pairs": 45, "eigenvalues": [3.460972176365497, -3.4448062772327748]}, "5": {"diameter": 7, "conjugate_isogenous_pairs": 119, "eigenvalues": [4.448426612866802, -4.446874577800026]}, "7": {"diameter": 6, "conjugate_isogenous_pairs": 73, "eigenvalues": [5.272639500580891, -5.2673868391155985]}, "11": {"diameter": 5, "conjugate_isogenous_pairs": 142, "eigenvalues": [6.627965746529849, -6.606488728391466]}}}