{"prime": 27529, "nodes": 2294, "minpoly": "x^2 + 27522*x + 7", "spine": 48, "undirected": true, "ell": {"2": {"diameter": 15, "conjugate_isogenous_pairs": 60, "eigenvalues": [2.824463618125545, -2.822129872173981]}, "3": {"diameter": 9, "conjugate_isogenous_pairs": 59, "eigenvalues": [3.4446432486022402, -3.4602035305707153]}, "5": {"diameter": 7, "conjugate_isogenous_pairs": 87, "eigenvalues": [4.421354983234795, -4.467253295788421]}, "7": {"diameter": 6, "conjugate_isogenous_pairs": 79, "eigenvalues": [5.271947583402805, -5.259328709017443]}, "11": {"diameter": 5, "conjugate_isogenous_pairs": 259, "eigenvalues": [6.597100272122634, -6.554801273420361]}}}