{"prime": 15601, "nodes": 1300, "minpoly": "x^2 + 15600*x + 23", "spine": 46, "undirected": true, "ell": {"2": {"diameter": 14, "conjugate_isogenous_pairs": 40, "eigenvalues": [2.8264976527301604, -2.823202148393605]}, "3": {"diameter": 9, "conjugate_isogenous_pairs": 36, "eigenvalues": [3.457263596097976, -3.460796869371576]}, "5": {"diameter": 6, "conjugate_isogenous_pairs": 52, "eigenvalues": [4.411857156583593, -4.44391766680773]}, "7": {"diameter": 5, "conjugate_isogenous_pairs": 66, "eigenvalues": [5.279577232463822, -5.178832235123413]}, "11": {"diameter": 5, "conjugate_isogenous_pairs": 151, "eigenvalues": [6.600244686169134, -6.537407490004714]}}}