{"prime": 5623, "nodes": 469, "minpoly": "x^2 + 5622*x + 5", "spine": 33, "undirected": false, "ell": {"2": {"diameter": 12, "conjugate_isogenous_pairs": 29, "eigenvalues": [2.7985362714827784, -2.8206132986777117]}, "3": {"diameter": 8, "conjugate_isogenous_pairs": 30, "eigenvalues": [3.4265812174558152, -3.3991535552240566]}, "5": {"diameter": 6, "conjugate_isogenous_pairs": 61, "eigenvalues": [4.453730873351446, -4.383635322031145]}, "7": {"diameter": 5, "conjugate_isogenous_pairs": 27, "eigenvalues": [5.247660707021813, -5.183532754279992]}, "11": {"diameter": 4, "conjugate_isogenous_pairs": 40, "eigenvalues": [6.582110728365249, -6.508068037519786]}}}