{"prime": 4817, "nodes": 402, "minpoly": "x^2 + 4816*x + 3", "spine": 28, "undirected": false, "ell": {"2": {"diameter": 12, "conjugate_isogenous_pairs": 14, "eigenvalues": [2.7843486273953912, -2.820271233037825]}, "3": {"diameter": 8, "conjugate_isogenous_pairs": 38, "eigenvalues": [3.4265607461826666, -3.436362405800936]}, "5": {"diameter": 6, "conjugate_isogenous_pairs": 26, "eigenvalues": [4.398455902734151, -4.391966421158389]}, "7": {"diameter": 5, "conjugate_isogenous_pairs": 98, "eigenvalues": [5.23564377505327, -5.183920193131619]}, "11": {"diameter": 4, "conjugate_isogenous_pairs": 27, "eigenvalues": [6.526339688247496, -6.572650510085467]}}}