{"prime": 21997, "nodes": 1833, "minpoly": "x^2 + 21995*x + 7", "spine": 37, "undirected": true, "ell": {"2": {"diameter": 14, "conjugate_isogenous_pairs": 65, "eigenvalues": [2.824309962128997, -2.828234589957423]}, "3": {"diameter": 10, "conjugate_isogenous_pairs": 94, "eigenvalues": [3.4529552144243274, -3.4404799357270726]}, "5": {"diameter": 7, "conjugate_isogenous_pairs": 74, "eigenvalues": [4.469123559066844, -4.438889446831603]}, "7": {"diameter": 6, "conjugate_isogenous_pairs": 58, "eigenvalues": [5.246133848468964, -5.280787774039527]}, "11": {"diameter": 5, "conjugate_isogenous_pairs": 214, "eigenvalues": [6.612062427796047, -6.591478412301798]}}}