{"prime": 571, "nodes": 48, "minpoly": "x^2 + 570*x + 3", "spine": 10, "undirected": false, "ell": {"2": {"diameter": 8, "conjugate_isogenous_pairs": 4, "eigenvalues": [2.675560633334642, -2.7652925471254406]}, "3": {"diameter": 5, "conjugate_isogenous_pairs": 8, "eigenvalues": [3.396312179944526, -3.4300278471643133]}, "5": {"diameter": 5, "conjugate_isogenous_pairs": 17, "eigenvalues": [4.270117920691589, -4.349954472418525]}, "7": {"diameter": 4, "conjugate_isogenous_pairs": 6, "eigenvalues": [4.8408846766230695, -4.4574649554108]}, "11": {"diameter": 3, "conjugate_isogenous_pairs": 11, "eigenvalues": [6.331851412666651, -6.037676866658222]}}}