{"prime": 3919, "nodes": 327, "minpoly": "x^2 + 3914*x + 3", "spine": 39, "undirected": false, "ell": {"2": {"diameter": 13, "conjugate_isogenous_pairs": 24, "eigenvalues": [2.807241472796424, -2.7598531002302717]}, "3": {"diameter": 8, "conjugate_isogenous_pairs": 10, "eigenvalues": [3.4245263842457017, -3.437431079807009]}, "5": {"diameter": 6, "conjugate_isogenous_pairs": 36, "eigenvalues": [4.384338721723111, -4.379404761027414]}, "7": {"diameter": 5, "conjugate_isogenous_pairs": 19, "eigenvalues": [4.991519986589427, -5.184748261048963]}, "11": {"diameter": 4, "conjugate_isogenous_pairs": 55, "eigenvalues": [6.3488945349804915, -6.298552713926643]}}}