{"prime": 1709, "nodes": 143, "minpoly": "x^2 + 1696*x + 3", "spine": 21, "undirected": false, "ell": {"2": {"diameter": 10, "conjugate_isogenous_pairs": 5, "eigenvalues": [2.8216666473277305, -2.7695204063429735]}, "3": {"diameter": 7, "conjugate_isogenous_pairs": 16, "eigenvalues": [3.281570975056068, -3.397325266842223]}, "5": {"diameter": 5, "conjugate_isogenous_pairs": 8, "eigenvalues": [4.238580690521511, -4.365729885631723]}, "7": {"diameter": 4, "conjugate_isogenous_pairs": 23, "eigenvalues": [5.229041378028293, -5.251712800272876]}, "11": {"diameter": 4, "conjugate_isogenous_pairs": 33, "eigenvalues": [6.242553377729884, -6.425624187319759]}}}