{"prime": 25841, "nodes": 2154, "minpoly": "x^2 + 25840*x + 3", "spine": 86, "undirected": false, "ell": {"2": {"diameter": 15, "conjugate_isogenous_pairs": 19, "eigenvalues": [2.8187092912251055, -2.826360307035445]}, "3": {"diameter": 10, "conjugate_isogenous_pairs": 76, "eigenvalues": [3.4626292967285814, -3.4391190660450777]}, "5": {"diameter": 7, "conjugate_isogenous_pairs": 43, "eigenvalues": [4.460733279361166, -4.466374668587092]}, "7": {"diameter": 6, "conjugate_isogenous_pairs": 118, "eigenvalues": [5.262330611728594, -5.280918516243176]}, "11": {"diameter": 5, "conjugate_isogenous_pairs": 73, "eigenvalues": [6.59661839314731, -6.577500894722714]}}}