{"prime": 23813, "nodes": 1985, "minpoly": "x^2 + 23809*x + 2", "spine": 75, "undirected": false, "ell": {"2": {"diameter": 15, "conjugate_isogenous_pairs": 42, "eigenvalues": [2.821550532150214, -2.824545774973955]}, "3": {"diameter": 10, "conjugate_isogenous_pairs": 73, "eigenvalues": [3.4380011752991484, -3.463840007993638]}, "5": {"diameter": 7, "conjugate_isogenous_pairs": 30, "eigenvalues": [4.456707768939453, -4.439241638730012]}, "7": {"diameter": 6, "conjugate_isogenous_pairs": 126, "eigenvalues": [5.2634546929481285, -5.252988440537932]}, "11": {"diameter": 5, "conjugate_isogenous_pairs": 102, "eigenvalues": [6.584324642407382, -6.597058711783564]}}}