{"prime": 18143, "nodes": 1513, "minpoly": "x^2 + 18135*x + 5", "spine": 107, "undirected": false, "ell": {"2": {"diameter": 15, "conjugate_isogenous_pairs": 44, "eigenvalues": [2.8231088522275103, -2.825407052590615]}, "3": {"diameter": 10, "conjugate_isogenous_pairs": 30, "eigenvalues": [3.4484160265660826, -3.4453135176686893]}, "5": {"diameter": 7, "conjugate_isogenous_pairs": 32, "eigenvalues": [4.429260127795067, -4.44183106185192]}, "7": {"diameter": 6, "conjugate_isogenous_pairs": 95, "eigenvalues": [5.287047997793843, -5.191856314846353]}, "11": {"diameter": 5, "conjugate_isogenous_pairs": 43, "eigenvalues": [6.5714647064754494, -6.6225156524700335]}}}