{"prime": 25033, "nodes": 2086, "minpoly": "x^2 + 25032*x + 5", "spine": 34, "undirected": true, "ell": {"2": {"diameter": 14, "conjugate_isogenous_pairs": 53, "eigenvalues": [2.825331840478957, -2.8188154444918183]}, "3": {"diameter": 10, "conjugate_isogenous_pairs": 65, "eigenvalues": [3.447511925166747, -3.4325007513957413]}, "5": {"diameter": 7, "conjugate_isogenous_pairs": 107, "eigenvalues": [4.453621630205441, -4.445615491317517]}, "7": {"diameter": 6, "conjugate_isogenous_pairs": 123, "eigenvalues": [5.260449481046203, -5.2764828517485665]}, "11": {"diameter": 5, "conjugate_isogenous_pairs": 133, "eigenvalues": [6.607185502765943, -6.625275851636994]}}}