{"prime": 8087, "nodes": 675, "minpoly": "x^2 + 8086*x + 5", "spine": 81, "undirected": false, "ell": {"2": {"diameter": 13, "conjugate_isogenous_pairs": 14, "eigenvalues": [2.8243356825819625, -2.8189374888565157]}, "3": {"diameter": 10, "conjugate_isogenous_pairs": 38, "eigenvalues": [3.4557936817858845, -3.4435440726012763]}, "5": {"diameter": 7, "conjugate_isogenous_pairs": 38, "eigenvalues": [4.4179299911532945, -4.417837305973401]}, "7": {"diameter": 5, "conjugate_isogenous_pairs": 62, "eigenvalues": [5.170386697508206, -5.255195865583979]}, "11": {"diameter": 5, "conjugate_isogenous_pairs": 22, "eigenvalues": [6.544684963361521, -6.502097011566114]}}}