{"prime": 20029, "nodes": 1669, "minpoly": "x^2 + 20025*x + 2", "spine": 43, "undirected": true, "ell": {"2": {"diameter": 14, "conjugate_isogenous_pairs": 38, "eigenvalues": [2.8269719724067883, -2.8159182482641105]}, "3": {"diameter": 9, "conjugate_isogenous_pairs": 76, "eigenvalues": [3.443387895450592, -3.460331979193016]}, "5": {"diameter": 7, "conjugate_isogenous_pairs": 73, "eigenvalues": [4.455339558632161, -4.465046599779842]}, "7": {"diameter": 6, "conjugate_isogenous_pairs": 46, "eigenvalues": [5.267662349948297, -5.220554609146782]}, "11": {"diameter": 5, "conjugate_isogenous_pairs": 219, "eigenvalues": [6.499068898738006, -6.625870693139274]}}}