{"prime": 22013, "nodes": 1835, "minpoly": "x^2 + 22012*x + 2", "spine": 75, "undirected": false, "ell": {"2": {"diameter": 16, "conjugate_isogenous_pairs": 35, "eigenvalues": [2.8236383949366863, -2.8237175084342234]}, "3": {"diameter": 10, "conjugate_isogenous_pairs": 98, "eigenvalues": [3.455707210616981, -3.456780707807898]}, "5": {"diameter": 7, "conjugate_isogenous_pairs": 31, "eigenvalues": [4.387118036939265, -4.450205044842005]}, "7": {"diameter": 6, "conjugate_isogenous_pairs": 120, "eigenvalues": [5.25825223793751, -5.272913408788085]}, "11": {"diameter": 5, "conjugate_isogenous_pairs": 83, "eigenvalues": [6.590069799954194, -6.555269381796739]}}}