{"prime": 25301, "nodes": 2109, "minpoly": "x^2 + 25299*x + 3", "spine": 109, "undirected": false, "ell": {"2": {"diameter": 15, "conjugate_isogenous_pairs": 21, "eigenvalues": [2.8240335769762086, -2.8163079672092826]}, "3": {"diameter": 10, "conjugate_isogenous_pairs": 60, "eigenvalues": [3.4623057579907295, -3.4531954074957243]}, "5": {"diameter": 7, "conjugate_isogenous_pairs": 37, "eigenvalues": [4.466335597976571, -4.460990705565583]}, "7": {"diameter": 6, "conjugate_isogenous_pairs": 124, "eigenvalues": [5.253206342409269, -5.263623022727218]}, "11": {"diameter": 5, "conjugate_isogenous_pairs": 180, "eigenvalues": [6.558609966673343, -6.623893094685029]}}}