{"prime": 7817, "nodes": 652, "minpoly": "x^2 + 7811*x + 3", "spine": 54, "undirected": false, "ell": {"2": {"diameter": 13, "conjugate_isogenous_pairs": 13, "eigenvalues": [2.8231890888543005, -2.823771150331467]}, "3": {"diameter": 9, "conjugate_isogenous_pairs": 47, "eigenvalues": [3.4344731626388283, -3.451542662230658]}, "5": {"diameter": 6, "conjugate_isogenous_pairs": 19, "eigenvalues": [4.459137057690911, -4.43425197666352]}, "7": {"diameter": 5, "conjugate_isogenous_pairs": 111, "eigenvalues": [5.190950682215442, -5.276221331479076]}, "11": {"diameter": 4, "conjugate_isogenous_pairs": 39, "eigenvalues": [6.511492685912978, -6.36169148599482]}}}