{"prime": 13249, "nodes": 1104, "minpoly": "x^2 + 13242*x + 7", "spine": 34, "undirected": true, "ell": {"2": {"diameter": 14, "conjugate_isogenous_pairs": 36, "eigenvalues": [2.823780714570765, -2.8217766080097717]}, "3": {"diameter": 9, "conjugate_isogenous_pairs": 28, "eigenvalues": [3.459546444501003, -3.4578896190024766]}, "5": {"diameter": 6, "conjugate_isogenous_pairs": 55, "eigenvalues": [4.460503671809952, -4.456452771504928]}, "7": {"diameter": 5, "conjugate_isogenous_pairs": 82, "eigenvalues": [5.242367350019033, -5.211521174082353]}, "11": {"diameter": 4, "conjugate_isogenous_pairs": 181, "eigenvalues": [6.550095111879623, -6.500594098717043]}}}