{"prime": 15797, "nodes": 1317, "minpoly": "x^2 + 15796*x + 2", "spine": 49, "undirected": false, "ell": {"2": {"diameter": 14, "conjugate_isogenous_pairs": 39, "eigenvalues": [2.8261337524565158, -2.8128113935255037]}, "3": {"diameter": 10, "conjugate_isogenous_pairs": 63, "eigenvalues": [3.426783052879997, -3.438661026211]}, "5": {"diameter": 7, "conjugate_isogenous_pairs": 27, "eigenvalues": [4.464148476549983, -4.457521743953254]}, "7": {"diameter": 6, "conjugate_isogenous_pairs": 130, "eigenvalues": [5.284004328120956, -5.2682738586815665]}, "11": {"diameter": 5, "conjugate_isogenous_pairs": 88, "eigenvalues": [6.52864016836189, -6.56142470202363]}}}