{"prime": 9883, "nodes": 824, "minpoly": "x^2 + 9882*x + 2", "spine": 34, "undirected": false, "ell": {"2": {"diameter": 13, "conjugate_isogenous_pairs": 38, "eigenvalues": [2.8091009456451013, -2.8269526791646276]}, "3": {"diameter": 8, "conjugate_isogenous_pairs": 31, "eigenvalues": [3.4401891988430995, -3.4558655997061183]}, "5": {"diameter": 6, "conjugate_isogenous_pairs": 86, "eigenvalues": [4.395119297347711, -4.425270353699656]}, "7": {"diameter": 5, "conjugate_isogenous_pairs": 46, "eigenvalues": [5.267887108288753, -5.224633821905575]}, "11": {"diameter": 4, "conjugate_isogenous_pairs": 70, "eigenvalues": [6.525071152487082, -6.3968006160003315]}}}