{"prime": 12527, "nodes": 1045, "minpoly": "x^2 + 12519*x + 5", "spine": 71, "undirected": false, "ell": {"2": {"diameter": 13, "conjugate_isogenous_pairs": 27, "eigenvalues": [2.8006580229098406, -2.824546547487113]}, "3": {"diameter": 10, "conjugate_isogenous_pairs": 39, "eigenvalues": [3.426220238653744, -3.441870785942128]}, "5": {"diameter": 7, "conjugate_isogenous_pairs": 43, "eigenvalues": [4.433778346576249, -4.439999779046095]}, "7": {"diameter": 6, "conjugate_isogenous_pairs": 94, "eigenvalues": [5.26793146379452, -5.2487440356432815]}, "11": {"diameter": 5, "conjugate_isogenous_pairs": 28, "eigenvalues": [6.5659123974279385, -6.6277792651453815]}}}