{"prime": 1567, "nodes": 131, "minpoly": "x^2 + 1565*x + 3", "spine": 15, "undirected": false, "ell": {"2": {"diameter": 11, "conjugate_isogenous_pairs": 19, "eigenvalues": [2.7968645720256493, -2.7737281567986174]}, "3": {"diameter": 6, "conjugate_isogenous_pairs": 8, "eigenvalues": [3.3137924088645407, -3.3757404859953097]}, "5": {"diameter": 5, "conjugate_isogenous_pairs": 26, "eigenvalues": [4.1992317598879465, -4.280716083522445]}, "7": {"diameter": 4, "conjugate_isogenous_pairs": 17, "eigenvalues": [5.099257006357638, -5.187547015611695]}, "11": {"diameter": 4, "conjugate_isogenous_pairs": 24, "eigenvalues": [6.489962826873087, -6.448387259869198]}}}