{"prime": 26717, "nodes": 2227, "minpoly": "x^2 + 26716*x + 2", "spine": 71, "undirected": false, "ell": {"2": {"diameter": 15, "conjugate_isogenous_pairs": 47, "eigenvalues": [2.816777899487806, -2.818884396497952]}, "3": {"diameter": 10, "conjugate_isogenous_pairs": 93, "eigenvalues": [3.458859857756044, -3.462506501632261]}, "5": {"diameter": 7, "conjugate_isogenous_pairs": 37, "eigenvalues": [4.439256590522488, -4.420065026764077]}, "7": {"diameter": 6, "conjugate_isogenous_pairs": 205, "eigenvalues": [5.271081868317556, -5.266736141222381]}, "11": {"diameter": 5, "conjugate_isogenous_pairs": 146, "eigenvalues": [6.607976378020935, -6.611655817163508]}}}