{"prime": 3413, "nodes": 285, "minpoly": "x^2 + 3405*x + 2", "spine": 21, "undirected": false, "ell": {"2": {"diameter": 11, "conjugate_isogenous_pairs": 12, "eigenvalues": [2.798179903786487, -2.7938117566603937]}, "3": {"diameter": 8, "conjugate_isogenous_pairs": 32, "eigenvalues": [3.427158407461537, -3.4177123025135607]}, "5": {"diameter": 6, "conjugate_isogenous_pairs": 18, "eigenvalues": [4.442011061904346, -4.404919015757232]}, "7": {"diameter": 5, "conjugate_isogenous_pairs": 64, "eigenvalues": [5.202957928263494, -5.223986144101159]}, "11": {"diameter": 4, "conjugate_isogenous_pairs": 26, "eigenvalues": [6.479671122917261, -6.4464985617680215]}}}