{"prime": 7127, "nodes": 595, "minpoly": "x^2 + 7126*x + 5", "spine": 79, "undirected": false, "ell": {"2": {"diameter": 13, "conjugate_isogenous_pairs": 12, "eigenvalues": [2.8231422261479513, -2.803210063211779]}, "3": {"diameter": 9, "conjugate_isogenous_pairs": 34, "eigenvalues": [3.4259997745376083, -3.4539420373160064]}, "5": {"diameter": 6, "conjugate_isogenous_pairs": 26, "eigenvalues": [4.428763278871481, -4.359791941328709]}, "7": {"diameter": 5, "conjugate_isogenous_pairs": 52, "eigenvalues": [5.174672920945698, -5.208617254543918]}, "11": {"diameter": 4, "conjugate_isogenous_pairs": 18, "eigenvalues": [6.452740101801243, -6.569561760455272]}}}