{"prime": 16249, "nodes": 1354, "minpoly": "x^2 + 16246*x + 17", "spine": 30, "undirected": true, "ell": {"2": {"diameter": 13, "conjugate_isogenous_pairs": 30, "eigenvalues": [2.810217670022609, -2.822607950731821]}, "3": {"diameter": 9, "conjugate_isogenous_pairs": 63, "eigenvalues": [3.458792997094235, -3.452448115913439]}, "5": {"diameter": 6, "conjugate_isogenous_pairs": 85, "eigenvalues": [4.460948549147458, -4.451236972367781]}, "7": {"diameter": 5, "conjugate_isogenous_pairs": 54, "eigenvalues": [5.2728407574712435, -5.235061977568397]}, "11": {"diameter": 5, "conjugate_isogenous_pairs": 120, "eigenvalues": [6.551835092061115, -6.504689046144337]}}}