{"prime": 25087, "nodes": 2091, "minpoly": "x^2 + 25086*x + 3", "spine": 79, "undirected": false, "ell": {"2": {"diameter": 15, "conjugate_isogenous_pairs": 69, "eigenvalues": [2.824122247143504, -2.8223469850526053]}, "3": {"diameter": 10, "conjugate_isogenous_pairs": 71, "eigenvalues": [3.443985055731706, -3.4420195076644884]}, "5": {"diameter": 7, "conjugate_isogenous_pairs": 80, "eigenvalues": [4.463028741125385, -4.443975403153603]}, "7": {"diameter": 6, "conjugate_isogenous_pairs": 43, "eigenvalues": [5.25832855427944, -5.252325825972184]}, "11": {"diameter": 5, "conjugate_isogenous_pairs": 119, "eigenvalues": [6.537479223328288, -6.6129412892694]}}}