{"prime": 1481, "nodes": 124, "minpoly": "x^2 + 1480*x + 3", "spine": 26, "undirected": false, "ell": {"2": {"diameter": 10, "conjugate_isogenous_pairs": 4, "eigenvalues": [2.7865599087914874, -2.800900677329253]}, "3": {"diameter": 7, "conjugate_isogenous_pairs": 12, "eigenvalues": [3.38578188826604, -3.3704692669617793]}, "5": {"diameter": 5, "conjugate_isogenous_pairs": 12, "eigenvalues": [4.415851675870176, -4.272790740226166]}, "7": {"diameter": 5, "conjugate_isogenous_pairs": 24, "eigenvalues": [4.947180649513895, -5.1530947608526425]}, "11": {"diameter": 4, "conjugate_isogenous_pairs": 18, "eigenvalues": [6.1847103503439, -6.495666083411092]}}}