{"prime": 26683, "nodes": 2224, "minpoly": "x^2 + 26682*x + 2", "spine": 42, "undirected": false, "ell": {"2": {"diameter": 15, "conjugate_isogenous_pairs": 88, "eigenvalues": [2.819064292059864, -2.82371458882588]}, "3": {"diameter": 9, "conjugate_isogenous_pairs": 44, "eigenvalues": [3.4502924708312817, -3.4169559469256106]}, "5": {"diameter": 7, "conjugate_isogenous_pairs": 193, "eigenvalues": [4.440335429314739, -4.441959429490963]}, "7": {"diameter": 6, "conjugate_isogenous_pairs": 64, "eigenvalues": [5.284346127815622, -5.268784037173493]}, "11": {"diameter": 5, "conjugate_isogenous_pairs": 139, "eigenvalues": [6.613758008478542, -6.591507366272239]}}}