{"prime": 5209, "nodes": 434, "minpoly": "x^2 + 5208*x + 17", "spine": 22, "undirected": true, "ell": {"2": {"diameter": 12, "conjugate_isogenous_pairs": 16, "eigenvalues": [2.8160399487577292, -2.8009979860619825]}, "3": {"diameter": 8, "conjugate_isogenous_pairs": 31, "eigenvalues": [3.4334653110719326, -3.4383959647961926]}, "5": {"diameter": 6, "conjugate_isogenous_pairs": 46, "eigenvalues": [4.446914637623339, -4.454437084088666]}, "7": {"diameter": 5, "conjugate_isogenous_pairs": 29, "eigenvalues": [5.1644441471145, -5.2173304329975005]}, "11": {"diameter": 4, "conjugate_isogenous_pairs": 75, "eigenvalues": [6.6040588243650395, -6.60502310253495]}}}