{"prime": 12721, "nodes": 1060, "minpoly": "x^2 + 12720*x + 13", "spine": 22, "undirected": true, "ell": {"2": {"diameter": 13, "conjugate_isogenous_pairs": 27, "eigenvalues": [2.8137775606217263, -2.8204242795352874]}, "3": {"diameter": 9, "conjugate_isogenous_pairs": 36, "eigenvalues": [3.423062629035298, -3.4515002229476495]}, "5": {"diameter": 6, "conjugate_isogenous_pairs": 69, "eigenvalues": [4.430413475895503, -4.432502764468002]}, "7": {"diameter": 5, "conjugate_isogenous_pairs": 87, "eigenvalues": [5.263183096593086, -5.235370605691675]}, "11": {"diameter": 4, "conjugate_isogenous_pairs": 156, "eigenvalues": [6.590800688433757, -6.569810608248846]}}}