{"prime": 28867, "nodes": 2406, "minpoly": "x^2 + 28862*x + 3", "spine": 42, "undirected": false, "ell": {"2": {"diameter": 15, "conjugate_isogenous_pairs": 105, "eigenvalues": [2.812093733289968, -2.826997046893543]}, "3": {"diameter": 9, "conjugate_isogenous_pairs": 47, "eigenvalues": [3.4595957579518544, -3.431027735092028]}, "5": {"diameter": 7, "conjugate_isogenous_pairs": 138, "eigenvalues": [4.452990100637344, -4.46144530120726]}, "7": {"diameter": 6, "conjugate_isogenous_pairs": 78, "eigenvalues": [5.2530359478773025, -5.287132357017726]}, "11": {"diameter": 5, "conjugate_isogenous_pairs": 118, "eigenvalues": [6.594336820176238, -6.563975222179499]}}}