{"prime": 28759, "nodes": 2397, "minpoly": "x^2 + 28757*x + 3", "spine": 117, "undirected": false, "ell": {"2": {"diameter": 15, "conjugate_isogenous_pairs": 55, "eigenvalues": [2.827480367027676, -2.82689336463368]}, "3": {"diameter": 10, "conjugate_isogenous_pairs": 30, "eigenvalues": [3.4614772691524425, -3.4575157611911673]}, "5": {"diameter": 7, "conjugate_isogenous_pairs": 106, "eigenvalues": [4.4636081829729015, -4.46096368371637]}, "7": {"diameter": 6, "conjugate_isogenous_pairs": 55, "eigenvalues": [5.268885612340178, -5.288894444657252]}, "11": {"diameter": 5, "conjugate_isogenous_pairs": 198, "eigenvalues": [6.595411776954885, -6.593435465258571]}}}