{"prime": 11813, "nodes": 985, "minpoly": "x^2 + 11809*x + 2", "spine": 49, "undirected": false, "ell": {"2": {"diameter": 14, "conjugate_isogenous_pairs": 16, "eigenvalues": [2.8221975499703382, -2.802453740282733]}, "3": {"diameter": 9, "conjugate_isogenous_pairs": 95, "eigenvalues": [3.452523445537649, -3.454469618613619]}, "5": {"diameter": 7, "conjugate_isogenous_pairs": 30, "eigenvalues": [4.431905846782732, -4.441322731178714]}, "7": {"diameter": 6, "conjugate_isogenous_pairs": 86, "eigenvalues": [5.223596870445465, -5.209998235866968]}, "11": {"diameter": 5, "conjugate_isogenous_pairs": 59, "eigenvalues": [6.59259250504496, -6.566796659720217]}}}