{"prime": 23671, "nodes": 1973, "minpoly": "x^2 + 23670*x + 3", "spine": 71, "undirected": false, "ell": {"2": {"diameter": 15, "conjugate_isogenous_pairs": 34, "eigenvalues": [2.8266150481660497, -2.817491817248908]}, "3": {"diameter": 10, "conjugate_isogenous_pairs": 49, "eigenvalues": [3.4438929652951553, -3.457184695023064]}, "5": {"diameter": 7, "conjugate_isogenous_pairs": 146, "eigenvalues": [4.4277448410792, -4.442147194923858]}, "7": {"diameter": 6, "conjugate_isogenous_pairs": 42, "eigenvalues": [5.26149939739206, -5.26392013722506]}, "11": {"diameter": 5, "conjugate_isogenous_pairs": 131, "eigenvalues": [6.591797334859216, -6.579923838912648]}}}