{"prime": 10357, "nodes": 863, "minpoly": "x^2 + 10353*x + 2", "spine": 27, "undirected": true, "ell": {"2": {"diameter": 13, "conjugate_isogenous_pairs": 32, "eigenvalues": [2.825473598886839, -2.8252434180135095]}, "3": {"diameter": 9, "conjugate_isogenous_pairs": 85, "eigenvalues": [3.4485551001512356, -3.4453412672183266]}, "5": {"diameter": 6, "conjugate_isogenous_pairs": 66, "eigenvalues": [4.35720970698394, -4.341051346012067]}, "7": {"diameter": 5, "conjugate_isogenous_pairs": 42, "eigenvalues": [5.28891934933849, -5.245002708827527]}, "11": {"diameter": 4, "conjugate_isogenous_pairs": 74, "eigenvalues": [6.568698237967095, -6.538029301443056]}}}