{"prime": 20707, "nodes": 1726, "minpoly": "x^2 + 20705*x + 5", "spine": 30, "undirected": false, "ell": {"2": {"diameter": 15, "conjugate_isogenous_pairs": 77, "eigenvalues": [2.8254316597749756, -2.824573617410437]}, "3": {"diameter": 9, "conjugate_isogenous_pairs": 44, "eigenvalues": [3.4459792160927933, -3.4516115805839123]}, "5": {"diameter": 7, "conjugate_isogenous_pairs": 165, "eigenvalues": [4.460452954428679, -4.465050589964572]}, "7": {"diameter": 6, "conjugate_isogenous_pairs": 63, "eigenvalues": [5.255237980758976, -5.2666310769486335]}, "11": {"diameter": 5, "conjugate_isogenous_pairs": 68, "eigenvalues": [6.583958932606528, -6.5961955667542185]}}}