{"prime": 23293, "nodes": 1941, "minpoly": "x^2 + 23292*x + 5", "spine": 35, "undirected": true, "ell": {"2": {"diameter": 14, "conjugate_isogenous_pairs": 39, "eigenvalues": [2.8229527773559546, -2.824788363077735]}, "3": {"diameter": 9, "conjugate_isogenous_pairs": 137, "eigenvalues": [3.451238757554704, -3.4458101077259005]}, "5": {"diameter": 7, "conjugate_isogenous_pairs": 111, "eigenvalues": [4.434013572002335, -4.457820176999837]}, "7": {"diameter": 6, "conjugate_isogenous_pairs": 70, "eigenvalues": [5.278828693541521, -5.257086119454637]}, "11": {"diameter": 5, "conjugate_isogenous_pairs": 138, "eigenvalues": [6.525332540924278, -6.627036147959315]}}}