{"prime": 6451, "nodes": 538, "minpoly": "x^2 + 6444*x + 3", "spine": 34, "undirected": false, "ell": {"2": {"diameter": 13, "conjugate_isogenous_pairs": 21, "eigenvalues": [2.80259793149308, -2.819866767587716]}, "3": {"diameter": 8, "conjugate_isogenous_pairs": 21, "eigenvalues": [3.4234832813643896, -3.4351115363924913]}, "5": {"diameter": 6, "conjugate_isogenous_pairs": 79, "eigenvalues": [4.348879943863965, -4.46004854371798]}, "7": {"diameter": 5, "conjugate_isogenous_pairs": 19, "eigenvalues": [5.250372438332266, -5.2359295518796785]}, "11": {"diameter": 4, "conjugate_isogenous_pairs": 51, "eigenvalues": [6.517142968972953, -6.577916534819889]}}}