{"prime": 29167, "nodes": 2431, "minpoly": "x^2 + 29166*x + 3", "spine": 85, "undirected": false, "ell": {"2": {"diameter": 15, "conjugate_isogenous_pairs": 65, "eigenvalues": [2.823966475566951, -2.8210310283242834]}, "3": {"diameter": 10, "conjugate_isogenous_pairs": 45, "eigenvalues": [3.4594682064523123, -3.4631313933601504]}, "5": {"diameter": 7, "conjugate_isogenous_pairs": 155, "eigenvalues": [4.464924279477281, -4.46542888429951]}, "7": {"diameter": 6, "conjugate_isogenous_pairs": 87, "eigenvalues": [5.254934185930971, -5.268618180299713]}, "11": {"diameter": 5, "conjugate_isogenous_pairs": 159, "eigenvalues": [6.600966505588821, -6.602084574675794]}}}