{"prime": 8597, "nodes": 717, "minpoly": "x^2 + 8593*x + 2", "spine": 31, "undirected": false, "ell": {"2": {"diameter": 13, "conjugate_isogenous_pairs": 13, "eigenvalues": [2.825482020098951, -2.8167559994188163]}, "3": {"diameter": 9, "conjugate_isogenous_pairs": 87, "eigenvalues": [3.4550768448539784, -3.4618110392441177]}, "5": {"diameter": 7, "conjugate_isogenous_pairs": 31, "eigenvalues": [4.454265909708511, -4.402340758523328]}, "7": {"diameter": 5, "conjugate_isogenous_pairs": 91, "eigenvalues": [5.2460233764839925, -5.189448540872611]}, "11": {"diameter": 4, "conjugate_isogenous_pairs": 50, "eigenvalues": [6.342320893412878, -6.492480259717315]}}}