{"prime": 12539, "nodes": 1046, "minpoly": "x^2 + 12535*x + 2", "spine": 78, "undirected": false, "ell": {"2": {"diameter": 14, "conjugate_isogenous_pairs": 11, "eigenvalues": [2.8275600904127076, -2.827016493629041]}, "3": {"diameter": 9, "conjugate_isogenous_pairs": 29, "eigenvalues": [3.445605571190586, -3.4353241314976084]}, "5": {"diameter": 7, "conjugate_isogenous_pairs": 89, "eigenvalues": [4.4465840389290925, -4.452447952073819]}, "7": {"diameter": 6, "conjugate_isogenous_pairs": 65, "eigenvalues": [5.2316423711365925, -5.141936108542891]}, "11": {"diameter": 5, "conjugate_isogenous_pairs": 67, "eigenvalues": [6.602429109120241, -6.627797554177355]}}}