{"prime": 9787, "nodes": 816, "minpoly": "x^2 + 9786*x + 3", "spine": 22, "undirected": false, "ell": {"2": {"diameter": 13, "conjugate_isogenous_pairs": 30, "eigenvalues": [2.823731029877968, -2.809847784450629]}, "3": {"diameter": 9, "conjugate_isogenous_pairs": 39, "eigenvalues": [3.4286959426844983, -3.4614518023545817]}, "5": {"diameter": 6, "conjugate_isogenous_pairs": 145, "eigenvalues": [4.454161315098298, -4.4252922452518035]}, "7": {"diameter": 5, "conjugate_isogenous_pairs": 45, "eigenvalues": [5.146838105367412, -5.255861261275041]}, "11": {"diameter": 4, "conjugate_isogenous_pairs": 66, "eigenvalues": [6.564843220617529, -6.593186885163667]}}}