{"prime": 14249, "nodes": 1188, "minpoly": "x^2 + 14240*x + 3", "spine": 54, "undirected": false, "ell": {"2": {"diameter": 14, "conjugate_isogenous_pairs": 12, "eigenvalues": [2.8265309515097687, -2.818242055657554]}, "3": {"diameter": 10, "conjugate_isogenous_pairs": 45, "eigenvalues": [3.4581115951203403, -3.456075526411742]}, "5": {"diameter": 7, "conjugate_isogenous_pairs": 33, "eigenvalues": [4.4669444118822526, -4.454744149126845]}, "7": {"diameter": 6, "conjugate_isogenous_pairs": 135, "eigenvalues": [5.279221359066563, -5.213399541223088]}, "11": {"diameter": 5, "conjugate_isogenous_pairs": 80, "eigenvalues": [6.599283644498264, -6.5934009296192]}}}