{"prime": 4177, "nodes": 348, "minpoly": "x^2 + 4174*x + 5", "spine": 20, "undirected": true, "ell": {"2": {"diameter": 12, "conjugate_isogenous_pairs": 28, "eigenvalues": [2.809409216301764, -2.805710289016997]}, "3": {"diameter": 8, "conjugate_isogenous_pairs": 34, "eigenvalues": [3.383538764278622, -3.462065173224746]}, "5": {"diameter": 5, "conjugate_isogenous_pairs": 30, "eigenvalues": [4.360039512266661, -4.4183358350181]}, "7": {"diameter": 4, "conjugate_isogenous_pairs": 44, "eigenvalues": [5.266390323218867, -4.9936788852721685]}, "11": {"diameter": 4, "conjugate_isogenous_pairs": 41, "eigenvalues": [6.630672873271785, -6.55641573468009]}}}