{"prime": 1117, "nodes": 93, "minpoly": "x^2 + 1113*x + 2", "spine": 7, "undirected": true, "ell": {"2": {"diameter": 9, "conjugate_isogenous_pairs": 7, "eigenvalues": [2.781346335761116, -2.8110232819038643]}, "3": {"diameter": 6, "conjugate_isogenous_pairs": 25, "eigenvalues": [3.3955222342642015, -3.437339355112038]}, "5": {"diameter": 5, "conjugate_isogenous_pairs": 19, "eigenvalues": [4.37454759038982, -4.164912738642377]}, "7": {"diameter": 4, "conjugate_isogenous_pairs": 13, "eigenvalues": [5.048808139462354, -5.0150007593574895]}, "11": {"diameter": 3, "conjugate_isogenous_pairs": 28, "eigenvalues": [6.599165340776002, -6.040831540263551]}}}