{"prime": 5827, "nodes": 486, "minpoly": "x^2 + 5826*x + 2", "spine": 30, "undirected": false, "ell": {"2": {"diameter": 13, "conjugate_isogenous_pairs": 34, "eigenvalues": [2.82535753851424, -2.8160511830403108]}, "3": {"diameter": 8, "conjugate_isogenous_pairs": 18, "eigenvalues": [3.4197607065223785, -3.3970301409869803]}, "5": {"diameter": 6, "conjugate_isogenous_pairs": 69, "eigenvalues": [4.460006752177456, -4.405094271313835]}, "7": {"diameter": 5, "conjugate_isogenous_pairs": 21, "eigenvalues": [5.214222129211684, -5.2249986848936665]}, "11": {"diameter": 4, "conjugate_isogenous_pairs": 51, "eigenvalues": [6.536993271170196, -6.583072250806658]}}}