{"prime": 16067, "nodes": 1340, "minpoly": "x^2 + 16061*x + 2", "spine": 82, "undirected": false, "ell": {"2": {"diameter": 14, "conjugate_isogenous_pairs": 21, "eigenvalues": [2.8136939986217357, -2.816942877434491]}, "3": {"diameter": 10, "conjugate_isogenous_pairs": 48, "eigenvalues": [3.447894793910587, -3.440374608337018]}, "5": {"diameter": 7, "conjugate_isogenous_pairs": 80, "eigenvalues": [4.4132973305349505, -4.449275863648863]}, "7": {"diameter": 6, "conjugate_isogenous_pairs": 78, "eigenvalues": [5.181188434588271, -5.243696014261275]}, "11": {"diameter": 5, "conjugate_isogenous_pairs": 36, "eigenvalues": [6.549104751490254, -6.5418300174736]}}}