{"prime": 5233, "nodes": 436, "minpoly": "x^2 + 5232*x + 10", "spine": 12, "undirected": true, "ell": {"2": {"diameter": 12, "conjugate_isogenous_pairs": 17, "eigenvalues": [2.812504647935249, -2.8273583461582263]}, "3": {"diameter": 8, "conjugate_isogenous_pairs": 37, "eigenvalues": [3.44257461872297, -3.451360061575586]}, "5": {"diameter": 5, "conjugate_isogenous_pairs": 56, "eigenvalues": [4.38770624151251, -4.400919178723381]}, "7": {"diameter": 5, "conjugate_isogenous_pairs": 57, "eigenvalues": [5.119382051051971, -5.261676487342846]}, "11": {"diameter": 4, "conjugate_isogenous_pairs": 62, "eigenvalues": [6.374976925506221, -6.145752238713523]}}}