{"prime": 3253, "nodes": 271, "minpoly": "x^2 + 3252*x + 2", "spine": 17, "undirected": true, "ell": {"2": {"diameter": 11, "conjugate_isogenous_pairs": 22, "eigenvalues": [2.809836253879129, -2.7761746439745227]}, "3": {"diameter": 8, "conjugate_isogenous_pairs": 42, "eigenvalues": [3.427643734452281, -3.40370722327793]}, "5": {"diameter": 5, "conjugate_isogenous_pairs": 24, "eigenvalues": [4.4358126421563755, -4.318805809889448]}, "7": {"diameter": 5, "conjugate_isogenous_pairs": 24, "eigenvalues": [5.162456320204714, -5.058189806825931]}, "11": {"diameter": 4, "conjugate_isogenous_pairs": 57, "eigenvalues": [6.510796202028827, -6.322818998577975]}}}