{"prime": 5779, "nodes": 482, "minpoly": "x^2 + 5775*x + 2", "spine": 26, "undirected": false, "ell": {"2": {"diameter": 12, "conjugate_isogenous_pairs": 25, "eigenvalues": [2.79139270107027, -2.8134740178139013]}, "3": {"diameter": 8, "conjugate_isogenous_pairs": 17, "eigenvalues": [3.40780944053924, -3.449520166064012]}, "5": {"diameter": 6, "conjugate_isogenous_pairs": 88, "eigenvalues": [4.4650385084582425, -4.417745221417239]}, "7": {"diameter": 5, "conjugate_isogenous_pairs": 25, "eigenvalues": [5.1057940714529675, -5.178084492333306]}, "11": {"diameter": 4, "conjugate_isogenous_pairs": 60, "eigenvalues": [6.514434220307436, -6.379378916030437]}}}