{"prime": 20759, "nodes": 1731, "minpoly": "x^2 + 20758*x + 7", "spine": 153, "undirected": false, "ell": {"2": {"diameter": 15, "conjugate_isogenous_pairs": 16, "eigenvalues": [2.822688394846964, -2.824917624675082]}, "3": {"diameter": 10, "conjugate_isogenous_pairs": 35, "eigenvalues": [3.4482384653747866, -3.438095591324972]}, "5": {"diameter": 7, "conjugate_isogenous_pairs": 67, "eigenvalues": [4.429540522506083, -4.431377065525569]}, "7": {"diameter": 6, "conjugate_isogenous_pairs": 57, "eigenvalues": [5.268608565021684, -5.28976160512423]}, "11": {"diameter": 5, "conjugate_isogenous_pairs": 60, "eigenvalues": [6.558061444353684, -6.621822178659557]}}}