{"prime": 6803, "nodes": 568, "minpoly": "x^2 + 6799*x + 2", "spine": 38, "undirected": false, "ell": {"2": {"diameter": 13, "conjugate_isogenous_pairs": 19, "eigenvalues": [2.8030353897270524, -2.8165936163246688]}, "3": {"diameter": 9, "conjugate_isogenous_pairs": 30, "eigenvalues": [3.40714885453093, -3.424165649345066]}, "5": {"diameter": 6, "conjugate_isogenous_pairs": 30, "eigenvalues": [4.362012043221687, -4.443532087389114]}, "7": {"diameter": 5, "conjugate_isogenous_pairs": 67, "eigenvalues": [5.22547292564572, -5.169677918022554]}, "11": {"diameter": 5, "conjugate_isogenous_pairs": 27, "eigenvalues": [6.602004372028475, -6.569556071404522]}}}