{"prime": 19211, "nodes": 1602, "minpoly": "x^2 + 19208*x + 6", "spine": 150, "undirected": false, "ell": {"2": {"diameter": 15, "conjugate_isogenous_pairs": 22, "eigenvalues": [2.8218250430254943, -2.8231974661051695]}, "3": {"diameter": 10, "conjugate_isogenous_pairs": 22, "eigenvalues": [3.44831596723263, -3.4565744039642707]}, "5": {"diameter": 8, "conjugate_isogenous_pairs": 61, "eigenvalues": [4.4302228601089, -4.457130824403585]}, "7": {"diameter": 6, "conjugate_isogenous_pairs": 69, "eigenvalues": [5.262676228648845, -5.222866399036911]}, "11": {"diameter": 5, "conjugate_isogenous_pairs": 58, "eigenvalues": [6.611996030041124, -6.582497575346186]}}}