{"prime": 4159, "nodes": 347, "minpoly": "x^2 + 4157*x + 3", "spine": 31, "undirected": false, "ell": {"2": {"diameter": 12, "conjugate_isogenous_pairs": 19, "eigenvalues": [2.7754665396922165, -2.803814679121972]}, "3": {"diameter": 8, "conjugate_isogenous_pairs": 20, "eigenvalues": [3.4129975732511384, -3.393249826113976]}, "5": {"diameter": 6, "conjugate_isogenous_pairs": 33, "eigenvalues": [4.386300500080839, -4.4361837388336856]}, "7": {"diameter": 5, "conjugate_isogenous_pairs": 15, "eigenvalues": [5.249987871576343, -5.219598379105462]}, "11": {"diameter": 4, "conjugate_isogenous_pairs": 43, "eigenvalues": [6.231155584050913, -6.596338149458601]}}}