{"prime": 16871, "nodes": 1407, "minpoly": "x^2 + 16869*x + 17", "spine": 159, "undirected": false, "ell": {"2": {"diameter": 14, "conjugate_isogenous_pairs": 10, "eigenvalues": [2.82432687513811, -2.822478209711695]}, "3": {"diameter": 10, "conjugate_isogenous_pairs": 43, "eigenvalues": [3.4459422115476652, -3.450553464535113]}, "5": {"diameter": 7, "conjugate_isogenous_pairs": 63, "eigenvalues": [4.421650811460017, -4.443507555670337]}, "7": {"diameter": 6, "conjugate_isogenous_pairs": 63, "eigenvalues": [5.270169522844209, -5.269858018562209]}, "11": {"diameter": 5, "conjugate_isogenous_pairs": 54, "eigenvalues": [6.550812495931664, -6.616804606051422]}}}