{"prime": 29837, "nodes": 2487, "minpoly": "x^2 + 29836*x + 2", "spine": 65, "undirected": false, "ell": {"2": {"diameter": 15, "conjugate_isogenous_pairs": 58, "eigenvalues": [2.8244564987827223, -2.822357127780974]}, "3": {"diameter": 10, "conjugate_isogenous_pairs": 77, "eigenvalues": [3.4561951116657816, -3.4568724831853115]}, "5": {"diameter": 7, "conjugate_isogenous_pairs": 42, "eigenvalues": [4.4685530531241655, -4.452620098053006]}, "7": {"diameter": 6, "conjugate_isogenous_pairs": 211, "eigenvalues": [5.275471810818364, -5.280906678229364]}, "11": {"diameter": 5, "conjugate_isogenous_pairs": 102, "eigenvalues": [6.62867358937089, -6.598860657543437]}}}