{"prime": 8663, "nodes": 723, "minpoly": "x^2 + 8662*x + 5", "spine": 67, "undirected": false, "ell": {"2": {"diameter": 13, "conjugate_isogenous_pairs": 14, "eigenvalues": [2.8059326846377677, -2.808617060750572]}, "3": {"diameter": 9, "conjugate_isogenous_pairs": 38, "eigenvalues": [3.4355976927020078, -3.435438533920577]}, "5": {"diameter": 6, "conjugate_isogenous_pairs": 37, "eigenvalues": [4.448438613218399, -4.44739619192171]}, "7": {"diameter": 6, "conjugate_isogenous_pairs": 62, "eigenvalues": [5.192656028110188, -5.2333284106103495]}, "11": {"diameter": 5, "conjugate_isogenous_pairs": 29, "eigenvalues": [6.601648734322677, -6.5156516281549965]}}}