{"prime": 21943, "nodes": 1829, "minpoly": "x^2 + 21941*x + 5", "spine": 67, "undirected": false, "ell": {"2": {"diameter": 14, "conjugate_isogenous_pairs": 84, "eigenvalues": [2.8236413310929804, -2.8269937664784175]}, "3": {"diameter": 10, "conjugate_isogenous_pairs": 40, "eigenvalues": [3.4417133058675704, -3.4543777605291597]}, "5": {"diameter": 7, "conjugate_isogenous_pairs": 79, "eigenvalues": [4.460153658349609, -4.4493855421562065]}, "7": {"diameter": 6, "conjugate_isogenous_pairs": 52, "eigenvalues": [5.213231131770556, -5.254603222222833]}, "11": {"diameter": 5, "conjugate_isogenous_pairs": 93, "eigenvalues": [6.594692884165965, -6.597290354367224]}}}