{"prime": 27431, "nodes": 2287, "minpoly": "x^2 + 27430*x + 17", "spine": 259, "undirected": false, "ell": {"2": {"diameter": 16, "conjugate_isogenous_pairs": 23, "eigenvalues": [2.8234550953847766, -2.8174129322753974]}, "3": {"diameter": 10, "conjugate_isogenous_pairs": 41, "eigenvalues": [3.45751151023432, -3.4617392733955694]}, "5": {"diameter": 7, "conjugate_isogenous_pairs": 55, "eigenvalues": [4.452018503750864, -4.435231889102297]}, "7": {"diameter": 6, "conjugate_isogenous_pairs": 74, "eigenvalues": [5.23489440707706, -5.257867097552147]}, "11": {"diameter": 5, "conjugate_isogenous_pairs": 76, "eigenvalues": [6.596504274650268, -6.6036287670054685]}}}