{"prime": 12893, "nodes": 1075, "minpoly": "x^2 + 12891*x + 3", "spine": 37, "undirected": false, "ell": {"2": {"diameter": 14, "conjugate_isogenous_pairs": 28, "eigenvalues": [2.8237106816959665, -2.8206914544248685]}, "3": {"diameter": 9, "conjugate_isogenous_pairs": 81, "eigenvalues": [3.4513232499242856, -3.4544463736793993]}, "5": {"diameter": 6, "conjugate_isogenous_pairs": 24, "eigenvalues": [4.432571073511185, -4.448480921549681]}, "7": {"diameter": 6, "conjugate_isogenous_pairs": 117, "eigenvalues": [5.246671451074427, -5.18209800736251]}, "11": {"diameter": 5, "conjugate_isogenous_pairs": 79, "eigenvalues": [6.613876704854771, -6.599509811598257]}}}