{"prime": 4943, "nodes": 413, "minpoly": "x^2 + 4940*x + 7", "spine": 55, "undirected": false, "ell": {"2": {"diameter": 12, "conjugate_isogenous_pairs": 13, "eigenvalues": [2.798912986505132, -2.8124851058491034]}, "3": {"diameter": 9, "conjugate_isogenous_pairs": 23, "eigenvalues": [3.4535983008431947, -3.371177754464226]}, "5": {"diameter": 6, "conjugate_isogenous_pairs": 23, "eigenvalues": [4.464682928823702, -4.330312973667269]}, "7": {"diameter": 5, "conjugate_isogenous_pairs": 44, "eigenvalues": [5.258763125772212, -5.236840923511961]}, "11": {"diameter": 4, "conjugate_isogenous_pairs": 15, "eigenvalues": [6.547720365560715, -6.515421730630566]}}}