{"prime": 2153, "nodes": 180, "minpoly": "x^2 + 2145*x + 3", "spine": 16, "undirected": false, "ell": {"2": {"diameter": 9, "conjugate_isogenous_pairs": 9, "eigenvalues": [2.7853589409947337, -2.795277488550106]}, "3": {"diameter": 8, "conjugate_isogenous_pairs": 26, "eigenvalues": [3.3961520899009523, -3.444063052875838]}, "5": {"diameter": 6, "conjugate_isogenous_pairs": 15, "eigenvalues": [4.371183618335673, -4.434431593728926]}, "7": {"diameter": 4, "conjugate_isogenous_pairs": 52, "eigenvalues": [5.045620549533368, -5.214458982577275]}, "11": {"diameter": 4, "conjugate_isogenous_pairs": 14, "eigenvalues": [6.365594171288853, -6.489463092861875]}}}