{"prime": 2333, "nodes": 195, "minpoly": "x^2 + 2329*x + 2", "spine": 17, "undirected": false, "ell": {"2": {"diameter": 11, "conjugate_isogenous_pairs": 11, "eigenvalues": [2.7716775331510926, -2.7790435861082283]}, "3": {"diameter": 7, "conjugate_isogenous_pairs": 28, "eigenvalues": [3.3766427186686876, -3.40709058548135]}, "5": {"diameter": 5, "conjugate_isogenous_pairs": 14, "eigenvalues": [4.214210233350286, -4.399634988520535]}, "7": {"diameter": 4, "conjugate_isogenous_pairs": 45, "eigenvalues": [5.124737573322304, -5.20427617391958]}, "11": {"diameter": 4, "conjugate_isogenous_pairs": 19, "eigenvalues": [6.454531896231528, -6.504064163066973]}}}