{"prime": 22571, "nodes": 1882, "minpoly": "x^2 + 22569*x + 6", "spine": 174, "undirected": false, "ell": {"2": {"diameter": 16, "conjugate_isogenous_pairs": 16, "eigenvalues": [2.814807897213365, -2.822519545411722]}, "3": {"diameter": 10, "conjugate_isogenous_pairs": 29, "eigenvalues": [3.452832031380942, -3.4507650915090435]}, "5": {"diameter": 7, "conjugate_isogenous_pairs": 84, "eigenvalues": [4.453542310896107, -4.424536926829116]}, "7": {"diameter": 6, "conjugate_isogenous_pairs": 81, "eigenvalues": [5.277805731071022, -5.269130561275406]}, "11": {"diameter": 5, "conjugate_isogenous_pairs": 86, "eigenvalues": [6.532652429885944, -6.613066288551146]}}}