{"prime": 13691, "nodes": 1142, "minpoly": "x^2 + 13684*x + 2", "spine": 94, "undirected": false, "ell": {"2": {"diameter": 14, "conjugate_isogenous_pairs": 16, "eigenvalues": [2.8232016264664184, -2.8251932499935593]}, "3": {"diameter": 9, "conjugate_isogenous_pairs": 25, "eigenvalues": [3.4593972830681006, -3.437400566772437]}, "5": {"diameter": 7, "conjugate_isogenous_pairs": 61, "eigenvalues": [4.439378178706319, -4.459487126614143]}, "7": {"diameter": 6, "conjugate_isogenous_pairs": 65, "eigenvalues": [5.208812622727298, -5.267941889023622]}, "11": {"diameter": 5, "conjugate_isogenous_pairs": 82, "eigenvalues": [6.5922276241388715, -6.536769216995314]}}}