{"prime": 21247, "nodes": 1771, "minpoly": "x^2 + 21246*x + 3", "spine": 47, "undirected": false, "ell": {"2": {"diameter": 14, "conjugate_isogenous_pairs": 48, "eigenvalues": [2.8199519883268187, -2.816061364634256]}, "3": {"diameter": 9, "conjugate_isogenous_pairs": 58, "eigenvalues": [3.459134739067737, -3.4464085962845012]}, "5": {"diameter": 7, "conjugate_isogenous_pairs": 141, "eigenvalues": [4.458707314475855, -4.466344691699276]}, "7": {"diameter": 6, "conjugate_isogenous_pairs": 53, "eigenvalues": [5.249796796057975, -5.267085403015306]}, "11": {"diameter": 5, "conjugate_isogenous_pairs": 100, "eigenvalues": [6.585565153322464, -6.605029152547525]}}}