{"prime": 28499, "nodes": 2376, "minpoly": "x^2 + 28493*x + 2", "spine": 114, "undirected": false, "ell": {"2": {"diameter": 15, "conjugate_isogenous_pairs": 17, "eigenvalues": [2.820788616951216, -2.8254550124682956]}, "3": {"diameter": 10, "conjugate_isogenous_pairs": 46, "eigenvalues": [3.440150479980275, -3.453032058528303]}, "5": {"diameter": 7, "conjugate_isogenous_pairs": 103, "eigenvalues": [4.461007770937572, -4.439842474782813]}, "7": {"diameter": 6, "conjugate_isogenous_pairs": 90, "eigenvalues": [5.250664633370185, -5.261200036585166]}, "11": {"diameter": 5, "conjugate_isogenous_pairs": 86, "eigenvalues": [6.585092449026638, -6.574595710872052]}}}