{"prime": 3907, "nodes": 326, "minpoly": "x^2 + 3903*x + 2", "spine": 14, "undirected": false, "ell": {"2": {"diameter": 11, "conjugate_isogenous_pairs": 19, "eigenvalues": [2.7856467854828444, -2.8151674421563118]}, "3": {"diameter": 8, "conjugate_isogenous_pairs": 27, "eigenvalues": [3.438582343137382, -3.4455785693275085]}, "5": {"diameter": 6, "conjugate_isogenous_pairs": 77, "eigenvalues": [4.3750631475975865, -4.443198549840397]}, "7": {"diameter": 5, "conjugate_isogenous_pairs": 22, "eigenvalues": [5.165028435252368, -5.169602191721879]}, "11": {"diameter": 4, "conjugate_isogenous_pairs": 41, "eigenvalues": [6.505389516515644, -6.463384326382292]}}}