{"prime": 12473, "nodes": 1040, "minpoly": "x^2 + 12467*x + 3", "spine": 50, "undirected": false, "ell": {"2": {"diameter": 14, "conjugate_isogenous_pairs": 29, "eigenvalues": [2.820590374545388, -2.8179512027111944]}, "3": {"diameter": 9, "conjugate_isogenous_pairs": 47, "eigenvalues": [3.4421236139610127, -3.4614447732773175]}, "5": {"diameter": 7, "conjugate_isogenous_pairs": 30, "eigenvalues": [4.417087272698893, -4.464101954850456]}, "7": {"diameter": 6, "conjugate_isogenous_pairs": 150, "eigenvalues": [5.268528699646963, -5.235233094071687]}, "11": {"diameter": 5, "conjugate_isogenous_pairs": 51, "eigenvalues": [6.5737409468786545, -6.5630170661432]}}}