{"prime": 20021, "nodes": 1669, "minpoly": "x^2 + 20019*x + 3", "spine": 85, "undirected": false, "ell": {"2": {"diameter": 15, "conjugate_isogenous_pairs": 18, "eigenvalues": [2.8207177568315616, -2.819419933944757]}, "3": {"diameter": 10, "conjugate_isogenous_pairs": 82, "eigenvalues": [3.4520992501101238, -3.440443676035327]}, "5": {"diameter": 7, "conjugate_isogenous_pairs": 37, "eigenvalues": [4.457981475873682, -4.443232880889411]}, "7": {"diameter": 6, "conjugate_isogenous_pairs": 99, "eigenvalues": [5.286085103242928, -5.1678870422750105]}, "11": {"diameter": 5, "conjugate_isogenous_pairs": 121, "eigenvalues": [6.6074200265689145, -6.594057888295132]}}}