{"prime": 14821, "nodes": 1235, "minpoly": "x^2 + 14817*x + 2", "spine": 29, "undirected": true, "ell": {"2": {"diameter": 13, "conjugate_isogenous_pairs": 34, "eigenvalues": [2.816924964081588, -2.8157312328441955]}, "3": {"diameter": 9, "conjugate_isogenous_pairs": 68, "eigenvalues": [3.449148908434549, -3.4556692427661786]}, "5": {"diameter": 6, "conjugate_isogenous_pairs": 68, "eigenvalues": [4.441739580266538, -4.456284534229336]}, "7": {"diameter": 5, "conjugate_isogenous_pairs": 43, "eigenvalues": [5.270762687874141, -5.2149856228736695]}, "11": {"diameter": 5, "conjugate_isogenous_pairs": 201, "eigenvalues": [6.6111255638837045, -6.553416620850482]}}}