{"prime": 15889, "nodes": 1324, "minpoly": "x^2 + 15885*x + 21", "spine": 42, "undirected": true, "ell": {"2": {"diameter": 14, "conjugate_isogenous_pairs": 44, "eigenvalues": [2.825065354091682, -2.808596323497343]}, "3": {"diameter": 9, "conjugate_isogenous_pairs": 40, "eigenvalues": [3.457051125060395, -3.462318222571667]}, "5": {"diameter": 7, "conjugate_isogenous_pairs": 45, "eigenvalues": [4.4328143006083485, -4.4326171887187344]}, "7": {"diameter": 6, "conjugate_isogenous_pairs": 71, "eigenvalues": [5.248713353626398, -5.179654678444093]}, "11": {"diameter": 5, "conjugate_isogenous_pairs": 166, "eigenvalues": [6.594801928503422, -6.609025120795753]}}}