{"prime": 13681, "nodes": 1140, "minpoly": "x^2 + 13679*x + 22", "spine": 46, "undirected": true, "ell": {"2": {"diameter": 14, "conjugate_isogenous_pairs": 38, "eigenvalues": [2.8021981906544133, -2.81974075364898]}, "3": {"diameter": 9, "conjugate_isogenous_pairs": 27, "eigenvalues": [3.431326002410669, -3.44921356860245]}, "5": {"diameter": 6, "conjugate_isogenous_pairs": 48, "eigenvalues": [4.421124911949639, -4.391873395896485]}, "7": {"diameter": 5, "conjugate_isogenous_pairs": 55, "eigenvalues": [5.264077837704232, -5.251363325217454]}, "11": {"diameter": 4, "conjugate_isogenous_pairs": 175, "eigenvalues": [6.632715938042545, -6.590142389034388]}}}