{"prime": 14551, "nodes": 1213, "minpoly": "x^2 + 14549*x + 3", "spine": 95, "undirected": false, "ell": {"2": {"diameter": 14, "conjugate_isogenous_pairs": 47, "eigenvalues": [2.8186091875300576, -2.8228324361288357]}, "3": {"diameter": 9, "conjugate_isogenous_pairs": 22, "eigenvalues": [3.4371106735997774, -3.435259319360054]}, "5": {"diameter": 7, "conjugate_isogenous_pairs": 56, "eigenvalues": [4.429875666326517, -4.432917074901879]}, "7": {"diameter": 6, "conjugate_isogenous_pairs": 29, "eigenvalues": [5.280774049145236, -5.204650209730592]}, "11": {"diameter": 5, "conjugate_isogenous_pairs": 94, "eigenvalues": [6.621543538678666, -6.592158766795285]}}}