{"prime": 7459, "nodes": 622, "minpoly": "x^2 + 7455*x + 2", "spine": 30, "undirected": false, "ell": {"2": {"diameter": 12, "conjugate_isogenous_pairs": 26, "eigenvalues": [2.8068339162479203, -2.824932131687505]}, "3": {"diameter": 8, "conjugate_isogenous_pairs": 21, "eigenvalues": [3.4204304601251914, -3.455889147642748]}, "5": {"diameter": 6, "conjugate_isogenous_pairs": 70, "eigenvalues": [4.4243504888182175, -4.463399810643944]}, "7": {"diameter": 5, "conjugate_isogenous_pairs": 22, "eigenvalues": [5.219824057045583, -5.248241604096775]}, "11": {"diameter": 4, "conjugate_isogenous_pairs": 62, "eigenvalues": [6.515641252823295, -6.522986693646398]}}}