{"prime": 8221, "nodes": 685, "minpoly": "x^2 + 8220*x + 2", "spine": 31, "undirected": true, "ell": {"2": {"diameter": 13, "conjugate_isogenous_pairs": 35, "eigenvalues": [2.8160962098174562, -2.811453046059517]}, "3": {"diameter": 8, "conjugate_isogenous_pairs": 30, "eigenvalues": [3.4322267711545176, -3.4334528852720383]}, "5": {"diameter": 6, "conjugate_isogenous_pairs": 39, "eigenvalues": [4.440617401551475, -4.444478539840004]}, "7": {"diameter": 5, "conjugate_isogenous_pairs": 38, "eigenvalues": [5.128193365292398, -5.277856072582913]}, "11": {"diameter": 4, "conjugate_isogenous_pairs": 186, "eigenvalues": [6.5464032576169275, -6.570992026097818]}}}