{"prime": 20219, "nodes": 1686, "minpoly": "x^2 + 20218*x + 2", "spine": 122, "undirected": false, "ell": {"2": {"diameter": 15, "conjugate_isogenous_pairs": 21, "eigenvalues": [2.8223769183379104, -2.822462901793719]}, "3": {"diameter": 10, "conjugate_isogenous_pairs": 24, "eigenvalues": [3.449962157971158, -3.4530353912158014]}, "5": {"diameter": 7, "conjugate_isogenous_pairs": 63, "eigenvalues": [4.460373871803704, -4.451722759440943]}, "7": {"diameter": 6, "conjugate_isogenous_pairs": 74, "eigenvalues": [5.269535898836096, -5.265879849016809]}, "11": {"diameter": 5, "conjugate_isogenous_pairs": 81, "eigenvalues": [6.584796929756656, -6.520913272854174]}}}