{"prime": 27551, "nodes": 2297, "minpoly": "x^2 + 27549*x + 17", "spine": 249, "undirected": false, "ell": {"2": {"diameter": 15, "conjugate_isogenous_pairs": 26, "eigenvalues": [2.8282538977487666, -2.824515296251496]}, "3": {"diameter": 10, "conjugate_isogenous_pairs": 37, "eigenvalues": [3.449667903619082, -3.4511633330316345]}, "5": {"diameter": 7, "conjugate_isogenous_pairs": 56, "eigenvalues": [4.444097409923252, -4.446571680517023]}, "7": {"diameter": 6, "conjugate_isogenous_pairs": 64, "eigenvalues": [5.2841405970365996, -5.271947659930938]}, "11": {"diameter": 5, "conjugate_isogenous_pairs": 78, "eigenvalues": [6.575728348238059, -6.605817366242927]}}}