{"prime": 15937, "nodes": 1328, "minpoly": "x^2 + 15934*x + 7", "spine": 38, "undirected": true, "ell": {"2": {"diameter": 14, "conjugate_isogenous_pairs": 61, "eigenvalues": [2.8133951313569314, -2.824293531129829]}, "3": {"diameter": 9, "conjugate_isogenous_pairs": 39, "eigenvalues": [3.4341252428182387, -3.435367918177338]}, "5": {"diameter": 6, "conjugate_isogenous_pairs": 50, "eigenvalues": [4.454930631315002, -4.467361596158021]}, "7": {"diameter": 6, "conjugate_isogenous_pairs": 95, "eigenvalues": [5.24427576703787, -5.201297620604607]}, "11": {"diameter": 5, "conjugate_isogenous_pairs": 97, "eigenvalues": [6.5731469153031306, -6.5512888730488275]}}}