{"prime": 8363, "nodes": 698, "minpoly": "x^2 + 8362*x + 2", "spine": 70, "undirected": false, "ell": {"2": {"diameter": 13, "conjugate_isogenous_pairs": 26, "eigenvalues": [2.8183670161528416, -2.8157077688373393]}, "3": {"diameter": 9, "conjugate_isogenous_pairs": 26, "eigenvalues": [3.4409191674234525, -3.4629052141440106]}, "5": {"diameter": 6, "conjugate_isogenous_pairs": 29, "eigenvalues": [4.360697687545628, -4.435453333264735]}, "7": {"diameter": 5, "conjugate_isogenous_pairs": 69, "eigenvalues": [5.203694122669916, -5.224427550878857]}, "11": {"diameter": 4, "conjugate_isogenous_pairs": 29, "eigenvalues": [6.6178764142857585, -6.5023679270334656]}}}