{"prime": 7723, "nodes": 644, "minpoly": "x^2 + 7708*x + 3", "spine": 18, "undirected": false, "ell": {"2": {"diameter": 12, "conjugate_isogenous_pairs": 27, "eigenvalues": [2.8113915489210033, -2.819004795269323]}, "3": {"diameter": 8, "conjugate_isogenous_pairs": 36, "eigenvalues": [3.419513132993725, -3.447576188549389]}, "5": {"diameter": 6, "conjugate_isogenous_pairs": 85, "eigenvalues": [4.4218501786533455, -4.4278579259501045]}, "7": {"diameter": 5, "conjugate_isogenous_pairs": 37, "eigenvalues": [5.231412088125798, -5.204322804623311]}, "11": {"diameter": 4, "conjugate_isogenous_pairs": 46, "eigenvalues": [6.588610422678122, -6.525216241137828]}}}