{"prime": 12239, "nodes": 1021, "minpoly": "x^2 + 12238*x + 13", "spine": 161, "undirected": false, "ell": {"2": {"diameter": 14, "conjugate_isogenous_pairs": 14, "eigenvalues": [2.81960206641856, -2.805889048545539]}, "3": {"diameter": 9, "conjugate_isogenous_pairs": 15, "eigenvalues": [3.438149109688781, -3.4295077993870526]}, "5": {"diameter": 7, "conjugate_isogenous_pairs": 35, "eigenvalues": [4.440382018550817, -4.458583944128935]}, "7": {"diameter": 6, "conjugate_isogenous_pairs": 54, "eigenvalues": [5.257155035915364, -5.275284034259926]}, "11": {"diameter": 5, "conjugate_isogenous_pairs": 52, "eigenvalues": [6.592637277204782, -6.52624051435766]}}}