{"prime": 13963, "nodes": 1164, "minpoly": "x^2 + 13956*x + 3", "spine": 30, "undirected": false, "ell": {"2": {"diameter": 14, "conjugate_isogenous_pairs": 61, "eigenvalues": [2.8198260986953207, -2.8263738206272113]}, "3": {"diameter": 9, "conjugate_isogenous_pairs": 33, "eigenvalues": [3.440247685397736, -3.441331035105301]}, "5": {"diameter": 7, "conjugate_isogenous_pairs": 101, "eigenvalues": [4.468447446647822, -4.4584586741961605]}, "7": {"diameter": 5, "conjugate_isogenous_pairs": 47, "eigenvalues": [5.2330459242679765, -5.240166340491136]}, "11": {"diameter": 5, "conjugate_isogenous_pairs": 80, "eigenvalues": [6.524593835982457, -6.554512846008917]}}}