{"prime": 1669, "nodes": 139, "minpoly": "x^2 + 1665*x + 2", "spine": 13, "undirected": true, "ell": {"2": {"diameter": 11, "conjugate_isogenous_pairs": 11, "eigenvalues": [2.7962889839931697, -2.778105312924354]}, "3": {"diameter": 7, "conjugate_isogenous_pairs": 15, "eigenvalues": [3.3360818271208657, -3.4184125674964774]}, "5": {"diameter": 5, "conjugate_isogenous_pairs": 22, "eigenvalues": [4.245009202667654, -4.205858919544494]}, "7": {"diameter": 4, "conjugate_isogenous_pairs": 16, "eigenvalues": [4.928841456641356, -4.865593608608068]}, "11": {"diameter": 3, "conjugate_isogenous_pairs": 56, "eigenvalues": [6.495866943703208, -6.488190787880232]}}}