{"prime": 17713, "nodes": 1476, "minpoly": "x^2 + 17706*x + 7", "spine": 30, "undirected": true, "ell": {"2": {"diameter": 15, "conjugate_isogenous_pairs": 83, "eigenvalues": [2.820967362160177, -2.825099517427816]}, "3": {"diameter": 9, "conjugate_isogenous_pairs": 39, "eigenvalues": [3.4385876472418113, -3.453050594362817]}, "5": {"diameter": 7, "conjugate_isogenous_pairs": 67, "eigenvalues": [4.430946790115215, -4.4485383783291725]}, "7": {"diameter": 5, "conjugate_isogenous_pairs": 128, "eigenvalues": [5.258177595078308, -5.226579159528198]}, "11": {"diameter": 5, "conjugate_isogenous_pairs": 125, "eigenvalues": [6.616885354054084, -6.56667712033707]}}}