{"prime": 22621, "nodes": 1885, "minpoly": "x^2 + 22617*x + 2", "spine": 33, "undirected": true, "ell": {"2": {"diameter": 14, "conjugate_isogenous_pairs": 31, "eigenvalues": [2.8205654693637765, -2.826177389142714]}, "3": {"diameter": 9, "conjugate_isogenous_pairs": 74, "eigenvalues": [3.4556451138289654, -3.4448955515692212]}, "5": {"diameter": 7, "conjugate_isogenous_pairs": 84, "eigenvalues": [4.433545753457026, -4.463905416848052]}, "7": {"diameter": 6, "conjugate_isogenous_pairs": 59, "eigenvalues": [5.272428405245837, -5.24234151508391]}, "11": {"diameter": 5, "conjugate_isogenous_pairs": 232, "eigenvalues": [6.566356770462253, -6.609351380263548]}}}