{"prime": 3557, "nodes": 297, "minpoly": "x^2 + 3553*x + 2", "spine": 17, "undirected": false, "ell": {"2": {"diameter": 11, "conjugate_isogenous_pairs": 16, "eigenvalues": [2.80161516059613, -2.8133490372264633]}, "3": {"diameter": 8, "conjugate_isogenous_pairs": 38, "eigenvalues": [3.4574962185942075, -3.3745813309254116]}, "5": {"diameter": 5, "conjugate_isogenous_pairs": 17, "eigenvalues": [4.399753724740041, -4.461467986283073]}, "7": {"diameter": 5, "conjugate_isogenous_pairs": 51, "eigenvalues": [5.209486750426278, -5.191433565579123]}, "11": {"diameter": 4, "conjugate_isogenous_pairs": 27, "eigenvalues": [6.416477849704569, -6.477620388485654]}}}