{"prime": 28109, "nodes": 2343, "minpoly": "x^2 + 28105*x + 2", "spine": 89, "undirected": false, "ell": {"2": {"diameter": 15, "conjugate_isogenous_pairs": 19, "eigenvalues": [2.823869330984979, -2.8214241567994165]}, "3": {"diameter": 10, "conjugate_isogenous_pairs": 78, "eigenvalues": [3.4620877356077084, -3.4554508572083327]}, "5": {"diameter": 7, "conjugate_isogenous_pairs": 41, "eigenvalues": [4.448511044972722, -4.453703408756571]}, "7": {"diameter": 6, "conjugate_isogenous_pairs": 116, "eigenvalues": [5.263470099914608, -5.248763318453649]}, "11": {"diameter": 5, "conjugate_isogenous_pairs": 141, "eigenvalues": [6.613712441805275, -6.594627478858861]}}}