{"prime": 1277, "nodes": 107, "minpoly": "x^2 + 1276*x + 2", "spine": 17, "undirected": false, "ell": {"2": {"diameter": 10, "conjugate_isogenous_pairs": 8, "eigenvalues": [2.792612476621775, -2.6928849519305853]}, "3": {"diameter": 7, "conjugate_isogenous_pairs": 17, "eigenvalues": [3.3932159390870886, -3.414643307929471]}, "5": {"diameter": 5, "conjugate_isogenous_pairs": 8, "eigenvalues": [4.306002086721175, -4.274255094918208]}, "7": {"diameter": 4, "conjugate_isogenous_pairs": 26, "eigenvalues": [5.175076835642923, -5.065476210818938]}, "11": {"diameter": 4, "conjugate_isogenous_pairs": 14, "eigenvalues": [6.338102270782561, -6.113418503259277]}}}