{"prime": 5717, "nodes": 477, "minpoly": "x^2 + 5716*x + 2", "spine": 39, "undirected": false, "ell": {"2": {"diameter": 12, "conjugate_isogenous_pairs": 16, "eigenvalues": [2.8193365587029913, -2.8074374400323765]}, "3": {"diameter": 9, "conjugate_isogenous_pairs": 50, "eigenvalues": [3.448025818108549, -3.4515874018452237]}, "5": {"diameter": 6, "conjugate_isogenous_pairs": 19, "eigenvalues": [4.4508550963320195, -4.354437693742687]}, "7": {"diameter": 5, "conjugate_isogenous_pairs": 68, "eigenvalues": [5.149032722106238, -5.2080631194220395]}, "11": {"diameter": 5, "conjugate_isogenous_pairs": 47, "eigenvalues": [6.519778042126326, -6.578509593628948]}}}