{"prime": 22291, "nodes": 1858, "minpoly": "x^2 + 22284*x + 3", "spine": 54, "undirected": false, "ell": {"2": {"diameter": 15, "conjugate_isogenous_pairs": 59, "eigenvalues": [2.8273779150588996, -2.824591404913797]}, "3": {"diameter": 10, "conjugate_isogenous_pairs": 33, "eigenvalues": [3.4583037355623008, -3.4548272151615786]}, "5": {"diameter": 7, "conjugate_isogenous_pairs": 90, "eigenvalues": [4.439529176221829, -4.448500381227227]}, "7": {"diameter": 6, "conjugate_isogenous_pairs": 38, "eigenvalues": [5.24744049174516, -5.2567095462247435]}, "11": {"diameter": 5, "conjugate_isogenous_pairs": 139, "eigenvalues": [6.587092290814332, -6.623318832048566]}}}