{"prime": 8861, "nodes": 739, "minpoly": "x^2 + 8852*x + 2", "spine": 69, "undirected": false, "ell": {"2": {"diameter": 14, "conjugate_isogenous_pairs": 14, "eigenvalues": [2.8275867875647296, -2.7940842348892367]}, "3": {"diameter": 9, "conjugate_isogenous_pairs": 25, "eigenvalues": [3.4275415313519, -3.445181760943701]}, "5": {"diameter": 7, "conjugate_isogenous_pairs": 27, "eigenvalues": [4.440077323199939, -4.398377901851716]}, "7": {"diameter": 6, "conjugate_isogenous_pairs": 60, "eigenvalues": [5.246254228321986, -5.235096928201576]}, "11": {"diameter": 5, "conjugate_isogenous_pairs": 89, "eigenvalues": [6.611902509074735, -6.5986605928843876]}}}