{"prime": 23327, "nodes": 1945, "minpoly": "x^2 + 23325*x + 5", "spine": 153, "undirected": false, "ell": {"2": {"diameter": 16, "conjugate_isogenous_pairs": 40, "eigenvalues": [2.823847843255532, -2.8213100698512448]}, "3": {"diameter": 10, "conjugate_isogenous_pairs": 41, "eigenvalues": [3.4276667237950003, -3.4622875535602615]}, "5": {"diameter": 8, "conjugate_isogenous_pairs": 62, "eigenvalues": [4.465262666892662, -4.456145537599378]}, "7": {"diameter": 6, "conjugate_isogenous_pairs": 115, "eigenvalues": [5.247079030175017, -5.186068677405703]}, "11": {"diameter": 5, "conjugate_isogenous_pairs": 55, "eigenvalues": [6.595337647521193, -6.614760591669645]}}}