{"prime": 11821, "nodes": 985, "minpoly": "x^2 + 11820*x + 2", "spine": 43, "undirected": true, "ell": {"2": {"diameter": 14, "conjugate_isogenous_pairs": 25, "eigenvalues": [2.816678136414568, -2.818010572191865]}, "3": {"diameter": 9, "conjugate_isogenous_pairs": 57, "eigenvalues": [3.4505210888967697, -3.4452185756528984]}, "5": {"diameter": 6, "conjugate_isogenous_pairs": 49, "eigenvalues": [4.440656062531314, -4.43762939499485]}, "7": {"diameter": 5, "conjugate_isogenous_pairs": 28, "eigenvalues": [5.26082434941954, -5.180953404845229]}, "11": {"diameter": 5, "conjugate_isogenous_pairs": 223, "eigenvalues": [6.613917704057215, -6.579025120891937]}}}