{"prime": 10459, "nodes": 872, "minpoly": "x^2 + 10455*x + 2", "spine": 30, "undirected": false, "ell": {"2": {"diameter": 13, "conjugate_isogenous_pairs": 37, "eigenvalues": [2.8244235573256877, -2.8035141042956746]}, "3": {"diameter": 8, "conjugate_isogenous_pairs": 25, "eigenvalues": [3.4580478974708346, -3.46146112167949]}, "5": {"diameter": 6, "conjugate_isogenous_pairs": 105, "eigenvalues": [4.456373059980007, -4.4148140597726]}, "7": {"diameter": 5, "conjugate_isogenous_pairs": 28, "eigenvalues": [5.262646527130905, -5.17102496300742]}, "11": {"diameter": 4, "conjugate_isogenous_pairs": 72, "eigenvalues": [6.561222434029224, -6.5949951582225665]}}}