{"prime": 9311, "nodes": 777, "minpoly": "x^2 + 9309*x + 7", "spine": 97, "undirected": false, "ell": {"2": {"diameter": 13, "conjugate_isogenous_pairs": 13, "eigenvalues": [2.8211170043715836, -2.821314976434907]}, "3": {"diameter": 9, "conjugate_isogenous_pairs": 28, "eigenvalues": [3.4212999946624723, -3.4311550649181326]}, "5": {"diameter": 6, "conjugate_isogenous_pairs": 33, "eigenvalues": [4.433112575317648, -4.411931307261837]}, "7": {"diameter": 6, "conjugate_isogenous_pairs": 40, "eigenvalues": [5.221026573592293, -5.2117570943540334]}, "11": {"diameter": 5, "conjugate_isogenous_pairs": 36, "eigenvalues": [6.595606606845265, -6.535690414558863]}}}