{"prime": 29207, "nodes": 2435, "minpoly": "x^2 + 29205*x + 5", "spine": 193, "undirected": false, "ell": {"2": {"diameter": 15, "conjugate_isogenous_pairs": 37, "eigenvalues": [2.825704595756908, -2.8273723031912747]}, "3": {"diameter": 11, "conjugate_isogenous_pairs": 69, "eigenvalues": [3.4475735192740107, -3.4591910104875176]}, "5": {"diameter": 7, "conjugate_isogenous_pairs": 47, "eigenvalues": [4.455671928328867, -4.429992794889179]}, "7": {"diameter": 6, "conjugate_isogenous_pairs": 109, "eigenvalues": [5.276466360769211, -5.276227094909348]}, "11": {"diameter": 5, "conjugate_isogenous_pairs": 46, "eigenvalues": [6.596733522537806, -6.595799056744952]}}}