{"prime": 18133, "nodes": 1511, "minpoly": "x^2 + 18128*x + 5", "spine": 27, "undirected": true, "ell": {"2": {"diameter": 14, "conjugate_isogenous_pairs": 73, "eigenvalues": [2.823290301195532, -2.8220088022150733]}, "3": {"diameter": 9, "conjugate_isogenous_pairs": 75, "eigenvalues": [3.4576571465341117, -3.460943983241969]}, "5": {"diameter": 7, "conjugate_isogenous_pairs": 54, "eigenvalues": [4.464308366527429, -4.422836408052548]}, "7": {"diameter": 5, "conjugate_isogenous_pairs": 89, "eigenvalues": [5.214063695977168, -5.249950823184988]}, "11": {"diameter": 5, "conjugate_isogenous_pairs": 221, "eigenvalues": [6.624774484620483, -6.600092358890544]}}}