{"prime": 4283, "nodes": 358, "minpoly": "x^2 + 4279*x + 2", "spine": 42, "undirected": false, "ell": {"2": {"diameter": 12, "conjugate_isogenous_pairs": 17, "eigenvalues": [2.8016361888932555, -2.8210884571857244]}, "3": {"diameter": 8, "conjugate_isogenous_pairs": 14, "eigenvalues": [3.4515264169270354, -3.42702385087674]}, "5": {"diameter": 6, "conjugate_isogenous_pairs": 23, "eigenvalues": [4.373556877991572, -4.324900532826936]}, "7": {"diameter": 5, "conjugate_isogenous_pairs": 49, "eigenvalues": [5.159993581290613, -5.24947646337706]}, "11": {"diameter": 4, "conjugate_isogenous_pairs": 25, "eigenvalues": [6.511542176535972, -6.532356682065687]}}}