{"prime": 24971, "nodes": 2082, "minpoly": "x^2 + 24967*x + 2", "spine": 82, "undirected": false, "ell": {"2": {"diameter": 15, "conjugate_isogenous_pairs": 24, "eigenvalues": [2.828229917026653, -2.821722273809767]}, "3": {"diameter": 10, "conjugate_isogenous_pairs": 34, "eigenvalues": [3.4567397499330204, -3.4513132932876247]}, "5": {"diameter": 7, "conjugate_isogenous_pairs": 93, "eigenvalues": [4.46482741329619, -4.423085933710296]}, "7": {"diameter": 6, "conjugate_isogenous_pairs": 89, "eigenvalues": [5.2905564885695275, -5.282234966643126]}, "11": {"diameter": 5, "conjugate_isogenous_pairs": 74, "eigenvalues": [6.590820410336961, -6.625581145722033]}}}