{"prime": 22447, "nodes": 1871, "minpoly": "x^2 + 22446*x + 3", "spine": 95, "undirected": false, "ell": {"2": {"diameter": 14, "conjugate_isogenous_pairs": 53, "eigenvalues": [2.8275983653210583, -2.824920805681977]}, "3": {"diameter": 10, "conjugate_isogenous_pairs": 53, "eigenvalues": [3.461594836705941, -3.460807000899555]}, "5": {"diameter": 7, "conjugate_isogenous_pairs": 103, "eigenvalues": [4.4604818749937625, -4.448843876829264]}, "7": {"diameter": 6, "conjugate_isogenous_pairs": 52, "eigenvalues": [5.278889429328544, -5.266535938845066]}, "11": {"diameter": 5, "conjugate_isogenous_pairs": 87, "eigenvalues": [6.548007879373936, -6.569557156714114]}}}