{"prime": 12211, "nodes": 1018, "minpoly": "x^2 + 12210*x + 2", "spine": 50, "undirected": false, "ell": {"2": {"diameter": 14, "conjugate_isogenous_pairs": 36, "eigenvalues": [2.8262245382152344, -2.815497589233672]}, "3": {"diameter": 9, "conjugate_isogenous_pairs": 27, "eigenvalues": [3.436126687597474, -3.458789094744459]}, "5": {"diameter": 7, "conjugate_isogenous_pairs": 72, "eigenvalues": [4.4596771469056895, -4.451645659912178]}, "7": {"diameter": 5, "conjugate_isogenous_pairs": 30, "eigenvalues": [5.2332145033258985, -5.285951279510621]}, "11": {"diameter": 5, "conjugate_isogenous_pairs": 127, "eigenvalues": [6.556145240204789, -6.558008528043415]}}}