{"prime": 15061, "nodes": 1255, "minpoly": "x^2 + 15057*x + 2", "spine": 33, "undirected": true, "ell": {"2": {"diameter": 13, "conjugate_isogenous_pairs": 36, "eigenvalues": [2.809603707834608, -2.812424264570267]}, "3": {"diameter": 9, "conjugate_isogenous_pairs": 57, "eigenvalues": [3.4335472252388257, -3.4452342927775517]}, "5": {"diameter": 6, "conjugate_isogenous_pairs": 81, "eigenvalues": [4.444766537094827, -4.454157363357726]}, "7": {"diameter": 5, "conjugate_isogenous_pairs": 38, "eigenvalues": [5.209547448360091, -5.2453190207388145]}, "11": {"diameter": 4, "conjugate_isogenous_pairs": 200, "eigenvalues": [6.612119245394576, -6.517353434576157]}}}