{"prime": 947, "nodes": 80, "minpoly": "x^2 + 943*x + 2", "spine": 10, "undirected": false, "ell": {"2": {"diameter": 9, "conjugate_isogenous_pairs": 7, "eigenvalues": [2.7748750156159434, -2.7361127090359565]}, "3": {"diameter": 6, "conjugate_isogenous_pairs": 9, "eigenvalues": [3.314154848947599, -3.392087829247133]}, "5": {"diameter": 5, "conjugate_isogenous_pairs": 17, "eigenvalues": [4.372295169572659, -4.4229855810704315]}, "7": {"diameter": 5, "conjugate_isogenous_pairs": 21, "eigenvalues": [5.272213382961956, -4.868262262374463]}, "11": {"diameter": 3, "conjugate_isogenous_pairs": 11, "eigenvalues": [6.164036743743833, -6.563229500964748]}}}