{"prime": 19697, "nodes": 1642, "minpoly": "x^2 + 19696*x + 3", "spine": 62, "undirected": false, "ell": {"2": {"diameter": 16, "conjugate_isogenous_pairs": 26, "eigenvalues": [2.8141361441311514, -2.8145455134745143]}, "3": {"diameter": 10, "conjugate_isogenous_pairs": 43, "eigenvalues": [3.4442220306633056, -3.46193739054619]}, "5": {"diameter": 7, "conjugate_isogenous_pairs": 47, "eigenvalues": [4.438252380723095, -4.452369773515354]}, "7": {"diameter": 6, "conjugate_isogenous_pairs": 239, "eigenvalues": [5.263968880859026, -5.28191737565776]}, "11": {"diameter": 5, "conjugate_isogenous_pairs": 83, "eigenvalues": [6.597385522807128, -6.549175701666776]}}}