{"prime": 2029, "nodes": 169, "minpoly": "x^2 + 2028*x + 2", "spine": 17, "undirected": true, "ell": {"2": {"diameter": 11, "conjugate_isogenous_pairs": 12, "eigenvalues": [2.800617267642296, -2.820075443522106]}, "3": {"diameter": 7, "conjugate_isogenous_pairs": 16, "eigenvalues": [3.343573265581274, -3.4062397192208294]}, "5": {"diameter": 5, "conjugate_isogenous_pairs": 19, "eigenvalues": [4.449723019333839, -4.399443363905739]}, "7": {"diameter": 4, "conjugate_isogenous_pairs": 11, "eigenvalues": [5.2320939450087485, -5.132150978485984]}, "11": {"diameter": 4, "conjugate_isogenous_pairs": 61, "eigenvalues": [6.470102824015499, -6.402475983130604]}}}