{"prime": 20897, "nodes": 1742, "minpoly": "x^2 + 20892*x + 3", "spine": 52, "undirected": false, "ell": {"2": {"diameter": 15, "conjugate_isogenous_pairs": 30, "eigenvalues": [2.816779070761106, -2.821132656722676]}, "3": {"diameter": 10, "conjugate_isogenous_pairs": 74, "eigenvalues": [3.435822414200198, -3.460280866959133]}, "5": {"diameter": 7, "conjugate_isogenous_pairs": 47, "eigenvalues": [4.459966844502078, -4.446657404010564]}, "7": {"diameter": 6, "conjugate_isogenous_pairs": 199, "eigenvalues": [5.25507528635779, -5.253731756048293]}, "11": {"diameter": 5, "conjugate_isogenous_pairs": 59, "eigenvalues": [6.580856393185012, -6.56436503949256]}}}