{"prime": 9497, "nodes": 792, "minpoly": "x^2 + 9491*x + 3", "spine": 36, "undirected": false, "ell": {"2": {"diameter": 13, "conjugate_isogenous_pairs": 28, "eigenvalues": [2.8158080869857267, -2.8120082249855294]}, "3": {"diameter": 9, "conjugate_isogenous_pairs": 36, "eigenvalues": [3.4573586946855457, -3.4591108575364005]}, "5": {"diameter": 6, "conjugate_isogenous_pairs": 19, "eigenvalues": [4.400077997426472, -4.327236093281305]}, "7": {"diameter": 6, "conjugate_isogenous_pairs": 155, "eigenvalues": [5.272077416532754, -5.19969235219301]}, "11": {"diameter": 5, "conjugate_isogenous_pairs": 54, "eigenvalues": [6.603037732881025, -6.494445602912394]}}}