{"prime": 6679, "nodes": 557, "minpoly": "x^2 + 6676*x + 7", "spine": 55, "undirected": false, "ell": {"2": {"diameter": 13, "conjugate_isogenous_pairs": 16, "eigenvalues": [2.821570432681801, -2.7988156517389093]}, "3": {"diameter": 8, "conjugate_isogenous_pairs": 17, "eigenvalues": [3.4494332210192087, -3.451748606810393]}, "5": {"diameter": 6, "conjugate_isogenous_pairs": 63, "eigenvalues": [4.450072878469257, -4.3569243648657086]}, "7": {"diameter": 5, "conjugate_isogenous_pairs": 17, "eigenvalues": [5.180278117470757, -5.248668914283401]}, "11": {"diameter": 5, "conjugate_isogenous_pairs": 59, "eigenvalues": [6.466910034760999, -6.582874092453316]}}}