{"prime": 12601, "nodes": 1050, "minpoly": "x^2 + 12600*x + 11", "spine": 40, "undirected": true, "ell": {"2": {"diameter": 13, "conjugate_isogenous_pairs": 27, "eigenvalues": [2.814254139476821, -2.8165104323877586]}, "3": {"diameter": 9, "conjugate_isogenous_pairs": 51, "eigenvalues": [3.4461905942311484, -3.454412489942786]}, "5": {"diameter": 6, "conjugate_isogenous_pairs": 50, "eigenvalues": [4.391730584436804, -4.444741205052255]}, "7": {"diameter": 5, "conjugate_isogenous_pairs": 46, "eigenvalues": [5.259313654416781, -5.286549784939386]}, "11": {"diameter": 4, "conjugate_isogenous_pairs": 93, "eigenvalues": [6.504492335585359, -6.556062604763287]}}}