{"prime": 25153, "nodes": 2096, "minpoly": "x^2 + 25152*x + 10", "spine": 26, "undirected": true, "ell": {"2": {"diameter": 14, "conjugate_isogenous_pairs": 66, "eigenvalues": [2.818655971470435, -2.827375281421981]}, "3": {"diameter": 9, "conjugate_isogenous_pairs": 97, "eigenvalues": [3.450315382164818, -3.45722599446471]}, "5": {"diameter": 7, "conjugate_isogenous_pairs": 113, "eigenvalues": [4.466337592544376, -4.445566005892203]}, "7": {"diameter": 6, "conjugate_isogenous_pairs": 113, "eigenvalues": [5.2769548278554375, -5.244781189634368]}, "11": {"diameter": 5, "conjugate_isogenous_pairs": 120, "eigenvalues": [6.618686590555558, -6.575223244142337]}}}