{"prime": 19681, "nodes": 1640, "minpoly": "x^2 + 19680*x + 11", "spine": 42, "undirected": true, "ell": {"2": {"diameter": 13, "conjugate_isogenous_pairs": 27, "eigenvalues": [2.817628291883207, -2.8280072610487617]}, "3": {"diameter": 9, "conjugate_isogenous_pairs": 67, "eigenvalues": [3.449294234761983, -3.454476182629136]}, "5": {"diameter": 7, "conjugate_isogenous_pairs": 97, "eigenvalues": [4.3988045769298285, -4.4366496564918005]}, "7": {"diameter": 6, "conjugate_isogenous_pairs": 64, "eigenvalues": [5.267516763356132, -5.273196900123335]}, "11": {"diameter": 5, "conjugate_isogenous_pairs": 134, "eigenvalues": [6.561020128112076, -6.5949213835889715]}}}