{"prime": 2677, "nodes": 223, "minpoly": "x^2 + 2676*x + 2", "spine": 11, "undirected": true, "ell": {"2": {"diameter": 11, "conjugate_isogenous_pairs": 27, "eigenvalues": [2.8239797847529493, -2.821521385780511]}, "3": {"diameter": 7, "conjugate_isogenous_pairs": 27, "eigenvalues": [3.4586500559435622, -3.4052656983935963]}, "5": {"diameter": 5, "conjugate_isogenous_pairs": 19, "eigenvalues": [4.3930559409340795, -4.357498063347889]}, "7": {"diameter": 4, "conjugate_isogenous_pairs": 27, "eigenvalues": [5.124860315091323, -5.149281148342829]}, "11": {"diameter": 4, "conjugate_isogenous_pairs": 47, "eigenvalues": [6.487488366181905, -6.4070381273698125]}}}