{"prime": 3701, "nodes": 309, "minpoly": "x^2 + 3697*x + 2", "spine": 45, "undirected": false, "ell": {"2": {"diameter": 12, "conjugate_isogenous_pairs": 7, "eigenvalues": [2.8238748389919417, -2.812065013057041]}, "3": {"diameter": 8, "conjugate_isogenous_pairs": 24, "eigenvalues": [3.462836579653001, -3.4315093243889887]}, "5": {"diameter": 6, "conjugate_isogenous_pairs": 11, "eigenvalues": [4.38918400120214, -4.384113718549672]}, "7": {"diameter": 5, "conjugate_isogenous_pairs": 44, "eigenvalues": [5.265179285352783, -5.257563437697715]}, "11": {"diameter": 4, "conjugate_isogenous_pairs": 55, "eigenvalues": [6.50851894985881, -6.52821731725352]}}}