{"prime": 6737, "nodes": 562, "minpoly": "x^2 + 6731*x + 3", "spine": 38, "undirected": false, "ell": {"2": {"diameter": 13, "conjugate_isogenous_pairs": 16, "eigenvalues": [2.8279291863565583, -2.8174387885911285]}, "3": {"diameter": 9, "conjugate_isogenous_pairs": 40, "eigenvalues": [3.464001236774176, -3.4035357817407195]}, "5": {"diameter": 6, "conjugate_isogenous_pairs": 15, "eigenvalues": [4.386383130357088, -4.414791331083051]}, "7": {"diameter": 5, "conjugate_isogenous_pairs": 114, "eigenvalues": [5.269287054428769, -5.268520157490312]}, "11": {"diameter": 4, "conjugate_isogenous_pairs": 35, "eigenvalues": [6.507947721999517, -6.575597799806217]}}}