{"prime": 27407, "nodes": 2285, "minpoly": "x^2 + 27405*x + 5", "spine": 129, "undirected": false, "ell": {"2": {"diameter": 15, "conjugate_isogenous_pairs": 27, "eigenvalues": [2.8218182235034, -2.822930736734966]}, "3": {"diameter": 10, "conjugate_isogenous_pairs": 92, "eigenvalues": [3.447155594877849, -3.4569641541892113]}, "5": {"diameter": 8, "conjugate_isogenous_pairs": 55, "eigenvalues": [4.440256470991571, -4.428178903796562]}, "7": {"diameter": 6, "conjugate_isogenous_pairs": 110, "eigenvalues": [5.268218809385822, -5.260470297027878]}, "11": {"diameter": 5, "conjugate_isogenous_pairs": 42, "eigenvalues": [6.6249689484260905, -6.520484912465843]}}}