{"prime": 1049, "nodes": 88, "minpoly": "x^2 + 1038*x + 3", "spine": 22, "undirected": false, "ell": {"2": {"diameter": 10, "conjugate_isogenous_pairs": 5, "eigenvalues": [2.8113215115680372, -2.772158193132192]}, "3": {"diameter": 7, "conjugate_isogenous_pairs": 9, "eigenvalues": [3.2746423678326098, -3.4176724167102734]}, "5": {"diameter": 5, "conjugate_isogenous_pairs": 6, "eigenvalues": [4.379243855409319, -4.343475771882597]}, "7": {"diameter": 4, "conjugate_isogenous_pairs": 23, "eigenvalues": [5.1260048779848635, -4.956497617497128]}, "11": {"diameter": 3, "conjugate_isogenous_pairs": 13, "eigenvalues": [6.209304582150171, -5.936157207705697]}}}