{"prime": 14251, "nodes": 1188, "minpoly": "x^2 + 14244*x + 3", "spine": 66, "undirected": false, "ell": {"2": {"diameter": 14, "conjugate_isogenous_pairs": 37, "eigenvalues": [2.8249681629658916, -2.8229702070198073]}, "3": {"diameter": 9, "conjugate_isogenous_pairs": 34, "eigenvalues": [3.434552295340726, -3.4595351704157005]}, "5": {"diameter": 7, "conjugate_isogenous_pairs": 95, "eigenvalues": [4.4596346887224785, -4.4014856921472285]}, "7": {"diameter": 5, "conjugate_isogenous_pairs": 26, "eigenvalues": [5.203975887234477, -5.255576762292526]}, "11": {"diameter": 5, "conjugate_isogenous_pairs": 117, "eigenvalues": [6.614139995689474, -6.605898338628999]}}}