{"prime": 5197, "nodes": 433, "minpoly": "x^2 + 5195*x + 7", "spine": 17, "undirected": true, "ell": {"2": {"diameter": 12, "conjugate_isogenous_pairs": 31, "eigenvalues": [2.784032802002554, -2.8118682770156687]}, "3": {"diameter": 8, "conjugate_isogenous_pairs": 41, "eigenvalues": [3.4272024201622115, -3.427195756212737]}, "5": {"diameter": 6, "conjugate_isogenous_pairs": 31, "eigenvalues": [4.367048218025743, -4.310557800135802]}, "7": {"diameter": 5, "conjugate_isogenous_pairs": 34, "eigenvalues": [5.249187930390768, -5.223571946755301]}, "11": {"diameter": 4, "conjugate_isogenous_pairs": 85, "eigenvalues": [6.394113730664504, -6.468656501218076]}}}