{"prime": 28771, "nodes": 2398, "minpoly": "x^2 + 28767*x + 2", "spine": 50, "undirected": false, "ell": {"2": {"diameter": 15, "conjugate_isogenous_pairs": 43, "eigenvalues": [2.8204347609516978, -2.821735605920136]}, "3": {"diameter": 11, "conjugate_isogenous_pairs": 56, "eigenvalues": [3.454486982037739, -3.4572789331925105]}, "5": {"diameter": 7, "conjugate_isogenous_pairs": 236, "eigenvalues": [4.4393920670966285, -4.470313912709743]}, "7": {"diameter": 6, "conjugate_isogenous_pairs": 44, "eigenvalues": [5.212559320522231, -5.247765459778088]}, "11": {"diameter": 5, "conjugate_isogenous_pairs": 140, "eigenvalues": [6.580368154277224, -6.58110739793635]}}}