{"prime": 5099, "nodes": 426, "minpoly": "x^2 + 5098*x + 2", "spine": 78, "undirected": false, "ell": {"2": {"diameter": 12, "conjugate_isogenous_pairs": 8, "eigenvalues": [2.8096581185718246, -2.813933196185407]}, "3": {"diameter": 8, "conjugate_isogenous_pairs": 13, "eigenvalues": [3.4271117712272696, -3.4018703650756312]}, "5": {"diameter": 6, "conjugate_isogenous_pairs": 27, "eigenvalues": [4.439678338871226, -4.433187162356036]}, "7": {"diameter": 5, "conjugate_isogenous_pairs": 33, "eigenvalues": [5.238481448118671, -5.193374658354255]}, "11": {"diameter": 4, "conjugate_isogenous_pairs": 29, "eigenvalues": [6.437594399287403, -6.596156828039708]}}}