{"prime": 3167, "nodes": 265, "minpoly": "x^2 + 3164*x + 5", "spine": 53, "undirected": false, "ell": {"2": {"diameter": 12, "conjugate_isogenous_pairs": 8, "eigenvalues": [2.793369155659446, -2.805842050583905]}, "3": {"diameter": 9, "conjugate_isogenous_pairs": 11, "eigenvalues": [3.3728169653583295, -3.416605358357756]}, "5": {"diameter": 6, "conjugate_isogenous_pairs": 22, "eigenvalues": [4.3926828074327355, -4.3159224744208515]}, "7": {"diameter": 5, "conjugate_isogenous_pairs": 38, "eigenvalues": [5.238572214879242, -5.274764248289763]}, "11": {"diameter": 4, "conjugate_isogenous_pairs": 21, "eigenvalues": [6.450994809766176, -6.389843573751065]}}}