{"prime": 277, "nodes": 23, "minpoly": "x^2 + 274*x + 5", "spine": 3, "undirected": true, "ell": {"2": {"diameter": 5, "conjugate_isogenous_pairs": 4, "eigenvalues": [2.57369337832269, -2.66794117747253]}, "3": {"diameter": 5, "conjugate_isogenous_pairs": 9, "eigenvalues": [3.4018028236834295, -3.228346654295501]}, "5": {"diameter": 3, "conjugate_isogenous_pairs": 8, "eigenvalues": [3.903795336391207, -3.59544908779654]}, "7": {"diameter": 3, "conjugate_isogenous_pairs": 6, "eigenvalues": [3.6883121391163156, -3.9999999999999933]}, "11": {"diameter": 2, "conjugate_isogenous_pairs": 8, "eigenvalues": [5.481194304092026, -6.182202431044293]}}}