{"prime": 10939, "nodes": 912, "minpoly": "x^2 + 10934*x + 3", "spine": 54, "undirected": false, "ell": {"2": {"diameter": 13, "conjugate_isogenous_pairs": 44, "eigenvalues": [2.825417711265836, -2.822307558458868]}, "3": {"diameter": 9, "conjugate_isogenous_pairs": 15, "eigenvalues": [3.452120828235451, -3.4380096177466797]}, "5": {"diameter": 6, "conjugate_isogenous_pairs": 99, "eigenvalues": [4.4386269361377355, -4.406037194779922]}, "7": {"diameter": 5, "conjugate_isogenous_pairs": 31, "eigenvalues": [5.283122391877992, -5.16760816657893]}, "11": {"diameter": 5, "conjugate_isogenous_pairs": 94, "eigenvalues": [6.5921309014657945, -6.58735497345358]}}}