{"prime": 10253, "nodes": 855, "minpoly": "x^2 + 10252*x + 2", "spine": 55, "undirected": false, "ell": {"2": {"diameter": 14, "conjugate_isogenous_pairs": 19, "eigenvalues": [2.824570293013451, -2.8090004831029756]}, "3": {"diameter": 9, "conjugate_isogenous_pairs": 43, "eigenvalues": [3.424696985850995, -3.4106612352581975]}, "5": {"diameter": 7, "conjugate_isogenous_pairs": 19, "eigenvalues": [4.404932948130812, -4.45417445367006]}, "7": {"diameter": 6, "conjugate_isogenous_pairs": 108, "eigenvalues": [5.262824762225088, -5.230316505248457]}, "11": {"diameter": 5, "conjugate_isogenous_pairs": 70, "eigenvalues": [6.596388374232345, -6.515342501147801]}}}