{"prime": 9749, "nodes": 813, "minpoly": "x^2 + 9748*x + 2", "spine": 81, "undirected": false, "ell": {"2": {"diameter": 13, "conjugate_isogenous_pairs": 19, "eigenvalues": [2.823349599787042, -2.8249716042415134]}, "3": {"diameter": 9, "conjugate_isogenous_pairs": 30, "eigenvalues": [3.457734685755682, -3.4576385588958316]}, "5": {"diameter": 6, "conjugate_isogenous_pairs": 21, "eigenvalues": [4.4325226213023, -4.399339948693317]}, "7": {"diameter": 6, "conjugate_isogenous_pairs": 69, "eigenvalues": [5.2808615693402245, -5.2607258114014845]}, "11": {"diameter": 5, "conjugate_isogenous_pairs": 67, "eigenvalues": [6.558001331559743, -6.410698179524633]}}}