{"prime": 22123, "nodes": 1844, "minpoly": "x^2 + 22122*x + 2", "spine": 54, "undirected": false, "ell": {"2": {"diameter": 15, "conjugate_isogenous_pairs": 59, "eigenvalues": [2.8201326738072785, -2.8264293866130363]}, "3": {"diameter": 10, "conjugate_isogenous_pairs": 68, "eigenvalues": [3.446988067284637, -3.436935989642742]}, "5": {"diameter": 7, "conjugate_isogenous_pairs": 127, "eigenvalues": [4.45552672238409, -4.4493624766127144]}, "7": {"diameter": 6, "conjugate_isogenous_pairs": 49, "eigenvalues": [5.208083150313834, -5.224727808801697]}, "11": {"diameter": 5, "conjugate_isogenous_pairs": 89, "eigenvalues": [6.595203069006785, -6.586702865832973]}}}