{"prime": 10211, "nodes": 852, "minpoly": "x^2 + 10210*x + 6", "spine": 86, "undirected": false, "ell": {"2": {"diameter": 14, "conjugate_isogenous_pairs": 17, "eigenvalues": [2.814752005292381, -2.823837388692614]}, "3": {"diameter": 9, "conjugate_isogenous_pairs": 18, "eigenvalues": [3.45694973297637, -3.4356988241957462]}, "5": {"diameter": 6, "conjugate_isogenous_pairs": 41, "eigenvalues": [4.416416537540662, -4.421897328013431]}, "7": {"diameter": 6, "conjugate_isogenous_pairs": 60, "eigenvalues": [5.204053152279222, -5.273850390142938]}, "11": {"diameter": 5, "conjugate_isogenous_pairs": 65, "eigenvalues": [6.577897211630871, -6.631153828137715]}}}