{"prime": 3671, "nodes": 307, "minpoly": "x^2 + 3667*x + 13", "spine": 81, "undirected": false, "ell": {"2": {"diameter": 12, "conjugate_isogenous_pairs": 11, "eigenvalues": [2.794667608706395, -2.8229362324275473]}, "3": {"diameter": 8, "conjugate_isogenous_pairs": 11, "eigenvalues": [3.4513282639547342, -3.422918143822046]}, "5": {"diameter": 6, "conjugate_isogenous_pairs": 16, "eigenvalues": [4.423425296363392, -4.418634899937584]}, "7": {"diameter": 5, "conjugate_isogenous_pairs": 24, "eigenvalues": [5.085271146073778, -5.226755417771234]}, "11": {"diameter": 4, "conjugate_isogenous_pairs": 22, "eigenvalues": [6.41412036386266, -6.583822818054316]}}}