{"prime": 4523, "nodes": 378, "minpoly": "x^2 + 4520*x + 5", "spine": 42, "undirected": false, "ell": {"2": {"diameter": 12, "conjugate_isogenous_pairs": 10, "eigenvalues": [2.8018947433528165, -2.8146684930482806]}, "3": {"diameter": 8, "conjugate_isogenous_pairs": 32, "eigenvalues": [3.441048084174803, -3.4502150525200443]}, "5": {"diameter": 6, "conjugate_isogenous_pairs": 31, "eigenvalues": [4.459263484787917, -4.432917045826499]}, "7": {"diameter": 5, "conjugate_isogenous_pairs": 33, "eigenvalues": [5.224814411798989, -5.127887321058604]}, "11": {"diameter": 4, "conjugate_isogenous_pairs": 13, "eigenvalues": [6.512036206560746, -6.543649915749066]}}}