{"prime": 8761, "nodes": 730, "minpoly": "x^2 + 8758*x + 23", "spine": 26, "undirected": true, "ell": {"2": {"diameter": 12, "conjugate_isogenous_pairs": 24, "eigenvalues": [2.819317439039813, -2.8158408628182516]}, "3": {"diameter": 8, "conjugate_isogenous_pairs": 36, "eigenvalues": [3.435333925786965, -3.4608589963870324]}, "5": {"diameter": 6, "conjugate_isogenous_pairs": 40, "eigenvalues": [4.444004380593048, -4.463265451412484]}, "7": {"diameter": 5, "conjugate_isogenous_pairs": 46, "eigenvalues": [5.186305807356253, -5.266442166805973]}, "11": {"diameter": 4, "conjugate_isogenous_pairs": 116, "eigenvalues": [6.5996992957242115, -6.579744179654561]}}}