{"prime": 11833, "nodes": 986, "minpoly": "x^2 + 11832*x + 5", "spine": 40, "undirected": true, "ell": {"2": {"diameter": 14, "conjugate_isogenous_pairs": 43, "eigenvalues": [2.816194848355978, -2.8226761500386637]}, "3": {"diameter": 9, "conjugate_isogenous_pairs": 46, "eigenvalues": [3.4573196342687926, -3.4458463884643606]}, "5": {"diameter": 6, "conjugate_isogenous_pairs": 54, "eigenvalues": [4.458871112963941, -4.462883872492247]}, "7": {"diameter": 5, "conjugate_isogenous_pairs": 63, "eigenvalues": [5.243612362886939, -5.24270655283301]}, "11": {"diameter": 5, "conjugate_isogenous_pairs": 83, "eigenvalues": [6.5931674722816105, -6.568159752092347]}}}