{"prime": 22807, "nodes": 1901, "minpoly": "x^2 + 22805*x + 3", "spine": 37, "undirected": false, "ell": {"2": {"diameter": 14, "conjugate_isogenous_pairs": 65, "eigenvalues": [2.8223210182369303, -2.8195624344401597]}, "3": {"diameter": 10, "conjugate_isogenous_pairs": 53, "eigenvalues": [3.4451576109895337, -3.4516495718508127]}, "5": {"diameter": 7, "conjugate_isogenous_pairs": 123, "eigenvalues": [4.419571858489502, -4.4455387922130996]}, "7": {"diameter": 6, "conjugate_isogenous_pairs": 77, "eigenvalues": [5.287637026684093, -5.287309146639813]}, "11": {"diameter": 5, "conjugate_isogenous_pairs": 84, "eigenvalues": [6.594438076655011, -6.6092512797807865]}}}