{"prime": 2897, "nodes": 242, "minpoly": "x^2 + 2891*x + 3", "spine": 18, "undirected": false, "ell": {"2": {"diameter": 11, "conjugate_isogenous_pairs": 16, "eigenvalues": [2.8006175980138774, -2.8161341170553804]}, "3": {"diameter": 7, "conjugate_isogenous_pairs": 24, "eigenvalues": [3.3551695194849565, -3.310915209476173]}, "5": {"diameter": 6, "conjugate_isogenous_pairs": 11, "eigenvalues": [4.416843113396924, -4.376247331090183]}, "7": {"diameter": 5, "conjugate_isogenous_pairs": 73, "eigenvalues": [5.245378513658324, -5.224782830930686]}, "11": {"diameter": 4, "conjugate_isogenous_pairs": 26, "eigenvalues": [6.442271810350571, -6.395728314636713]}}}