{"prime": 26539, "nodes": 2212, "minpoly": "x^2 + 26535*x + 2", "spine": 78, "undirected": false, "ell": {"2": {"diameter": 15, "conjugate_isogenous_pairs": 43, "eigenvalues": [2.827660666051308, -2.82349974878544]}, "3": {"diameter": 9, "conjugate_isogenous_pairs": 36, "eigenvalues": [3.4497793614570025, -3.447266657349303]}, "5": {"diameter": 7, "conjugate_isogenous_pairs": 222, "eigenvalues": [4.469709424305634, -4.438987862221724]}, "7": {"diameter": 6, "conjugate_isogenous_pairs": 39, "eigenvalues": [5.277143742750396, -5.272335975222138]}, "11": {"diameter": 5, "conjugate_isogenous_pairs": 139, "eigenvalues": [6.617366586588296, -6.56922611942067]}}}