{"prime": 797, "nodes": 67, "minpoly": "x^2 + 793*x + 2", "spine": 15, "undirected": false, "ell": {"2": {"diameter": 9, "conjugate_isogenous_pairs": 7, "eigenvalues": [2.8050323668056016, -2.703013844894409]}, "3": {"diameter": 6, "conjugate_isogenous_pairs": 13, "eigenvalues": [3.2887636598470045, -3.360390859550828]}, "5": {"diameter": 4, "conjugate_isogenous_pairs": 5, "eigenvalues": [4.103190606470903, -4.307919434509404]}, "7": {"diameter": 4, "conjugate_isogenous_pairs": 18, "eigenvalues": [4.980164831779284, -5.0282601830110245]}, "11": {"diameter": 3, "conjugate_isogenous_pairs": 10, "eigenvalues": [6.109587153032461, -6.48268594853511]}}}