{"prime": 5227, "nodes": 436, "minpoly": "x^2 + 5226*x + 2", "spine": 30, "undirected": false, "ell": {"2": {"diameter": 13, "conjugate_isogenous_pairs": 27, "eigenvalues": [2.815370326069769, -2.8172231492475484]}, "3": {"diameter": 8, "conjugate_isogenous_pairs": 24, "eigenvalues": [3.4357845474613424, -3.4247677145499833]}, "5": {"diameter": 6, "conjugate_isogenous_pairs": 65, "eigenvalues": [4.449757484670162, -4.450759522351383]}, "7": {"diameter": 5, "conjugate_isogenous_pairs": 21, "eigenvalues": [5.140150993461253, -5.147294321974574]}, "11": {"diameter": 4, "conjugate_isogenous_pairs": 41, "eigenvalues": [6.499630815469517, -6.622347452607695]}}}