{"prime": 26627, "nodes": 2220, "minpoly": "x^2 + 26626*x + 2", "spine": 122, "undirected": false, "ell": {"2": {"diameter": 16, "conjugate_isogenous_pairs": 30, "eigenvalues": [2.8232095197274942, -2.824335940705778]}, "3": {"diameter": 10, "conjugate_isogenous_pairs": 49, "eigenvalues": [3.4506611241148835, -3.4574267827943093]}, "5": {"diameter": 8, "conjugate_isogenous_pairs": 96, "eigenvalues": [4.467313240297178, -4.457621891695663]}, "7": {"diameter": 6, "conjugate_isogenous_pairs": 126, "eigenvalues": [5.252026445623146, -5.255931778660329]}, "11": {"diameter": 5, "conjugate_isogenous_pairs": 57, "eigenvalues": [6.584354593156312, -6.60289655617937]}}}