{"prime": 3499, "nodes": 292, "minpoly": "x^2 + 3498*x + 2", "spine": 22, "undirected": false, "ell": {"2": {"diameter": 11, "conjugate_isogenous_pairs": 18, "eigenvalues": [2.791145139091277, -2.822199138467938]}, "3": {"diameter": 8, "conjugate_isogenous_pairs": 11, "eigenvalues": [3.444177565072012, -3.409663770488003]}, "5": {"diameter": 6, "conjugate_isogenous_pairs": 54, "eigenvalues": [4.449040534162741, -4.355491885614056]}, "7": {"diameter": 5, "conjugate_isogenous_pairs": 22, "eigenvalues": [5.110916406969399, -5.173258255547201]}, "11": {"diameter": 4, "conjugate_isogenous_pairs": 68, "eigenvalues": [6.5967488181769, -6.576791815498346]}}}