{"prime": 24083, "nodes": 2008, "minpoly": "x^2 + 24082*x + 2", "spine": 98, "undirected": false, "ell": {"2": {"diameter": 15, "conjugate_isogenous_pairs": 36, "eigenvalues": [2.8147260776999503, -2.8238587565918003]}, "3": {"diameter": 11, "conjugate_isogenous_pairs": 36, "eigenvalues": [3.438345153011497, -3.4618795098190667]}, "5": {"diameter": 7, "conjugate_isogenous_pairs": 83, "eigenvalues": [4.447658810256368, -4.447862426973099]}, "7": {"diameter": 6, "conjugate_isogenous_pairs": 165, "eigenvalues": [5.248879141977535, -5.256816736203392]}, "11": {"diameter": 5, "conjugate_isogenous_pairs": 62, "eigenvalues": [6.627703143095038, -6.577078498250215]}}}