{"prime": 443, "nodes": 38, "minpoly": "x^2 + 437*x + 2", "spine": 10, "undirected": false, "ell": {"2": {"diameter": 7, "conjugate_isogenous_pairs": 4, "eigenvalues": [2.551928986920153, -2.7767659261780855]}, "3": {"diameter": 5, "conjugate_isogenous_pairs": 7, "eigenvalues": [3.0931621034466916, -3.300600729573181]}, "5": {"diameter": 4, "conjugate_isogenous_pairs": 8, "eigenvalues": [4.000000000000002, -4.376594796462175]}, "7": {"diameter": 3, "conjugate_isogenous_pairs": 10, "eigenvalues": [4.795550675345855, -4.499272074835671]}, "11": {"diameter": 3, "conjugate_isogenous_pairs": 5, "eigenvalues": [5.143581511295735, -6.540559851340547]}}}