{"prime": 2593, "nodes": 216, "minpoly": "x^2 + 2586*x + 7", "spine": 12, "undirected": true, "ell": {"2": {"diameter": 12, "conjugate_isogenous_pairs": 26, "eigenvalues": [2.8156828607811284, -2.7960274456204837]}, "3": {"diameter": 7, "conjugate_isogenous_pairs": 22, "eigenvalues": [3.4483242924897666, -3.3757656493697406]}, "5": {"diameter": 5, "conjugate_isogenous_pairs": 21, "eigenvalues": [4.444621955474506, -4.240053925810305]}, "7": {"diameter": 4, "conjugate_isogenous_pairs": 29, "eigenvalues": [5.136233480208903, -5.148479201058709]}, "11": {"diameter": 4, "conjugate_isogenous_pairs": 43, "eigenvalues": [6.604695790706918, -6.3852891208511275]}}}