{"prime": 17881, "nodes": 1490, "minpoly": "x^2 + 17878*x + 7", "spine": 46, "undirected": true, "ell": {"2": {"diameter": 14, "conjugate_isogenous_pairs": 45, "eigenvalues": [2.8209110138950573, -2.825684307692258]}, "3": {"diameter": 9, "conjugate_isogenous_pairs": 39, "eigenvalues": [3.4440809039324223, -3.445185968477943]}, "5": {"diameter": 7, "conjugate_isogenous_pairs": 80, "eigenvalues": [4.437311110541339, -4.442762526162173]}, "7": {"diameter": 5, "conjugate_isogenous_pairs": 60, "eigenvalues": [5.288755451597996, -5.2385710344648855]}, "11": {"diameter": 5, "conjugate_isogenous_pairs": 227, "eigenvalues": [6.561452243043988, -6.611205686429317]}}}