{"prime": 601, "nodes": 50, "minpoly": "x^2 + 598*x + 7", "spine": 10, "undirected": true, "ell": {"2": {"diameter": 7, "conjugate_isogenous_pairs": 5, "eigenvalues": [2.687197727937961, -2.750569183888886]}, "3": {"diameter": 5, "conjugate_isogenous_pairs": 7, "eigenvalues": [3.272791597086621, -3.3964926303541825]}, "5": {"diameter": 4, "conjugate_isogenous_pairs": 10, "eigenvalues": [4.11687962319032, -4.344432997724144]}, "7": {"diameter": 4, "conjugate_isogenous_pairs": 11, "eigenvalues": [5.202052845398062, -4.98396670379758]}, "11": {"diameter": 3, "conjugate_isogenous_pairs": 18, "eigenvalues": [5.529331822842215, -6.1537363925142285]}}}