{"prime": 6827, "nodes": 570, "minpoly": "x^2 + 6823*x + 2", "spine": 34, "undirected": false, "ell": {"2": {"diameter": 13, "conjugate_isogenous_pairs": 16, "eigenvalues": [2.8107341395581913, -2.8109073376190628]}, "3": {"diameter": 9, "conjugate_isogenous_pairs": 38, "eigenvalues": [3.4544762747100997, -3.4575992791099024]}, "5": {"diameter": 6, "conjugate_isogenous_pairs": 56, "eigenvalues": [4.41739812248096, -4.4513296377148235]}, "7": {"diameter": 5, "conjugate_isogenous_pairs": 45, "eigenvalues": [5.213033451935468, -5.276638276976563]}, "11": {"diameter": 4, "conjugate_isogenous_pairs": 22, "eigenvalues": [6.494646588019854, -6.572089087629011]}}}