{"prime": 9011, "nodes": 752, "minpoly": "x^2 + 9005*x + 2", "spine": 66, "undirected": false, "ell": {"2": {"diameter": 14, "conjugate_isogenous_pairs": 13, "eigenvalues": [2.8076312273772626, -2.814436398659547]}, "3": {"diameter": 9, "conjugate_isogenous_pairs": 23, "eigenvalues": [3.4475926136805692, -3.4358178580291656]}, "5": {"diameter": 7, "conjugate_isogenous_pairs": 68, "eigenvalues": [4.412087241545423, -4.466060286925904]}, "7": {"diameter": 6, "conjugate_isogenous_pairs": 45, "eigenvalues": [5.226523293707084, -5.177989237990764]}, "11": {"diameter": 5, "conjugate_isogenous_pairs": 40, "eigenvalues": [6.577276875644593, -6.5320368429297755]}}}