{"prime": 20443, "nodes": 1704, "minpoly": "x^2 + 20442*x + 2", "spine": 46, "undirected": false, "ell": {"2": {"diameter": 15, "conjugate_isogenous_pairs": 89, "eigenvalues": [2.82506687466291, -2.8237416688954036]}, "3": {"diameter": 9, "conjugate_isogenous_pairs": 33, "eigenvalues": [3.4399761119709256, -3.458128497526533]}, "5": {"diameter": 7, "conjugate_isogenous_pairs": 105, "eigenvalues": [4.40404897562642, -4.414416249615309]}, "7": {"diameter": 6, "conjugate_isogenous_pairs": 48, "eigenvalues": [5.2840570318877, -5.268594900910341]}, "11": {"diameter": 5, "conjugate_isogenous_pairs": 117, "eigenvalues": [6.626423288165082, -6.591943817646434]}}}