{"prime": 24049, "nodes": 2004, "minpoly": "x^2 + 24046*x + 19", "spine": 46, "undirected": true, "ell": {"2": {"diameter": 14, "conjugate_isogenous_pairs": 37, "eigenvalues": [2.8255816362897335, -2.827222759829341]}, "3": {"diameter": 10, "conjugate_isogenous_pairs": 56, "eigenvalues": [3.456733102823886, -3.443097341019893]}, "5": {"diameter": 7, "conjugate_isogenous_pairs": 86, "eigenvalues": [4.422050800519224, -4.443938292424017]}, "7": {"diameter": 6, "conjugate_isogenous_pairs": 80, "eigenvalues": [5.281365493019806, -5.257742581854364]}, "11": {"diameter": 5, "conjugate_isogenous_pairs": 185, "eigenvalues": [6.6188393936294005, -6.610562530926887]}}}