{"prime": 8699, "nodes": 726, "minpoly": "x^2 + 8694*x + 2", "spine": 70, "undirected": false, "ell": {"2": {"diameter": 13, "conjugate_isogenous_pairs": 16, "eigenvalues": [2.816306113294934, -2.8278050919624453]}, "3": {"diameter": 9, "conjugate_isogenous_pairs": 20, "eigenvalues": [3.4337633245356756, -3.438979842740931]}, "5": {"diameter": 6, "conjugate_isogenous_pairs": 32, "eigenvalues": [4.402463097964869, -4.361636936634126]}, "7": {"diameter": 6, "conjugate_isogenous_pairs": 58, "eigenvalues": [5.164750513511277, -5.224976015195732]}, "11": {"diameter": 5, "conjugate_isogenous_pairs": 59, "eigenvalues": [6.4544127541392164, -6.592685859495998]}}}