{"prime": 7079, "nodes": 591, "minpoly": "x^2 + 7077*x + 7", "spine": 85, "undirected": false, "ell": {"2": {"diameter": 13, "conjugate_isogenous_pairs": 8, "eigenvalues": [2.8266187455617184, -2.80893265455989]}, "3": {"diameter": 9, "conjugate_isogenous_pairs": 25, "eigenvalues": [3.448132336855414, -3.418321902487459]}, "5": {"diameter": 7, "conjugate_isogenous_pairs": 35, "eigenvalues": [4.442583246593564, -4.424429393459958]}, "7": {"diameter": 6, "conjugate_isogenous_pairs": 39, "eigenvalues": [5.224746990412646, -5.267006567161049]}, "11": {"diameter": 5, "conjugate_isogenous_pairs": 37, "eigenvalues": [6.623850807497806, -6.4527427886348905]}}}