{"prime": 17791, "nodes": 1483, "minpoly": "x^2 + 17789*x + 3", "spine": 49, "undirected": false, "ell": {"2": {"diameter": 14, "conjugate_isogenous_pairs": 41, "eigenvalues": [2.82497516632232, -2.822908871772674]}, "3": {"diameter": 9, "conjugate_isogenous_pairs": 26, "eigenvalues": [3.440914256720615, -3.451972352299042]}, "5": {"diameter": 7, "conjugate_isogenous_pairs": 93, "eigenvalues": [4.426536577135008, -4.438544183476922]}, "7": {"diameter": 6, "conjugate_isogenous_pairs": 40, "eigenvalues": [5.232179260485828, -5.253803500496258]}, "11": {"diameter": 5, "conjugate_isogenous_pairs": 128, "eigenvalues": [6.614107350495684, -6.61258043122087]}}}