{"prime": 15559, "nodes": 1297, "minpoly": "x^2 + 15557*x + 3", "spine": 73, "undirected": false, "ell": {"2": {"diameter": 14, "conjugate_isogenous_pairs": 57, "eigenvalues": [2.8147974248936074, -2.8248447655943276]}, "3": {"diameter": 10, "conjugate_isogenous_pairs": 20, "eigenvalues": [3.4477773277582666, -3.452508297586309]}, "5": {"diameter": 7, "conjugate_isogenous_pairs": 76, "eigenvalues": [4.450774957952599, -4.427998041103581]}, "7": {"diameter": 6, "conjugate_isogenous_pairs": 29, "eigenvalues": [5.258143734863724, -5.238935978547708]}, "11": {"diameter": 5, "conjugate_isogenous_pairs": 118, "eigenvalues": [6.587266777654995, -6.591818688251371]}}}