{"prime": 27779, "nodes": 2316, "minpoly": "x^2 + 27778*x + 2", "spine": 118, "undirected": false, "ell": {"2": {"diameter": 15, "conjugate_isogenous_pairs": 35, "eigenvalues": [2.8276057279009437, -2.8257049797212734]}, "3": {"diameter": 10, "conjugate_isogenous_pairs": 24, "eigenvalues": [3.440780256181411, -3.443672875947588]}, "5": {"diameter": 7, "conjugate_isogenous_pairs": 68, "eigenvalues": [4.462074592634485, -4.443341878248111]}, "7": {"diameter": 6, "conjugate_isogenous_pairs": 91, "eigenvalues": [5.263267261325408, -5.275470443861843]}, "11": {"diameter": 5, "conjugate_isogenous_pairs": 101, "eigenvalues": [6.621358288030715, -6.61119621117574]}}}