{"prime": 4789, "nodes": 399, "minpoly": "x^2 + 4784*x + 2", "spine": 15, "undirected": true, "ell": {"2": {"diameter": 11, "conjugate_isogenous_pairs": 21, "eigenvalues": [2.8193243271951554, -2.7983081284583147]}, "3": {"diameter": 8, "conjugate_isogenous_pairs": 34, "eigenvalues": [3.441908801933829, -3.364056893968977]}, "5": {"diameter": 6, "conjugate_isogenous_pairs": 43, "eigenvalues": [4.433230325898248, -4.349735977516177]}, "7": {"diameter": 5, "conjugate_isogenous_pairs": 30, "eigenvalues": [5.195103973017441, -5.222969065689631]}, "11": {"diameter": 4, "conjugate_isogenous_pairs": 94, "eigenvalues": [6.568031791477031, -6.598870737778572]}}}