{"prime": 14051, "nodes": 1172, "minpoly": "x^2 + 14047*x + 2", "spine": 82, "undirected": false, "ell": {"2": {"diameter": 14, "conjugate_isogenous_pairs": 17, "eigenvalues": [2.8160152225140185, -2.806131533822654]}, "3": {"diameter": 10, "conjugate_isogenous_pairs": 24, "eigenvalues": [3.4546885662466447, -3.459173351766054]}, "5": {"diameter": 7, "conjugate_isogenous_pairs": 48, "eigenvalues": [4.449794258836711, -4.456702505862336]}, "7": {"diameter": 6, "conjugate_isogenous_pairs": 71, "eigenvalues": [5.271497603897615, -5.273951499523735]}, "11": {"diameter": 5, "conjugate_isogenous_pairs": 61, "eigenvalues": [6.537019812559404, -6.568037324303493]}}}