{"prime": 29803, "nodes": 2484, "minpoly": "x^2 + 29801*x + 7", "spine": 38, "undirected": false, "ell": {"2": {"diameter": 15, "conjugate_isogenous_pairs": 86, "eigenvalues": [2.8243735853436123, -2.824399513833584]}, "3": {"diameter": 10, "conjugate_isogenous_pairs": 56, "eigenvalues": [3.447749407014317, -3.4575276715010834]}, "5": {"diameter": 7, "conjugate_isogenous_pairs": 207, "eigenvalues": [4.46165743625741, -4.457399755610802]}, "7": {"diameter": 6, "conjugate_isogenous_pairs": 84, "eigenvalues": [5.25894617202591, -5.285726423062983]}, "11": {"diameter": 5, "conjugate_isogenous_pairs": 86, "eigenvalues": [6.546654215483018, -6.600481188669796]}}}