{"prime": 17341, "nodes": 1445, "minpoly": "x^2 + 17340*x + 6", "spine": 47, "undirected": true, "ell": {"2": {"diameter": 13, "conjugate_isogenous_pairs": 34, "eigenvalues": [2.8218136861192993, -2.8200910713525023]}, "3": {"diameter": 9, "conjugate_isogenous_pairs": 60, "eigenvalues": [3.4135704789875656, -3.447110434157715]}, "5": {"diameter": 6, "conjugate_isogenous_pairs": 64, "eigenvalues": [4.452497514082385, -4.468431280844698]}, "7": {"diameter": 6, "conjugate_isogenous_pairs": 47, "eigenvalues": [5.2519357282564325, -5.227119840918049]}, "11": {"diameter": 5, "conjugate_isogenous_pairs": 169, "eigenvalues": [6.601749326065437, -6.610869481049263]}}}