{"prime": 16741, "nodes": 1395, "minpoly": "x^2 + 16740*x + 6", "spine": 45, "undirected": true, "ell": {"2": {"diameter": 13, "conjugate_isogenous_pairs": 24, "eigenvalues": [2.821842778525885, -2.8157597051494836]}, "3": {"diameter": 9, "conjugate_isogenous_pairs": 83, "eigenvalues": [3.451940629697742, -3.4590186791546174]}, "5": {"diameter": 6, "conjugate_isogenous_pairs": 78, "eigenvalues": [4.469680141834566, -4.453740754211994]}, "7": {"diameter": 5, "conjugate_isogenous_pairs": 35, "eigenvalues": [5.2738001227195594, -5.237702424525274]}, "11": {"diameter": 5, "conjugate_isogenous_pairs": 175, "eigenvalues": [6.605357636053891, -6.582010707558949]}}}