{"prime": 20663, "nodes": 1723, "minpoly": "x^2 + 20655*x + 5", "spine": 127, "undirected": false, "ell": {"2": {"diameter": 15, "conjugate_isogenous_pairs": 43, "eigenvalues": [2.8207613264526348, -2.8233358678798894]}, "3": {"diameter": 10, "conjugate_isogenous_pairs": 32, "eigenvalues": [3.4405389457661206, -3.4519975247296157]}, "5": {"diameter": 8, "conjugate_isogenous_pairs": 39, "eigenvalues": [4.451490077171458, -4.470496720081734]}, "7": {"diameter": 6, "conjugate_isogenous_pairs": 134, "eigenvalues": [5.289441780943123, -5.279444579778752]}, "11": {"diameter": 5, "conjugate_isogenous_pairs": 49, "eigenvalues": [6.631779249419511, -6.487902988434859]}}}