{"prime": 6763, "nodes": 564, "minpoly": "x^2 + 6758*x + 2", "spine": 18, "undirected": false, "ell": {"2": {"diameter": 12, "conjugate_isogenous_pairs": 23, "eigenvalues": [2.820808495824817, -2.8168182659615577]}, "3": {"diameter": 8, "conjugate_isogenous_pairs": 28, "eigenvalues": [3.4566315011982103, -3.4361724094570336]}, "5": {"diameter": 6, "conjugate_isogenous_pairs": 96, "eigenvalues": [4.386417211012553, -4.46534350030622]}, "7": {"diameter": 5, "conjugate_isogenous_pairs": 30, "eigenvalues": [5.204849888926258, -5.263972186890384]}, "11": {"diameter": 4, "conjugate_isogenous_pairs": 48, "eigenvalues": [6.529674915448689, -6.558585412524825]}}}