{"prime": 23567, "nodes": 1965, "minpoly": "x^2 + 23562*x + 5", "spine": 111, "undirected": false, "ell": {"2": {"diameter": 15, "conjugate_isogenous_pairs": 50, "eigenvalues": [2.8181262223048504, -2.826583723973993]}, "3": {"diameter": 10, "conjugate_isogenous_pairs": 48, "eigenvalues": [3.4574353346478524, -3.461965097452459]}, "5": {"diameter": 7, "conjugate_isogenous_pairs": 44, "eigenvalues": [4.425487427600225, -4.453057202165599]}, "7": {"diameter": 6, "conjugate_isogenous_pairs": 108, "eigenvalues": [5.278871335247284, -5.23351766041526]}, "11": {"diameter": 5, "conjugate_isogenous_pairs": 60, "eigenvalues": [6.613377155124026, -6.585412891399982]}}}