{"prime": 17123, "nodes": 1428, "minpoly": "x^2 + 17119*x + 2", "spine": 70, "undirected": false, "ell": {"2": {"diameter": 14, "conjugate_isogenous_pairs": 28, "eigenvalues": [2.826712189189793, -2.8177932053931265]}, "3": {"diameter": 10, "conjugate_isogenous_pairs": 48, "eigenvalues": [3.443139699355945, -3.452090953842943]}, "5": {"diameter": 7, "conjugate_isogenous_pairs": 84, "eigenvalues": [4.433030631059448, -4.437911517628064]}, "7": {"diameter": 6, "conjugate_isogenous_pairs": 93, "eigenvalues": [5.198555121940151, -5.223794001347063]}, "11": {"diameter": 5, "conjugate_isogenous_pairs": 30, "eigenvalues": [6.592985116009221, -6.555506997183829]}}}