{"prime": 16007, "nodes": 1335, "minpoly": "x^2 + 16005*x + 5", "spine": 133, "undirected": false, "ell": {"2": {"diameter": 14, "conjugate_isogenous_pairs": 23, "eigenvalues": [2.8156599130479223, -2.8221100696555093]}, "3": {"diameter": 10, "conjugate_isogenous_pairs": 47, "eigenvalues": [3.439935308051122, -3.451504766374269]}, "5": {"diameter": 7, "conjugate_isogenous_pairs": 39, "eigenvalues": [4.444503008169457, -4.446850883435393]}, "7": {"diameter": 6, "conjugate_isogenous_pairs": 91, "eigenvalues": [5.265103495286164, -5.2578586389697115]}, "11": {"diameter": 5, "conjugate_isogenous_pairs": 38, "eigenvalues": [6.622143314554855, -6.492043148642849]}}}