{"prime": 757, "nodes": 63, "minpoly": "x^2 + 753*x + 2", "spine": 5, "undirected": true, "ell": {"2": {"diameter": 8, "conjugate_isogenous_pairs": 11, "eigenvalues": [2.7799206251603583, -2.810417177247298]}, "3": {"diameter": 5, "conjugate_isogenous_pairs": 18, "eigenvalues": [3.3220922896689173, -3.38125168486821]}, "5": {"diameter": 4, "conjugate_isogenous_pairs": 11, "eigenvalues": [4.030328655124991, -4.180980038410385]}, "7": {"diameter": 4, "conjugate_isogenous_pairs": 11, "eigenvalues": [4.82036832114928, -4.862164852301744]}, "11": {"diameter": 3, "conjugate_isogenous_pairs": 15, "eigenvalues": [6.104219875699635, -6.263551119804432]}}}