{"prime": 23027, "nodes": 1920, "minpoly": "x^2 + 23023*x + 2", "spine": 78, "undirected": false, "ell": {"2": {"diameter": 17, "conjugate_isogenous_pairs": 24, "eigenvalues": [2.8261242790292096, -2.8200747434854474]}, "3": {"diameter": 10, "conjugate_isogenous_pairs": 45, "eigenvalues": [3.4431900637231676, -3.452578089577237]}, "5": {"diameter": 7, "conjugate_isogenous_pairs": 71, "eigenvalues": [4.46689192530041, -4.454092224329261]}, "7": {"diameter": 6, "conjugate_isogenous_pairs": 120, "eigenvalues": [5.256148845414645, -5.236156878079603]}, "11": {"diameter": 5, "conjugate_isogenous_pairs": 39, "eigenvalues": [6.585188881505565, -6.599033769568416]}}}