{"prime": 7643, "nodes": 638, "minpoly": "x^2 + 7642*x + 2", "spine": 58, "undirected": false, "ell": {"2": {"diameter": 13, "conjugate_isogenous_pairs": 21, "eigenvalues": [2.809632109785198, -2.81558023299744]}, "3": {"diameter": 9, "conjugate_isogenous_pairs": 26, "eigenvalues": [3.3824843032070993, -3.4405053435501083]}, "5": {"diameter": 7, "conjugate_isogenous_pairs": 28, "eigenvalues": [4.44247867651663, -4.425219869966679]}, "7": {"diameter": 5, "conjugate_isogenous_pairs": 70, "eigenvalues": [5.2669709443397625, -5.232086328340561]}, "11": {"diameter": 4, "conjugate_isogenous_pairs": 25, "eigenvalues": [6.604379200854686, -6.606060868216664]}}}