{"prime": 26921, "nodes": 2244, "minpoly": "x^2 + 26916*x + 13", "spine": 92, "undirected": false, "ell": {"2": {"diameter": 15, "conjugate_isogenous_pairs": 34, "eigenvalues": [2.818290656132978, -2.8229701805367853]}, "3": {"diameter": 10, "conjugate_isogenous_pairs": 37, "eigenvalues": [3.4572215604004737, -3.4513010526603733]}, "5": {"diameter": 7, "conjugate_isogenous_pairs": 42, "eigenvalues": [4.4275537207739415, -4.460109230780744]}, "7": {"diameter": 6, "conjugate_isogenous_pairs": 178, "eigenvalues": [5.2139238733955695, -5.289204309526349]}, "11": {"diameter": 5, "conjugate_isogenous_pairs": 115, "eigenvalues": [6.583509171143441, -6.590339250204964]}}}