{"prime": 6781, "nodes": 565, "minpoly": "x^2 + 6780*x + 2", "spine": 31, "undirected": true, "ell": {"2": {"diameter": 13, "conjugate_isogenous_pairs": 37, "eigenvalues": [2.8145739841972763, -2.8057534711949463]}, "3": {"diameter": 8, "conjugate_isogenous_pairs": 24, "eigenvalues": [3.406819019414633, -3.439391006385863]}, "5": {"diameter": 6, "conjugate_isogenous_pairs": 31, "eigenvalues": [4.450566193474292, -4.4324604968869386]}, "7": {"diameter": 5, "conjugate_isogenous_pairs": 32, "eigenvalues": [5.2860592121906445, -5.213550163444865]}, "11": {"diameter": 4, "conjugate_isogenous_pairs": 134, "eigenvalues": [6.527061101882918, -6.426439234011777]}}}