{"prime": 11831, "nodes": 987, "minpoly": "x^2 + 11829*x + 7", "spine": 139, "undirected": false, "ell": {"2": {"diameter": 14, "conjugate_isogenous_pairs": 10, "eigenvalues": [2.8166666544411596, -2.8155341502040607]}, "3": {"diameter": 9, "conjugate_isogenous_pairs": 27, "eigenvalues": [3.4409351340638294, -3.4475920538184974]}, "5": {"diameter": 7, "conjugate_isogenous_pairs": 47, "eigenvalues": [4.388918854432511, -4.41268139100259]}, "7": {"diameter": 6, "conjugate_isogenous_pairs": 43, "eigenvalues": [5.2085534001975615, -5.214740662882076]}, "11": {"diameter": 5, "conjugate_isogenous_pairs": 40, "eigenvalues": [6.576117444988731, -6.4671891715539775]}}}