{"prime": 3539, "nodes": 296, "minpoly": "x^2 + 3525*x + 2", "spine": 46, "undirected": false, "ell": {"2": {"diameter": 11, "conjugate_isogenous_pairs": 6, "eigenvalues": [2.799624262469819, -2.8011794234524006]}, "3": {"diameter": 8, "conjugate_isogenous_pairs": 21, "eigenvalues": [3.4303035974436122, -3.451948362609715]}, "5": {"diameter": 6, "conjugate_isogenous_pairs": 35, "eigenvalues": [4.40229224441493, -4.392567127195531]}, "7": {"diameter": 5, "conjugate_isogenous_pairs": 21, "eigenvalues": [5.1796996252363385, -5.221027884224427]}, "11": {"diameter": 4, "conjugate_isogenous_pairs": 22, "eigenvalues": [6.195255303739297, -6.596213103331964]}}}