{"prime": 5531, "nodes": 462, "minpoly": "x^2 + 5523*x + 10", "spine": 46, "undirected": false, "ell": {"2": {"diameter": 12, "conjugate_isogenous_pairs": 9, "eigenvalues": [2.824267848509369, -2.807710012293151]}, "3": {"diameter": 9, "conjugate_isogenous_pairs": 18, "eigenvalues": [3.4361191711032553, -3.427735145919126]}, "5": {"diameter": 6, "conjugate_isogenous_pairs": 48, "eigenvalues": [4.436959898946846, -4.436226624214515]}, "7": {"diameter": 5, "conjugate_isogenous_pairs": 42, "eigenvalues": [5.2692251018965415, -5.159893591188714]}, "11": {"diameter": 4, "conjugate_isogenous_pairs": 36, "eigenvalues": [6.518775083787985, -6.371616536493349]}}}