{"prime": 3217, "nodes": 268, "minpoly": "x^2 + 3212*x + 5", "spine": 8, "undirected": true, "ell": {"2": {"diameter": 10, "conjugate_isogenous_pairs": 29, "eigenvalues": [2.8119738653243984, -2.809316930966815]}, "3": {"diameter": 7, "conjugate_isogenous_pairs": 26, "eigenvalues": [3.3280717889968443, -3.360223654322228]}, "5": {"diameter": 5, "conjugate_isogenous_pairs": 32, "eigenvalues": [4.324163044936898, -4.3322191202465605]}, "7": {"diameter": 4, "conjugate_isogenous_pairs": 43, "eigenvalues": [5.188288622129804, -5.126649378434625]}, "11": {"diameter": 4, "conjugate_isogenous_pairs": 36, "eigenvalues": [6.623097163386222, -6.5417488099225904]}}}