{"prime": 6637, "nodes": 553, "minpoly": "x^2 + 6633*x + 2", "spine": 11, "undirected": true, "ell": {"2": {"diameter": 12, "conjugate_isogenous_pairs": 37, "eigenvalues": [2.8236957006987895, -2.7902891150583002]}, "3": {"diameter": 8, "conjugate_isogenous_pairs": 56, "eigenvalues": [3.410080221635759, -3.4604398497527007]}, "5": {"diameter": 6, "conjugate_isogenous_pairs": 57, "eigenvalues": [4.341372969278399, -4.411494423875717]}, "7": {"diameter": 5, "conjugate_isogenous_pairs": 56, "eigenvalues": [5.19186002122077, -5.257436844570048]}, "11": {"diameter": 4, "conjugate_isogenous_pairs": 75, "eigenvalues": [6.578947157702104, -6.5200322479969754]}}}