{"prime": 29153, "nodes": 2430, "minpoly": "x^2 + 29147*x + 3", "spine": 72, "undirected": false, "ell": {"2": {"diameter": 15, "conjugate_isogenous_pairs": 55, "eigenvalues": [2.823592248026734, -2.8222535521945415]}, "3": {"diameter": 10, "conjugate_isogenous_pairs": 52, "eigenvalues": [3.4601939891191598, -3.4480315172212133]}, "5": {"diameter": 7, "conjugate_isogenous_pairs": 35, "eigenvalues": [4.446124384202499, -4.447630136535526]}, "7": {"diameter": 6, "conjugate_isogenous_pairs": 273, "eigenvalues": [5.241844633447217, -5.263914241442067]}, "11": {"diameter": 5, "conjugate_isogenous_pairs": 90, "eigenvalues": [6.599614509441764, -6.630477253161506]}}}