{"prime": 6271, "nodes": 523, "minpoly": "x^2 + 6267*x + 11", "spine": 51, "undirected": false, "ell": {"2": {"diameter": 12, "conjugate_isogenous_pairs": 34, "eigenvalues": [2.809720173182643, -2.8050053478579966]}, "3": {"diameter": 8, "conjugate_isogenous_pairs": 14, "eigenvalues": [3.444646421174104, -3.425781339648571]}, "5": {"diameter": 6, "conjugate_isogenous_pairs": 40, "eigenvalues": [4.465141955560811, -4.398828257662705]}, "7": {"diameter": 5, "conjugate_isogenous_pairs": 19, "eigenvalues": [5.142339191533367, -5.2295141937694565]}, "11": {"diameter": 4, "conjugate_isogenous_pairs": 70, "eigenvalues": [6.577895161781249, -6.579723253929239]}}}