{"prime": 29723, "nodes": 2478, "minpoly": "x^2 + 29719*x + 2", "spine": 58, "undirected": false, "ell": {"2": {"diameter": 15, "conjugate_isogenous_pairs": 40, "eigenvalues": [2.8242129974742465, -2.8255513404132078]}, "3": {"diameter": 11, "conjugate_isogenous_pairs": 75, "eigenvalues": [3.4570309198748435, -3.4552611707981002]}, "5": {"diameter": 7, "conjugate_isogenous_pairs": 83, "eigenvalues": [4.467681662546706, -4.4395345918349705]}, "7": {"diameter": 6, "conjugate_isogenous_pairs": 148, "eigenvalues": [5.269404299081714, -5.288869557308485]}, "11": {"diameter": 5, "conjugate_isogenous_pairs": 52, "eigenvalues": [6.626707294672097, -6.538301059012952]}}}