{"prime": 14657, "nodes": 1222, "minpoly": "x^2 + 14652*x + 3", "spine": 42, "undirected": false, "ell": {"2": {"diameter": 14, "conjugate_isogenous_pairs": 32, "eigenvalues": [2.824011554750549, -2.8155724762757353]}, "3": {"diameter": 9, "conjugate_isogenous_pairs": 36, "eigenvalues": [3.4433132207336303, -3.458955755539602]}, "5": {"diameter": 7, "conjugate_isogenous_pairs": 30, "eigenvalues": [4.456298964727087, -4.433789985194618]}, "7": {"diameter": 6, "conjugate_isogenous_pairs": 210, "eigenvalues": [5.265524821552687, -5.20836468409489]}, "11": {"diameter": 5, "conjugate_isogenous_pairs": 77, "eigenvalues": [6.585626683712091, -6.578852512132182]}}}