{"prime": 5591, "nodes": 467, "minpoly": "x^2 + 5589*x + 11", "spine": 99, "undirected": false, "ell": {"2": {"diameter": 13, "conjugate_isogenous_pairs": 13, "eigenvalues": [2.8215916961474345, -2.7907699636940766]}, "3": {"diameter": 9, "conjugate_isogenous_pairs": 12, "eigenvalues": [3.4004916195169503, -3.4540168728893317]}, "5": {"diameter": 6, "conjugate_isogenous_pairs": 17, "eigenvalues": [4.3877058493434165, -4.41251318228495]}, "7": {"diameter": 6, "conjugate_isogenous_pairs": 34, "eigenvalues": [5.230282642488101, -5.197513487061646]}, "11": {"diameter": 5, "conjugate_isogenous_pairs": 27, "eigenvalues": [6.5105800756486225, -6.5577296106399]}}}