{"prime": 19417, "nodes": 1618, "minpoly": "x^2 + 19416*x + 5", "spine": 34, "undirected": true, "ell": {"2": {"diameter": 14, "conjugate_isogenous_pairs": 62, "eigenvalues": [2.8234166140878596, -2.8173064565743795]}, "3": {"diameter": 9, "conjugate_isogenous_pairs": 62, "eigenvalues": [3.457029671502107, -3.4476405046110026]}, "5": {"diameter": 7, "conjugate_isogenous_pairs": 95, "eigenvalues": [4.454892750409389, -4.451337916317557]}, "7": {"diameter": 6, "conjugate_isogenous_pairs": 118, "eigenvalues": [5.221867198479864, -5.251217992152146]}, "11": {"diameter": 5, "conjugate_isogenous_pairs": 123, "eigenvalues": [6.602206090979864, -6.604227271950879]}}}