{"prime": 29819, "nodes": 2486, "minpoly": "x^2 + 29818*x + 6", "spine": 186, "undirected": false, "ell": {"2": {"diameter": 16, "conjugate_isogenous_pairs": 23, "eigenvalues": [2.819410959498267, -2.8265310816699656]}, "3": {"diameter": 10, "conjugate_isogenous_pairs": 34, "eigenvalues": [3.457200490753843, -3.4587195166227644]}, "5": {"diameter": 7, "conjugate_isogenous_pairs": 59, "eigenvalues": [4.462174977412611, -4.448473120981197]}, "7": {"diameter": 6, "conjugate_isogenous_pairs": 83, "eigenvalues": [5.274261732824227, -5.273802180795482]}, "11": {"diameter": 5, "conjugate_isogenous_pairs": 87, "eigenvalues": [6.619098718945308, -6.62543400555378]}}}