{"prime": 24733, "nodes": 2061, "minpoly": "x^2 + 24729*x + 2", "spine": 27, "undirected": true, "ell": {"2": {"diameter": 14, "conjugate_isogenous_pairs": 75, "eigenvalues": [2.8220085865428772, -2.827861817424519]}, "3": {"diameter": 9, "conjugate_isogenous_pairs": 74, "eigenvalues": [3.4303765813265796, -3.4496821541515903]}, "5": {"diameter": 7, "conjugate_isogenous_pairs": 105, "eigenvalues": [4.434459367540614, -4.439790932174495]}, "7": {"diameter": 6, "conjugate_isogenous_pairs": 100, "eigenvalues": [5.261656645441023, -5.272661387091752]}, "11": {"diameter": 5, "conjugate_isogenous_pairs": 195, "eigenvalues": [6.5181710197830345, -6.6256412577315436]}}}