{"prime": 18233, "nodes": 1520, "minpoly": "x^2 + 18232*x + 3", "spine": 66, "undirected": false, "ell": {"2": {"diameter": 14, "conjugate_isogenous_pairs": 35, "eigenvalues": [2.8225955671264873, -2.8232035943341103]}, "3": {"diameter": 10, "conjugate_isogenous_pairs": 59, "eigenvalues": [3.4566431520826906, -3.4403209059481044]}, "5": {"diameter": 7, "conjugate_isogenous_pairs": 33, "eigenvalues": [4.4260836638894165, -4.4437406652162235]}, "7": {"diameter": 6, "conjugate_isogenous_pairs": 188, "eigenvalues": [5.2377555454325675, -5.244228507695745]}, "11": {"diameter": 5, "conjugate_isogenous_pairs": 75, "eigenvalues": [6.566681237821377, -6.616434809390809]}}}