{"prime": 1823, "nodes": 153, "minpoly": "x^2 + 1822*x + 5", "spine": 45, "undirected": false, "ell": {"2": {"diameter": 11, "conjugate_isogenous_pairs": 6, "eigenvalues": [2.7746387924993003, -2.7856054074731937]}, "3": {"diameter": 7, "conjugate_isogenous_pairs": 11, "eigenvalues": [3.4241894025906916, -3.40262979957588]}, "5": {"diameter": 6, "conjugate_isogenous_pairs": 10, "eigenvalues": [4.367567924006109, -4.409886327606157]}, "7": {"diameter": 5, "conjugate_isogenous_pairs": 22, "eigenvalues": [4.900615689693945, -5.182938660556106]}, "11": {"diameter": 4, "conjugate_isogenous_pairs": 12, "eigenvalues": [6.375591893505583, -6.397472006660483]}}}