{"prime": 353, "nodes": 30, "minpoly": "x^2 + 348*x + 3", "spine": 8, "undirected": false, "ell": {"2": {"diameter": 8, "conjugate_isogenous_pairs": 5, "eigenvalues": [2.681330643604978, -2.565107662678679]}, "3": {"diameter": 5, "conjugate_isogenous_pairs": 4, "eigenvalues": [3.1149075414767586, -3.2045773938892146]}, "5": {"diameter": 3, "conjugate_isogenous_pairs": 5, "eigenvalues": [3.7409417424089946, -4.274861146013029]}, "7": {"diameter": 4, "conjugate_isogenous_pairs": 11, "eigenvalues": [5.133301339113933, -4.947116298327747]}, "11": {"diameter": 3, "conjugate_isogenous_pairs": 4, "eigenvalues": [5.713134860839508, -6.298378274486888]}}}