{"prime": 25741, "nodes": 2145, "minpoly": "x^2 + 25737*x + 6", "spine": 43, "undirected": true, "ell": {"2": {"diameter": 14, "conjugate_isogenous_pairs": 34, "eigenvalues": [2.8212486628079394, -2.8248115247037773]}, "3": {"diameter": 9, "conjugate_isogenous_pairs": 76, "eigenvalues": [3.451299149301743, -3.452988428667714]}, "5": {"diameter": 7, "conjugate_isogenous_pairs": 97, "eigenvalues": [4.445456717103917, -4.452762651077294]}, "7": {"diameter": 6, "conjugate_isogenous_pairs": 62, "eigenvalues": [5.272969175826559, -5.22532379113205]}, "11": {"diameter": 5, "conjugate_isogenous_pairs": 300, "eigenvalues": [6.620583950750036, -6.60681089475175]}}}