{"prime": 10369, "nodes": 864, "minpoly": "x^2 + 10358*x + 13", "spine": 36, "undirected": true, "ell": {"2": {"diameter": 13, "conjugate_isogenous_pairs": 28, "eigenvalues": [2.8101347077995595, -2.8110882319276445]}, "3": {"diameter": 8, "conjugate_isogenous_pairs": 35, "eigenvalues": [3.446309098649865, -3.429365283815632]}, "5": {"diameter": 6, "conjugate_isogenous_pairs": 76, "eigenvalues": [4.409907050119683, -4.424190452526259]}, "7": {"diameter": 5, "conjugate_isogenous_pairs": 54, "eigenvalues": [5.248132093214939, -5.282726257959763]}, "11": {"diameter": 4, "conjugate_isogenous_pairs": 88, "eigenvalues": [6.580160916734427, -6.549424071246976]}}}