{"prime": 12347, "nodes": 1030, "minpoly": "x^2 + 12346*x + 2", "spine": 62, "undirected": false, "ell": {"2": {"diameter": 14, "conjugate_isogenous_pairs": 26, "eigenvalues": [2.809355811696917, -2.8101697051915764]}, "3": {"diameter": 10, "conjugate_isogenous_pairs": 40, "eigenvalues": [3.4575876462409143, -3.4525378722384277]}, "5": {"diameter": 7, "conjugate_isogenous_pairs": 36, "eigenvalues": [4.455654375230059, -4.405632200536761]}, "7": {"diameter": 6, "conjugate_isogenous_pairs": 90, "eigenvalues": [5.262850734089114, -5.2387457586755115]}, "11": {"diameter": 5, "conjugate_isogenous_pairs": 36, "eigenvalues": [6.62625008097313, -6.582820870809681]}}}