{"prime": 13729, "nodes": 1144, "minpoly": "x^2 + 13724*x + 23", "spine": 26, "undirected": true, "ell": {"2": {"diameter": 13, "conjugate_isogenous_pairs": 33, "eigenvalues": [2.813756419771159, -2.8166724962501806]}, "3": {"diameter": 9, "conjugate_isogenous_pairs": 52, "eigenvalues": [3.4452385191663657, -3.450943998565204]}, "5": {"diameter": 6, "conjugate_isogenous_pairs": 57, "eigenvalues": [4.418005059307181, -4.453226734654226]}, "7": {"diameter": 5, "conjugate_isogenous_pairs": 59, "eigenvalues": [5.251048516613934, -5.2726773666001465]}, "11": {"diameter": 4, "conjugate_isogenous_pairs": 104, "eigenvalues": [6.619627833388398, -6.587819883473619]}}}