{"prime": 2861, "nodes": 239, "minpoly": "x^2 + 2857*x + 2", "spine": 33, "undirected": false, "ell": {"2": {"diameter": 12, "conjugate_isogenous_pairs": 8, "eigenvalues": [2.8083656714542937, -2.812639725450772]}, "3": {"diameter": 8, "conjugate_isogenous_pairs": 22, "eigenvalues": [3.3906514778777495, -3.3834970576312733]}, "5": {"diameter": 6, "conjugate_isogenous_pairs": 10, "eigenvalues": [4.382348845127193, -4.388411780060631]}, "7": {"diameter": 5, "conjugate_isogenous_pairs": 34, "eigenvalues": [5.277425514363243, -5.093524470145121]}, "11": {"diameter": 4, "conjugate_isogenous_pairs": 50, "eigenvalues": [6.44016772012299, -6.357378888756774]}}}