{"prime": 23603, "nodes": 1968, "minpoly": "x^2 + 23602*x + 2", "spine": 94, "undirected": false, "ell": {"2": {"diameter": 15, "conjugate_isogenous_pairs": 41, "eigenvalues": [2.821562203048836, -2.828215273512021]}, "3": {"diameter": 11, "conjugate_isogenous_pairs": 57, "eigenvalues": [3.454340518277846, -3.4518820825287633]}, "5": {"diameter": 7, "conjugate_isogenous_pairs": 81, "eigenvalues": [4.455110829649649, -4.431920863576176]}, "7": {"diameter": 6, "conjugate_isogenous_pairs": 95, "eigenvalues": [5.260541817082755, -5.228408405410895]}, "11": {"diameter": 5, "conjugate_isogenous_pairs": 68, "eigenvalues": [6.477941748919446, -6.614479228217181]}}}