{"prime": 1409, "nodes": 118, "minpoly": "x^2 + 1404*x + 3", "spine": 18, "undirected": false, "ell": {"2": {"diameter": 9, "conjugate_isogenous_pairs": 5, "eigenvalues": [2.750560597697765, -2.8143086939828583]}, "3": {"diameter": 7, "conjugate_isogenous_pairs": 9, "eigenvalues": [3.401802411819356, -3.2891905973664377]}, "5": {"diameter": 5, "conjugate_isogenous_pairs": 8, "eigenvalues": [4.445414068721519, -4.340690562982689]}, "7": {"diameter": 5, "conjugate_isogenous_pairs": 33, "eigenvalues": [5.243930043704068, -5.156337282203064]}, "11": {"diameter": 4, "conjugate_isogenous_pairs": 23, "eigenvalues": [6.513884446800954, -6.453396550230767]}}}