{"prime": 27197, "nodes": 2267, "minpoly": "x^2 + 27192*x + 2", "spine": 51, "undirected": false, "ell": {"2": {"diameter": 14, "conjugate_isogenous_pairs": 30, "eigenvalues": [2.827977253266344, -2.8195924175144516]}, "3": {"diameter": 10, "conjugate_isogenous_pairs": 142, "eigenvalues": [3.461771394583555, -3.451400939905612]}, "5": {"diameter": 7, "conjugate_isogenous_pairs": 41, "eigenvalues": [4.4331459163599085, -4.450076909359909]}, "7": {"diameter": 6, "conjugate_isogenous_pairs": 195, "eigenvalues": [5.274874069558918, -5.269253950919792]}, "11": {"diameter": 5, "conjugate_isogenous_pairs": 81, "eigenvalues": [6.620464189230408, -6.625566986162763]}}}