{"prime": 1889, "nodes": 158, "minpoly": "x^2 + 1883*x + 3", "spine": 36, "undirected": false, "ell": {"2": {"diameter": 11, "conjugate_isogenous_pairs": 5, "eigenvalues": [2.807087989712311, -2.7957367094998564]}, "3": {"diameter": 8, "conjugate_isogenous_pairs": 8, "eigenvalues": [3.428603452929375, -3.418800289764169]}, "5": {"diameter": 5, "conjugate_isogenous_pairs": 10, "eigenvalues": [4.254270491776361, -4.439261373569477]}, "7": {"diameter": 5, "conjugate_isogenous_pairs": 30, "eigenvalues": [5.142958696905649, -4.888774278676556]}, "11": {"diameter": 4, "conjugate_isogenous_pairs": 22, "eigenvalues": [6.181742481381141, -6.56110473071486]}}}