{"prime": 11981, "nodes": 999, "minpoly": "x^2 + 11973*x + 2", "spine": 71, "undirected": false, "ell": {"2": {"diameter": 14, "conjugate_isogenous_pairs": 16, "eigenvalues": [2.8241828778652223, -2.8219600831293103]}, "3": {"diameter": 10, "conjugate_isogenous_pairs": 59, "eigenvalues": [3.448725191367445, -3.4453435335250453]}, "5": {"diameter": 6, "conjugate_isogenous_pairs": 36, "eigenvalues": [4.395000365604522, -4.4358505415324645]}, "7": {"diameter": 6, "conjugate_isogenous_pairs": 55, "eigenvalues": [5.246093011318621, -5.263905161508348]}, "11": {"diameter": 5, "conjugate_isogenous_pairs": 70, "eigenvalues": [6.545436037761518, -6.598549917151842]}}}