{"prime": 29201, "nodes": 2434, "minpoly": "x^2 + 29200*x + 3", "spine": 92, "undirected": false, "ell": {"2": {"diameter": 15, "conjugate_isogenous_pairs": 22, "eigenvalues": [2.818943302206242, -2.8172575886021107]}, "3": {"diameter": 10, "conjugate_isogenous_pairs": 88, "eigenvalues": [3.455706116567992, -3.4463274968452704]}, "5": {"diameter": 7, "conjugate_isogenous_pairs": 59, "eigenvalues": [4.46119658576616, -4.454314427952774]}, "7": {"diameter": 6, "conjugate_isogenous_pairs": 124, "eigenvalues": [5.263549378745735, -5.288766203432675]}, "11": {"diameter": 5, "conjugate_isogenous_pairs": 87, "eigenvalues": [6.628922209858289, -6.628183084173215]}}}