{"prime": 27091, "nodes": 2258, "minpoly": "x^2 + 27087*x + 2", "spine": 50, "undirected": false, "ell": {"2": {"diameter": 15, "conjugate_isogenous_pairs": 43, "eigenvalues": [2.823383821756104, -2.8152725475804834]}, "3": {"diameter": 10, "conjugate_isogenous_pairs": 57, "eigenvalues": [3.436121049563796, -3.4489782182317237]}, "5": {"diameter": 7, "conjugate_isogenous_pairs": 163, "eigenvalues": [4.469141036034452, -4.462285021671363]}, "7": {"diameter": 6, "conjugate_isogenous_pairs": 47, "eigenvalues": [5.241331110120227, -5.290876378224004]}, "11": {"diameter": 5, "conjugate_isogenous_pairs": 108, "eigenvalues": [6.620838624090271, -6.5898661739606]}}}