{"prime": 21503, "nodes": 1793, "minpoly": "x^2 + 21502*x + 5", "spine": 147, "undirected": false, "ell": {"2": {"diameter": 15, "conjugate_isogenous_pairs": 36, "eigenvalues": [2.8173414661497236, -2.8072738710036433]}, "3": {"diameter": 10, "conjugate_isogenous_pairs": 40, "eigenvalues": [3.4613175448614, -3.451974271702493]}, "5": {"diameter": 7, "conjugate_isogenous_pairs": 31, "eigenvalues": [4.447244683852926, -4.463634473440011]}, "7": {"diameter": 6, "conjugate_isogenous_pairs": 85, "eigenvalues": [5.271558703298041, -5.261428072809955]}, "11": {"diameter": 5, "conjugate_isogenous_pairs": 56, "eigenvalues": [6.594893470185519, -6.537347624598619]}}}