{"prime": 25309, "nodes": 2109, "minpoly": "x^2 + 25300*x + 13", "spine": 33, "undirected": true, "ell": {"2": {"diameter": 14, "conjugate_isogenous_pairs": 55, "eigenvalues": [2.823548921017242, -2.8249531673794883]}, "3": {"diameter": 9, "conjugate_isogenous_pairs": 70, "eigenvalues": [3.4441149024108824, -3.45262864417791]}, "5": {"diameter": 7, "conjugate_isogenous_pairs": 82, "eigenvalues": [4.463609924769654, -4.415402179068415]}, "7": {"diameter": 6, "conjugate_isogenous_pairs": 67, "eigenvalues": [5.281854670209876, -5.276494378810661]}, "11": {"diameter": 5, "conjugate_isogenous_pairs": 266, "eigenvalues": [6.6223207389352154, -6.588470849033631]}}}