{"prime": 21121, "nodes": 1760, "minpoly": "x^2 + 21109*x + 19", "spine": 42, "undirected": true, "ell": {"2": {"diameter": 14, "conjugate_isogenous_pairs": 31, "eigenvalues": [2.8247050869020685, -2.8180949065266]}, "3": {"diameter": 9, "conjugate_isogenous_pairs": 60, "eigenvalues": [3.4438440477608796, -3.450112727653207]}, "5": {"diameter": 7, "conjugate_isogenous_pairs": 90, "eigenvalues": [4.441811005026449, -4.424859642294283]}, "7": {"diameter": 6, "conjugate_isogenous_pairs": 78, "eigenvalues": [5.270685283201365, -5.21713722134828]}, "11": {"diameter": 5, "conjugate_isogenous_pairs": 150, "eigenvalues": [6.539454213575495, -6.603127358441064]}}}