{"prime": 21491, "nodes": 1792, "minpoly": "x^2 + 21486*x + 2", "spine": 90, "undirected": false, "ell": {"2": {"diameter": 15, "conjugate_isogenous_pairs": 15, "eigenvalues": [2.8205505459269173, -2.817178435064686]}, "3": {"diameter": 10, "conjugate_isogenous_pairs": 33, "eigenvalues": [3.4590392120302624, -3.442890959128078]}, "5": {"diameter": 7, "conjugate_isogenous_pairs": 115, "eigenvalues": [4.447056612500549, -4.462499045617641]}, "7": {"diameter": 6, "conjugate_isogenous_pairs": 65, "eigenvalues": [5.280296880777259, -5.263628551229519]}, "11": {"diameter": 5, "conjugate_isogenous_pairs": 86, "eigenvalues": [6.616445270192382, -6.572402810203985]}}}