{"prime": 29527, "nodes": 2461, "minpoly": "x^2 + 29525*x + 3", "spine": 71, "undirected": false, "ell": {"2": {"diameter": 14, "conjugate_isogenous_pairs": 69, "eigenvalues": [2.8234204538171745, -2.8280899395222896]}, "3": {"diameter": 10, "conjugate_isogenous_pairs": 63, "eigenvalues": [3.4581953170148694, -3.445126618898358]}, "5": {"diameter": 7, "conjugate_isogenous_pairs": 105, "eigenvalues": [4.449336128599298, -4.457907169283821]}, "7": {"diameter": 6, "conjugate_isogenous_pairs": 75, "eigenvalues": [5.26415459030269, -5.286634931333005]}, "11": {"diameter": 5, "conjugate_isogenous_pairs": 83, "eigenvalues": [6.600395389491009, -6.588256140877829]}}}