{"prime": 1571, "nodes": 132, "minpoly": "x^2 + 1570*x + 2", "spine": 34, "undirected": false, "ell": {"2": {"diameter": 12, "conjugate_isogenous_pairs": 6, "eigenvalues": [2.8245523925634877, -2.7885108364567057]}, "3": {"diameter": 8, "conjugate_isogenous_pairs": 6, "eigenvalues": [3.345110413786901, -3.370950380365896]}, "5": {"diameter": 6, "conjugate_isogenous_pairs": 17, "eigenvalues": [4.248050568318039, -4.2656848808661145]}, "7": {"diameter": 5, "conjugate_isogenous_pairs": 22, "eigenvalues": [5.096463978272009, -4.888818796046349]}, "11": {"diameter": 4, "conjugate_isogenous_pairs": 17, "eigenvalues": [6.363989479025693, -6.3736697777083275]}}}