{"prime": 9721, "nodes": 810, "minpoly": "x^2 + 9718*x + 7", "spine": 46, "undirected": true, "ell": {"2": {"diameter": 14, "conjugate_isogenous_pairs": 23, "eigenvalues": [2.811755467718941, -2.8124256082237475]}, "3": {"diameter": 8, "conjugate_isogenous_pairs": 35, "eigenvalues": [3.430915915108918, -3.4439405746461165]}, "5": {"diameter": 6, "conjugate_isogenous_pairs": 50, "eigenvalues": [4.4608499427553285, -4.419293663414209]}, "7": {"diameter": 5, "conjugate_isogenous_pairs": 41, "eigenvalues": [5.25839451976657, -5.258838469151639]}, "11": {"diameter": 4, "conjugate_isogenous_pairs": 122, "eigenvalues": [6.546589673945098, -6.551043214852988]}}}