{"prime": 6619, "nodes": 552, "minpoly": "x^2 + 6614*x + 2", "spine": 26, "undirected": false, "ell": {"2": {"diameter": 13, "conjugate_isogenous_pairs": 16, "eigenvalues": [2.806132631325413, -2.8171334962205448]}, "3": {"diameter": 8, "conjugate_isogenous_pairs": 24, "eigenvalues": [3.4430441966588123, -3.4598416572252484]}, "5": {"diameter": 6, "conjugate_isogenous_pairs": 106, "eigenvalues": [4.445759485457146, -4.451713541398551]}, "7": {"diameter": 5, "conjugate_isogenous_pairs": 26, "eigenvalues": [5.248274599386042, -5.211372716411664]}, "11": {"diameter": 4, "conjugate_isogenous_pairs": 66, "eigenvalues": [6.5553495004576865, -6.592540321630864]}}}