{"prime": 27127, "nodes": 2261, "minpoly": "x^2 + 27125*x + 3", "spine": 49, "undirected": false, "ell": {"2": {"diameter": 15, "conjugate_isogenous_pairs": 57, "eigenvalues": [2.823666072391122, -2.809596222782014]}, "3": {"diameter": 10, "conjugate_isogenous_pairs": 65, "eigenvalues": [3.4619878650065394, -3.448608969368491]}, "5": {"diameter": 7, "conjugate_isogenous_pairs": 107, "eigenvalues": [4.452106609847919, -4.456507927462903]}, "7": {"diameter": 6, "conjugate_isogenous_pairs": 70, "eigenvalues": [5.279276563869763, -5.27215266740337]}, "11": {"diameter": 5, "conjugate_isogenous_pairs": 114, "eigenvalues": [6.507838165831381, -6.608053772072802]}}}