{"prime": 26501, "nodes": 2209, "minpoly": "x^2 + 26500*x + 2", "spine": 141, "undirected": false, "ell": {"2": {"diameter": 16, "conjugate_isogenous_pairs": 27, "eigenvalues": [2.8206105821640333, -2.8156280501243476]}, "3": {"diameter": 10, "conjugate_isogenous_pairs": 65, "eigenvalues": [3.4503167003156316, -3.4555929105603314]}, "5": {"diameter": 7, "conjugate_isogenous_pairs": 42, "eigenvalues": [4.439094597997999, -4.417419287791796]}, "7": {"diameter": 6, "conjugate_isogenous_pairs": 126, "eigenvalues": [5.2675591459371045, -5.290892622692563]}, "11": {"diameter": 5, "conjugate_isogenous_pairs": 173, "eigenvalues": [6.60859336770499, -6.611418878665315]}}}