{"prime": 17293, "nodes": 1441, "minpoly": "x^2 + 17291*x + 7", "spine": 41, "undirected": true, "ell": {"2": {"diameter": 14, "conjugate_isogenous_pairs": 69, "eigenvalues": [2.8214482302581887, -2.8177379670448346]}, "3": {"diameter": 9, "conjugate_isogenous_pairs": 61, "eigenvalues": [3.4487270548151634, -3.4584596437380184]}, "5": {"diameter": 6, "conjugate_isogenous_pairs": 50, "eigenvalues": [4.419585100486322, -4.461586844837085]}, "7": {"diameter": 5, "conjugate_isogenous_pairs": 67, "eigenvalues": [5.221376230162303, -5.260507830792778]}, "11": {"diameter": 5, "conjugate_isogenous_pairs": 139, "eigenvalues": [6.6041302401717665, -6.540547923592783]}}}