{"prime": 20123, "nodes": 1678, "minpoly": "x^2 + 20122*x + 2", "spine": 86, "undirected": false, "ell": {"2": {"diameter": 15, "conjugate_isogenous_pairs": 36, "eigenvalues": [2.821615799668028, -2.8261943757140435]}, "3": {"diameter": 10, "conjugate_isogenous_pairs": 38, "eigenvalues": [3.4248432689454718, -3.4510737177733275]}, "5": {"diameter": 7, "conjugate_isogenous_pairs": 49, "eigenvalues": [4.44017750127923, -4.448912132507592]}, "7": {"diameter": 6, "conjugate_isogenous_pairs": 92, "eigenvalues": [5.268806955793484, -5.2275771820664705]}, "11": {"diameter": 5, "conjugate_isogenous_pairs": 61, "eigenvalues": [6.5819138294670525, -6.58843264135722]}}}