{"prime": 6947, "nodes": 580, "minpoly": "x^2 + 6942*x + 2", "spine": 58, "undirected": false, "ell": {"2": {"diameter": 12, "conjugate_isogenous_pairs": 16, "eigenvalues": [2.8253083755998163, -2.8134818263709676]}, "3": {"diameter": 9, "conjugate_isogenous_pairs": 21, "eigenvalues": [3.4605524892315733, -3.4283415039711103]}, "5": {"diameter": 6, "conjugate_isogenous_pairs": 52, "eigenvalues": [4.4524527274965475, -4.399950984361584]}, "7": {"diameter": 5, "conjugate_isogenous_pairs": 74, "eigenvalues": [5.184248453519243, -5.232172586847819]}, "11": {"diameter": 4, "conjugate_isogenous_pairs": 32, "eigenvalues": [6.4646141223995, -6.436172798261931]}}}