{"prime": 23687, "nodes": 1975, "minpoly": "x^2 + 23685*x + 5", "spine": 161, "undirected": false, "ell": {"2": {"diameter": 15, "conjugate_isogenous_pairs": 33, "eigenvalues": [2.8268611575371128, -2.8193369451574735]}, "3": {"diameter": 10, "conjugate_isogenous_pairs": 46, "eigenvalues": [3.460540511181115, -3.4429236345754317]}, "5": {"diameter": 7, "conjugate_isogenous_pairs": 39, "eigenvalues": [4.424927504770166, -4.444588560717693]}, "7": {"diameter": 6, "conjugate_isogenous_pairs": 140, "eigenvalues": [5.271335287591361, -5.234088524084921]}, "11": {"diameter": 5, "conjugate_isogenous_pairs": 55, "eigenvalues": [6.576258297461738, -6.584048096453536]}}}