{"prime": 10831, "nodes": 903, "minpoly": "x^2 + 10822*x + 7", "spine": 59, "undirected": false, "ell": {"2": {"diameter": 13, "conjugate_isogenous_pairs": 29, "eigenvalues": [2.8063297439305517, -2.8241301031323744]}, "3": {"diameter": 9, "conjugate_isogenous_pairs": 33, "eigenvalues": [3.4552222264839054, -3.452706618758838]}, "5": {"diameter": 6, "conjugate_isogenous_pairs": 83, "eigenvalues": [4.430344295548316, -4.410280765657825]}, "7": {"diameter": 5, "conjugate_isogenous_pairs": 24, "eigenvalues": [5.229899939986433, -5.264200194261062]}, "11": {"diameter": 4, "conjugate_isogenous_pairs": 66, "eigenvalues": [6.557459418205312, -6.454260346085564]}}}