{"prime": 9319, "nodes": 777, "minpoly": "x^2 + 9317*x + 3", "spine": 41, "undirected": false, "ell": {"2": {"diameter": 13, "conjugate_isogenous_pairs": 22, "eigenvalues": [2.8135690117957295, -2.813223707160142]}, "3": {"diameter": 9, "conjugate_isogenous_pairs": 31, "eigenvalues": [3.43663294666551, -3.4158394430719903]}, "5": {"diameter": 6, "conjugate_isogenous_pairs": 86, "eigenvalues": [4.450300878355665, -4.44091234358052]}, "7": {"diameter": 5, "conjugate_isogenous_pairs": 26, "eigenvalues": [5.209253753103298, -5.2574390152481545]}, "11": {"diameter": 4, "conjugate_isogenous_pairs": 83, "eigenvalues": [6.509750360090044, -6.546269218744224]}}}