{"prime": 20107, "nodes": 1676, "minpoly": "x^2 + 20106*x + 2", "spine": 54, "undirected": false, "ell": {"2": {"diameter": 15, "conjugate_isogenous_pairs": 69, "eigenvalues": [2.8251746543427574, -2.8179387106503886]}, "3": {"diameter": 9, "conjugate_isogenous_pairs": 60, "eigenvalues": [3.446440569475282, -3.449871325981666]}, "5": {"diameter": 7, "conjugate_isogenous_pairs": 86, "eigenvalues": [4.389358286115891, -4.445614297285985]}, "7": {"diameter": 6, "conjugate_isogenous_pairs": 37, "eigenvalues": [5.2876841741371505, -5.272997151274854]}, "11": {"diameter": 5, "conjugate_isogenous_pairs": 94, "eigenvalues": [6.602369063743348, -6.607983026133865]}}}