{"prime": 22367, "nodes": 1865, "minpoly": "x^2 + 22365*x + 5", "spine": 69, "undirected": false, "ell": {"2": {"diameter": 14, "conjugate_isogenous_pairs": 31, "eigenvalues": [2.817262672547534, -2.812452369526634]}, "3": {"diameter": 10, "conjugate_isogenous_pairs": 61, "eigenvalues": [3.44285195195777, -3.461208974629464]}, "5": {"diameter": 7, "conjugate_isogenous_pairs": 55, "eigenvalues": [4.461669719572748, -4.4495803170458865]}, "7": {"diameter": 6, "conjugate_isogenous_pairs": 133, "eigenvalues": [5.267341755506308, -5.276202873233221]}, "11": {"diameter": 5, "conjugate_isogenous_pairs": 48, "eigenvalues": [6.609793419082262, -6.566663226528814]}}}