{"prime": 3967, "nodes": 331, "minpoly": "x^2 + 3966*x + 6", "spine": 33, "undirected": false, "ell": {"2": {"diameter": 12, "conjugate_isogenous_pairs": 29, "eigenvalues": [2.8003242167629723, -2.822345903664283]}, "3": {"diameter": 7, "conjugate_isogenous_pairs": 19, "eigenvalues": [3.4012712673924503, -3.4400485607260842]}, "5": {"diameter": 6, "conjugate_isogenous_pairs": 51, "eigenvalues": [4.369778614425029, -4.349599711660121]}, "7": {"diameter": 5, "conjugate_isogenous_pairs": 28, "eigenvalues": [5.107497653137812, -5.103947986966353]}, "11": {"diameter": 4, "conjugate_isogenous_pairs": 40, "eigenvalues": [6.524736215075974, -6.548668405791711]}}}