{"prime": 20399, "nodes": 1701, "minpoly": "x^2 + 20395*x + 7", "spine": 145, "undirected": false, "ell": {"2": {"diameter": 15, "conjugate_isogenous_pairs": 21, "eigenvalues": [2.821305852274094, -2.82463035610889]}, "3": {"diameter": 10, "conjugate_isogenous_pairs": 32, "eigenvalues": [3.435623818885105, -3.460846139805367]}, "5": {"diameter": 7, "conjugate_isogenous_pairs": 51, "eigenvalues": [4.453980271656816, -4.42083086720328]}, "7": {"diameter": 6, "conjugate_isogenous_pairs": 77, "eigenvalues": [5.201394960690713, -5.279721394082584]}, "11": {"diameter": 5, "conjugate_isogenous_pairs": 61, "eigenvalues": [6.61674251856816, -6.5357745135808285]}}}