{"prime": 21991, "nodes": 1833, "minpoly": "x^2 + 21990*x + 3", "spine": 81, "undirected": false, "ell": {"2": {"diameter": 14, "conjugate_isogenous_pairs": 30, "eigenvalues": [2.8260793604431176, -2.8227691390596847]}, "3": {"diameter": 9, "conjugate_isogenous_pairs": 31, "eigenvalues": [3.457856913175151, -3.452132628637331]}, "5": {"diameter": 7, "conjugate_isogenous_pairs": 169, "eigenvalues": [4.444708335615002, -4.454479113347427]}, "7": {"diameter": 6, "conjugate_isogenous_pairs": 49, "eigenvalues": [5.286703084639008, -5.274393697370558]}, "11": {"diameter": 5, "conjugate_isogenous_pairs": 149, "eigenvalues": [6.535251013310913, -6.523395458821685]}}}