{"prime": 7103, "nodes": 593, "minpoly": "x^2 + 7101*x + 5", "spine": 77, "undirected": false, "ell": {"2": {"diameter": 14, "conjugate_isogenous_pairs": 18, "eigenvalues": [2.8211003673131647, -2.7971352760894628]}, "3": {"diameter": 9, "conjugate_isogenous_pairs": 27, "eigenvalues": [3.452773847455178, -3.443824744783525]}, "5": {"diameter": 7, "conjugate_isogenous_pairs": 27, "eigenvalues": [4.449398462130194, -4.369628293220521]}, "7": {"diameter": 6, "conjugate_isogenous_pairs": 51, "eigenvalues": [5.244620640084952, -5.245351394509003]}, "11": {"diameter": 5, "conjugate_isogenous_pairs": 31, "eigenvalues": [6.483176123991782, -6.573040066949581]}}}