{"prime": 26821, "nodes": 2235, "minpoly": "x^2 + 26817*x + 2", "spine": 39, "undirected": true, "ell": {"2": {"diameter": 14, "conjugate_isogenous_pairs": 35, "eigenvalues": [2.81964189720509, -2.8238474025883913]}, "3": {"diameter": 9, "conjugate_isogenous_pairs": 70, "eigenvalues": [3.4529426700310992, -3.4606012281646734]}, "5": {"diameter": 7, "conjugate_isogenous_pairs": 118, "eigenvalues": [4.459315301467811, -4.449765016128417]}, "7": {"diameter": 6, "conjugate_isogenous_pairs": 85, "eigenvalues": [5.238054340747177, -5.255351784094248]}, "11": {"diameter": 5, "conjugate_isogenous_pairs": 319, "eigenvalues": [6.604258651597295, -6.633209453026515]}}}