{"prime": 28513, "nodes": 2376, "minpoly": "x^2 + 28512*x + 5", "spine": 32, "undirected": true, "ell": {"2": {"diameter": 14, "conjugate_isogenous_pairs": 65, "eigenvalues": [2.823340836910415, -2.824679946194224]}, "3": {"diameter": 10, "conjugate_isogenous_pairs": 62, "eigenvalues": [3.4580144367195107, -3.444879032722804]}, "5": {"diameter": 7, "conjugate_isogenous_pairs": 104, "eigenvalues": [4.444414696659012, -4.447656624236795]}, "7": {"diameter": 6, "conjugate_isogenous_pairs": 154, "eigenvalues": [5.251089305797258, -5.2797317083618]}, "11": {"diameter": 5, "conjugate_isogenous_pairs": 101, "eigenvalues": [6.601673649832258, -6.53501283353817]}}}