{"prime": 24767, "nodes": 2065, "minpoly": "x^2 + 24766*x + 5", "spine": 141, "undirected": false, "ell": {"2": {"diameter": 15, "conjugate_isogenous_pairs": 29, "eigenvalues": [2.8198247921205915, -2.8210143861440553]}, "3": {"diameter": 10, "conjugate_isogenous_pairs": 50, "eigenvalues": [3.448989757348795, -3.44887203947292]}, "5": {"diameter": 7, "conjugate_isogenous_pairs": 69, "eigenvalues": [4.446950290819631, -4.4536222208815275]}, "7": {"diameter": 6, "conjugate_isogenous_pairs": 112, "eigenvalues": [5.273309070597094, -5.286809566375081]}, "11": {"diameter": 5, "conjugate_isogenous_pairs": 42, "eigenvalues": [6.5964367992765425, -6.562384118341547]}}}