{"prime": 17389, "nodes": 1449, "minpoly": "x^2 + 17385*x + 2", "spine": 31, "undirected": true, "ell": {"2": {"diameter": 14, "conjugate_isogenous_pairs": 44, "eigenvalues": [2.81853441552149, -2.8248763319830075]}, "3": {"diameter": 9, "conjugate_isogenous_pairs": 62, "eigenvalues": [3.4451620509456466, -3.4520958910478114]}, "5": {"diameter": 6, "conjugate_isogenous_pairs": 84, "eigenvalues": [4.451802801526887, -4.431146183425269]}, "7": {"diameter": 6, "conjugate_isogenous_pairs": 55, "eigenvalues": [5.263050092219228, -5.2803524940793105]}, "11": {"diameter": 5, "conjugate_isogenous_pairs": 197, "eigenvalues": [6.496832931438953, -6.610249500223006]}}}