{"prime": 17327, "nodes": 1445, "minpoly": "x^2 + 17324*x + 5", "spine": 107, "undirected": false, "ell": {"2": {"diameter": 14, "conjugate_isogenous_pairs": 23, "eigenvalues": [2.8261940642916836, -2.823074157092525]}, "3": {"diameter": 10, "conjugate_isogenous_pairs": 46, "eigenvalues": [3.4370848747706773, -3.444285190400445]}, "5": {"diameter": 7, "conjugate_isogenous_pairs": 65, "eigenvalues": [4.458160348781544, -4.4414076963791045]}, "7": {"diameter": 6, "conjugate_isogenous_pairs": 101, "eigenvalues": [5.258524704411644, -5.277534267881067]}, "11": {"diameter": 5, "conjugate_isogenous_pairs": 35, "eigenvalues": [6.5920884289492285, -6.587608488248916]}}}