{"prime": 3313, "nodes": 276, "minpoly": "x^2 + 3312*x + 10", "spine": 12, "undirected": true, "ell": {"2": {"diameter": 10, "conjugate_isogenous_pairs": 23, "eigenvalues": [2.79153250696793, -2.810355590624523]}, "3": {"diameter": 7, "conjugate_isogenous_pairs": 25, "eigenvalues": [3.453899511597238, -3.445052491285045]}, "5": {"diameter": 5, "conjugate_isogenous_pairs": 42, "eigenvalues": [4.367221413851723, -4.292911815339482]}, "7": {"diameter": 5, "conjugate_isogenous_pairs": 36, "eigenvalues": [5.150596992758765, -5.276025128315873]}, "11": {"diameter": 4, "conjugate_isogenous_pairs": 33, "eigenvalues": [6.566182269781784, -6.377066829695996]}}}