{"prime": 21577, "nodes": 1798, "minpoly": "x^2 + 21576*x + 5", "spine": 46, "undirected": true, "ell": {"2": {"diameter": 14, "conjugate_isogenous_pairs": 46, "eigenvalues": [2.8257061826176963, -2.8215537264062815]}, "3": {"diameter": 9, "conjugate_isogenous_pairs": 54, "eigenvalues": [3.4543979427549005, -3.449250552169973]}, "5": {"diameter": 7, "conjugate_isogenous_pairs": 72, "eigenvalues": [4.428911950000839, -4.453462898775234]}, "7": {"diameter": 6, "conjugate_isogenous_pairs": 98, "eigenvalues": [5.252624312743909, -5.25415231483653]}, "11": {"diameter": 5, "conjugate_isogenous_pairs": 153, "eigenvalues": [6.538808622349652, -6.590543081073982]}}}