{"prime": 18661, "nodes": 1555, "minpoly": "x^2 + 18660*x + 10", "spine": 35, "undirected": true, "ell": {"2": {"diameter": 14, "conjugate_isogenous_pairs": 48, "eigenvalues": [2.816428759426306, -2.823811989903593]}, "3": {"diameter": 9, "conjugate_isogenous_pairs": 40, "eigenvalues": [3.452093156325995, -3.439640479271615]}, "5": {"diameter": 6, "conjugate_isogenous_pairs": 75, "eigenvalues": [4.4463397428463125, -4.439461558880387]}, "7": {"diameter": 6, "conjugate_isogenous_pairs": 54, "eigenvalues": [5.253927464637138, -5.2546334939721815]}, "11": {"diameter": 5, "conjugate_isogenous_pairs": 326, "eigenvalues": [6.594555840000783, -6.58339242299706]}}}