{"prime": 2927, "nodes": 245, "minpoly": "x^2 + 2925*x + 5", "spine": 31, "undirected": false, "ell": {"2": {"diameter": 12, "conjugate_isogenous_pairs": 11, "eigenvalues": [2.8039315877559647, -2.7855869319585422]}, "3": {"diameter": 8, "conjugate_isogenous_pairs": 17, "eigenvalues": [3.4437867992999283, -3.3705382636919152]}, "5": {"diameter": 6, "conjugate_isogenous_pairs": 19, "eigenvalues": [4.397569830118903, -4.310177647724633]}, "7": {"diameter": 5, "conjugate_isogenous_pairs": 44, "eigenvalues": [5.246033967743493, -5.129698219728616]}, "11": {"diameter": 4, "conjugate_isogenous_pairs": 15, "eigenvalues": [6.414148491943599, -6.296845750134119]}}}