{"prime": 4447, "nodes": 371, "minpoly": "x^2 + 4445*x + 3", "spine": 17, "undirected": false, "ell": {"2": {"diameter": 11, "conjugate_isogenous_pairs": 22, "eigenvalues": [2.8123835937126063, -2.8228023558433626]}, "3": {"diameter": 8, "conjugate_isogenous_pairs": 31, "eigenvalues": [3.4090994313392198, -3.4184270699830814]}, "5": {"diameter": 5, "conjugate_isogenous_pairs": 36, "eigenvalues": [4.379641058749571, -4.362280980486353]}, "7": {"diameter": 5, "conjugate_isogenous_pairs": 28, "eigenvalues": [5.209665426744761, -5.221980254269756]}, "11": {"diameter": 4, "conjugate_isogenous_pairs": 39, "eigenvalues": [6.512969249332527, -6.553337708685388]}}}