{"prime": 29009, "nodes": 2418, "minpoly": "x^2 + 29008*x + 3", "spine": 102, "undirected": false, "ell": {"2": {"diameter": 15, "conjugate_isogenous_pairs": 17, "eigenvalues": [2.82609980963099, -2.8187446849071094]}, "3": {"diameter": 10, "conjugate_isogenous_pairs": 64, "eigenvalues": [3.4474577846990613, -3.460638199493217]}, "5": {"diameter": 7, "conjugate_isogenous_pairs": 77, "eigenvalues": [4.471152444183973, -4.433709629159894]}, "7": {"diameter": 6, "conjugate_isogenous_pairs": 219, "eigenvalues": [5.259729830095379, -5.2896538036957015]}, "11": {"diameter": 5, "conjugate_isogenous_pairs": 115, "eigenvalues": [6.566976504728826, -6.551130901762379]}}}