{"prime": 467, "nodes": 40, "minpoly": "x^2 + 463*x + 2", "spine": 14, "undirected": false, "ell": {"2": {"diameter": 8, "conjugate_isogenous_pairs": 5, "eigenvalues": [2.753966286376027, -2.7391726677821544]}, "3": {"diameter": 6, "conjugate_isogenous_pairs": 6, "eigenvalues": [3.18350312214157, -3.1658500514581664]}, "5": {"diameter": 4, "conjugate_isogenous_pairs": 4, "eigenvalues": [3.767087080109574, -4.317181174539023]}, "7": {"diameter": 4, "conjugate_isogenous_pairs": 9, "eigenvalues": [4.684676246279501, -4.851339027759102]}, "11": {"diameter": 3, "conjugate_isogenous_pairs": 4, "eigenvalues": [5.840038538313788, -6.095945313003702]}}}