{"prime": 28619, "nodes": 2386, "minpoly": "x^2 + 28615*x + 2", "spine": 178, "undirected": false, "ell": {"2": {"diameter": 15, "conjugate_isogenous_pairs": 35, "eigenvalues": [2.8248454975423347, -2.8243588892059033]}, "3": {"diameter": 11, "conjugate_isogenous_pairs": 31, "eigenvalues": [3.459877853247144, -3.455044412870578]}, "5": {"diameter": 7, "conjugate_isogenous_pairs": 75, "eigenvalues": [4.4610956317909585, -4.468093785964013]}, "7": {"diameter": 6, "conjugate_isogenous_pairs": 83, "eigenvalues": [5.272430077768753, -5.253139462936097]}, "11": {"diameter": 5, "conjugate_isogenous_pairs": 76, "eigenvalues": [6.599539248538516, -6.6087818576364645]}}}