{"prime": 27449, "nodes": 2288, "minpoly": "x^2 + 27443*x + 3", "spine": 66, "undirected": false, "ell": {"2": {"diameter": 15, "conjugate_isogenous_pairs": 24, "eigenvalues": [2.8217281018740974, -2.8216238632945494]}, "3": {"diameter": 10, "conjugate_isogenous_pairs": 57, "eigenvalues": [3.4556565839624844, -3.4578899810969363]}, "5": {"diameter": 7, "conjugate_isogenous_pairs": 58, "eigenvalues": [4.443967753097483, -4.4596851650868174]}, "7": {"diameter": 6, "conjugate_isogenous_pairs": 186, "eigenvalues": [5.287095025604592, -5.223243355967026]}, "11": {"diameter": 5, "conjugate_isogenous_pairs": 90, "eigenvalues": [6.603439959440214, -6.592649884724676]}}}