{"prime": 2741, "nodes": 229, "minpoly": "x^2 + 2737*x + 2", "spine": 29, "undirected": false, "ell": {"2": {"diameter": 11, "conjugate_isogenous_pairs": 6, "eigenvalues": [2.765834346546502, -2.7910768743410013]}, "3": {"diameter": 8, "conjugate_isogenous_pairs": 25, "eigenvalues": [3.407118633582021, -3.4027993568869217]}, "5": {"diameter": 5, "conjugate_isogenous_pairs": 14, "eigenvalues": [4.368912149024835, -4.427543474333566]}, "7": {"diameter": 5, "conjugate_isogenous_pairs": 31, "eigenvalues": [5.134212578154179, -5.092258098876061]}, "11": {"diameter": 4, "conjugate_isogenous_pairs": 42, "eigenvalues": [6.556868692976378, -6.242798514434581]}}}