{"prime": 17359, "nodes": 1447, "minpoly": "x^2 + 17357*x + 3", "spine": 105, "undirected": false, "ell": {"2": {"diameter": 14, "conjugate_isogenous_pairs": 48, "eigenvalues": [2.8265336966402668, -2.8167204196573232]}, "3": {"diameter": 9, "conjugate_isogenous_pairs": 22, "eigenvalues": [3.4451801531936703, -3.4631708769266374]}, "5": {"diameter": 7, "conjugate_isogenous_pairs": 75, "eigenvalues": [4.422171309813527, -4.456210509218259]}, "7": {"diameter": 6, "conjugate_isogenous_pairs": 30, "eigenvalues": [5.229059243066836, -5.260804517956081]}, "11": {"diameter": 5, "conjugate_isogenous_pairs": 128, "eigenvalues": [6.62530170239682, -6.555409036900803]}}}