{"prime": 3911, "nodes": 327, "minpoly": "x^2 + 3909*x + 13", "spine": 83, "undirected": false, "ell": {"2": {"diameter": 12, "conjugate_isogenous_pairs": 9, "eigenvalues": [2.8122560243446495, -2.7926693181625173]}, "3": {"diameter": 8, "conjugate_isogenous_pairs": 9, "eigenvalues": [3.364391258954661, -3.434436936982255]}, "5": {"diameter": 6, "conjugate_isogenous_pairs": 16, "eigenvalues": [4.4579798154490105, -4.464100919869835]}, "7": {"diameter": 5, "conjugate_isogenous_pairs": 28, "eigenvalues": [5.170573441739265, -5.272354769474865]}, "11": {"diameter": 4, "conjugate_isogenous_pairs": 30, "eigenvalues": [6.322320869809473, -6.596971473896798]}}}