{"prime": 9697, "nodes": 808, "minpoly": "x^2 + 9692*x + 10", "spine": 20, "undirected": true, "ell": {"2": {"diameter": 12, "conjugate_isogenous_pairs": 35, "eigenvalues": [2.81426209028382, -2.823026427554996]}, "3": {"diameter": 8, "conjugate_isogenous_pairs": 73, "eigenvalues": [3.424401769409335, -3.4602027795040295]}, "5": {"diameter": 6, "conjugate_isogenous_pairs": 52, "eigenvalues": [4.468094520427323, -4.454406750596903]}, "7": {"diameter": 5, "conjugate_isogenous_pairs": 48, "eigenvalues": [5.207591936840262, -5.16280436759858]}, "11": {"diameter": 4, "conjugate_isogenous_pairs": 74, "eigenvalues": [6.511640375884061, -6.574981204790983]}}}