{"prime": 23131, "nodes": 1928, "minpoly": "x^2 + 23124*x + 3", "spine": 54, "undirected": false, "ell": {"2": {"diameter": 15, "conjugate_isogenous_pairs": 44, "eigenvalues": [2.826546626957111, -2.822395333024576]}, "3": {"diameter": 9, "conjugate_isogenous_pairs": 31, "eigenvalues": [3.4486688343673806, -3.448737914197324]}, "5": {"diameter": 7, "conjugate_isogenous_pairs": 140, "eigenvalues": [4.470536964411541, -4.4569649236346]}, "7": {"diameter": 6, "conjugate_isogenous_pairs": 36, "eigenvalues": [5.248511781591306, -5.278283016200829]}, "11": {"diameter": 5, "conjugate_isogenous_pairs": 191, "eigenvalues": [6.597359087033466, -6.5250207508604445]}}}