{"prime": 9767, "nodes": 815, "minpoly": "x^2 + 9765*x + 5", "spine": 89, "undirected": false, "ell": {"2": {"diameter": 14, "conjugate_isogenous_pairs": 14, "eigenvalues": [2.8058110970772883, -2.8131798293475123]}, "3": {"diameter": 9, "conjugate_isogenous_pairs": 46, "eigenvalues": [3.4228591769226417, -3.4361929079889637]}, "5": {"diameter": 6, "conjugate_isogenous_pairs": 31, "eigenvalues": [4.4508376391739795, -4.465099948013473]}, "7": {"diameter": 5, "conjugate_isogenous_pairs": 64, "eigenvalues": [5.279823773489551, -5.259184058706915]}, "11": {"diameter": 5, "conjugate_isogenous_pairs": 20, "eigenvalues": [6.616692914269203, -6.601828857202435]}}}