{"prime": 6701, "nodes": 559, "minpoly": "x^2 + 6697*x + 2", "spine": 39, "undirected": false, "ell": {"2": {"diameter": 13, "conjugate_isogenous_pairs": 8, "eigenvalues": [2.79954610417601, -2.815951097723496]}, "3": {"diameter": 8, "conjugate_isogenous_pairs": 45, "eigenvalues": [3.455961747244638, -3.4418662955166024]}, "5": {"diameter": 6, "conjugate_isogenous_pairs": 33, "eigenvalues": [4.442565000673405, -4.43167434808662]}, "7": {"diameter": 5, "conjugate_isogenous_pairs": 57, "eigenvalues": [5.179440267989798, -5.273044511246417]}, "11": {"diameter": 4, "conjugate_isogenous_pairs": 80, "eigenvalues": [6.60418690022293, -6.398738183420845]}}}