{"prime": 16787, "nodes": 1400, "minpoly": "x^2 + 16783*x + 2", "spine": 78, "undirected": false, "ell": {"2": {"diameter": 14, "conjugate_isogenous_pairs": 26, "eigenvalues": [2.8210918757458554, -2.809188784807426]}, "3": {"diameter": 10, "conjugate_isogenous_pairs": 51, "eigenvalues": [3.429318428554847, -3.462217203828309]}, "5": {"diameter": 7, "conjugate_isogenous_pairs": 71, "eigenvalues": [4.462452422134218, -4.389430583031696]}, "7": {"diameter": 6, "conjugate_isogenous_pairs": 85, "eigenvalues": [5.2720141866970565, -5.272284110659102]}, "11": {"diameter": 5, "conjugate_isogenous_pairs": 32, "eigenvalues": [6.600566647220449, -6.573858766163281]}}}