{"prime": 29401, "nodes": 2450, "minpoly": "x^2 + 29398*x + 13", "spine": 48, "undirected": true, "ell": {"2": {"diameter": 14, "conjugate_isogenous_pairs": 55, "eigenvalues": [2.8271049164142616, -2.821335819111411]}, "3": {"diameter": 10, "conjugate_isogenous_pairs": 52, "eigenvalues": [3.4634958849600017, -3.457030856127563]}, "5": {"diameter": 7, "conjugate_isogenous_pairs": 118, "eigenvalues": [4.467362260863449, -4.457211750941508]}, "7": {"diameter": 6, "conjugate_isogenous_pairs": 102, "eigenvalues": [5.262480540290001, -5.27687216543906]}, "11": {"diameter": 5, "conjugate_isogenous_pairs": 162, "eigenvalues": [6.599694724716589, -6.541527355944231]}}}