{"prime": 8117, "nodes": 677, "minpoly": "x^2 + 8109*x + 2", "spine": 37, "undirected": false, "ell": {"2": {"diameter": 13, "conjugate_isogenous_pairs": 22, "eigenvalues": [2.8077601148903364, -2.813268119855148]}, "3": {"diameter": 8, "conjugate_isogenous_pairs": 71, "eigenvalues": [3.459539863198483, -3.4383910634545183]}, "5": {"diameter": 6, "conjugate_isogenous_pairs": 30, "eigenvalues": [4.363632399367034, -4.371968027463122]}, "7": {"diameter": 6, "conjugate_isogenous_pairs": 61, "eigenvalues": [5.168056728415607, -5.243437103157113]}, "11": {"diameter": 4, "conjugate_isogenous_pairs": 40, "eigenvalues": [6.620546841649916, -6.592350642469577]}}}