{"prime": 2377, "nodes": 198, "minpoly": "x^2 + 2376*x + 5", "spine": 8, "undirected": true, "ell": {"2": {"diameter": 10, "conjugate_isogenous_pairs": 18, "eigenvalues": [2.7955896247672953, -2.793461974599274]}, "3": {"diameter": 7, "conjugate_isogenous_pairs": 18, "eigenvalues": [3.396649595214691, -3.389747650388789]}, "5": {"diameter": 5, "conjugate_isogenous_pairs": 34, "eigenvalues": [4.394712849493035, -4.148185799764109]}, "7": {"diameter": 4, "conjugate_isogenous_pairs": 44, "eigenvalues": [4.930641960392907, -5.163138528081165]}, "11": {"diameter": 4, "conjugate_isogenous_pairs": 40, "eigenvalues": [6.335977616535319, -6.592747060189214]}}}