{"prime": 24841, "nodes": 2070, "minpoly": "x^2 + 24839*x + 14", "spine": 54, "undirected": true, "ell": {"2": {"diameter": 15, "conjugate_isogenous_pairs": 57, "eigenvalues": [2.821148616721782, -2.8190273178817784]}, "3": {"diameter": 9, "conjugate_isogenous_pairs": 32, "eigenvalues": [3.4624600629645568, -3.4533640019185223]}, "5": {"diameter": 7, "conjugate_isogenous_pairs": 77, "eigenvalues": [4.451158896942867, -4.468506569719645]}, "7": {"diameter": 6, "conjugate_isogenous_pairs": 80, "eigenvalues": [5.272261537784234, -5.209771237077282]}, "11": {"diameter": 5, "conjugate_isogenous_pairs": 272, "eigenvalues": [6.5931520390836615, -6.631551475780317]}}}