{"prime": 8123, "nodes": 678, "minpoly": "x^2 + 8122*x + 2", "spine": 42, "undirected": false, "ell": {"2": {"diameter": 13, "conjugate_isogenous_pairs": 23, "eigenvalues": [2.797350584029314, -2.8197598135627775]}, "3": {"diameter": 9, "conjugate_isogenous_pairs": 22, "eigenvalues": [3.446059475694935, -3.435989009459129]}, "5": {"diameter": 7, "conjugate_isogenous_pairs": 43, "eigenvalues": [4.445237977555933, -4.434537109243144]}, "7": {"diameter": 5, "conjugate_isogenous_pairs": 83, "eigenvalues": [5.249947065830175, -5.264467449180407]}, "11": {"diameter": 4, "conjugate_isogenous_pairs": 42, "eigenvalues": [6.556476497004892, -6.5557505226718815]}}}