{"prime": 11299, "nodes": 942, "minpoly": "x^2 + 11298*x + 3", "spine": 38, "undirected": false, "ell": {"2": {"diameter": 13, "conjugate_isogenous_pairs": 22, "eigenvalues": [2.819984178128894, -2.820285679978754]}, "3": {"diameter": 9, "conjugate_isogenous_pairs": 24, "eigenvalues": [3.4248530433688598, -3.454468702826328]}, "5": {"diameter": 6, "conjugate_isogenous_pairs": 153, "eigenvalues": [4.436069532450147, -4.4081563349040085]}, "7": {"diameter": 5, "conjugate_isogenous_pairs": 31, "eigenvalues": [5.276008476648895, -5.263921576310283]}, "11": {"diameter": 4, "conjugate_isogenous_pairs": 103, "eigenvalues": [6.555264081186173, -6.562706379492625]}}}