{"prime": 12941, "nodes": 1079, "minpoly": "x^2 + 12937*x + 2", "spine": 77, "undirected": false, "ell": {"2": {"diameter": 14, "conjugate_isogenous_pairs": 18, "eigenvalues": [2.823147878683543, -2.8257470512790412]}, "3": {"diameter": 9, "conjugate_isogenous_pairs": 32, "eigenvalues": [3.425461288896271, -3.454977987475239]}, "5": {"diameter": 6, "conjugate_isogenous_pairs": 25, "eigenvalues": [4.438618916123722, -4.4642431757649845]}, "7": {"diameter": 6, "conjugate_isogenous_pairs": 92, "eigenvalues": [5.23280387793349, -5.268121284288791]}, "11": {"diameter": 5, "conjugate_isogenous_pairs": 134, "eigenvalues": [6.584348704306834, -6.539382873308308]}}}