{"prime": 10597, "nodes": 883, "minpoly": "x^2 + 10596*x + 5", "spine": 19, "undirected": true, "ell": {"2": {"diameter": 13, "conjugate_isogenous_pairs": 59, "eigenvalues": [2.824067197540122, -2.809142760083229]}, "3": {"diameter": 8, "conjugate_isogenous_pairs": 53, "eigenvalues": [3.4536142164225967, -3.428020855932337]}, "5": {"diameter": 6, "conjugate_isogenous_pairs": 39, "eigenvalues": [4.430723154690403, -4.455723100325783]}, "7": {"diameter": 5, "conjugate_isogenous_pairs": 65, "eigenvalues": [5.246034640863066, -5.247689855104407]}, "11": {"diameter": 4, "conjugate_isogenous_pairs": 161, "eigenvalues": [6.547148762139413, -6.554762106729395]}}}