{"prime": 3559, "nodes": 297, "minpoly": "x^2 + 3558*x + 3", "spine": 45, "undirected": false, "ell": {"2": {"diameter": 13, "conjugate_isogenous_pairs": 15, "eigenvalues": [2.8040990711472666, -2.7972613771784434]}, "3": {"diameter": 8, "conjugate_isogenous_pairs": 15, "eigenvalues": [3.4525606513528677, -3.435783643701243]}, "5": {"diameter": 6, "conjugate_isogenous_pairs": 25, "eigenvalues": [4.411336541291645, -4.419129940498785]}, "7": {"diameter": 5, "conjugate_isogenous_pairs": 11, "eigenvalues": [5.256975007823927, -5.233550819250695]}, "11": {"diameter": 4, "conjugate_isogenous_pairs": 53, "eigenvalues": [6.516263636893903, -6.474176650932201]}}}