{"prime": 21221, "nodes": 1769, "minpoly": "x^2 + 21217*x + 2", "spine": 75, "undirected": false, "ell": {"2": {"diameter": 15, "conjugate_isogenous_pairs": 17, "eigenvalues": [2.820833112253727, -2.8148980695660195]}, "3": {"diameter": 10, "conjugate_isogenous_pairs": 85, "eigenvalues": [3.45803947991228, -3.446784455062916]}, "5": {"diameter": 7, "conjugate_isogenous_pairs": 58, "eigenvalues": [4.408015940500656, -4.454823458495433]}, "7": {"diameter": 6, "conjugate_isogenous_pairs": 107, "eigenvalues": [5.274680993834009, -5.269894191233694]}, "11": {"diameter": 5, "conjugate_isogenous_pairs": 118, "eigenvalues": [6.5947191271419, -6.597385753092574]}}}