{"prime": 24917, "nodes": 2077, "minpoly": "x^2 + 24913*x + 2", "spine": 67, "undirected": false, "ell": {"2": {"diameter": 15, "conjugate_isogenous_pairs": 21, "eigenvalues": [2.827192588206945, -2.8252771520600377]}, "3": {"diameter": 10, "conjugate_isogenous_pairs": 135, "eigenvalues": [3.4563112312183364, -3.4599933675084285]}, "5": {"diameter": 7, "conjugate_isogenous_pairs": 52, "eigenvalues": [4.467419801970823, -4.434327288082785]}, "7": {"diameter": 6, "conjugate_isogenous_pairs": 169, "eigenvalues": [5.277137924119854, -5.252041086620051]}, "11": {"diameter": 5, "conjugate_isogenous_pairs": 100, "eigenvalues": [6.609651144121761, -6.607655415428137]}}}