{"prime": 17783, "nodes": 1483, "minpoly": "x^2 + 17778*x + 5", "spine": 149, "undirected": false, "ell": {"2": {"diameter": 15, "conjugate_isogenous_pairs": 21, "eigenvalues": [2.8250715557191843, -2.824629534097845]}, "3": {"diameter": 10, "conjugate_isogenous_pairs": 39, "eigenvalues": [3.4528479623507993, -3.425028382758536]}, "5": {"diameter": 7, "conjugate_isogenous_pairs": 42, "eigenvalues": [4.460233544924977, -4.4483814551253165]}, "7": {"diameter": 6, "conjugate_isogenous_pairs": 86, "eigenvalues": [5.248539740380784, -5.232654561191868]}, "11": {"diameter": 5, "conjugate_isogenous_pairs": 43, "eigenvalues": [6.555490416312916, -6.585104307458448]}}}