{"prime": 3593, "nodes": 300, "minpoly": "x^2 + 3585*x + 3", "spine": 20, "undirected": false, "ell": {"2": {"diameter": 11, "conjugate_isogenous_pairs": 9, "eigenvalues": [2.7952163525713853, -2.8143791727932674]}, "3": {"diameter": 8, "conjugate_isogenous_pairs": 34, "eigenvalues": [3.4251469706179183, -3.4316098847017305]}, "5": {"diameter": 6, "conjugate_isogenous_pairs": 18, "eigenvalues": [4.456877317324567, -4.422993727163535]}, "7": {"diameter": 5, "conjugate_isogenous_pairs": 78, "eigenvalues": [5.145145280209891, -5.225987079765005]}, "11": {"diameter": 4, "conjugate_isogenous_pairs": 26, "eigenvalues": [6.47054100331539, -6.515331791835442]}}}