{"prime": 1949, "nodes": 163, "minpoly": "x^2 + 1948*x + 2", "spine": 35, "undirected": false, "ell": {"2": {"diameter": 11, "conjugate_isogenous_pairs": 5, "eigenvalues": [2.817558712302665, -2.8029693950300305]}, "3": {"diameter": 7, "conjugate_isogenous_pairs": 21, "eigenvalues": [3.45216404976326, -3.409421834524917]}, "5": {"diameter": 5, "conjugate_isogenous_pairs": 11, "eigenvalues": [4.279297274007192, -4.4526065380546545]}, "7": {"diameter": 5, "conjugate_isogenous_pairs": 25, "eigenvalues": [4.873101944200599, -4.927592955860365]}, "11": {"diameter": 4, "conjugate_isogenous_pairs": 29, "eigenvalues": [6.238009817666688, -6.156351666567311]}}}