{"prime": 4457, "nodes": 372, "minpoly": "x^2 + 4452*x + 3", "spine": 30, "undirected": false, "ell": {"2": {"diameter": 12, "conjugate_isogenous_pairs": 15, "eigenvalues": [2.816530496111037, -2.7963002471210547]}, "3": {"diameter": 8, "conjugate_isogenous_pairs": 27, "eigenvalues": [3.4194074045534015, -3.390050534693731]}, "5": {"diameter": 6, "conjugate_isogenous_pairs": 20, "eigenvalues": [4.416375800631537, -4.318280040976295]}, "7": {"diameter": 5, "conjugate_isogenous_pairs": 91, "eigenvalues": [5.214614858683282, -5.277134921742586]}, "11": {"diameter": 4, "conjugate_isogenous_pairs": 28, "eigenvalues": [6.467132041825631, -6.29058006690826]}}}