{"prime": 25577, "nodes": 2132, "minpoly": "x^2 + 25576*x + 3", "spine": 84, "undirected": false, "ell": {"2": {"diameter": 15, "conjugate_isogenous_pairs": 32, "eigenvalues": [2.8222537502171616, -2.824352774369417]}, "3": {"diameter": 10, "conjugate_isogenous_pairs": 63, "eigenvalues": [3.450083841386019, -3.4542008892914096]}, "5": {"diameter": 7, "conjugate_isogenous_pairs": 47, "eigenvalues": [4.45158312264026, -4.452364010916232]}, "7": {"diameter": 6, "conjugate_isogenous_pairs": 243, "eigenvalues": [5.260109956522515, -5.276820087294898]}, "11": {"diameter": 5, "conjugate_isogenous_pairs": 82, "eigenvalues": [6.588440523425833, -6.5921867643091385]}}}