{"prime": 26669, "nodes": 2223, "minpoly": "x^2 + 26668*x + 2", "spine": 99, "undirected": false, "ell": {"2": {"diameter": 15, "conjugate_isogenous_pairs": 33, "eigenvalues": [2.818179579691518, -2.8177681188688313]}, "3": {"diameter": 10, "conjugate_isogenous_pairs": 50, "eigenvalues": [3.445291857320312, -3.4588907188106632]}, "5": {"diameter": 7, "conjugate_isogenous_pairs": 35, "eigenvalues": [4.45981443752813, -4.455018667234445]}, "7": {"diameter": 6, "conjugate_isogenous_pairs": 120, "eigenvalues": [5.276443469318494, -5.286209163852379]}, "11": {"diameter": 5, "conjugate_isogenous_pairs": 199, "eigenvalues": [6.628946967157545, -6.6121718473950555]}}}