{"prime": 9923, "nodes": 828, "minpoly": "x^2 + 9918*x + 2", "spine": 50, "undirected": false, "ell": {"2": {"diameter": 14, "conjugate_isogenous_pairs": 17, "eigenvalues": [2.8158465304371374, -2.819675589955051]}, "3": {"diameter": 9, "conjugate_isogenous_pairs": 41, "eigenvalues": [3.45585726939928, -3.443150945430464]}, "5": {"diameter": 7, "conjugate_isogenous_pairs": 56, "eigenvalues": [4.361813394408031, -4.425524256175153]}, "7": {"diameter": 6, "conjugate_isogenous_pairs": 76, "eigenvalues": [5.218015246084987, -5.279317880783481]}, "11": {"diameter": 5, "conjugate_isogenous_pairs": 24, "eigenvalues": [6.511903577612308, -6.433408977093604]}}}