{"prime": 23549, "nodes": 1963, "minpoly": "x^2 + 23545*x + 2", "spine": 85, "undirected": false, "ell": {"2": {"diameter": 14, "conjugate_isogenous_pairs": 19, "eigenvalues": [2.826159186495688, -2.8202665712645167]}, "3": {"diameter": 10, "conjugate_isogenous_pairs": 54, "eigenvalues": [3.4598311569783755, -3.457536666426423]}, "5": {"diameter": 7, "conjugate_isogenous_pairs": 42, "eigenvalues": [4.4239086191688255, -4.452305786999868]}, "7": {"diameter": 6, "conjugate_isogenous_pairs": 115, "eigenvalues": [5.275939960823302, -5.234925408823056]}, "11": {"diameter": 5, "conjugate_isogenous_pairs": 133, "eigenvalues": [6.610587073209343, -6.593175107029503]}}}