{"prime": 12959, "nodes": 1081, "minpoly": "x^2 + 12958*x + 7", "spine": 99, "undirected": false, "ell": {"2": {"diameter": 14, "conjugate_isogenous_pairs": 13, "eigenvalues": [2.8278071506566604, -2.8231372346180126]}, "3": {"diameter": 10, "conjugate_isogenous_pairs": 28, "eigenvalues": [3.4523551729262056, -3.4236369737971053]}, "5": {"diameter": 7, "conjugate_isogenous_pairs": 44, "eigenvalues": [4.458240656037455, -4.452973642957015]}, "7": {"diameter": 6, "conjugate_isogenous_pairs": 68, "eigenvalues": [5.239711866729527, -5.282975103184533]}, "11": {"diameter": 5, "conjugate_isogenous_pairs": 43, "eigenvalues": [6.574819587499143, -6.575201157986675]}}}