{"prime": 8563, "nodes": 714, "minpoly": "x^2 + 8559*x + 2", "spine": 18, "undirected": false, "ell": {"2": {"diameter": 13, "conjugate_isogenous_pairs": 30, "eigenvalues": [2.8273727085085287, -2.8280385568463378]}, "3": {"diameter": 9, "conjugate_isogenous_pairs": 44, "eigenvalues": [3.416305246301777, -3.443832617701554]}, "5": {"diameter": 6, "conjugate_isogenous_pairs": 92, "eigenvalues": [4.448839701800443, -4.39835829906414]}, "7": {"diameter": 5, "conjugate_isogenous_pairs": 41, "eigenvalues": [5.267772756867482, -5.165325184332681]}, "11": {"diameter": 4, "conjugate_isogenous_pairs": 58, "eigenvalues": [6.565685507637529, -6.600508137876506]}}}