{"prime": 19213, "nodes": 1601, "minpoly": "x^2 + 19210*x + 5", "spine": 31, "undirected": true, "ell": {"2": {"diameter": 14, "conjugate_isogenous_pairs": 54, "eigenvalues": [2.823132068662925, -2.8241673712056055]}, "3": {"diameter": 9, "conjugate_isogenous_pairs": 104, "eigenvalues": [3.449920481344284, -3.4628647424813]}, "5": {"diameter": 6, "conjugate_isogenous_pairs": 74, "eigenvalues": [4.427449952210529, -4.457690364018744]}, "7": {"diameter": 5, "conjugate_isogenous_pairs": 63, "eigenvalues": [5.233171619266238, -5.266654799954338]}, "11": {"diameter": 5, "conjugate_isogenous_pairs": 180, "eigenvalues": [6.600221149381796, -6.568903444707932]}}}