{"prime": 5077, "nodes": 423, "minpoly": "x^2 + 5073*x + 2", "spine": 11, "undirected": true, "ell": {"2": {"diameter": 11, "conjugate_isogenous_pairs": 26, "eigenvalues": [2.7912609034322933, -2.816330522520601]}, "3": {"diameter": 8, "conjugate_isogenous_pairs": 59, "eigenvalues": [3.4400695673831234, -3.443995905613534]}, "5": {"diameter": 6, "conjugate_isogenous_pairs": 45, "eigenvalues": [4.408576778185428, -4.394566951448777]}, "7": {"diameter": 5, "conjugate_isogenous_pairs": 34, "eigenvalues": [5.166476172701622, -5.144355165957838]}, "11": {"diameter": 4, "conjugate_isogenous_pairs": 77, "eigenvalues": [6.543764224348539, -6.559953871954532]}}}