{"prime": 8237, "nodes": 687, "minpoly": "x^2 + 8225*x + 2", "spine": 39, "undirected": false, "ell": {"2": {"diameter": 13, "conjugate_isogenous_pairs": 27, "eigenvalues": [2.815993605823103, -2.7973417785751895]}, "3": {"diameter": 9, "conjugate_isogenous_pairs": 29, "eigenvalues": [3.424353760256107, -3.453180792849781]}, "5": {"diameter": 6, "conjugate_isogenous_pairs": 23, "eigenvalues": [4.4323863472057035, -4.453181868217881]}, "7": {"diameter": 6, "conjugate_isogenous_pairs": 101, "eigenvalues": [5.244010572179304, -5.2237133380271334]}, "11": {"diameter": 4, "conjugate_isogenous_pairs": 63, "eigenvalues": [6.52454837471088, -6.534986146261424]}}}