{"prime": 21617, "nodes": 1802, "minpoly": "x^2 + 21612*x + 3", "spine": 58, "undirected": false, "ell": {"2": {"diameter": 14, "conjugate_isogenous_pairs": 27, "eigenvalues": [2.817068016105324, -2.8191927607206866]}, "3": {"diameter": 10, "conjugate_isogenous_pairs": 90, "eigenvalues": [3.4363281932512324, -3.433198435766147]}, "5": {"diameter": 7, "conjugate_isogenous_pairs": 50, "eigenvalues": [4.4549220680579005, -4.443456531492815]}, "7": {"diameter": 6, "conjugate_isogenous_pairs": 228, "eigenvalues": [5.270058511418527, -5.25075513414176]}, "11": {"diameter": 5, "conjugate_isogenous_pairs": 62, "eigenvalues": [6.611197754609365, -6.5666378296189025]}}}