{"prime": 21713, "nodes": 1810, "minpoly": "x^2 + 21706*x + 3", "spine": 84, "undirected": false, "ell": {"2": {"diameter": 15, "conjugate_isogenous_pairs": 29, "eigenvalues": [2.816576100433883, -2.8163369927311783]}, "3": {"diameter": 10, "conjugate_isogenous_pairs": 63, "eigenvalues": [3.4360900387371553, -3.4536288009683163]}, "5": {"diameter": 7, "conjugate_isogenous_pairs": 33, "eigenvalues": [4.458273540871442, -4.456207423027852]}, "7": {"diameter": 6, "conjugate_isogenous_pairs": 196, "eigenvalues": [5.246082113721582, -5.211660836505495]}, "11": {"diameter": 5, "conjugate_isogenous_pairs": 65, "eigenvalues": [6.586614294944551, -6.601951156276174]}}}