{"prime": 12841, "nodes": 1070, "minpoly": "x^2 + 12837*x + 21", "spine": 42, "undirected": true, "ell": {"2": {"diameter": 13, "conjugate_isogenous_pairs": 39, "eigenvalues": [2.8184617599378843, -2.815454137665671]}, "3": {"diameter": 9, "conjugate_isogenous_pairs": 28, "eigenvalues": [3.438431848643978, -3.439922196413448]}, "5": {"diameter": 6, "conjugate_isogenous_pairs": 45, "eigenvalues": [4.42051017388249, -4.457579697214485]}, "7": {"diameter": 5, "conjugate_isogenous_pairs": 55, "eigenvalues": [5.279861826950049, -5.276139190602077]}, "11": {"diameter": 4, "conjugate_isogenous_pairs": 134, "eigenvalues": [6.537160013191973, -6.575725938627288]}}}