{"prime": 7529, "nodes": 628, "minpoly": "x^2 + 7524*x + 3", "spine": 30, "undirected": false, "ell": {"2": {"diameter": 13, "conjugate_isogenous_pairs": 16, "eigenvalues": [2.8147476084477585, -2.818520757828635]}, "3": {"diameter": 9, "conjugate_isogenous_pairs": 21, "eigenvalues": [3.4516208122819574, -3.4280438310643646]}, "5": {"diameter": 6, "conjugate_isogenous_pairs": 27, "eigenvalues": [4.411732989071533, -4.4257150889619785]}, "7": {"diameter": 5, "conjugate_isogenous_pairs": 91, "eigenvalues": [5.260777576497894, -5.1566593623177495]}, "11": {"diameter": 5, "conjugate_isogenous_pairs": 51, "eigenvalues": [6.530011871214761, -6.480916489206013]}}}