{"prime": 21817, "nodes": 1818, "minpoly": "x^2 + 21810*x + 7", "spine": 28, "undirected": true, "ell": {"2": {"diameter": 14, "conjugate_isogenous_pairs": 73, "eigenvalues": [2.8246331341976907, -2.824252220157155]}, "3": {"diameter": 9, "conjugate_isogenous_pairs": 51, "eigenvalues": [3.429079039916468, -3.4469313949303615]}, "5": {"diameter": 7, "conjugate_isogenous_pairs": 66, "eigenvalues": [4.427485981176111, -4.46788847796937]}, "7": {"diameter": 6, "conjugate_isogenous_pairs": 128, "eigenvalues": [5.230421338309486, -5.238753935167562]}, "11": {"diameter": 5, "conjugate_isogenous_pairs": 127, "eigenvalues": [6.579977194276882, -6.584674414368702]}}}