{"prime": 25349, "nodes": 2113, "minpoly": "x^2 + 25345*x + 2", "spine": 97, "undirected": false, "ell": {"2": {"diameter": 15, "conjugate_isogenous_pairs": 18, "eigenvalues": [2.816831694543813, -2.820113212091102]}, "3": {"diameter": 10, "conjugate_isogenous_pairs": 74, "eigenvalues": [3.448543062546573, -3.4366515637099506]}, "5": {"diameter": 7, "conjugate_isogenous_pairs": 43, "eigenvalues": [4.4307632342087295, -4.469867893631882]}, "7": {"diameter": 6, "conjugate_isogenous_pairs": 120, "eigenvalues": [5.256118260194613, -5.23447096945514]}, "11": {"diameter": 5, "conjugate_isogenous_pairs": 149, "eigenvalues": [6.584520155667453, -6.63222390600384]}}}