{"prime": 8269, "nodes": 689, "minpoly": "x^2 + 8265*x + 2", "spine": 27, "undirected": true, "ell": {"2": {"diameter": 12, "conjugate_isogenous_pairs": 18, "eigenvalues": [2.82659042415739, -2.816471261673497]}, "3": {"diameter": 9, "conjugate_isogenous_pairs": 57, "eigenvalues": [3.423610146939491, -3.4526553721899473]}, "5": {"diameter": 6, "conjugate_isogenous_pairs": 64, "eigenvalues": [4.419936585372479, -4.435297991390541]}, "7": {"diameter": 5, "conjugate_isogenous_pairs": 28, "eigenvalues": [5.133545962541363, -5.282704648000727]}, "11": {"diameter": 4, "conjugate_isogenous_pairs": 121, "eigenvalues": [6.485082251784414, -6.5673763339128355]}}}