{"prime": 11047, "nodes": 921, "minpoly": "x^2 + 11045*x + 3", "spine": 41, "undirected": false, "ell": {"2": {"diameter": 13, "conjugate_isogenous_pairs": 39, "eigenvalues": [2.8209581548683422, -2.813584613191812]}, "3": {"diameter": 9, "conjugate_isogenous_pairs": 45, "eigenvalues": [3.445231928648311, -3.44292074869606]}, "5": {"diameter": 7, "conjugate_isogenous_pairs": 75, "eigenvalues": [4.430510603048457, -4.463780423034772]}, "7": {"diameter": 5, "conjugate_isogenous_pairs": 38, "eigenvalues": [5.220287474451369, -5.273610295057273]}, "11": {"diameter": 4, "conjugate_isogenous_pairs": 63, "eigenvalues": [6.595017309872879, -6.605044232934839]}}}