{"prime": 9719, "nodes": 811, "minpoly": "x^2 + 9712*x + 17", "spine": 133, "undirected": false, "ell": {"2": {"diameter": 14, "conjugate_isogenous_pairs": 11, "eigenvalues": [2.810929792212162, -2.8108915215946717]}, "3": {"diameter": 9, "conjugate_isogenous_pairs": 17, "eigenvalues": [3.4358557048304252, -3.4311351459642947]}, "5": {"diameter": 7, "conjugate_isogenous_pairs": 43, "eigenvalues": [4.40318807725784, -4.394412269972315]}, "7": {"diameter": 6, "conjugate_isogenous_pairs": 54, "eigenvalues": [5.282749292809531, -5.254246721381573]}, "11": {"diameter": 5, "conjugate_isogenous_pairs": 58, "eigenvalues": [6.4755359009583, -6.572872375219749]}}}