{"prime": 26833, "nodes": 2236, "minpoly": "x^2 + 26828*x + 5", "spine": 26, "undirected": true, "ell": {"2": {"diameter": 15, "conjugate_isogenous_pairs": 70, "eigenvalues": [2.8248846098969667, -2.814960866994865]}, "3": {"diameter": 9, "conjugate_isogenous_pairs": 110, "eigenvalues": [3.4558033364445375, -3.440642505457875]}, "5": {"diameter": 7, "conjugate_isogenous_pairs": 74, "eigenvalues": [4.459496963834629, -4.419417219556854]}, "7": {"diameter": 6, "conjugate_isogenous_pairs": 129, "eigenvalues": [5.239279248263098, -5.264407367378006]}, "11": {"diameter": 5, "conjugate_isogenous_pairs": 117, "eigenvalues": [6.598824169580906, -6.573623665531688]}}}