{"prime": 18773, "nodes": 1565, "minpoly": "x^2 + 18768*x + 2", "spine": 73, "undirected": false, "ell": {"2": {"diameter": 14, "conjugate_isogenous_pairs": 27, "eigenvalues": [2.820529168350155, -2.81805424594762]}, "3": {"diameter": 10, "conjugate_isogenous_pairs": 114, "eigenvalues": [3.4382470169980435, -3.4441066141494017]}, "5": {"diameter": 7, "conjugate_isogenous_pairs": 31, "eigenvalues": [4.421250970325264, -4.437955672330257]}, "7": {"diameter": 6, "conjugate_isogenous_pairs": 109, "eigenvalues": [5.236486737283112, -5.261127252222715]}, "11": {"diameter": 5, "conjugate_isogenous_pairs": 73, "eigenvalues": [6.614532442786855, -6.549702537621033]}}}