{"prime": 3119, "nodes": 261, "minpoly": "x^2 + 3118*x + 7", "spine": 69, "undirected": false, "ell": {"2": {"diameter": 11, "conjugate_isogenous_pairs": 5, "eigenvalues": [2.804226120549245, -2.7940455152419204]}, "3": {"diameter": 8, "conjugate_isogenous_pairs": 15, "eigenvalues": [3.42348312040258, -3.43597972102543]}, "5": {"diameter": 6, "conjugate_isogenous_pairs": 19, "eigenvalues": [4.440277989637976, -4.423063756038476]}, "7": {"diameter": 5, "conjugate_isogenous_pairs": 19, "eigenvalues": [5.119242373751754, -5.185300954322223]}, "11": {"diameter": 4, "conjugate_isogenous_pairs": 18, "eigenvalues": [6.579320993512351, -6.515204411267544]}}}