{"prime": 15923, "nodes": 1328, "minpoly": "x^2 + 15922*x + 2", "spine": 62, "undirected": false, "ell": {"2": {"diameter": 15, "conjugate_isogenous_pairs": 31, "eigenvalues": [2.809588863399177, -2.8166636613811447]}, "3": {"diameter": 10, "conjugate_isogenous_pairs": 47, "eigenvalues": [3.4504848324561976, -3.4465795061731126]}, "5": {"diameter": 7, "conjugate_isogenous_pairs": 65, "eigenvalues": [4.452800391460581, -4.4334209616344]}, "7": {"diameter": 6, "conjugate_isogenous_pairs": 83, "eigenvalues": [5.267774476199493, -5.22567530886912]}, "11": {"diameter": 5, "conjugate_isogenous_pairs": 47, "eigenvalues": [6.530269778426593, -6.600256024611059]}}}