{"prime": 6793, "nodes": 566, "minpoly": "x^2 + 6792*x + 10", "spine": 18, "undirected": true, "ell": {"2": {"diameter": 12, "conjugate_isogenous_pairs": 30, "eigenvalues": [2.8011404314776196, -2.80206133883059]}, "3": {"diameter": 8, "conjugate_isogenous_pairs": 30, "eigenvalues": [3.405481668334776, -3.4513652981661163]}, "5": {"diameter": 6, "conjugate_isogenous_pairs": 51, "eigenvalues": [4.445016917963769, -4.447239044512814]}, "7": {"diameter": 5, "conjugate_isogenous_pairs": 67, "eigenvalues": [5.141159740411381, -5.277522475067831]}, "11": {"diameter": 4, "conjugate_isogenous_pairs": 91, "eigenvalues": [6.410385877928886, -6.581257257965309]}}}