{"prime": 4421, "nodes": 369, "minpoly": "x^2 + 4420*x + 3", "spine": 45, "undirected": false, "ell": {"2": {"diameter": 12, "conjugate_isogenous_pairs": 6, "eigenvalues": [2.823479165599838, -2.8208451011860567]}, "3": {"diameter": 8, "conjugate_isogenous_pairs": 37, "eigenvalues": [3.3993484178256907, -3.410585605364278]}, "5": {"diameter": 6, "conjugate_isogenous_pairs": 18, "eigenvalues": [4.33299309065495, -4.42704850232651]}, "7": {"diameter": 5, "conjugate_isogenous_pairs": 34, "eigenvalues": [5.043821468726099, -5.057189619562416]}, "11": {"diameter": 4, "conjugate_isogenous_pairs": 38, "eigenvalues": [6.45679387167824, -6.39496239998705]}}}