{"prime": 6653, "nodes": 555, "minpoly": "x^2 + 6652*x + 2", "spine": 35, "undirected": false, "ell": {"2": {"diameter": 13, "conjugate_isogenous_pairs": 15, "eigenvalues": [2.819719211217963, -2.800809575184763]}, "3": {"diameter": 9, "conjugate_isogenous_pairs": 49, "eigenvalues": [3.4038100830554, -3.4487641524238613]}, "5": {"diameter": 6, "conjugate_isogenous_pairs": 17, "eigenvalues": [4.4317472702978895, -4.464332111732244]}, "7": {"diameter": 5, "conjugate_isogenous_pairs": 91, "eigenvalues": [5.248908342564581, -5.200682507225772]}, "11": {"diameter": 4, "conjugate_isogenous_pairs": 69, "eigenvalues": [6.410064693047837, -6.488515105184222]}}}