{"prime": 27271, "nodes": 2273, "minpoly": "x^2 + 27267*x + 6", "spine": 121, "undirected": false, "ell": {"2": {"diameter": 15, "conjugate_isogenous_pairs": 37, "eigenvalues": [2.8252436330220436, -2.811999518173945]}, "3": {"diameter": 10, "conjugate_isogenous_pairs": 45, "eigenvalues": [3.4590152893905444, -3.455351380708626]}, "5": {"diameter": 7, "conjugate_isogenous_pairs": 109, "eigenvalues": [4.458448066229397, -4.44939625107094]}, "7": {"diameter": 6, "conjugate_isogenous_pairs": 41, "eigenvalues": [5.276670743294027, -5.267528283979782]}, "11": {"diameter": 5, "conjugate_isogenous_pairs": 158, "eigenvalues": [6.581738466913817, -6.581572765796689]}}}