{"prime": 1399, "nodes": 117, "minpoly": "x^2 + 1395*x + 13", "spine": 27, "undirected": false, "ell": {"2": {"diameter": 9, "conjugate_isogenous_pairs": 9, "eigenvalues": [2.7506371868967348, -2.8128940299827487]}, "3": {"diameter": 7, "conjugate_isogenous_pairs": 7, "eigenvalues": [3.3658487299546147, -3.4243494635647744]}, "5": {"diameter": 5, "conjugate_isogenous_pairs": 24, "eigenvalues": [4.467268260749787, -4.351753213337838]}, "7": {"diameter": 4, "conjugate_isogenous_pairs": 8, "eigenvalues": [4.832791095074232, -5.124820372896321]}, "11": {"diameter": 4, "conjugate_isogenous_pairs": 31, "eigenvalues": [6.60163173983079, -6.479508557497543]}}}