{"prime": 15511, "nodes": 1293, "minpoly": "x^2 + 15509*x + 3", "spine": 65, "undirected": false, "ell": {"2": {"diameter": 14, "conjugate_isogenous_pairs": 49, "eigenvalues": [2.8273163009921465, -2.8210401347520553]}, "3": {"diameter": 9, "conjugate_isogenous_pairs": 20, "eigenvalues": [3.4421713273543384, -3.4534230562650725]}, "5": {"diameter": 7, "conjugate_isogenous_pairs": 87, "eigenvalues": [4.4595363318186205, -4.445891286247285]}, "7": {"diameter": 5, "conjugate_isogenous_pairs": 38, "eigenvalues": [5.262575097784542, -5.257696470008948]}, "11": {"diameter": 5, "conjugate_isogenous_pairs": 146, "eigenvalues": [6.5473314050940745, -6.545428053643878]}}}