{"prime": 20543, "nodes": 1713, "minpoly": "x^2 + 20532*x + 5", "spine": 141, "undirected": false, "ell": {"2": {"diameter": 14, "conjugate_isogenous_pairs": 28, "eigenvalues": [2.825528582480932, -2.82715523713245]}, "3": {"diameter": 10, "conjugate_isogenous_pairs": 47, "eigenvalues": [3.4296510600629753, -3.4614786958494275]}, "5": {"diameter": 7, "conjugate_isogenous_pairs": 51, "eigenvalues": [4.4556466578136025, -4.469524845106771]}, "7": {"diameter": 6, "conjugate_isogenous_pairs": 80, "eigenvalues": [5.270048454246412, -5.262769736407166]}, "11": {"diameter": 5, "conjugate_isogenous_pairs": 49, "eigenvalues": [6.618870709584179, -6.608390595967023]}}}