{"prime": 17033, "nodes": 1420, "minpoly": "x^2 + 17027*x + 3", "spine": 42, "undirected": false, "ell": {"2": {"diameter": 14, "conjugate_isogenous_pairs": 28, "eigenvalues": [2.8232472935381874, -2.824983627468218]}, "3": {"diameter": 10, "conjugate_isogenous_pairs": 67, "eigenvalues": [3.4601137147968744, -3.434059888752]}, "5": {"diameter": 7, "conjugate_isogenous_pairs": 33, "eigenvalues": [4.458272391778676, -4.417864777762544]}, "7": {"diameter": 6, "conjugate_isogenous_pairs": 160, "eigenvalues": [5.233480501944029, -5.240295351408456]}, "11": {"diameter": 5, "conjugate_isogenous_pairs": 43, "eigenvalues": [6.600922888219412, -6.600816296239195]}}}