{"prime": 13997, "nodes": 1167, "minpoly": "x^2 + 13993*x + 2", "spine": 41, "undirected": false, "ell": {"2": {"diameter": 14, "conjugate_isogenous_pairs": 17, "eigenvalues": [2.823460317318792, -2.824190268715971]}, "3": {"diameter": 10, "conjugate_isogenous_pairs": 94, "eigenvalues": [3.4519824817118376, -3.439116547562597]}, "5": {"diameter": 6, "conjugate_isogenous_pairs": 31, "eigenvalues": [4.45729349583372, -4.433404690440784]}, "7": {"diameter": 6, "conjugate_isogenous_pairs": 134, "eigenvalues": [5.206758845255307, -5.234324136745664]}, "11": {"diameter": 5, "conjugate_isogenous_pairs": 74, "eigenvalues": [6.607657588502001, -6.607971656700597]}}}