{"prime": 1609, "nodes": 134, "minpoly": "x^2 + 1597*x + 7", "spine": 14, "undirected": true, "ell": {"2": {"diameter": 10, "conjugate_isogenous_pairs": 13, "eigenvalues": [2.7979483872166835, -2.8223998358215674]}, "3": {"diameter": 6, "conjugate_isogenous_pairs": 12, "eigenvalues": [3.277543433213381, -3.4290494679838934]}, "5": {"diameter": 5, "conjugate_isogenous_pairs": 14, "eigenvalues": [4.387291794061369, -4.27081670912509]}, "7": {"diameter": 4, "conjugate_isogenous_pairs": 18, "eigenvalues": [5.147655618124972, -5.051555230188045]}, "11": {"diameter": 3, "conjugate_isogenous_pairs": 42, "eigenvalues": [6.474423918416283, -5.9349867543302555]}}}