{"prime": 7591, "nodes": 633, "minpoly": "x^2 + 7589*x + 6", "spine": 65, "undirected": false, "ell": {"2": {"diameter": 13, "conjugate_isogenous_pairs": 27, "eigenvalues": [2.8177157244610607, -2.819994934326217]}, "3": {"diameter": 8, "conjugate_isogenous_pairs": 14, "eigenvalues": [3.40934689092109, -3.4566442958118118]}, "5": {"diameter": 7, "conjugate_isogenous_pairs": 55, "eigenvalues": [4.428712953604196, -4.436148308141917]}, "7": {"diameter": 5, "conjugate_isogenous_pairs": 20, "eigenvalues": [5.217531756427381, -5.20127078104434]}, "11": {"diameter": 4, "conjugate_isogenous_pairs": 68, "eigenvalues": [6.512921087257461, -6.516230335161801]}}}