{"prime": 9901, "nodes": 825, "minpoly": "x^2 + 9900*x + 2", "spine": 31, "undirected": true, "ell": {"2": {"diameter": 13, "conjugate_isogenous_pairs": 39, "eigenvalues": [2.8110519096085307, -2.806110687361205]}, "3": {"diameter": 9, "conjugate_isogenous_pairs": 32, "eigenvalues": [3.442642115940352, -3.443567456836074]}, "5": {"diameter": 6, "conjugate_isogenous_pairs": 47, "eigenvalues": [4.46198157277693, -4.464672477815157]}, "7": {"diameter": 5, "conjugate_isogenous_pairs": 42, "eigenvalues": [5.265457174742196, -5.196882004006303]}, "11": {"diameter": 4, "conjugate_isogenous_pairs": 200, "eigenvalues": [6.539409126301725, -6.531577618326699]}}}