{"prime": 18149, "nodes": 1513, "minpoly": "x^2 + 18148*x + 2", "spine": 93, "undirected": false, "ell": {"2": {"diameter": 14, "conjugate_isogenous_pairs": 15, "eigenvalues": [2.820554507366533, -2.8201251661015303]}, "3": {"diameter": 10, "conjugate_isogenous_pairs": 63, "eigenvalues": [3.4566917179791075, -3.4416791358367593]}, "5": {"diameter": 7, "conjugate_isogenous_pairs": 33, "eigenvalues": [4.462154106155441, -4.4196585233967625]}, "7": {"diameter": 6, "conjugate_isogenous_pairs": 81, "eigenvalues": [5.2725263589725575, -5.286330649031209]}, "11": {"diameter": 5, "conjugate_isogenous_pairs": 148, "eigenvalues": [6.5543772708517, -6.625811011029241]}}}