{"prime": 9949, "nodes": 829, "minpoly": "x^2 + 9945*x + 2", "spine": 25, "undirected": true, "ell": {"2": {"diameter": 12, "conjugate_isogenous_pairs": 23, "eigenvalues": [2.7976048108441525, -2.819317138397903]}, "3": {"diameter": 9, "conjugate_isogenous_pairs": 46, "eigenvalues": [3.4152336052584773, -3.380325423672252]}, "5": {"diameter": 6, "conjugate_isogenous_pairs": 54, "eigenvalues": [4.425213040208492, -4.462623735739597]}, "7": {"diameter": 5, "conjugate_isogenous_pairs": 43, "eigenvalues": [5.241000766601726, -5.232217499131275]}, "11": {"diameter": 4, "conjugate_isogenous_pairs": 159, "eigenvalues": [6.58253542509123, -6.535392655016486]}}}