{"prime": 12227, "nodes": 1020, "minpoly": "x^2 + 12226*x + 2", "spine": 82, "undirected": false, "ell": {"2": {"diameter": 14, "conjugate_isogenous_pairs": 30, "eigenvalues": [2.8091244294735276, -2.8149514659674018]}, "3": {"diameter": 10, "conjugate_isogenous_pairs": 25, "eigenvalues": [3.455717228743819, -3.4425316641311645]}, "5": {"diameter": 7, "conjugate_isogenous_pairs": 64, "eigenvalues": [4.447584784337685, -4.451364196050098]}, "7": {"diameter": 6, "conjugate_isogenous_pairs": 69, "eigenvalues": [5.259591906419189, -5.205115511507688]}, "11": {"diameter": 5, "conjugate_isogenous_pairs": 35, "eigenvalues": [6.526701493858951, -6.526582963118169]}}}