{"prime": 8647, "nodes": 721, "minpoly": "x^2 + 8645*x + 3", "spine": 31, "undirected": false, "ell": {"2": {"diameter": 13, "conjugate_isogenous_pairs": 37, "eigenvalues": [2.808536272316807, -2.817115732808711]}, "3": {"diameter": 9, "conjugate_isogenous_pairs": 35, "eigenvalues": [3.4247432124212045, -3.461699947752929]}, "5": {"diameter": 6, "conjugate_isogenous_pairs": 86, "eigenvalues": [4.4624447921457895, -4.384768279608222]}, "7": {"diameter": 5, "conjugate_isogenous_pairs": 52, "eigenvalues": [5.22120420867452, -5.2148520930125635]}, "11": {"diameter": 4, "conjugate_isogenous_pairs": 44, "eigenvalues": [6.481272131669158, -6.548449152858022]}}}