{"prime": 4337, "nodes": 362, "minpoly": "x^2 + 4330*x + 3", "spine": 18, "undirected": false, "ell": {"2": {"diameter": 12, "conjugate_isogenous_pairs": 15, "eigenvalues": [2.788559826696083, -2.8266460189624905]}, "3": {"diameter": 8, "conjugate_isogenous_pairs": 23, "eigenvalues": [3.443375097438996, -3.433281369352031]}, "5": {"diameter": 6, "conjugate_isogenous_pairs": 20, "eigenvalues": [4.408521919343822, -4.441349540116738]}, "7": {"diameter": 5, "conjugate_isogenous_pairs": 93, "eigenvalues": [5.255404136153811, -5.216925496432453]}, "11": {"diameter": 4, "conjugate_isogenous_pairs": 21, "eigenvalues": [6.331545992215227, -6.560184540620434]}}}