{"prime": 22073, "nodes": 1840, "minpoly": "x^2 + 22067*x + 3", "spine": 64, "undirected": false, "ell": {"2": {"diameter": 14, "conjugate_isogenous_pairs": 19, "eigenvalues": [2.824831432024079, -2.82473251528823]}, "3": {"diameter": 10, "conjugate_isogenous_pairs": 94, "eigenvalues": [3.442639114178902, -3.4572610980244316]}, "5": {"diameter": 7, "conjugate_isogenous_pairs": 47, "eigenvalues": [4.452434461935601, -4.436681314430086]}, "7": {"diameter": 6, "conjugate_isogenous_pairs": 222, "eigenvalues": [5.2616020495073546, -5.278795838833643]}, "11": {"diameter": 5, "conjugate_isogenous_pairs": 60, "eigenvalues": [6.569791474708119, -6.5623915665159]}}}