{"prime": 2027, "nodes": 170, "minpoly": "x^2 + 2021*x + 2", "spine": 22, "undirected": false, "ell": {"2": {"diameter": 10, "conjugate_isogenous_pairs": 9, "eigenvalues": [2.8014200793525394, -2.788393586534357]}, "3": {"diameter": 7, "conjugate_isogenous_pairs": 13, "eigenvalues": [3.4041883679812153, -3.3061765258443967]}, "5": {"diameter": 5, "conjugate_isogenous_pairs": 23, "eigenvalues": [4.40928682869391, -4.40333843272655]}, "7": {"diameter": 5, "conjugate_isogenous_pairs": 30, "eigenvalues": [5.181456700741788, -5.246319273165916]}, "11": {"diameter": 4, "conjugate_isogenous_pairs": 12, "eigenvalues": [6.336120345149953, -6.488182895774135]}}}