{"prime": 21269, "nodes": 1773, "minpoly": "x^2 + 21265*x + 2", "spine": 135, "undirected": false, "ell": {"2": {"diameter": 15, "conjugate_isogenous_pairs": 22, "eigenvalues": [2.8234659344919493, -2.821884269941745]}, "3": {"diameter": 11, "conjugate_isogenous_pairs": 49, "eigenvalues": [3.459114545951408, -3.4536789594722515]}, "5": {"diameter": 7, "conjugate_isogenous_pairs": 30, "eigenvalues": [4.4587949182097795, -4.4434349595580676]}, "7": {"diameter": 6, "conjugate_isogenous_pairs": 71, "eigenvalues": [5.267930173299967, -5.262923761293842]}, "11": {"diameter": 5, "conjugate_isogenous_pairs": 138, "eigenvalues": [6.604797210636868, -6.609767004892829]}}}