{"prime": 5399, "nodes": 451, "minpoly": "x^2 + 5398*x + 7", "spine": 79, "undirected": false, "ell": {"2": {"diameter": 13, "conjugate_isogenous_pairs": 8, "eigenvalues": [2.8149046441337635, -2.7972252763656806]}, "3": {"diameter": 9, "conjugate_isogenous_pairs": 20, "eigenvalues": [3.4232994023344365, -3.4133716397525227]}, "5": {"diameter": 6, "conjugate_isogenous_pairs": 20, "eigenvalues": [4.373011569615597, -4.42246306075714]}, "7": {"diameter": 5, "conjugate_isogenous_pairs": 42, "eigenvalues": [5.1862566899548215, -5.275508522754336]}, "11": {"diameter": 4, "conjugate_isogenous_pairs": 30, "eigenvalues": [6.611277370036116, -6.5598132949426216]}}}