{"prime": 21673, "nodes": 1806, "minpoly": "x^2 + 21672*x + 10", "spine": 22, "undirected": true, "ell": {"2": {"diameter": 14, "conjugate_isogenous_pairs": 69, "eigenvalues": [2.815560463303043, -2.8223156542650094]}, "3": {"diameter": 9, "conjugate_isogenous_pairs": 58, "eigenvalues": [3.458028580969601, -3.457643242302788]}, "5": {"diameter": 7, "conjugate_isogenous_pairs": 75, "eigenvalues": [4.438839205221346, -4.46193925571953]}, "7": {"diameter": 6, "conjugate_isogenous_pairs": 122, "eigenvalues": [5.25062636607435, -5.238963085166386]}, "11": {"diameter": 5, "conjugate_isogenous_pairs": 117, "eigenvalues": [6.608410745748732, -6.6205279624853075]}}}