{"prime": 4273, "nodes": 356, "minpoly": "x^2 + 4268*x + 5", "spine": 12, "undirected": true, "ell": {"2": {"diameter": 12, "conjugate_isogenous_pairs": 34, "eigenvalues": [2.8222791197155384, -2.820408214521253]}, "3": {"diameter": 7, "conjugate_isogenous_pairs": 27, "eigenvalues": [3.415428884865145, -3.4351117618905476]}, "5": {"diameter": 5, "conjugate_isogenous_pairs": 32, "eigenvalues": [4.343608622757387, -4.37218406217383]}, "7": {"diameter": 5, "conjugate_isogenous_pairs": 46, "eigenvalues": [5.225437660713207, -5.238686699901258]}, "11": {"diameter": 4, "conjugate_isogenous_pairs": 47, "eigenvalues": [6.553254979943735, -6.569536874982282]}}}