{"prime": 16069, "nodes": 1339, "minpoly": "x^2 + 16062*x + 2", "spine": 39, "undirected": true, "ell": {"2": {"diameter": 13, "conjugate_isogenous_pairs": 35, "eigenvalues": [2.8230526922044374, -2.823190280717327]}, "3": {"diameter": 9, "conjugate_isogenous_pairs": 64, "eigenvalues": [3.4606996340350062, -3.4338409690631653]}, "5": {"diameter": 6, "conjugate_isogenous_pairs": 54, "eigenvalues": [4.464516521858453, -4.414295910043078]}, "7": {"diameter": 6, "conjugate_isogenous_pairs": 47, "eigenvalues": [5.266450659786098, -5.2518896177395655]}, "11": {"diameter": 5, "conjugate_isogenous_pairs": 200, "eigenvalues": [6.599498273334062, -6.560944642161448]}}}