{"prime": 27799, "nodes": 2317, "minpoly": "x^2 + 27796*x + 7", "spine": 107, "undirected": false, "ell": {"2": {"diameter": 15, "conjugate_isogenous_pairs": 44, "eigenvalues": [2.821347666783028, -2.820706884338098]}, "3": {"diameter": 10, "conjugate_isogenous_pairs": 37, "eigenvalues": [3.4559330482005857, -3.446523410357637]}, "5": {"diameter": 7, "conjugate_isogenous_pairs": 158, "eigenvalues": [4.457361391170754, -4.462070135784123]}, "7": {"diameter": 6, "conjugate_isogenous_pairs": 43, "eigenvalues": [5.248495916127223, -5.2547160887156785]}, "11": {"diameter": 5, "conjugate_isogenous_pairs": 123, "eigenvalues": [6.588316243891901, -6.616996687278803]}}}