{"prime": 18617, "nodes": 1552, "minpoly": "x^2 + 18610*x + 3", "spine": 54, "undirected": false, "ell": {"2": {"diameter": 14, "conjugate_isogenous_pairs": 32, "eigenvalues": [2.8259043936110744, -2.8265448583639965]}, "3": {"diameter": 10, "conjugate_isogenous_pairs": 71, "eigenvalues": [3.4608699751265104, -3.454217929056549]}, "5": {"diameter": 7, "conjugate_isogenous_pairs": 33, "eigenvalues": [4.408908834807125, -4.427199055317567]}, "7": {"diameter": 6, "conjugate_isogenous_pairs": 191, "eigenvalues": [5.282320520785785, -5.265753910312714]}, "11": {"diameter": 5, "conjugate_isogenous_pairs": 36, "eigenvalues": [6.551416831727506, -6.61522060790081]}}}