{"prime": 8887, "nodes": 741, "minpoly": "x^2 + 8886*x + 3", "spine": 43, "undirected": false, "ell": {"2": {"diameter": 13, "conjugate_isogenous_pairs": 27, "eigenvalues": [2.8124200284390826, -2.8071396067612717]}, "3": {"diameter": 8, "conjugate_isogenous_pairs": 26, "eigenvalues": [3.417307601212472, -3.4269187594093844]}, "5": {"diameter": 6, "conjugate_isogenous_pairs": 93, "eigenvalues": [4.456565215789718, -4.456293400546139]}, "7": {"diameter": 5, "conjugate_isogenous_pairs": 40, "eigenvalues": [5.231272499929502, -5.279675508968876]}, "11": {"diameter": 4, "conjugate_isogenous_pairs": 53, "eigenvalues": [6.607975041343652, -6.554642089949973]}}}