{"prime": 773, "nodes": 65, "minpoly": "x^2 + 772*x + 2", "spine": 13, "undirected": false, "ell": {"2": {"diameter": 9, "conjugate_isogenous_pairs": 7, "eigenvalues": [2.791767693635188, -2.6755157060255397]}, "3": {"diameter": 6, "conjugate_isogenous_pairs": 11, "eigenvalues": [3.2801478316520303, -3.3002017174821026]}, "5": {"diameter": 5, "conjugate_isogenous_pairs": 5, "eigenvalues": [4.42437811274418, -4.085864873293199]}, "7": {"diameter": 4, "conjugate_isogenous_pairs": 19, "eigenvalues": [4.932774055662515, -4.976545148876326]}, "11": {"diameter": 3, "conjugate_isogenous_pairs": 13, "eigenvalues": [5.705051494164449, -6.010383558864085]}}}