{"prime": 5939, "nodes": 496, "minpoly": "x^2 + 5935*x + 2", "spine": 70, "undirected": false, "ell": {"2": {"diameter": 13, "conjugate_isogenous_pairs": 9, "eigenvalues": [2.7948836779336514, -2.823708122051783]}, "3": {"diameter": 8, "conjugate_isogenous_pairs": 17, "eigenvalues": [3.4242937273037035, -3.394505346232842]}, "5": {"diameter": 6, "conjugate_isogenous_pairs": 39, "eigenvalues": [4.430412217699761, -4.413545711142014]}, "7": {"diameter": 5, "conjugate_isogenous_pairs": 29, "eigenvalues": [5.216884282535278, -5.266861526572486]}, "11": {"diameter": 4, "conjugate_isogenous_pairs": 42, "eigenvalues": [6.391261214147417, -6.607930097889223]}}}