{"prime": 1009, "nodes": 84, "minpoly": "x^2 + 1008*x + 11", "spine": 10, "undirected": true, "ell": {"2": {"diameter": 8, "conjugate_isogenous_pairs": 7, "eigenvalues": [2.7463713392154707, -2.811025953270155]}, "3": {"diameter": 6, "conjugate_isogenous_pairs": 11, "eigenvalues": [3.3886473256837846, -3.29195341075222]}, "5": {"diameter": 4, "conjugate_isogenous_pairs": 21, "eigenvalues": [4.347141790863397, -4.468686203828696]}, "7": {"diameter": 4, "conjugate_isogenous_pairs": 18, "eigenvalues": [5.040754026644501, -5.07787472307689]}, "11": {"diameter": 3, "conjugate_isogenous_pairs": 28, "eigenvalues": [5.835754855385024, -5.985833690155544]}}}