{"prime": 23627, "nodes": 1970, "minpoly": "x^2 + 23623*x + 2", "spine": 74, "undirected": false, "ell": {"2": {"diameter": 15, "conjugate_isogenous_pairs": 24, "eigenvalues": [2.826017176005908, -2.81801503118775]}, "3": {"diameter": 10, "conjugate_isogenous_pairs": 66, "eigenvalues": [3.4514167505153175, -3.4399269537832113]}, "5": {"diameter": 7, "conjugate_isogenous_pairs": 111, "eigenvalues": [4.435346562653971, -4.44631948303067]}, "7": {"diameter": 6, "conjugate_isogenous_pairs": 128, "eigenvalues": [5.256495913337464, -5.263477894084164]}, "11": {"diameter": 5, "conjugate_isogenous_pairs": 61, "eigenvalues": [6.551969939751208, -6.575498749239436]}}}