{"prime": 439, "nodes": 37, "minpoly": "x^2 + 436*x + 15", "spine": 15, "undirected": false, "ell": {"2": {"diameter": 7, "conjugate_isogenous_pairs": 3, "eigenvalues": [2.7702759051137535, -2.785533878793893]}, "3": {"diameter": 6, "conjugate_isogenous_pairs": 3, "eigenvalues": [3.3612206228680854, -3.4358301829467224]}, "5": {"diameter": 4, "conjugate_isogenous_pairs": 8, "eigenvalues": [4.327003670434708, -3.774978214681717]}, "7": {"diameter": 3, "conjugate_isogenous_pairs": 4, "eigenvalues": [4.868894047215737, -5.012924521902551]}, "11": {"diameter": 3, "conjugate_isogenous_pairs": 10, "eigenvalues": [6.289117559220553, -6.126136618404241]}}}