{"prime": 1151, "nodes": 97, "minpoly": "x^2 + 1148*x + 17", "spine": 41, "undirected": false, "ell": {"2": {"diameter": 10, "conjugate_isogenous_pairs": 2, "eigenvalues": [2.8147296456290385, -2.8051907383123296]}, "3": {"diameter": 7, "conjugate_isogenous_pairs": 5, "eigenvalues": [3.424784389952094, -3.422684397236749]}, "5": {"diameter": 5, "conjugate_isogenous_pairs": 8, "eigenvalues": [4.26065592062092, -4.246272366198207]}, "7": {"diameter": 4, "conjugate_isogenous_pairs": 16, "eigenvalues": [5.238188016600875, -4.732723553178541]}, "11": {"diameter": 4, "conjugate_isogenous_pairs": 13, "eigenvalues": [6.371887749688695, -6.097421118653962]}}}