{"prime": 29741, "nodes": 2479, "minpoly": "x^2 + 29740*x + 2", "spine": 149, "undirected": false, "ell": {"2": {"diameter": 15, "conjugate_isogenous_pairs": 24, "eigenvalues": [2.819257192078219, -2.822912200117913]}, "3": {"diameter": 10, "conjugate_isogenous_pairs": 65, "eigenvalues": [3.4552518769527376, -3.460462062676297]}, "5": {"diameter": 7, "conjugate_isogenous_pairs": 41, "eigenvalues": [4.443964255080759, -4.430572822503132]}, "7": {"diameter": 6, "conjugate_isogenous_pairs": 89, "eigenvalues": [5.277791809012228, -5.244023120729937]}, "11": {"diameter": 5, "conjugate_isogenous_pairs": 147, "eigenvalues": [6.586578647943749, -6.611537080380477]}}}