{"prime": 28649, "nodes": 2388, "minpoly": "x^2 + 28638*x + 3", "spine": 120, "undirected": false, "ell": {"2": {"diameter": 16, "conjugate_isogenous_pairs": 34, "eigenvalues": [2.8266001216051917, -2.8209534873445206]}, "3": {"diameter": 10, "conjugate_isogenous_pairs": 53, "eigenvalues": [3.42811582482004, -3.455953187277556]}, "5": {"diameter": 7, "conjugate_isogenous_pairs": 26, "eigenvalues": [4.449806533251494, -4.445623783310962]}, "7": {"diameter": 6, "conjugate_isogenous_pairs": 158, "eigenvalues": [5.282137099201736, -5.279843956453177]}, "11": {"diameter": 5, "conjugate_isogenous_pairs": 118, "eigenvalues": [6.602111980428532, -6.616362598950034]}}}