{"prime": 20947, "nodes": 1746, "minpoly": "x^2 + 20940*x + 3", "spine": 42, "undirected": false, "ell": {"2": {"diameter": 14, "conjugate_isogenous_pairs": 79, "eigenvalues": [2.81895455234014, -2.8221541385969364]}, "3": {"diameter": 9, "conjugate_isogenous_pairs": 43, "eigenvalues": [3.435127355416835, -3.4598648009159767]}, "5": {"diameter": 7, "conjugate_isogenous_pairs": 125, "eigenvalues": [4.461320271154047, -4.437628041625057]}, "7": {"diameter": 6, "conjugate_isogenous_pairs": 52, "eigenvalues": [5.282954534090083, -5.255703854554237]}, "11": {"diameter": 5, "conjugate_isogenous_pairs": 86, "eigenvalues": [6.494810645686399, -6.591419511868034]}}}