{"prime": 6133, "nodes": 511, "minpoly": "x^2 + 6132*x + 5", "spine": 21, "undirected": true, "ell": {"2": {"diameter": 12, "conjugate_isogenous_pairs": 25, "eigenvalues": [2.803533651543614, -2.8247353611462405]}, "3": {"diameter": 8, "conjugate_isogenous_pairs": 67, "eigenvalues": [3.4408760615073746, -3.448873411499762]}, "5": {"diameter": 6, "conjugate_isogenous_pairs": 38, "eigenvalues": [4.470494125425209, -4.342377623756838]}, "7": {"diameter": 5, "conjugate_isogenous_pairs": 38, "eigenvalues": [5.275371429140213, -5.1687387948362336]}, "11": {"diameter": 4, "conjugate_isogenous_pairs": 73, "eigenvalues": [6.513683796691875, -6.607971689144285]}}}