{"prime": 22159, "nodes": 1847, "minpoly": "x^2 + 22158*x + 6", "spine": 65, "undirected": false, "ell": {"2": {"diameter": 14, "conjugate_isogenous_pairs": 53, "eigenvalues": [2.824547923591529, -2.821721138756249]}, "3": {"diameter": 10, "conjugate_isogenous_pairs": 42, "eigenvalues": [3.4524648382925514, -3.4553086364837196]}, "5": {"diameter": 7, "conjugate_isogenous_pairs": 97, "eigenvalues": [4.445481095549379, -4.451343629566808]}, "7": {"diameter": 6, "conjugate_isogenous_pairs": 40, "eigenvalues": [5.243486199879487, -5.215007930005726]}, "11": {"diameter": 5, "conjugate_isogenous_pairs": 119, "eigenvalues": [6.59230444013539, -6.501484975639628]}}}