{"prime": 7669, "nodes": 639, "minpoly": "x^2 + 7665*x + 2", "spine": 35, "undirected": true, "ell": {"2": {"diameter": 12, "conjugate_isogenous_pairs": 19, "eigenvalues": [2.8240543348628373, -2.811180970756648]}, "3": {"diameter": 8, "conjugate_isogenous_pairs": 47, "eigenvalues": [3.405820865736237, -3.4204656487786793]}, "5": {"diameter": 6, "conjugate_isogenous_pairs": 52, "eigenvalues": [4.454177885958549, -4.4523990535145295]}, "7": {"diameter": 5, "conjugate_isogenous_pairs": 27, "eigenvalues": [5.17961793256904, -5.179547696946055]}, "11": {"diameter": 4, "conjugate_isogenous_pairs": 106, "eigenvalues": [6.5165937669789225, -6.481405705069934]}}}