{"prime": 6841, "nodes": 570, "minpoly": "x^2 + 6840*x + 22", "spine": 26, "undirected": true, "ell": {"2": {"diameter": 12, "conjugate_isogenous_pairs": 18, "eigenvalues": [2.826355121224113, -2.7969091003865754]}, "3": {"diameter": 9, "conjugate_isogenous_pairs": 43, "eigenvalues": [3.457091926140983, -3.4362838546118852]}, "5": {"diameter": 6, "conjugate_isogenous_pairs": 45, "eigenvalues": [4.410911898310193, -4.449605841466344]}, "7": {"diameter": 5, "conjugate_isogenous_pairs": 44, "eigenvalues": [5.217709742512318, -5.272277803852806]}, "11": {"diameter": 4, "conjugate_isogenous_pairs": 82, "eigenvalues": [6.533635866977346, -6.421697583740708]}}}