{"prime": 10739, "nodes": 896, "minpoly": "x^2 + 10738*x + 6", "spine": 74, "undirected": false, "ell": {"2": {"diameter": 14, "conjugate_isogenous_pairs": 13, "eigenvalues": [2.8192860111820157, -2.826979638673391]}, "3": {"diameter": 9, "conjugate_isogenous_pairs": 32, "eigenvalues": [3.4367403899088127, -3.449872758540877]}, "5": {"diameter": 7, "conjugate_isogenous_pairs": 48, "eigenvalues": [4.440662864195202, -4.4314246884627835]}, "7": {"diameter": 6, "conjugate_isogenous_pairs": 58, "eigenvalues": [5.255815337170358, -5.209066102300287]}, "11": {"diameter": 5, "conjugate_isogenous_pairs": 36, "eigenvalues": [6.452400915399815, -6.598610206202133]}}}