{"prime": 14593, "nodes": 1216, "minpoly": "x^2 + 14590*x + 5", "spine": 24, "undirected": true, "ell": {"2": {"diameter": 13, "conjugate_isogenous_pairs": 64, "eigenvalues": [2.8194248508302717, -2.8113946356268054]}, "3": {"diameter": 9, "conjugate_isogenous_pairs": 54, "eigenvalues": [3.4446939597637876, -3.4466729675991306]}, "5": {"diameter": 6, "conjugate_isogenous_pairs": 70, "eigenvalues": [4.444064336858286, -4.3832043917488495]}, "7": {"diameter": 5, "conjugate_isogenous_pairs": 95, "eigenvalues": [5.218901715934311, -5.210404836705948]}, "11": {"diameter": 4, "conjugate_isogenous_pairs": 98, "eigenvalues": [6.606444012945966, -6.618644030206013]}}}