{"prime": 4441, "nodes": 370, "minpoly": "x^2 + 4440*x + 21", "spine": 28, "undirected": true, "ell": {"2": {"diameter": 11, "conjugate_isogenous_pairs": 18, "eigenvalues": [2.8027428431791135, -2.818533543219362]}, "3": {"diameter": 7, "conjugate_isogenous_pairs": 15, "eigenvalues": [3.362713362242896, -3.399511248435896]}, "5": {"diameter": 6, "conjugate_isogenous_pairs": 33, "eigenvalues": [4.409001956562526, -4.325951333815173]}, "7": {"diameter": 5, "conjugate_isogenous_pairs": 36, "eigenvalues": [5.273122206044628, -5.290751278527611]}, "11": {"diameter": 4, "conjugate_isogenous_pairs": 94, "eigenvalues": [6.565123564130153, -6.523812679338333]}}}