{"prime": 12323, "nodes": 1028, "minpoly": "x^2 + 12322*x + 2", "spine": 58, "undirected": false, "ell": {"2": {"diameter": 14, "conjugate_isogenous_pairs": 30, "eigenvalues": [2.8132865532960025, -2.81619937714826]}, "3": {"diameter": 9, "conjugate_isogenous_pairs": 32, "eigenvalues": [3.4257084116107266, -3.4405171341089917]}, "5": {"diameter": 7, "conjugate_isogenous_pairs": 40, "eigenvalues": [4.404056066301932, -4.435085217262326]}, "7": {"diameter": 6, "conjugate_isogenous_pairs": 60, "eigenvalues": [5.26872636311033, -5.114392994402982]}, "11": {"diameter": 5, "conjugate_isogenous_pairs": 39, "eigenvalues": [6.619360452918848, -6.577338013818514]}}}