{"prime": 26849, "nodes": 2238, "minpoly": "x^2 + 26840*x + 3", "spine": 76, "undirected": false, "ell": {"2": {"diameter": 15, "conjugate_isogenous_pairs": 18, "eigenvalues": [2.8149830065822092, -2.826193860631682]}, "3": {"diameter": 10, "conjugate_isogenous_pairs": 49, "eigenvalues": [3.42208128364635, -3.4383513624404136]}, "5": {"diameter": 7, "conjugate_isogenous_pairs": 63, "eigenvalues": [4.4546422715598695, -4.455431313484208]}, "7": {"diameter": 6, "conjugate_isogenous_pairs": 199, "eigenvalues": [5.286787322246156, -5.27431943871322]}, "11": {"diameter": 5, "conjugate_isogenous_pairs": 80, "eigenvalues": [6.621056609012997, -6.593059186078816]}}}