{"prime": 27509, "nodes": 2293, "minpoly": "x^2 + 27504*x + 2", "spine": 95, "undirected": false, "ell": {"2": {"diameter": 15, "conjugate_isogenous_pairs": 30, "eigenvalues": [2.827823203792006, -2.814778122083802]}, "3": {"diameter": 10, "conjugate_isogenous_pairs": 56, "eigenvalues": [3.4472581391976216, -3.4517095606051993]}, "5": {"diameter": 7, "conjugate_isogenous_pairs": 36, "eigenvalues": [4.465048055725171, -4.452178709222707]}, "7": {"diameter": 6, "conjugate_isogenous_pairs": 102, "eigenvalues": [5.26033236190202, -5.253789272528163]}, "11": {"diameter": 5, "conjugate_isogenous_pairs": 184, "eigenvalues": [6.614128973707459, -6.604362930702159]}}}