{"prime": 29063, "nodes": 2423, "minpoly": "x^2 + 29061*x + 10", "spine": 135, "undirected": false, "ell": {"2": {"diameter": 15, "conjugate_isogenous_pairs": 43, "eigenvalues": [2.820355222494867, -2.8260336405768562]}, "3": {"diameter": 11, "conjugate_isogenous_pairs": 40, "eigenvalues": [3.449990476528449, -3.4571398729838285]}, "5": {"diameter": 7, "conjugate_isogenous_pairs": 55, "eigenvalues": [4.4174634975434905, -4.412059154565209]}, "7": {"diameter": 7, "conjugate_isogenous_pairs": 150, "eigenvalues": [5.287502658691398, -5.252338608126381]}, "11": {"diameter": 5, "conjugate_isogenous_pairs": 76, "eigenvalues": [6.603967091191516, -6.5518445990699785]}}}