{"prime": 25943, "nodes": 2163, "minpoly": "x^2 + 25942*x + 5", "spine": 111, "undirected": false, "ell": {"2": {"diameter": 15, "conjugate_isogenous_pairs": 44, "eigenvalues": [2.8108401375167866, -2.8267153620233585]}, "3": {"diameter": 10, "conjugate_isogenous_pairs": 51, "eigenvalues": [3.450687192873521, -3.462717960462651]}, "5": {"diameter": 7, "conjugate_isogenous_pairs": 70, "eigenvalues": [4.4298014310888725, -4.440468507386966]}, "7": {"diameter": 6, "conjugate_isogenous_pairs": 144, "eigenvalues": [5.261641260519533, -5.260194975526008]}, "11": {"diameter": 5, "conjugate_isogenous_pairs": 41, "eigenvalues": [6.564285827107421, -6.548379978181554]}}}