{"prime": 8971, "nodes": 748, "minpoly": "x^2 + 8967*x + 2", "spine": 38, "undirected": false, "ell": {"2": {"diameter": 13, "conjugate_isogenous_pairs": 21, "eigenvalues": [2.811297919292648, -2.7968449464208374]}, "3": {"diameter": 8, "conjugate_isogenous_pairs": 28, "eigenvalues": [3.438334910951455, -3.4293719265281997]}, "5": {"diameter": 6, "conjugate_isogenous_pairs": 124, "eigenvalues": [4.384225009057907, -4.471906613520352]}, "7": {"diameter": 5, "conjugate_isogenous_pairs": 23, "eigenvalues": [5.164169921141879, -5.248143730075902]}, "11": {"diameter": 4, "conjugate_isogenous_pairs": 72, "eigenvalues": [6.568254301977776, -6.491578713682068]}}}