{"prime": 12101, "nodes": 1009, "minpoly": "x^2 + 12090*x + 3", "spine": 57, "undirected": false, "ell": {"2": {"diameter": 14, "conjugate_isogenous_pairs": 19, "eigenvalues": [2.8246582651854464, -2.8218250486487944]}, "3": {"diameter": 9, "conjugate_isogenous_pairs": 36, "eigenvalues": [3.4349706845225056, -3.4513732460623157]}, "5": {"diameter": 6, "conjugate_isogenous_pairs": 26, "eigenvalues": [4.468238952223125, -4.444623794557109]}, "7": {"diameter": 6, "conjugate_isogenous_pairs": 89, "eigenvalues": [5.271814861329034, -5.284151384785071]}, "11": {"diameter": 5, "conjugate_isogenous_pairs": 131, "eigenvalues": [6.488282735184978, -6.571857011342846]}}}