{"prime": 14947, "nodes": 1246, "minpoly": "x^2 + 14943*x + 2", "spine": 34, "undirected": false, "ell": {"2": {"diameter": 14, "conjugate_isogenous_pairs": 48, "eigenvalues": [2.8169573560902945, -2.8189473837372456]}, "3": {"diameter": 9, "conjugate_isogenous_pairs": 42, "eigenvalues": [3.439405781801811, -3.4432268907481633]}, "5": {"diameter": 6, "conjugate_isogenous_pairs": 103, "eigenvalues": [4.463702072898267, -4.4104993084757735]}, "7": {"diameter": 6, "conjugate_isogenous_pairs": 40, "eigenvalues": [5.284553466530446, -5.266031735951751]}, "11": {"diameter": 5, "conjugate_isogenous_pairs": 72, "eigenvalues": [6.602797529898596, -6.557713452671033]}}}