{"prime": 7907, "nodes": 660, "minpoly": "x^2 + 7903*x + 2", "spine": 42, "undirected": false, "ell": {"2": {"diameter": 13, "conjugate_isogenous_pairs": 17, "eigenvalues": [2.8176238972217424, -2.809115784757869]}, "3": {"diameter": 9, "conjugate_isogenous_pairs": 35, "eigenvalues": [3.407967210788836, -3.4155464257279937]}, "5": {"diameter": 6, "conjugate_isogenous_pairs": 37, "eigenvalues": [4.427826654101713, -4.425402627481941]}, "7": {"diameter": 6, "conjugate_isogenous_pairs": 70, "eigenvalues": [5.233932761036843, -5.268086493939165]}, "11": {"diameter": 5, "conjugate_isogenous_pairs": 28, "eigenvalues": [6.604588041974934, -6.615319216885587]}}}