{"prime": 26479, "nodes": 2207, "minpoly": "x^2 + 26478*x + 3", "spine": 105, "undirected": false, "ell": {"2": {"diameter": 15, "conjugate_isogenous_pairs": 40, "eigenvalues": [2.823961976381003, -2.825596404688927]}, "3": {"diameter": 10, "conjugate_isogenous_pairs": 33, "eigenvalues": [3.4516039732067187, -3.4504291776188007]}, "5": {"diameter": 7, "conjugate_isogenous_pairs": 136, "eigenvalues": [4.454161129520386, -4.46152063898902]}, "7": {"diameter": 6, "conjugate_isogenous_pairs": 38, "eigenvalues": [5.275234772937041, -5.282585277071779]}, "11": {"diameter": 5, "conjugate_isogenous_pairs": 234, "eigenvalues": [6.534252945936628, -6.619426719725399]}}}