{"prime": 4999, "nodes": 417, "minpoly": "x^2 + 4997*x + 3", "spine": 33, "undirected": false, "ell": {"2": {"diameter": 11, "conjugate_isogenous_pairs": 16, "eigenvalues": [2.7969579435856993, -2.795912330648751]}, "3": {"diameter": 8, "conjugate_isogenous_pairs": 16, "eigenvalues": [3.451639305764249, -3.412428617861759]}, "5": {"diameter": 6, "conjugate_isogenous_pairs": 48, "eigenvalues": [4.436462287702975, -4.4418710274852256]}, "7": {"diameter": 5, "conjugate_isogenous_pairs": 23, "eigenvalues": [5.126424396481081, -5.1909630837943315]}, "11": {"diameter": 4, "conjugate_isogenous_pairs": 63, "eigenvalues": [6.57252913733116, -6.550215180054215]}}}