{"prime": 26309, "nodes": 2193, "minpoly": "x^2 + 26308*x + 2", "spine": 137, "undirected": false, "ell": {"2": {"diameter": 15, "conjugate_isogenous_pairs": 19, "eigenvalues": [2.8281921083109984, -2.8252447994231007]}, "3": {"diameter": 10, "conjugate_isogenous_pairs": 75, "eigenvalues": [3.4544714063857636, -3.4569284909322553]}, "5": {"diameter": 7, "conjugate_isogenous_pairs": 46, "eigenvalues": [4.463047718056149, -4.452455897412661]}, "7": {"diameter": 6, "conjugate_isogenous_pairs": 91, "eigenvalues": [5.2734034717175975, -5.261615522399547]}, "11": {"diameter": 5, "conjugate_isogenous_pairs": 149, "eigenvalues": [6.565492500641724, -6.521046543777502]}}}