{"prime": 12373, "nodes": 1031, "minpoly": "x^2 + 12369*x + 2", "spine": 19, "undirected": true, "ell": {"2": {"diameter": 13, "conjugate_isogenous_pairs": 42, "eigenvalues": [2.826570665885756, -2.8152077045942905]}, "3": {"diameter": 9, "conjugate_isogenous_pairs": 96, "eigenvalues": [3.4338963443211563, -3.449587910254711]}, "5": {"diameter": 6, "conjugate_isogenous_pairs": 46, "eigenvalues": [4.454958196586844, -4.457219467674024]}, "7": {"diameter": 5, "conjugate_isogenous_pairs": 46, "eigenvalues": [5.277230798502312, -5.257584067739289]}, "11": {"diameter": 4, "conjugate_isogenous_pairs": 119, "eigenvalues": [6.5775334467445, -6.6269984576842305]}}}