{"prime": 15971, "nodes": 1332, "minpoly": "x^2 + 15967*x + 2", "spine": 86, "undirected": false, "ell": {"2": {"diameter": 14, "conjugate_isogenous_pairs": 18, "eigenvalues": [2.816216558871668, -2.8258270968147476]}, "3": {"diameter": 10, "conjugate_isogenous_pairs": 33, "eigenvalues": [3.4631710948350016, -3.4604469935970252]}, "5": {"diameter": 7, "conjugate_isogenous_pairs": 80, "eigenvalues": [4.454504101826051, -4.442779922900045]}, "7": {"diameter": 6, "conjugate_isogenous_pairs": 55, "eigenvalues": [5.267655344703894, -5.284471025303048]}, "11": {"diameter": 5, "conjugate_isogenous_pairs": 55, "eigenvalues": [6.501838001815104, -6.63100419194386]}}}