{"prime": 11953, "nodes": 996, "minpoly": "x^2 + 11952*x + 5", "spine": 22, "undirected": true, "ell": {"2": {"diameter": 13, "conjugate_isogenous_pairs": 36, "eigenvalues": [2.82067196377676, -2.8261987678156992]}, "3": {"diameter": 9, "conjugate_isogenous_pairs": 45, "eigenvalues": [3.444020885828331, -3.4484654575885294]}, "5": {"diameter": 6, "conjugate_isogenous_pairs": 75, "eigenvalues": [4.460847780912207, -4.405437044633705]}, "7": {"diameter": 5, "conjugate_isogenous_pairs": 83, "eigenvalues": [5.253992902924693, -5.277355979075823]}, "11": {"diameter": 4, "conjugate_isogenous_pairs": 88, "eigenvalues": [6.554568573540493, -6.540180096532688]}}}