{"prime": 1259, "nodes": 106, "minpoly": "x^2 + 1258*x + 2", "spine": 30, "undirected": false, "ell": {"2": {"diameter": 10, "conjugate_isogenous_pairs": 6, "eigenvalues": [2.7792719150162606, -2.809073692294168]}, "3": {"diameter": 7, "conjugate_isogenous_pairs": 6, "eigenvalues": [3.430288223007808, -3.3438480762651075]}, "5": {"diameter": 5, "conjugate_isogenous_pairs": 8, "eigenvalues": [4.311494732450018, -4.311148428522337]}, "7": {"diameter": 5, "conjugate_isogenous_pairs": 13, "eigenvalues": [4.895348407446573, -4.983916716582284]}, "11": {"diameter": 4, "conjugate_isogenous_pairs": 16, "eigenvalues": [6.457948365359593, -6.363985081974071]}}}