{"prime": 14173, "nodes": 1181, "minpoly": "x^2 + 14172*x + 2", "spine": 27, "undirected": true, "ell": {"2": {"diameter": 14, "conjugate_isogenous_pairs": 60, "eigenvalues": [2.8169440171869695, -2.8222771509040228]}, "3": {"diameter": 9, "conjugate_isogenous_pairs": 75, "eigenvalues": [3.457380735454156, -3.446898075572611]}, "5": {"diameter": 6, "conjugate_isogenous_pairs": 53, "eigenvalues": [4.468009920505798, -4.463704544254726]}, "7": {"diameter": 6, "conjugate_isogenous_pairs": 66, "eigenvalues": [5.236707242461503, -5.226665291677048]}, "11": {"diameter": 5, "conjugate_isogenous_pairs": 156, "eigenvalues": [6.582618976127252, -6.613335370533697]}}}