{"prime": 13001, "nodes": 1084, "minpoly": "x^2 + 12992*x + 3", "spine": 72, "undirected": false, "ell": {"2": {"diameter": 13, "conjugate_isogenous_pairs": 13, "eigenvalues": [2.8230309820811708, -2.8191109938040437]}, "3": {"diameter": 9, "conjugate_isogenous_pairs": 40, "eigenvalues": [3.440842120844785, -3.447965300367119]}, "5": {"diameter": 7, "conjugate_isogenous_pairs": 33, "eigenvalues": [4.4396019394873125, -4.429843113715842]}, "7": {"diameter": 6, "conjugate_isogenous_pairs": 96, "eigenvalues": [5.283044602391755, -5.242158468033403]}, "11": {"diameter": 5, "conjugate_isogenous_pairs": 57, "eigenvalues": [6.522758178590638, -6.617960659859401]}}}