{"prime": 19979, "nodes": 1666, "minpoly": "x^2 + 19975*x + 2", "spine": 102, "undirected": false, "ell": {"2": {"diameter": 15, "conjugate_isogenous_pairs": 21, "eigenvalues": [2.82296022391876, -2.8082392255562305]}, "3": {"diameter": 10, "conjugate_isogenous_pairs": 32, "eigenvalues": [3.44166119156224, -3.4264796439022494]}, "5": {"diameter": 7, "conjugate_isogenous_pairs": 74, "eigenvalues": [4.4687277306231605, -4.435333205011037]}, "7": {"diameter": 6, "conjugate_isogenous_pairs": 71, "eigenvalues": [5.252211129423221, -5.258698176321451]}, "11": {"diameter": 5, "conjugate_isogenous_pairs": 68, "eigenvalues": [6.556297379764535, -6.6013587497335555]}}}