{"prime": 9437, "nodes": 787, "minpoly": "x^2 + 9428*x + 2", "spine": 45, "undirected": false, "ell": {"2": {"diameter": 13, "conjugate_isogenous_pairs": 15, "eigenvalues": [2.8172875796356793, -2.8109348637495173]}, "3": {"diameter": 9, "conjugate_isogenous_pairs": 81, "eigenvalues": [3.456856643804423, -3.4338641535026815]}, "5": {"diameter": 7, "conjugate_isogenous_pairs": 26, "eigenvalues": [4.437984362244709, -4.457125639041542]}, "7": {"diameter": 6, "conjugate_isogenous_pairs": 70, "eigenvalues": [5.21092734835215, -5.235709922072322]}, "11": {"diameter": 5, "conjugate_isogenous_pairs": 46, "eigenvalues": [6.491717247992815, -6.549709614217299]}}}