{"prime": 6967, "nodes": 581, "minpoly": "x^2 + 6965*x + 5", "spine": 33, "undirected": false, "ell": {"2": {"diameter": 12, "conjugate_isogenous_pairs": 27, "eigenvalues": [2.8268692635503423, -2.8043727975100694]}, "3": {"diameter": 8, "conjugate_isogenous_pairs": 33, "eigenvalues": [3.45674126624423, -3.459584578848893]}, "5": {"diameter": 6, "conjugate_isogenous_pairs": 59, "eigenvalues": [4.447701091162979, -4.394767806152949]}, "7": {"diameter": 5, "conjugate_isogenous_pairs": 40, "eigenvalues": [5.2378269308720995, -5.0967287612404775]}, "11": {"diameter": 4, "conjugate_isogenous_pairs": 39, "eigenvalues": [6.574364005143259, -6.538776536051382]}}}