{"prime": 3407, "nodes": 285, "minpoly": "x^2 + 3405*x + 5", "spine": 57, "undirected": false, "ell": {"2": {"diameter": 12, "conjugate_isogenous_pairs": 10, "eigenvalues": [2.8057352050050874, -2.789635529918232]}, "3": {"diameter": 8, "conjugate_isogenous_pairs": 23, "eigenvalues": [3.4487980100994267, -3.440399055331307]}, "5": {"diameter": 6, "conjugate_isogenous_pairs": 15, "eigenvalues": [4.415856494938993, -4.465965783582825]}, "7": {"diameter": 5, "conjugate_isogenous_pairs": 32, "eigenvalues": [5.206944771559155, -5.186954704339726]}, "11": {"diameter": 4, "conjugate_isogenous_pairs": 15, "eigenvalues": [6.477803565808732, -6.5813519710611565]}}}