{"prime": 13309, "nodes": 1109, "minpoly": "x^2 + 13308*x + 6", "spine": 39, "undirected": true, "ell": {"2": {"diameter": 13, "conjugate_isogenous_pairs": 26, "eigenvalues": [2.8255721623585726, -2.8215707064279267]}, "3": {"diameter": 9, "conjugate_isogenous_pairs": 73, "eigenvalues": [3.4305375356420713, -3.441882522468055]}, "5": {"diameter": 6, "conjugate_isogenous_pairs": 51, "eigenvalues": [4.42759063019199, -4.452075181500354]}, "7": {"diameter": 5, "conjugate_isogenous_pairs": 28, "eigenvalues": [5.220996265107598, -5.266776210988576]}, "11": {"diameter": 4, "conjugate_isogenous_pairs": 155, "eigenvalues": [6.586404628237443, -6.528520964871583]}}}