{"prime": 29023, "nodes": 2419, "minpoly": "x^2 + 29021*x + 3", "spine": 63, "undirected": false, "ell": {"2": {"diameter": 15, "conjugate_isogenous_pairs": 74, "eigenvalues": [2.827624504887334, -2.8248699761591918]}, "3": {"diameter": 10, "conjugate_isogenous_pairs": 49, "eigenvalues": [3.45373869690978, -3.4603726969813176]}, "5": {"diameter": 7, "conjugate_isogenous_pairs": 155, "eigenvalues": [4.4592761225776485, -4.454074251915046]}, "7": {"diameter": 6, "conjugate_isogenous_pairs": 71, "eigenvalues": [5.268823013184008, -5.279355734626009]}, "11": {"diameter": 5, "conjugate_isogenous_pairs": 85, "eigenvalues": [6.604933192100754, -6.560296827535346]}}}