{"prime": 9157, "nodes": 763, "minpoly": "x^2 + 9155*x + 6", "spine": 13, "undirected": true, "ell": {"2": {"diameter": 13, "conjugate_isogenous_pairs": 39, "eigenvalues": [2.827652115589309, -2.825135902795605]}, "3": {"diameter": 8, "conjugate_isogenous_pairs": 60, "eigenvalues": [3.4556774277435602, -3.449528778425711]}, "5": {"diameter": 6, "conjugate_isogenous_pairs": 70, "eigenvalues": [4.427389172660357, -4.425779694894057]}, "7": {"diameter": 5, "conjugate_isogenous_pairs": 71, "eigenvalues": [5.256869180474651, -5.269223386633072]}, "11": {"diameter": 4, "conjugate_isogenous_pairs": 105, "eigenvalues": [6.543561280257393, -6.521754325721078]}}}