{"prime": 14563, "nodes": 1214, "minpoly": "x^2 + 14562*x + 3", "spine": 42, "undirected": false, "ell": {"2": {"diameter": 14, "conjugate_isogenous_pairs": 51, "eigenvalues": [2.822889961129087, -2.8185695509703943]}, "3": {"diameter": 9, "conjugate_isogenous_pairs": 40, "eigenvalues": [3.4578694523186053, -3.4564521056264583]}, "5": {"diameter": 6, "conjugate_isogenous_pairs": 125, "eigenvalues": [4.45121172342936, -4.455341995480648]}, "7": {"diameter": 5, "conjugate_isogenous_pairs": 40, "eigenvalues": [5.288736472874457, -5.273486681421142]}, "11": {"diameter": 4, "conjugate_isogenous_pairs": 64, "eigenvalues": [6.5787366445438344, -6.610182283513114]}}}