{"prime": 29411, "nodes": 2452, "minpoly": "x^2 + 29404*x + 2", "spine": 154, "undirected": false, "ell": {"2": {"diameter": 15, "conjugate_isogenous_pairs": 19, "eigenvalues": [2.8151604521022477, -2.821540562824248]}, "3": {"diameter": 11, "conjugate_isogenous_pairs": 43, "eigenvalues": [3.4554681146251816, -3.4465208443213955]}, "5": {"diameter": 8, "conjugate_isogenous_pairs": 119, "eigenvalues": [4.459469545291344, -4.469057449426434]}, "7": {"diameter": 6, "conjugate_isogenous_pairs": 83, "eigenvalues": [5.289136652208222, -5.264703159063385]}, "11": {"diameter": 5, "conjugate_isogenous_pairs": 79, "eigenvalues": [6.611299111989494, -6.582794409455692]}}}