{"prime": 20249, "nodes": 1688, "minpoly": "x^2 + 20243*x + 3", "spine": 104, "undirected": false, "ell": {"2": {"diameter": 15, "conjugate_isogenous_pairs": 26, "eigenvalues": [2.824456298447474, -2.822630689421408]}, "3": {"diameter": 10, "conjugate_isogenous_pairs": 29, "eigenvalues": [3.4412789666446004, -3.4571498035869754]}, "5": {"diameter": 7, "conjugate_isogenous_pairs": 33, "eigenvalues": [4.4323848455705335, -4.454304892601748]}, "7": {"diameter": 6, "conjugate_isogenous_pairs": 177, "eigenvalues": [5.269947219715612, -5.281694927231606]}, "11": {"diameter": 5, "conjugate_isogenous_pairs": 110, "eigenvalues": [6.616279433137112, -6.614581837847552]}}}