{"prime": 25583, "nodes": 2133, "minpoly": "x^2 + 25581*x + 5", "spine": 187, "undirected": false, "ell": {"2": {"diameter": 15, "conjugate_isogenous_pairs": 40, "eigenvalues": [2.8272619948192292, -2.8233505015368903]}, "3": {"diameter": 11, "conjugate_isogenous_pairs": 55, "eigenvalues": [3.4535710991441735, -3.433734661821395]}, "5": {"diameter": 7, "conjugate_isogenous_pairs": 39, "eigenvalues": [4.454386540348241, -4.4545808218668865]}, "7": {"diameter": 6, "conjugate_isogenous_pairs": 89, "eigenvalues": [5.25214004190394, -5.22730619432977]}, "11": {"diameter": 5, "conjugate_isogenous_pairs": 47, "eigenvalues": [6.59089652300183, -6.6139297078963875]}}}