{"prime": 17047, "nodes": 1421, "minpoly": "x^2 + 17046*x + 3", "spine": 59, "undirected": false, "ell": {"2": {"diameter": 14, "conjugate_isogenous_pairs": 41, "eigenvalues": [2.8123943865324477, -2.818780202344076]}, "3": {"diameter": 9, "conjugate_isogenous_pairs": 62, "eigenvalues": [3.4408680574683044, -3.4234221824045394]}, "5": {"diameter": 7, "conjugate_isogenous_pairs": 95, "eigenvalues": [4.465267145613744, -4.4522689971017435]}, "7": {"diameter": 6, "conjugate_isogenous_pairs": 45, "eigenvalues": [5.24490776657027, -5.243925483499139]}, "11": {"diameter": 5, "conjugate_isogenous_pairs": 62, "eigenvalues": [6.581119738286121, -6.619187341920226]}}}