{"prime": 22651, "nodes": 1888, "minpoly": "x^2 + 22650*x + 3", "spine": 82, "undirected": false, "ell": {"2": {"diameter": 15, "conjugate_isogenous_pairs": 45, "eigenvalues": [2.8259941042437333, -2.8188482897271245]}, "3": {"diameter": 10, "conjugate_isogenous_pairs": 34, "eigenvalues": [3.4428610598870937, -3.457733779289208]}, "5": {"diameter": 7, "conjugate_isogenous_pairs": 162, "eigenvalues": [4.446642016847336, -4.443540715635723]}, "7": {"diameter": 6, "conjugate_isogenous_pairs": 41, "eigenvalues": [5.2397076613966345, -5.231064755866241]}, "11": {"diameter": 5, "conjugate_isogenous_pairs": 192, "eigenvalues": [6.588029018136414, -6.591463594005734]}}}