{"prime": 8089, "nodes": 674, "minpoly": "x^2 + 8078*x + 17", "spine": 20, "undirected": true, "ell": {"2": {"diameter": 12, "conjugate_isogenous_pairs": 21, "eigenvalues": [2.8165249541062556, -2.8200941688898884]}, "3": {"diameter": 9, "conjugate_isogenous_pairs": 32, "eigenvalues": [3.4586811683391914, -3.4489790376635323]}, "5": {"diameter": 6, "conjugate_isogenous_pairs": 58, "eigenvalues": [4.325994731981287, -4.440164705007089]}, "7": {"diameter": 5, "conjugate_isogenous_pairs": 56, "eigenvalues": [5.232870020657298, -5.187433063952685]}, "11": {"diameter": 4, "conjugate_isogenous_pairs": 100, "eigenvalues": [6.472977440595947, -6.560439376976973]}}}