{"prime": 29669, "nodes": 2473, "minpoly": "x^2 + 29668*x + 2", "spine": 149, "undirected": false, "ell": {"2": {"diameter": 16, "conjugate_isogenous_pairs": 25, "eigenvalues": [2.825840243227629, -2.8238959205640684]}, "3": {"diameter": 11, "conjugate_isogenous_pairs": 69, "eigenvalues": [3.4602877194969515, -3.4556746582265263]}, "5": {"diameter": 7, "conjugate_isogenous_pairs": 34, "eigenvalues": [4.461857121526301, -4.465271739174448]}, "7": {"diameter": 6, "conjugate_isogenous_pairs": 79, "eigenvalues": [5.272638281074014, -5.261935581872985]}, "11": {"diameter": 5, "conjugate_isogenous_pairs": 194, "eigenvalues": [6.603678270091279, -6.571439716556527]}}}