{"prime": 26513, "nodes": 2210, "minpoly": "x^2 + 26507*x + 3", "spine": 56, "undirected": false, "ell": {"2": {"diameter": 15, "conjugate_isogenous_pairs": 30, "eigenvalues": [2.824804310693803, -2.8228024195801735]}, "3": {"diameter": 10, "conjugate_isogenous_pairs": 79, "eigenvalues": [3.452708681024382, -3.441509963010335]}, "5": {"diameter": 7, "conjugate_isogenous_pairs": 51, "eigenvalues": [4.45984039073675, -4.465470780826494]}, "7": {"diameter": 6, "conjugate_isogenous_pairs": 313, "eigenvalues": [5.265018833315401, -5.2322403470466305]}, "11": {"diameter": 5, "conjugate_isogenous_pairs": 77, "eigenvalues": [6.592915886951487, -6.518939155065276]}}}