{"prime": 643, "nodes": 54, "minpoly": "x^2 + 641*x + 11", "spine": 6, "undirected": false, "ell": {"2": {"diameter": 9, "conjugate_isogenous_pairs": 12, "eigenvalues": [2.7905240809399308, -2.8273173409412777]}, "3": {"diameter": 5, "conjugate_isogenous_pairs": 7, "eigenvalues": [3.1329483745870816, -3.1992729634150696]}, "5": {"diameter": 4, "conjugate_isogenous_pairs": 17, "eigenvalues": [4.321066956524837, -4.298677050975528]}, "7": {"diameter": 3, "conjugate_isogenous_pairs": 10, "eigenvalues": [4.807212170846832, -5.254506938026437]}, "11": {"diameter": 3, "conjugate_isogenous_pairs": 15, "eigenvalues": [6.146718985418269, -6.181272063583888]}}}