{"prime": 9739, "nodes": 812, "minpoly": "x^2 + 9732*x + 3", "spine": 26, "undirected": false, "ell": {"2": {"diameter": 13, "conjugate_isogenous_pairs": 32, "eigenvalues": [2.8039769015148837, -2.80997792851995]}, "3": {"diameter": 9, "conjugate_isogenous_pairs": 23, "eigenvalues": [3.435797940623592, -3.438921473060031]}, "5": {"diameter": 6, "conjugate_isogenous_pairs": 97, "eigenvalues": [4.459978572207815, -4.468010323986441]}, "7": {"diameter": 5, "conjugate_isogenous_pairs": 28, "eigenvalues": [5.229818199448578, -5.28225391952228]}, "11": {"diameter": 4, "conjugate_isogenous_pairs": 68, "eigenvalues": [6.45880692776696, -6.588090794543603]}}}