{"prime": 23539, "nodes": 1962, "minpoly": "x^2 + 23534*x + 2", "spine": 86, "undirected": false, "ell": {"2": {"diameter": 15, "conjugate_isogenous_pairs": 35, "eigenvalues": [2.821049536977256, -2.8278081197872593]}, "3": {"diameter": 10, "conjugate_isogenous_pairs": 44, "eigenvalues": [3.4525975591074394, -3.454601059696961]}, "5": {"diameter": 7, "conjugate_isogenous_pairs": 121, "eigenvalues": [4.46417307875577, -4.43671993610199]}, "7": {"diameter": 6, "conjugate_isogenous_pairs": 34, "eigenvalues": [5.267032917405307, -5.207752395045391]}, "11": {"diameter": 5, "conjugate_isogenous_pairs": 171, "eigenvalues": [6.551839599785035, -6.617873762846828]}}}