{"prime": 6263, "nodes": 523, "minpoly": "x^2 + 6262*x + 5", "spine": 77, "undirected": false, "ell": {"2": {"diameter": 14, "conjugate_isogenous_pairs": 13, "eigenvalues": [2.8222250259220893, -2.814462518621875]}, "3": {"diameter": 9, "conjugate_isogenous_pairs": 20, "eigenvalues": [3.444121790933929, -3.4492960363359826]}, "5": {"diameter": 6, "conjugate_isogenous_pairs": 19, "eigenvalues": [4.415145900724854, -4.447708074256335]}, "7": {"diameter": 5, "conjugate_isogenous_pairs": 58, "eigenvalues": [5.14568503281827, -5.169127534919228]}, "11": {"diameter": 4, "conjugate_isogenous_pairs": 25, "eigenvalues": [6.4729019778682435, -6.409980029862904]}}}