{"prime": 2341, "nodes": 195, "minpoly": "x^2 + 2339*x + 7", "spine": 15, "undirected": true, "ell": {"2": {"diameter": 11, "conjugate_isogenous_pairs": 14, "eigenvalues": [2.8140444388816928, -2.792010461041256]}, "3": {"diameter": 7, "conjugate_isogenous_pairs": 20, "eigenvalues": [3.358919356203187, -3.419197574661097]}, "5": {"diameter": 5, "conjugate_isogenous_pairs": 14, "eigenvalues": [4.385774796466323, -4.403538172494732]}, "7": {"diameter": 4, "conjugate_isogenous_pairs": 16, "eigenvalues": [5.209619800856891, -5.242491252009627]}, "11": {"diameter": 4, "conjugate_isogenous_pairs": 70, "eigenvalues": [6.511965400485059, -6.5242805555115115]}}}