{"prime": 24821, "nodes": 2069, "minpoly": "x^2 + 24820*x + 2", "spine": 111, "undirected": false, "ell": {"2": {"diameter": 15, "conjugate_isogenous_pairs": 34, "eigenvalues": [2.8265062221508495, -2.8145843867232845]}, "3": {"diameter": 10, "conjugate_isogenous_pairs": 52, "eigenvalues": [3.43311533083093, -3.4578595736075397]}, "5": {"diameter": 7, "conjugate_isogenous_pairs": 30, "eigenvalues": [4.459658252672368, -4.443521280676479]}, "7": {"diameter": 6, "conjugate_isogenous_pairs": 83, "eigenvalues": [5.278502456323851, -5.267984178028227]}, "11": {"diameter": 5, "conjugate_isogenous_pairs": 129, "eigenvalues": [6.604443314081378, -6.598934976609865]}}}