{"prime": 7561, "nodes": 630, "minpoly": "x^2 + 7552*x + 13", "spine": 20, "undirected": true, "ell": {"2": {"diameter": 12, "conjugate_isogenous_pairs": 29, "eigenvalues": [2.81891750675704, -2.821120644697195]}, "3": {"diameter": 8, "conjugate_isogenous_pairs": 28, "eigenvalues": [3.4299727616483247, -3.4238383035842657]}, "5": {"diameter": 6, "conjugate_isogenous_pairs": 48, "eigenvalues": [4.423271275667543, -4.431234500272974]}, "7": {"diameter": 5, "conjugate_isogenous_pairs": 44, "eigenvalues": [5.244090276915712, -5.150049122813529]}, "11": {"diameter": 4, "conjugate_isogenous_pairs": 91, "eigenvalues": [6.512492043210872, -6.505485380975965]}}}