{"prime": 12653, "nodes": 1055, "minpoly": "x^2 + 12649*x + 2", "spine": 37, "undirected": false, "ell": {"2": {"diameter": 14, "conjugate_isogenous_pairs": 19, "eigenvalues": [2.798226761006064, -2.8279351444616356]}, "3": {"diameter": 9, "conjugate_isogenous_pairs": 86, "eigenvalues": [3.4378827560159784, -3.448106491995444]}, "5": {"diameter": 6, "conjugate_isogenous_pairs": 29, "eigenvalues": [4.416696766263959, -4.469158579669406]}, "7": {"diameter": 6, "conjugate_isogenous_pairs": 130, "eigenvalues": [5.197355619865723, -5.231926175000829]}, "11": {"diameter": 5, "conjugate_isogenous_pairs": 59, "eigenvalues": [6.506894068774475, -6.614751786474677]}}}