{"prime": 22091, "nodes": 1842, "minpoly": "x^2 + 22090*x + 2", "spine": 158, "undirected": false, "ell": {"2": {"diameter": 15, "conjugate_isogenous_pairs": 20, "eigenvalues": [2.8113341155542897, -2.826903747495432]}, "3": {"diameter": 10, "conjugate_isogenous_pairs": 26, "eigenvalues": [3.434898808639544, -3.4488207658173984]}, "5": {"diameter": 7, "conjugate_isogenous_pairs": 49, "eigenvalues": [4.43340269434286, -4.457429888801499]}, "7": {"diameter": 6, "conjugate_isogenous_pairs": 65, "eigenvalues": [5.253057857780189, -5.246279662674502]}, "11": {"diameter": 5, "conjugate_isogenous_pairs": 76, "eigenvalues": [6.62070282990707, -6.6283808951195216]}}}