{"prime": 10009, "nodes": 834, "minpoly": "x^2 + 10005*x + 11", "spine": 48, "undirected": true, "ell": {"2": {"diameter": 14, "conjugate_isogenous_pairs": 28, "eigenvalues": [2.8250980624670974, -2.800099177643031]}, "3": {"diameter": 9, "conjugate_isogenous_pairs": 27, "eigenvalues": [3.412322600080567, -3.447304385566126]}, "5": {"diameter": 6, "conjugate_isogenous_pairs": 53, "eigenvalues": [4.448130353956817, -4.383408306378205]}, "7": {"diameter": 5, "conjugate_isogenous_pairs": 43, "eigenvalues": [5.189910247601627, -5.284646780018178]}, "11": {"diameter": 4, "conjugate_isogenous_pairs": 105, "eigenvalues": [6.573807813049671, -6.496419598265968]}}}