{"prime": 5483, "nodes": 458, "minpoly": "x^2 + 5479*x + 2", "spine": 34, "undirected": false, "ell": {"2": {"diameter": 12, "conjugate_isogenous_pairs": 14, "eigenvalues": [2.8135950189757546, -2.8201362559923786]}, "3": {"diameter": 9, "conjugate_isogenous_pairs": 29, "eigenvalues": [3.3925942212457287, -3.4046491590663277]}, "5": {"diameter": 6, "conjugate_isogenous_pairs": 28, "eigenvalues": [4.4177928430443325, -4.397012973136763]}, "7": {"diameter": 5, "conjugate_isogenous_pairs": 60, "eigenvalues": [5.260238268630155, -5.16628647070642]}, "11": {"diameter": 4, "conjugate_isogenous_pairs": 18, "eigenvalues": [6.563524745112118, -6.466250474468389]}}}