{"prime": 283, "nodes": 24, "minpoly": "x^2 + 282*x + 3", "spine": 6, "undirected": false, "ell": {"2": {"diameter": 7, "conjugate_isogenous_pairs": 5, "eigenvalues": [2.6502199824317576, -2.7802681684848816]}, "3": {"diameter": 4, "conjugate_isogenous_pairs": 6, "eigenvalues": [2.9839061058521907, -3.087661437188443]}, "5": {"diameter": 4, "conjugate_isogenous_pairs": 8, "eigenvalues": [4.384605242439492, -4.242073746307499]}, "7": {"diameter": 3, "conjugate_isogenous_pairs": 3, "eigenvalues": [4.89970413465565, -4.550581969562028]}, "11": {"diameter": 2, "conjugate_isogenous_pairs": 6, "eigenvalues": [6.3029760537462645, -5.795704352776286]}}}