{"prime": 4373, "nodes": 365, "minpoly": "x^2 + 4367*x + 2", "spine": 35, "undirected": false, "ell": {"2": {"diameter": 12, "conjugate_isogenous_pairs": 12, "eigenvalues": [2.809968976596058, -2.822588409363825]}, "3": {"diameter": 8, "conjugate_isogenous_pairs": 32, "eigenvalues": [3.435653080998209, -3.4302236660507277]}, "5": {"diameter": 6, "conjugate_isogenous_pairs": 16, "eigenvalues": [4.428446981363407, -4.431848188731712]}, "7": {"diameter": 5, "conjugate_isogenous_pairs": 55, "eigenvalues": [5.260174053234507, -5.24218123470377]}, "11": {"diameter": 4, "conjugate_isogenous_pairs": 50, "eigenvalues": [6.6209026332612, -6.109378035221772]}}}