{"prime": 11597, "nodes": 967, "minpoly": "x^2 + 11587*x + 3", "spine": 49, "undirected": false, "ell": {"2": {"diameter": 14, "conjugate_isogenous_pairs": 26, "eigenvalues": [2.820123182871201, -2.8264745844966535]}, "3": {"diameter": 9, "conjugate_isogenous_pairs": 75, "eigenvalues": [3.4203474510199654, -3.4347103637784113]}, "5": {"diameter": 6, "conjugate_isogenous_pairs": 20, "eigenvalues": [4.430261667184092, -4.3987861171532545]}, "7": {"diameter": 6, "conjugate_isogenous_pairs": 118, "eigenvalues": [5.262500712003502, -5.2651398824231475]}, "11": {"diameter": 5, "conjugate_isogenous_pairs": 79, "eigenvalues": [6.6309975317944625, -6.53189032122264]}}}