{"prime": 1429, "nodes": 119, "minpoly": "x^2 + 1425*x + 6", "spine": 11, "undirected": true, "ell": {"2": {"diameter": 8, "conjugate_isogenous_pairs": 9, "eigenvalues": [2.732071768646803, -2.7769869430482643]}, "3": {"diameter": 6, "conjugate_isogenous_pairs": 21, "eigenvalues": [3.374233256624804, -3.419104934524489]}, "5": {"diameter": 5, "conjugate_isogenous_pairs": 21, "eigenvalues": [4.405969021789149, -4.334867625741037]}, "7": {"diameter": 4, "conjugate_isogenous_pairs": 12, "eigenvalues": [5.015652508204061, -5.157759174364741]}, "11": {"diameter": 3, "conjugate_isogenous_pairs": 36, "eigenvalues": [6.332573936360799, -6.254857914379949]}}}