{"prime": 23977, "nodes": 1998, "minpoly": "x^2 + 23976*x + 5", "spine": 30, "undirected": true, "ell": {"2": {"diameter": 14, "conjugate_isogenous_pairs": 43, "eigenvalues": [2.824334552159687, -2.817148999622815]}, "3": {"diameter": 9, "conjugate_isogenous_pairs": 89, "eigenvalues": [3.4488807352792725, -3.4515286077870777]}, "5": {"diameter": 7, "conjugate_isogenous_pairs": 124, "eigenvalues": [4.412092752121279, -4.4648224781658294]}, "7": {"diameter": 6, "conjugate_isogenous_pairs": 120, "eigenvalues": [5.253285909637035, -5.265482034214321]}, "11": {"diameter": 5, "conjugate_isogenous_pairs": 135, "eigenvalues": [6.611668594334476, -6.617878766127947]}}}