{"prime": 547, "nodes": 46, "minpoly": "x^2 + 543*x + 2", "spine": 6, "undirected": false, "ell": {"2": {"diameter": 7, "conjugate_isogenous_pairs": 5, "eigenvalues": [2.684506548995857, -2.77274441112163]}, "3": {"diameter": 5, "conjugate_isogenous_pairs": 9, "eigenvalues": [3.245229560914437, -3.0900681809130535]}, "5": {"diameter": 4, "conjugate_isogenous_pairs": 18, "eigenvalues": [4.422205751239948, -4.181736533377823]}, "7": {"diameter": 3, "conjugate_isogenous_pairs": 7, "eigenvalues": [4.972019630448974, -5.061790035715871]}, "11": {"diameter": 3, "conjugate_isogenous_pairs": 9, "eigenvalues": [6.107949645980976, -6.431536135100425]}}}