{"prime": 24001, "nodes": 2000, "minpoly": "x^2 + 23998*x + 14", "spine": 54, "undirected": true, "ell": {"2": {"diameter": 14, "conjugate_isogenous_pairs": 40, "eigenvalues": [2.820933114446372, -2.8216260223657277]}, "3": {"diameter": 9, "conjugate_isogenous_pairs": 59, "eigenvalues": [3.449507948256327, -3.4436618796012404]}, "5": {"diameter": 7, "conjugate_isogenous_pairs": 67, "eigenvalues": [4.46876336998738, -4.467523033774947]}, "7": {"diameter": 6, "conjugate_isogenous_pairs": 74, "eigenvalues": [5.259798265088482, -5.265126216828803]}, "11": {"diameter": 5, "conjugate_isogenous_pairs": 222, "eigenvalues": [6.606635089601923, -6.618143276200145]}}}