{"prime": 15641, "nodes": 1304, "minpoly": "x^2 + 15636*x + 3", "spine": 96, "undirected": false, "ell": {"2": {"diameter": 14, "conjugate_isogenous_pairs": 22, "eigenvalues": [2.813513727166011, -2.8254402730582653]}, "3": {"diameter": 10, "conjugate_isogenous_pairs": 28, "eigenvalues": [3.459042862204499, -3.444536380094479]}, "5": {"diameter": 7, "conjugate_isogenous_pairs": 33, "eigenvalues": [4.438687701293889, -4.388278818242651]}, "7": {"diameter": 6, "conjugate_isogenous_pairs": 103, "eigenvalues": [5.261388167380577, -5.278034305592424]}, "11": {"diameter": 5, "conjugate_isogenous_pairs": 89, "eigenvalues": [6.4887892476034335, -6.557297980521906]}}}