{"prime": 23201, "nodes": 1934, "minpoly": "x^2 + 23200*x + 3", "spine": 146, "undirected": false, "ell": {"2": {"diameter": 15, "conjugate_isogenous_pairs": 24, "eigenvalues": [2.8187535461644697, -2.8259443109969964]}, "3": {"diameter": 10, "conjugate_isogenous_pairs": 44, "eigenvalues": [3.4310913856748835, -3.4551690519537255]}, "5": {"diameter": 7, "conjugate_isogenous_pairs": 38, "eigenvalues": [4.436621472472904, -4.439626995746762]}, "7": {"diameter": 6, "conjugate_isogenous_pairs": 136, "eigenvalues": [5.229176515894106, -5.241147119722405]}, "11": {"diameter": 5, "conjugate_isogenous_pairs": 86, "eigenvalues": [6.609487248197405, -6.621234236676968]}}}