{"prime": 7001, "nodes": 584, "minpoly": "x^2 + 6994*x + 3", "spine": 28, "undirected": false, "ell": {"2": {"diameter": 13, "conjugate_isogenous_pairs": 13, "eigenvalues": [2.8018205877683537, -2.8195824063727377]}, "3": {"diameter": 9, "conjugate_isogenous_pairs": 29, "eigenvalues": [3.4326529720387366, -3.4359190597751126]}, "5": {"diameter": 6, "conjugate_isogenous_pairs": 29, "eigenvalues": [4.321989229154708, -4.416007509064184]}, "7": {"diameter": 5, "conjugate_isogenous_pairs": 98, "eigenvalues": [5.224247980246738, -5.266452149758823]}, "11": {"diameter": 4, "conjugate_isogenous_pairs": 45, "eigenvalues": [6.526276951772401, -6.553811639541665]}}}