{"prime": 9187, "nodes": 766, "minpoly": "x^2 + 9186*x + 3", "spine": 42, "undirected": false, "ell": {"2": {"diameter": 13, "conjugate_isogenous_pairs": 33, "eigenvalues": [2.8060586159844054, -2.81451875678135]}, "3": {"diameter": 9, "conjugate_isogenous_pairs": 36, "eigenvalues": [3.4346513916720656, -3.4352016067773]}, "5": {"diameter": 6, "conjugate_isogenous_pairs": 90, "eigenvalues": [4.455658871003404, -4.435767063752034]}, "7": {"diameter": 5, "conjugate_isogenous_pairs": 36, "eigenvalues": [5.257760682462629, -5.269987752393694]}, "11": {"diameter": 4, "conjugate_isogenous_pairs": 59, "eigenvalues": [6.424987077200171, -6.573404395327023]}}}