{"prime": 19403, "nodes": 1618, "minpoly": "x^2 + 19402*x + 2", "spine": 74, "undirected": false, "ell": {"2": {"diameter": 15, "conjugate_isogenous_pairs": 39, "eigenvalues": [2.8218228220073462, -2.815617098230889]}, "3": {"diameter": 10, "conjugate_isogenous_pairs": 51, "eigenvalues": [3.445034114778619, -3.442292935794722]}, "5": {"diameter": 7, "conjugate_isogenous_pairs": 79, "eigenvalues": [4.432825470737607, -4.45796773949619]}, "7": {"diameter": 6, "conjugate_isogenous_pairs": 85, "eigenvalues": [5.2090554192859635, -5.2518972243155435]}, "11": {"diameter": 5, "conjugate_isogenous_pairs": 47, "eigenvalues": [6.570808123289277, -6.629200925745116]}}}