{"prime": 541, "nodes": 45, "minpoly": "x^2 + 537*x + 2", "spine": 5, "undirected": true, "ell": {"2": {"diameter": 6, "conjugate_isogenous_pairs": 5, "eigenvalues": [2.6285653119955215, -2.763680505025646]}, "3": {"diameter": 5, "conjugate_isogenous_pairs": 11, "eigenvalues": [3.3326502922418078, -3.3143937286200553]}, "5": {"diameter": 4, "conjugate_isogenous_pairs": 13, "eigenvalues": [4.1810524836116825, -4.178006039444327]}, "7": {"diameter": 3, "conjugate_isogenous_pairs": 7, "eigenvalues": [4.821766808551422, -4.769272082901139]}, "11": {"diameter": 3, "conjugate_isogenous_pairs": 19, "eigenvalues": [6.511391260790765, -6.015245571820894]}}}