{"prime": 12517, "nodes": 1043, "minpoly": "x^2 + 12516*x + 6", "spine": 23, "undirected": true, "ell": {"2": {"diameter": 13, "conjugate_isogenous_pairs": 42, "eigenvalues": [2.812337821478131, -2.8118595933375943]}, "3": {"diameter": 9, "conjugate_isogenous_pairs": 97, "eigenvalues": [3.4474775654302614, -3.454976888444284]}, "5": {"diameter": 6, "conjugate_isogenous_pairs": 82, "eigenvalues": [4.4171170796449575, -4.410253066085424]}, "7": {"diameter": 5, "conjugate_isogenous_pairs": 69, "eigenvalues": [5.2624501147426495, -5.224322017642666]}, "11": {"diameter": 4, "conjugate_isogenous_pairs": 145, "eigenvalues": [6.619385463316788, -6.59904373370936]}}}