{"prime": 2203, "nodes": 184, "minpoly": "x^2 + 2202*x + 5", "spine": 10, "undirected": false, "ell": {"2": {"diameter": 11, "conjugate_isogenous_pairs": 22, "eigenvalues": [2.8237021992976614, -2.7985160244240763]}, "3": {"diameter": 7, "conjugate_isogenous_pairs": 11, "eigenvalues": [3.4350875982682885, -3.3444642458378966]}, "5": {"diameter": 5, "conjugate_isogenous_pairs": 42, "eigenvalues": [4.323260579880699, -4.313728998208034]}, "7": {"diameter": 4, "conjugate_isogenous_pairs": 22, "eigenvalues": [5.258311270324542, -5.151896698941029]}, "11": {"diameter": 4, "conjugate_isogenous_pairs": 37, "eigenvalues": [6.350648305585963, -6.444125268543291]}}}