{"prime": 15227, "nodes": 1270, "minpoly": "x^2 + 15223*x + 2", "spine": 58, "undirected": false, "ell": {"2": {"diameter": 14, "conjugate_isogenous_pairs": 24, "eigenvalues": [2.812244663023659, -2.8225573641146973]}, "3": {"diameter": 9, "conjugate_isogenous_pairs": 37, "eigenvalues": [3.4286986525201533, -3.4286190445599245]}, "5": {"diameter": 7, "conjugate_isogenous_pairs": 73, "eigenvalues": [4.454387647245858, -4.431349216406353]}, "7": {"diameter": 6, "conjugate_isogenous_pairs": 103, "eigenvalues": [5.22476774023692, -5.275754842804588]}, "11": {"diameter": 5, "conjugate_isogenous_pairs": 39, "eigenvalues": [6.514728670987048, -6.572651243943703]}}}