{"prime": 11549, "nodes": 963, "minpoly": "x^2 + 11544*x + 2", "spine": 67, "undirected": false, "ell": {"2": {"diameter": 14, "conjugate_isogenous_pairs": 17, "eigenvalues": [2.8111861647378618, -2.8250678715187907]}, "3": {"diameter": 9, "conjugate_isogenous_pairs": 43, "eigenvalues": [3.448267482650188, -3.449873973832281]}, "5": {"diameter": 6, "conjugate_isogenous_pairs": 39, "eigenvalues": [4.468552256287207, -4.468652022767013]}, "7": {"diameter": 6, "conjugate_isogenous_pairs": 76, "eigenvalues": [5.217075126835077, -5.256274504251837]}, "11": {"diameter": 5, "conjugate_isogenous_pairs": 116, "eigenvalues": [6.593525956282611, -6.594258748951704]}}}