{"prime": 27031, "nodes": 2253, "minpoly": "x^2 + 27029*x + 6", "spine": 95, "undirected": false, "ell": {"2": {"diameter": 15, "conjugate_isogenous_pairs": 34, "eigenvalues": [2.823272345515223, -2.8156569411833394]}, "3": {"diameter": 10, "conjugate_isogenous_pairs": 36, "eigenvalues": [3.4488881765720665, -3.4524206774054234]}, "5": {"diameter": 7, "conjugate_isogenous_pairs": 101, "eigenvalues": [4.46753505568148, -4.461016662779682]}, "7": {"diameter": 6, "conjugate_isogenous_pairs": 41, "eigenvalues": [5.268419664191367, -5.286229295672876]}, "11": {"diameter": 5, "conjugate_isogenous_pairs": 147, "eigenvalues": [6.564588475841251, -6.5765955537007095]}}}