{"prime": 3323, "nodes": 278, "minpoly": "x^2 + 3319*x + 2", "spine": 34, "undirected": false, "ell": {"2": {"diameter": 12, "conjugate_isogenous_pairs": 19, "eigenvalues": [2.806642418460018, -2.791954849978438]}, "3": {"diameter": 8, "conjugate_isogenous_pairs": 14, "eigenvalues": [3.3754219952362856, -3.426025370445905]}, "5": {"diameter": 6, "conjugate_isogenous_pairs": 16, "eigenvalues": [4.453097031944852, -4.35019287640202]}, "7": {"diameter": 5, "conjugate_isogenous_pairs": 41, "eigenvalues": [5.126239350211153, -5.096336711176378]}, "11": {"diameter": 4, "conjugate_isogenous_pairs": 17, "eigenvalues": [6.564300518178342, -6.568869418361196]}}}