{"prime": 19433, "nodes": 1620, "minpoly": "x^2 + 19428*x + 3", "spine": 54, "undirected": false, "ell": {"2": {"diameter": 15, "conjugate_isogenous_pairs": 32, "eigenvalues": [2.820221193045051, -2.822932144444854]}, "3": {"diameter": 10, "conjugate_isogenous_pairs": 66, "eigenvalues": [3.4613611324931837, -3.435323253664739]}, "5": {"diameter": 7, "conjugate_isogenous_pairs": 46, "eigenvalues": [4.43739003939554, -4.440748181804668]}, "7": {"diameter": 6, "conjugate_isogenous_pairs": 186, "eigenvalues": [5.241141821758207, -5.249993659165234]}, "11": {"diameter": 5, "conjugate_isogenous_pairs": 47, "eigenvalues": [6.542016711516474, -6.6116410575359685]}}}