{"prime": 21481, "nodes": 1790, "minpoly": "x^2 + 21480*x + 13", "spine": 42, "undirected": true, "ell": {"2": {"diameter": 15, "conjugate_isogenous_pairs": 61, "eigenvalues": [2.822692870171383, -2.8179496955596055]}, "3": {"diameter": 9, "conjugate_isogenous_pairs": 44, "eigenvalues": [3.4515701578596376, -3.4622357202141907]}, "5": {"diameter": 7, "conjugate_isogenous_pairs": 59, "eigenvalues": [4.450833495959084, -4.437284149792025]}, "7": {"diameter": 6, "conjugate_isogenous_pairs": 92, "eigenvalues": [5.2847175784518905, -5.278028943982656]}, "11": {"diameter": 5, "conjugate_isogenous_pairs": 226, "eigenvalues": [6.609795912776532, -6.600417811087916]}}}