{"prime": 19121, "nodes": 1594, "minpoly": "x^2 + 19118*x + 6", "spine": 48, "undirected": false, "ell": {"2": {"diameter": 15, "conjugate_isogenous_pairs": 24, "eigenvalues": [2.8094426991796526, -2.8187047764314856]}, "3": {"diameter": 10, "conjugate_isogenous_pairs": 45, "eigenvalues": [3.4475806325011034, -3.454546412405088]}, "5": {"diameter": 7, "conjugate_isogenous_pairs": 37, "eigenvalues": [4.467028295279498, -4.455759617501923]}, "7": {"diameter": 6, "conjugate_isogenous_pairs": 141, "eigenvalues": [5.261455380788493, -5.2587038200337295]}, "11": {"diameter": 5, "conjugate_isogenous_pairs": 85, "eigenvalues": [6.566747236193216, -6.590919257215647]}}}