{"prime": 2633, "nodes": 220, "minpoly": "x^2 + 2627*x + 3", "spine": 16, "undirected": false, "ell": {"2": {"diameter": 11, "conjugate_isogenous_pairs": 13, "eigenvalues": [2.7924395017803683, -2.795602612935373]}, "3": {"diameter": 7, "conjugate_isogenous_pairs": 19, "eigenvalues": [3.3696564403382565, -3.381650677598061]}, "5": {"diameter": 6, "conjugate_isogenous_pairs": 14, "eigenvalues": [4.355506398436939, -4.4206901608920335]}, "7": {"diameter": 5, "conjugate_isogenous_pairs": 66, "eigenvalues": [5.20275424877887, -5.236067977499789]}, "11": {"diameter": 4, "conjugate_isogenous_pairs": 15, "eigenvalues": [6.275586082450609, -6.537280571718151]}}}