{"prime": 10037, "nodes": 837, "minpoly": "x^2 + 10033*x + 2", "spine": 41, "undirected": false, "ell": {"2": {"diameter": 13, "conjugate_isogenous_pairs": 27, "eigenvalues": [2.815436813272548, -2.822887423010166]}, "3": {"diameter": 9, "conjugate_isogenous_pairs": 63, "eigenvalues": [3.449283277123342, -3.4484767446624143]}, "5": {"diameter": 7, "conjugate_isogenous_pairs": 22, "eigenvalues": [4.44465635258179, -4.426199544810882]}, "7": {"diameter": 6, "conjugate_isogenous_pairs": 101, "eigenvalues": [5.251478032136, -5.167705550489269]}, "11": {"diameter": 4, "conjugate_isogenous_pairs": 65, "eigenvalues": [6.504413274485892, -6.488669823782539]}}}