{"prime": 18787, "nodes": 1566, "minpoly": "x^2 + 18786*x + 2", "spine": 54, "undirected": false, "ell": {"2": {"diameter": 14, "conjugate_isogenous_pairs": 60, "eigenvalues": [2.824603403882883, -2.822516938095038]}, "3": {"diameter": 9, "conjugate_isogenous_pairs": 32, "eigenvalues": [3.4473273087512455, -3.4506806709956592]}, "5": {"diameter": 7, "conjugate_isogenous_pairs": 137, "eigenvalues": [4.467785428438455, -4.454906497674874]}, "7": {"diameter": 6, "conjugate_isogenous_pairs": 42, "eigenvalues": [5.232708779686402, -5.257170097144076]}, "11": {"diameter": 5, "conjugate_isogenous_pairs": 117, "eigenvalues": [6.57100271172365, -6.612581815497179]}}}