{"prime": 5701, "nodes": 475, "minpoly": "x^2 + 5700*x + 2", "spine": 19, "undirected": true, "ell": {"2": {"diameter": 12, "conjugate_isogenous_pairs": 30, "eigenvalues": [2.8239898528556555, -2.8208761694323194]}, "3": {"diameter": 8, "conjugate_isogenous_pairs": 32, "eigenvalues": [3.394688148464894, -3.4265169446913673]}, "5": {"diameter": 6, "conjugate_isogenous_pairs": 34, "eigenvalues": [4.44561774985452, -4.43646700546094]}, "7": {"diameter": 5, "conjugate_isogenous_pairs": 27, "eigenvalues": [5.264307477619008, -5.119941932934051]}, "11": {"diameter": 4, "conjugate_isogenous_pairs": 142, "eigenvalues": [6.623373035205135, -6.515549695506845]}}}