{"prime": 29347, "nodes": 2446, "minpoly": "x^2 + 29342*x + 3", "spine": 54, "undirected": false, "ell": {"2": {"diameter": 15, "conjugate_isogenous_pairs": 92, "eigenvalues": [2.8226895328486927, -2.8246155733012652]}, "3": {"diameter": 10, "conjugate_isogenous_pairs": 58, "eigenvalues": [3.458719111399323, -3.4469801734005077]}, "5": {"diameter": 7, "conjugate_isogenous_pairs": 193, "eigenvalues": [4.456984309764057, -4.4569429208634705]}, "7": {"diameter": 6, "conjugate_isogenous_pairs": 71, "eigenvalues": [5.250786299480568, -5.260809567284625]}, "11": {"diameter": 5, "conjugate_isogenous_pairs": 105, "eigenvalues": [6.588797112644204, -6.610151572226187]}}}