{"prime": 8737, "nodes": 728, "minpoly": "x^2 + 8732*x + 5", "spine": 18, "undirected": true, "ell": {"2": {"diameter": 12, "conjugate_isogenous_pairs": 44, "eigenvalues": [2.8190227369175695, -2.816984110213633]}, "3": {"diameter": 8, "conjugate_isogenous_pairs": 46, "eigenvalues": [3.4390866173814616, -3.405305581064622]}, "5": {"diameter": 6, "conjugate_isogenous_pairs": 41, "eigenvalues": [4.43001478751672, -4.382176423357752]}, "7": {"diameter": 5, "conjugate_isogenous_pairs": 52, "eigenvalues": [5.282913708870318, -5.19966783142761]}, "11": {"diameter": 4, "conjugate_isogenous_pairs": 55, "eigenvalues": [6.48541732181774, -6.469811394741612]}}}