{"prime": 28657, "nodes": 2388, "minpoly": "x^2 + 28649*x + 5", "spine": 44, "undirected": true, "ell": {"2": {"diameter": 15, "conjugate_isogenous_pairs": 82, "eigenvalues": [2.826067477144102, -2.827265540057296]}, "3": {"diameter": 10, "conjugate_isogenous_pairs": 70, "eigenvalues": [3.456969858109157, -3.4468804823414687]}, "5": {"diameter": 7, "conjugate_isogenous_pairs": 102, "eigenvalues": [4.419503127911866, -4.459156854767568]}, "7": {"diameter": 6, "conjugate_isogenous_pairs": 119, "eigenvalues": [5.28012070688919, -5.274156861107782]}, "11": {"diameter": 5, "conjugate_isogenous_pairs": 150, "eigenvalues": [6.629774184324061, -6.5252494446339195]}}}