{"prime": 20507, "nodes": 1710, "minpoly": "x^2 + 20503*x + 2", "spine": 58, "undirected": false, "ell": {"2": {"diameter": 14, "conjugate_isogenous_pairs": 26, "eigenvalues": [2.827589424243167, -2.8111494560429735]}, "3": {"diameter": 10, "conjugate_isogenous_pairs": 61, "eigenvalues": [3.455395729520782, -3.4388070582840773]}, "5": {"diameter": 7, "conjugate_isogenous_pairs": 73, "eigenvalues": [4.416194807531659, -4.410154038429397]}, "7": {"diameter": 6, "conjugate_isogenous_pairs": 140, "eigenvalues": [5.2518832863309655, -5.289768221667447]}, "11": {"diameter": 5, "conjugate_isogenous_pairs": 41, "eigenvalues": [6.623550600560214, -6.522608985563648]}}}