{"prime": 8521, "nodes": 710, "minpoly": "x^2 + 8518*x + 13", "spine": 28, "undirected": true, "ell": {"2": {"diameter": 12, "conjugate_isogenous_pairs": 23, "eigenvalues": [2.82297814189143, -2.81157058619122]}, "3": {"diameter": 9, "conjugate_isogenous_pairs": 31, "eigenvalues": [3.4362260090844274, -3.4376337659024454]}, "5": {"diameter": 6, "conjugate_isogenous_pairs": 59, "eigenvalues": [4.4225655467877525, -4.430471193005216]}, "7": {"diameter": 5, "conjugate_isogenous_pairs": 41, "eigenvalues": [5.247923213928739, -5.170684974176162]}, "11": {"diameter": 4, "conjugate_isogenous_pairs": 94, "eigenvalues": [6.5531405132831875, -6.5701472116670825]}}}