{"prime": 3529, "nodes": 294, "minpoly": "x^2 + 3525*x + 17", "spine": 14, "undirected": true, "ell": {"2": {"diameter": 10, "conjugate_isogenous_pairs": 16, "eigenvalues": [2.7898725364159813, -2.797785786852768]}, "3": {"diameter": 7, "conjugate_isogenous_pairs": 16, "eigenvalues": [3.436746959721347, -3.4361784097503]}, "5": {"diameter": 5, "conjugate_isogenous_pairs": 39, "eigenvalues": [4.460617362785423, -4.460227914432122]}, "7": {"diameter": 4, "conjugate_isogenous_pairs": 37, "eigenvalues": [5.1974626775488595, -5.169431421517705]}, "11": {"diameter": 4, "conjugate_isogenous_pairs": 62, "eigenvalues": [6.629803260135379, -6.582864736499914]}}}