{"prime": 9689, "nodes": 808, "minpoly": "x^2 + 9683*x + 3", "spine": 52, "undirected": false, "ell": {"2": {"diameter": 13, "conjugate_isogenous_pairs": 11, "eigenvalues": [2.8236051635294173, -2.8242999417177264]}, "3": {"diameter": 10, "conjugate_isogenous_pairs": 29, "eigenvalues": [3.4231495973134303, -3.4510460290146376]}, "5": {"diameter": 7, "conjugate_isogenous_pairs": 29, "eigenvalues": [4.432846301678198, -4.442328019672116]}, "7": {"diameter": 5, "conjugate_isogenous_pairs": 102, "eigenvalues": [5.272895993247075, -5.260484682795997]}, "11": {"diameter": 5, "conjugate_isogenous_pairs": 50, "eigenvalues": [6.496797884573956, -6.594410095740297]}}}