{"prime": 8389, "nodes": 699, "minpoly": "x^2 + 8388*x + 6", "spine": 45, "undirected": true, "ell": {"2": {"diameter": 13, "conjugate_isogenous_pairs": 27, "eigenvalues": [2.81529726856819, -2.8049898096181685]}, "3": {"diameter": 8, "conjugate_isogenous_pairs": 45, "eigenvalues": [3.4084826602199776, -3.4581103948282084]}, "5": {"diameter": 6, "conjugate_isogenous_pairs": 32, "eigenvalues": [4.4523872086324605, -4.437928527408296]}, "7": {"diameter": 5, "conjugate_isogenous_pairs": 24, "eigenvalues": [5.171820828337896, -5.250961948908584]}, "11": {"diameter": 4, "conjugate_isogenous_pairs": 156, "eigenvalues": [6.622869382861834, -6.542971510808136]}}}