{"prime": 21841, "nodes": 1820, "minpoly": "x^2 + 21836*x + 11", "spine": 60, "undirected": true, "ell": {"2": {"diameter": 14, "conjugate_isogenous_pairs": 34, "eigenvalues": [2.8196150676153433, -2.8214887824661017]}, "3": {"diameter": 9, "conjugate_isogenous_pairs": 59, "eigenvalues": [3.4591980423372513, -3.462955558748522]}, "5": {"diameter": 7, "conjugate_isogenous_pairs": 99, "eigenvalues": [4.43819665750239, -4.45891574672755]}, "7": {"diameter": 6, "conjugate_isogenous_pairs": 71, "eigenvalues": [5.2473355174610985, -5.233088446538347]}, "11": {"diameter": 5, "conjugate_isogenous_pairs": 124, "eigenvalues": [6.599016129636958, -6.5571005324954506]}}}