{"prime": 11351, "nodes": 947, "minpoly": "x^2 + 11350*x + 7", "spine": 109, "undirected": false, "ell": {"2": {"diameter": 14, "conjugate_isogenous_pairs": 10, "eigenvalues": [2.814960830540345, -2.818444539414326]}, "3": {"diameter": 9, "conjugate_isogenous_pairs": 27, "eigenvalues": [3.4325468140006232, -3.454793654828432]}, "5": {"diameter": 7, "conjugate_isogenous_pairs": 54, "eigenvalues": [4.385307509934178, -4.459409394083717]}, "7": {"diameter": 6, "conjugate_isogenous_pairs": 49, "eigenvalues": [5.171658474652386, -5.215061212530218]}, "11": {"diameter": 5, "conjugate_isogenous_pairs": 56, "eigenvalues": [6.577371597419316, -6.610104940052961]}}}