{"prime": 21407, "nodes": 1785, "minpoly": "x^2 + 21406*x + 5", "spine": 131, "undirected": false, "ell": {"2": {"diameter": 14, "conjugate_isogenous_pairs": 29, "eigenvalues": [2.8230678410041232, -2.8282970548522495]}, "3": {"diameter": 10, "conjugate_isogenous_pairs": 51, "eigenvalues": [3.4551210898220193, -3.4460860255793397]}, "5": {"diameter": 7, "conjugate_isogenous_pairs": 51, "eigenvalues": [4.461932746077211, -4.4273057124827275]}, "7": {"diameter": 6, "conjugate_isogenous_pairs": 118, "eigenvalues": [5.249660348766193, -5.287512570249771]}, "11": {"diameter": 5, "conjugate_isogenous_pairs": 31, "eigenvalues": [6.549400484077811, -6.622994722831559]}}}