{"prime": 20747, "nodes": 1730, "minpoly": "x^2 + 20746*x + 5", "spine": 86, "undirected": false, "ell": {"2": {"diameter": 15, "conjugate_isogenous_pairs": 30, "eigenvalues": [2.8274594594107385, -2.8153857176581356]}, "3": {"diameter": 10, "conjugate_isogenous_pairs": 44, "eigenvalues": [3.4616729350080377, -3.424119924549745]}, "5": {"diameter": 7, "conjugate_isogenous_pairs": 51, "eigenvalues": [4.427530564056973, -4.459105059806932]}, "7": {"diameter": 6, "conjugate_isogenous_pairs": 133, "eigenvalues": [5.253652404845103, -5.270481698090793]}, "11": {"diameter": 5, "conjugate_isogenous_pairs": 61, "eigenvalues": [6.5505306884250105, -6.594328001666252]}}}