{"prime": 26183, "nodes": 2183, "minpoly": "x^2 + 26181*x + 5", "spine": 137, "undirected": false, "ell": {"2": {"diameter": 15, "conjugate_isogenous_pairs": 37, "eigenvalues": [2.826162012883752, -2.8241269962195736]}, "3": {"diameter": 10, "conjugate_isogenous_pairs": 40, "eigenvalues": [3.430551715585706, -3.4612673517460713]}, "5": {"diameter": 8, "conjugate_isogenous_pairs": 44, "eigenvalues": [4.44121181538065, -4.462464367092592]}, "7": {"diameter": 6, "conjugate_isogenous_pairs": 105, "eigenvalues": [5.238563956658335, -5.246368695613602]}, "11": {"diameter": 5, "conjugate_isogenous_pairs": 57, "eigenvalues": [6.6260774340956, -6.618066661197119]}}}