{"prime": 29983, "nodes": 2499, "minpoly": "x^2 + 29981*x + 5", "spine": 59, "undirected": false, "ell": {"2": {"diameter": 15, "conjugate_isogenous_pairs": 64, "eigenvalues": [2.820850728949318, -2.821863682153246]}, "3": {"diameter": 10, "conjugate_isogenous_pairs": 78, "eigenvalues": [3.4454199245887427, -3.4482846367126783]}, "5": {"diameter": 8, "conjugate_isogenous_pairs": 153, "eigenvalues": [4.466216899511125, -4.468680639710666]}, "7": {"diameter": 6, "conjugate_isogenous_pairs": 70, "eigenvalues": [5.279345468769625, -5.229554233598662]}, "11": {"diameter": 5, "conjugate_isogenous_pairs": 93, "eigenvalues": [6.631467755429955, -6.616167542616581]}}}