{"prime": 9007, "nodes": 751, "minpoly": "x^2 + 9005*x + 3", "spine": 35, "undirected": false, "ell": {"2": {"diameter": 13, "conjugate_isogenous_pairs": 55, "eigenvalues": [2.8141891381388744, -2.8227035220942316]}, "3": {"diameter": 8, "conjugate_isogenous_pairs": 32, "eigenvalues": [3.436359452117366, -3.421232731216228]}, "5": {"diameter": 6, "conjugate_isogenous_pairs": 50, "eigenvalues": [4.407455926670534, -4.4181494578978215]}, "7": {"diameter": 5, "conjugate_isogenous_pairs": 46, "eigenvalues": [5.210294049375459, -5.244812868937325]}, "11": {"diameter": 4, "conjugate_isogenous_pairs": 74, "eigenvalues": [6.557642228297488, -6.56401020508825]}}}