{"prime": 14699, "nodes": 1226, "minpoly": "x^2 + 14698*x + 2", "spine": 110, "undirected": false, "ell": {"2": {"diameter": 14, "conjugate_isogenous_pairs": 14, "eigenvalues": [2.8047281208993655, -2.8220116046132633]}, "3": {"diameter": 10, "conjugate_isogenous_pairs": 24, "eigenvalues": [3.452608133717882, -3.4636627433343516]}, "5": {"diameter": 7, "conjugate_isogenous_pairs": 55, "eigenvalues": [4.425287182099192, -4.466155318729218]}, "7": {"diameter": 6, "conjugate_isogenous_pairs": 80, "eigenvalues": [5.2851510462936515, -5.224179233027113]}, "11": {"diameter": 5, "conjugate_isogenous_pairs": 62, "eigenvalues": [6.5340086095298116, -6.613176212640074]}}}