{"prime": 3821, "nodes": 319, "minpoly": "x^2 + 3819*x + 3", "spine": 47, "undirected": false, "ell": {"2": {"diameter": 12, "conjugate_isogenous_pairs": 7, "eigenvalues": [2.8042583374858716, -2.8170962592368634]}, "3": {"diameter": 9, "conjugate_isogenous_pairs": 16, "eigenvalues": [3.4424057627402114, -3.42581910539647]}, "5": {"diameter": 6, "conjugate_isogenous_pairs": 13, "eigenvalues": [4.3592007247722995, -4.4130489880995185]}, "7": {"diameter": 5, "conjugate_isogenous_pairs": 33, "eigenvalues": [5.25565958726405, -5.227902295623715]}, "11": {"diameter": 4, "conjugate_isogenous_pairs": 53, "eigenvalues": [6.5921888128884385, -6.459190426225581]}}}