{"prime": 26879, "nodes": 2241, "minpoly": "x^2 + 26878*x + 13", "spine": 245, "undirected": false, "ell": {"2": {"diameter": 15, "conjugate_isogenous_pairs": 24, "eigenvalues": [2.814338712557344, -2.818575712853559]}, "3": {"diameter": 11, "conjugate_isogenous_pairs": 31, "eigenvalues": [3.4367989755029797, -3.4442535428436436]}, "5": {"diameter": 7, "conjugate_isogenous_pairs": 59, "eigenvalues": [4.4613512957446595, -4.441563196555142]}, "7": {"diameter": 6, "conjugate_isogenous_pairs": 68, "eigenvalues": [5.2859497655421075, -5.245462928247248]}, "11": {"diameter": 5, "conjugate_isogenous_pairs": 75, "eigenvalues": [6.629156368475377, -6.605962802988039]}}}