{"prime": 21701, "nodes": 1809, "minpoly": "x^2 + 21697*x + 2", "spine": 79, "undirected": false, "ell": {"2": {"diameter": 15, "conjugate_isogenous_pairs": 17, "eigenvalues": [2.8184731274796184, -2.8172535553136]}, "3": {"diameter": 10, "conjugate_isogenous_pairs": 60, "eigenvalues": [3.4496387528847423, -3.4360245857151983]}, "5": {"diameter": 7, "conjugate_isogenous_pairs": 39, "eigenvalues": [4.4520108254304365, -4.4349745143296815]}, "7": {"diameter": 6, "conjugate_isogenous_pairs": 100, "eigenvalues": [5.252054405819323, -5.2263305076474476]}, "11": {"diameter": 5, "conjugate_isogenous_pairs": 125, "eigenvalues": [6.611121652063609, -6.592220432758323]}}}