{"prime": 16547, "nodes": 1380, "minpoly": "x^2 + 16546*x + 2", "spine": 54, "undirected": false, "ell": {"2": {"diameter": 14, "conjugate_isogenous_pairs": 41, "eigenvalues": [2.8231743616224487, -2.826662211122335]}, "3": {"diameter": 10, "conjugate_isogenous_pairs": 36, "eigenvalues": [3.4521284130115824, -3.440622384288289]}, "5": {"diameter": 7, "conjugate_isogenous_pairs": 56, "eigenvalues": [4.440661604501836, -4.420724892946637]}, "7": {"diameter": 6, "conjugate_isogenous_pairs": 114, "eigenvalues": [5.249942453056117, -5.232629869552849]}, "11": {"diameter": 5, "conjugate_isogenous_pairs": 47, "eigenvalues": [6.590477125291567, -6.587786199084951]}}}