{"prime": 9551, "nodes": 797, "minpoly": "x^2 + 9550*x + 11", "spine": 129, "undirected": false, "ell": {"2": {"diameter": 14, "conjugate_isogenous_pairs": 14, "eigenvalues": [2.8208606759115877, -2.8076242412487202]}, "3": {"diameter": 9, "conjugate_isogenous_pairs": 16, "eigenvalues": [3.4111553389004983, -3.4599593046679393]}, "5": {"diameter": 7, "conjugate_isogenous_pairs": 24, "eigenvalues": [4.46302952333202, -4.391904883050381]}, "7": {"diameter": 6, "conjugate_isogenous_pairs": 57, "eigenvalues": [5.2661891680818975, -5.148933254544393]}, "11": {"diameter": 5, "conjugate_isogenous_pairs": 53, "eigenvalues": [6.541677612396725, -6.478042467446467]}}}