{"prime": 12757, "nodes": 1063, "minpoly": "x^2 + 12756*x + 2", "spine": 33, "undirected": true, "ell": {"2": {"diameter": 14, "conjugate_isogenous_pairs": 40, "eigenvalues": [2.815600688653594, -2.804105467941222]}, "3": {"diameter": 9, "conjugate_isogenous_pairs": 86, "eigenvalues": [3.453760002498867, -3.4433850094356058]}, "5": {"diameter": 6, "conjugate_isogenous_pairs": 41, "eigenvalues": [4.449974626778079, -4.442662140087735]}, "7": {"diameter": 5, "conjugate_isogenous_pairs": 51, "eigenvalues": [5.260714819513299, -5.243250839625723]}, "11": {"diameter": 4, "conjugate_isogenous_pairs": 164, "eigenvalues": [6.464786810296589, -6.532045355688644]}}}