{"prime": 9649, "nodes": 804, "minpoly": "x^2 + 9642*x + 7", "spine": 28, "undirected": true, "ell": {"2": {"diameter": 14, "conjugate_isogenous_pairs": 25, "eigenvalues": [2.8274478164652095, -2.804056361694597]}, "3": {"diameter": 9, "conjugate_isogenous_pairs": 35, "eigenvalues": [3.418083478365062, -3.452823629772411]}, "5": {"diameter": 6, "conjugate_isogenous_pairs": 49, "eigenvalues": [4.438682157293806, -4.453482498935954]}, "7": {"diameter": 5, "conjugate_isogenous_pairs": 48, "eigenvalues": [5.2020081639761235, -5.227578074613446]}, "11": {"diameter": 4, "conjugate_isogenous_pairs": 131, "eigenvalues": [6.537189854834719, -6.614320429981662]}}}