{"prime": 5801, "nodes": 484, "minpoly": "x^2 + 5795*x + 3", "spine": 56, "undirected": false, "ell": {"2": {"diameter": 12, "conjugate_isogenous_pairs": 14, "eigenvalues": [2.800097766047838, -2.80539251212848]}, "3": {"diameter": 9, "conjugate_isogenous_pairs": 17, "eigenvalues": [3.436421466452183, -3.446812705648102]}, "5": {"diameter": 6, "conjugate_isogenous_pairs": 14, "eigenvalues": [4.4052167714204415, -4.38438826987398]}, "7": {"diameter": 5, "conjugate_isogenous_pairs": 58, "eigenvalues": [5.184081433992381, -5.215375877452042]}, "11": {"diameter": 4, "conjugate_isogenous_pairs": 46, "eigenvalues": [6.536717967274565, -6.3375404495153935]}}}