{"prime": 3533, "nodes": 295, "minpoly": "x^2 + 3532*x + 2", "spine": 35, "undirected": false, "ell": {"2": {"diameter": 11, "conjugate_isogenous_pairs": 9, "eigenvalues": [2.81012761603518, -2.819303515848222]}, "3": {"diameter": 8, "conjugate_isogenous_pairs": 38, "eigenvalues": [3.4319976187953434, -3.377790211712269]}, "5": {"diameter": 5, "conjugate_isogenous_pairs": 16, "eigenvalues": [4.400257396746229, -4.358696494981298]}, "7": {"diameter": 5, "conjugate_isogenous_pairs": 51, "eigenvalues": [5.251825833459889, -5.245916866567565]}, "11": {"diameter": 4, "conjugate_isogenous_pairs": 35, "eigenvalues": [6.512754064228593, -6.483509601654597]}}}