{"prime": 27947, "nodes": 2330, "minpoly": "x^2 + 27946*x + 2", "spine": 134, "undirected": false, "ell": {"2": {"diameter": 15, "conjugate_isogenous_pairs": 34, "eigenvalues": [2.8256446982813332, -2.8270798855296317]}, "3": {"diameter": 10, "conjugate_isogenous_pairs": 63, "eigenvalues": [3.449588329518285, -3.4577495307096027]}, "5": {"diameter": 7, "conjugate_isogenous_pairs": 71, "eigenvalues": [4.458946138350783, -4.460574556922454]}, "7": {"diameter": 6, "conjugate_isogenous_pairs": 96, "eigenvalues": [5.240844086915453, -5.228384612365661]}, "11": {"diameter": 5, "conjugate_isogenous_pairs": 51, "eigenvalues": [6.614688164488807, -6.5754337423412474]}}}