{"prime": 7507, "nodes": 626, "minpoly": "x^2 + 7506*x + 2", "spine": 22, "undirected": false, "ell": {"2": {"diameter": 13, "conjugate_isogenous_pairs": 40, "eigenvalues": [2.819925581759685, -2.8214067158885663]}, "3": {"diameter": 8, "conjugate_isogenous_pairs": 23, "eigenvalues": [3.427038219873262, -3.4334263788853323]}, "5": {"diameter": 6, "conjugate_isogenous_pairs": 90, "eigenvalues": [4.401081947570284, -4.405987668824964]}, "7": {"diameter": 5, "conjugate_isogenous_pairs": 42, "eigenvalues": [5.236319907005767, -5.272371136723297]}, "11": {"diameter": 4, "conjugate_isogenous_pairs": 69, "eigenvalues": [6.445399168839011, -6.524413160526169]}}}