{"prime": 16567, "nodes": 1381, "minpoly": "x^2 + 16565*x + 3", "spine": 65, "undirected": false, "ell": {"2": {"diameter": 14, "conjugate_isogenous_pairs": 76, "eigenvalues": [2.8270269393664282, -2.815830031135866]}, "3": {"diameter": 9, "conjugate_isogenous_pairs": 34, "eigenvalues": [3.455750501468846, -3.450825696947099]}, "5": {"diameter": 7, "conjugate_isogenous_pairs": 62, "eigenvalues": [4.43433891732385, -4.432115862100726]}, "7": {"diameter": 6, "conjugate_isogenous_pairs": 60, "eigenvalues": [5.275058200677645, -5.263934089981138]}, "11": {"diameter": 5, "conjugate_isogenous_pairs": 97, "eigenvalues": [6.503969796928172, -6.549839302028982]}}}