{"prime": 28621, "nodes": 2385, "minpoly": "x^2 + 28620*x + 13", "spine": 47, "undirected": true, "ell": {"2": {"diameter": 15, "conjugate_isogenous_pairs": 49, "eigenvalues": [2.8240836536411003, -2.823990003983424]}, "3": {"diameter": 9, "conjugate_isogenous_pairs": 77, "eigenvalues": [3.4528900160030855, -3.449542839497137]}, "5": {"diameter": 7, "conjugate_isogenous_pairs": 84, "eigenvalues": [4.471755566196698, -4.463402971537486]}, "7": {"diameter": 6, "conjugate_isogenous_pairs": 60, "eigenvalues": [5.277520757150876, -5.265672945780826]}, "11": {"diameter": 5, "conjugate_isogenous_pairs": 403, "eigenvalues": [6.616535661158501, -6.604776134315875]}}}