{"prime": 19853, "nodes": 1655, "minpoly": "x^2 + 19848*x + 2", "spine": 37, "undirected": false, "ell": {"2": {"diameter": 14, "conjugate_isogenous_pairs": 33, "eigenvalues": [2.8134120753175824, -2.8152388109288933]}, "3": {"diameter": 9, "conjugate_isogenous_pairs": 104, "eigenvalues": [3.445106937397153, -3.4573492111875725]}, "5": {"diameter": 7, "conjugate_isogenous_pairs": 45, "eigenvalues": [4.460325941849398, -4.426889554497088]}, "7": {"diameter": 6, "conjugate_isogenous_pairs": 169, "eigenvalues": [5.282454610244635, -5.202112467387126]}, "11": {"diameter": 5, "conjugate_isogenous_pairs": 86, "eigenvalues": [6.622999712684344, -6.618524063282612]}}}