{"prime": 3709, "nodes": 309, "minpoly": "x^2 + 3708*x + 2", "spine": 21, "undirected": true, "ell": {"2": {"diameter": 11, "conjugate_isogenous_pairs": 14, "eigenvalues": [2.7976763856093094, -2.804232007778775]}, "3": {"diameter": 8, "conjugate_isogenous_pairs": 33, "eigenvalues": [3.4542168735401697, -3.410747874949422]}, "5": {"diameter": 5, "conjugate_isogenous_pairs": 24, "eigenvalues": [4.379478642820018, -4.419965292660681]}, "7": {"diameter": 4, "conjugate_isogenous_pairs": 21, "eigenvalues": [5.189764882167021, -5.095894076336034]}, "11": {"diameter": 4, "conjugate_isogenous_pairs": 102, "eigenvalues": [6.547031685882888, -6.534331666316148]}}}