{"prime": 9679, "nodes": 807, "minpoly": "x^2 + 9678*x + 3", "spine": 71, "undirected": false, "ell": {"2": {"diameter": 13, "conjugate_isogenous_pairs": 28, "eigenvalues": [2.824478563180039, -2.812702464575039]}, "3": {"diameter": 9, "conjugate_isogenous_pairs": 19, "eigenvalues": [3.4355960030218617, -3.427340045767519]}, "5": {"diameter": 6, "conjugate_isogenous_pairs": 80, "eigenvalues": [4.432482262330605, -4.411290268570675]}, "7": {"diameter": 5, "conjugate_isogenous_pairs": 26, "eigenvalues": [5.260788333365408, -5.210897116432205]}, "11": {"diameter": 4, "conjugate_isogenous_pairs": 105, "eigenvalues": [6.560066751142181, -6.587185337202302]}}}