{"prime": 29269, "nodes": 2439, "minpoly": "x^2 + 29265*x + 6", "spine": 35, "undirected": true, "ell": {"2": {"diameter": 14, "conjugate_isogenous_pairs": 53, "eigenvalues": [2.8226502585719646, -2.820651402543419]}, "3": {"diameter": 9, "conjugate_isogenous_pairs": 82, "eigenvalues": [3.4529315300238097, -3.461582947794867]}, "5": {"diameter": 7, "conjugate_isogenous_pairs": 91, "eigenvalues": [4.459951174522981, -4.463628655969579]}, "7": {"diameter": 6, "conjugate_isogenous_pairs": 58, "eigenvalues": [5.290014371758999, -5.284353194033502]}, "11": {"diameter": 5, "conjugate_isogenous_pairs": 333, "eigenvalues": [6.521500324559475, -6.598604032281134]}}}