{"prime": 19501, "nodes": 1625, "minpoly": "x^2 + 19500*x + 2", "spine": 49, "undirected": true, "ell": {"2": {"diameter": 14, "conjugate_isogenous_pairs": 52, "eigenvalues": [2.82050555935631, -2.8187298082450374]}, "3": {"diameter": 9, "conjugate_isogenous_pairs": 64, "eigenvalues": [3.453051505427487, -3.459084331319462]}, "5": {"diameter": 6, "conjugate_isogenous_pairs": 49, "eigenvalues": [4.451057481766851, -4.434486462147925]}, "7": {"diameter": 6, "conjugate_isogenous_pairs": 41, "eigenvalues": [5.250252628594188, -5.272579697825]}, "11": {"diameter": 5, "conjugate_isogenous_pairs": 223, "eigenvalues": [6.559034092993407, -6.615017937383143]}}}