{"prime": 15817, "nodes": 1318, "minpoly": "x^2 + 15814*x + 5", "spine": 20, "undirected": true, "ell": {"2": {"diameter": 13, "conjugate_isogenous_pairs": 42, "eigenvalues": [2.813717226641061, -2.816283944974035]}, "3": {"diameter": 9, "conjugate_isogenous_pairs": 89, "eigenvalues": [3.4578418260303625, -3.44190311931167]}, "5": {"diameter": 6, "conjugate_isogenous_pairs": 86, "eigenvalues": [4.462058142677284, -4.462093528348707]}, "7": {"diameter": 5, "conjugate_isogenous_pairs": 67, "eigenvalues": [5.25730769951162, -5.258229670897342]}, "11": {"diameter": 5, "conjugate_isogenous_pairs": 103, "eigenvalues": [6.42812027624038, -6.543419029230925]}}}