{"prime": 13093, "nodes": 1091, "minpoly": "x^2 + 13091*x + 6", "spine": 21, "undirected": true, "ell": {"2": {"diameter": 14, "conjugate_isogenous_pairs": 60, "eigenvalues": [2.8192944499374017, -2.8188610775942595]}, "3": {"diameter": 9, "conjugate_isogenous_pairs": 53, "eigenvalues": [3.4559138233566062, -3.4610169905154424]}, "5": {"diameter": 6, "conjugate_isogenous_pairs": 65, "eigenvalues": [4.430029841009907, -4.440496566811969]}, "7": {"diameter": 5, "conjugate_isogenous_pairs": 80, "eigenvalues": [5.164402211211447, -5.260670246966064]}, "11": {"diameter": 4, "conjugate_isogenous_pairs": 192, "eigenvalues": [6.5714835062255785, -6.576074715169583]}}}