{"prime": 29173, "nodes": 2431, "minpoly": "x^2 + 29169*x + 2", "spine": 31, "undirected": true, "ell": {"2": {"diameter": 14, "conjugate_isogenous_pairs": 60, "eigenvalues": [2.825626722796693, -2.8252260358544095]}, "3": {"diameter": 9, "conjugate_isogenous_pairs": 116, "eigenvalues": [3.452241901443939, -3.4534477779721215]}, "5": {"diameter": 7, "conjugate_isogenous_pairs": 88, "eigenvalues": [4.438771218380281, -4.469889366265419]}, "7": {"diameter": 6, "conjugate_isogenous_pairs": 81, "eigenvalues": [5.287223482734277, -5.269538393232401]}, "11": {"diameter": 5, "conjugate_isogenous_pairs": 149, "eigenvalues": [6.569845971877196, -6.6110417215068145]}}}