{"prime": 24359, "nodes": 2031, "minpoly": "x^2 + 24357*x + 11", "spine": 215, "undirected": false, "ell": {"2": {"diameter": 16, "conjugate_isogenous_pairs": 31, "eigenvalues": [2.8251502043557073, -2.8268582005099483]}, "3": {"diameter": 11, "conjugate_isogenous_pairs": 24, "eigenvalues": [3.4611538042654173, -3.45166126895223]}, "5": {"diameter": 7, "conjugate_isogenous_pairs": 37, "eigenvalues": [4.457734858911207, -4.454380812583378]}, "7": {"diameter": 6, "conjugate_isogenous_pairs": 66, "eigenvalues": [5.265658190731806, -5.261331417792616]}, "11": {"diameter": 5, "conjugate_isogenous_pairs": 60, "eigenvalues": [6.615205701171187, -6.610280328672855]}}}