{"prime": 11701, "nodes": 975, "minpoly": "x^2 + 11700*x + 6", "spine": 31, "undirected": true, "ell": {"2": {"diameter": 13, "conjugate_isogenous_pairs": 25, "eigenvalues": [2.824939368752109, -2.817317154966979]}, "3": {"diameter": 9, "conjugate_isogenous_pairs": 79, "eigenvalues": [3.433651741177565, -3.449985256479371]}, "5": {"diameter": 6, "conjugate_isogenous_pairs": 52, "eigenvalues": [4.376159112439832, -4.419753460346521]}, "7": {"diameter": 5, "conjugate_isogenous_pairs": 32, "eigenvalues": [5.195801443004907, -5.262709737560461]}, "11": {"diameter": 4, "conjugate_isogenous_pairs": 159, "eigenvalues": [6.456033573350934, -6.575516345570429]}}}