{"prime": 3463, "nodes": 289, "minpoly": "x^2 + 3461*x + 3", "spine": 19, "undirected": false, "ell": {"2": {"diameter": 12, "conjugate_isogenous_pairs": 32, "eigenvalues": [2.826282017813953, -2.8236613941924773]}, "3": {"diameter": 8, "conjugate_isogenous_pairs": 16, "eigenvalues": [3.408929826115134, -3.3962123181684696]}, "5": {"diameter": 6, "conjugate_isogenous_pairs": 38, "eigenvalues": [4.403530331806586, -4.300466372894522]}, "7": {"diameter": 5, "conjugate_isogenous_pairs": 25, "eigenvalues": [5.062335019814941, -5.179651981792106]}, "11": {"diameter": 4, "conjugate_isogenous_pairs": 42, "eigenvalues": [6.267576670534135, -6.447636450767363]}}}