{"prime": 7829, "nodes": 653, "minpoly": "x^2 + 7828*x + 2", "spine": 73, "undirected": false, "ell": {"2": {"diameter": 13, "conjugate_isogenous_pairs": 11, "eigenvalues": [2.8174492124087607, -2.8171515834159724]}, "3": {"diameter": 9, "conjugate_isogenous_pairs": 29, "eigenvalues": [3.4573891936651084, -3.4497072924512655]}, "5": {"diameter": 6, "conjugate_isogenous_pairs": 19, "eigenvalues": [4.449915962391965, -4.440822152384276]}, "7": {"diameter": 5, "conjugate_isogenous_pairs": 41, "eigenvalues": [5.204795801583097, -5.237205399558192]}, "11": {"diameter": 5, "conjugate_isogenous_pairs": 68, "eigenvalues": [6.61738390357555, -6.624225270240422]}}}