{"prime": 5651, "nodes": 472, "minpoly": "x^2 + 5645*x + 2", "spine": 62, "undirected": false, "ell": {"2": {"diameter": 12, "conjugate_isogenous_pairs": 6, "eigenvalues": [2.807510058369946, -2.818646823080191]}, "3": {"diameter": 8, "conjugate_isogenous_pairs": 23, "eigenvalues": [3.40774763242011, -3.441089626593464]}, "5": {"diameter": 6, "conjugate_isogenous_pairs": 48, "eigenvalues": [4.406897134915575, -4.409541951595844]}, "7": {"diameter": 6, "conjugate_isogenous_pairs": 35, "eigenvalues": [5.265204728933285, -5.170410646246352]}, "11": {"diameter": 4, "conjugate_isogenous_pairs": 33, "eigenvalues": [6.4718739380609005, -6.590410669064328]}}}