{"prime": 8747, "nodes": 730, "minpoly": "x^2 + 8743*x + 2", "spine": 42, "undirected": false, "ell": {"2": {"diameter": 13, "conjugate_isogenous_pairs": 22, "eigenvalues": [2.8189976448720215, -2.8118011749331173]}, "3": {"diameter": 9, "conjugate_isogenous_pairs": 40, "eigenvalues": [3.4405583887483635, -3.4236964334760227]}, "5": {"diameter": 6, "conjugate_isogenous_pairs": 52, "eigenvalues": [4.418413366917263, -4.45419378661244]}, "7": {"diameter": 5, "conjugate_isogenous_pairs": 49, "eigenvalues": [5.168803735582876, -5.23297054707487]}, "11": {"diameter": 5, "conjugate_isogenous_pairs": 24, "eigenvalues": [6.615731064832606, -6.509783107587178]}}}