{"prime": 3511, "nodes": 293, "minpoly": "x^2 + 3508*x + 7", "spine": 41, "undirected": false, "ell": {"2": {"diameter": 12, "conjugate_isogenous_pairs": 10, "eigenvalues": [2.8090606984195894, -2.815570395581828]}, "3": {"diameter": 8, "conjugate_isogenous_pairs": 17, "eigenvalues": [3.409996866236073, -3.419627702124668]}, "5": {"diameter": 6, "conjugate_isogenous_pairs": 35, "eigenvalues": [4.463662051159685, -4.404616524446894]}, "7": {"diameter": 5, "conjugate_isogenous_pairs": 11, "eigenvalues": [5.144520069254003, -5.112304947318818]}, "11": {"diameter": 4, "conjugate_isogenous_pairs": 41, "eigenvalues": [6.422193244551698, -6.584676639672076]}}}