{"prime": 16927, "nodes": 1411, "minpoly": "x^2 + 16926*x + 6", "spine": 37, "undirected": false, "ell": {"2": {"diameter": 14, "conjugate_isogenous_pairs": 48, "eigenvalues": [2.81892628406592, -2.82824712523205]}, "3": {"diameter": 9, "conjugate_isogenous_pairs": 55, "eigenvalues": [3.4497301615365177, -3.4493483915604224]}, "5": {"diameter": 7, "conjugate_isogenous_pairs": 76, "eigenvalues": [4.422471254500448, -4.429610530723922]}, "7": {"diameter": 6, "conjugate_isogenous_pairs": 43, "eigenvalues": [5.252952636819798, -5.2814965336232955]}, "11": {"diameter": 5, "conjugate_isogenous_pairs": 67, "eigenvalues": [6.565347975931966, -6.611588842902367]}}}