{"prime": 5869, "nodes": 489, "minpoly": "x^2 + 5868*x + 2", "spine": 23, "undirected": true, "ell": {"2": {"diameter": 12, "conjugate_isogenous_pairs": 29, "eigenvalues": [2.820028356063275, -2.8235039271904974]}, "3": {"diameter": 8, "conjugate_isogenous_pairs": 31, "eigenvalues": [3.3985220068708064, -3.4573851882132316]}, "5": {"diameter": 6, "conjugate_isogenous_pairs": 35, "eigenvalues": [4.3762312325203006, -4.438551437669388]}, "7": {"diameter": 5, "conjugate_isogenous_pairs": 20, "eigenvalues": [5.23601451628073, -5.243719516732578]}, "11": {"diameter": 4, "conjugate_isogenous_pairs": 136, "eigenvalues": [6.590701650791165, -6.605008910518282]}}}