{"prime": 23633, "nodes": 1970, "minpoly": "x^2 + 23628*x + 5", "spine": 48, "undirected": false, "ell": {"2": {"diameter": 14, "conjugate_isogenous_pairs": 32, "eigenvalues": [2.8189490392475465, -2.8262457051841445]}, "3": {"diameter": 10, "conjugate_isogenous_pairs": 95, "eigenvalues": [3.4512382260193184, -3.448936734575335]}, "5": {"diameter": 7, "conjugate_isogenous_pairs": 39, "eigenvalues": [4.40641045657577, -4.446105141417357]}, "7": {"diameter": 6, "conjugate_isogenous_pairs": 249, "eigenvalues": [5.242061695743554, -5.279299700797372]}, "11": {"diameter": 5, "conjugate_isogenous_pairs": 59, "eigenvalues": [6.609272592609011, -6.567951542947672]}}}