{"prime": 25121, "nodes": 2094, "minpoly": "x^2 + 25120*x + 3", "spine": 120, "undirected": false, "ell": {"2": {"diameter": 15, "conjugate_isogenous_pairs": 25, "eigenvalues": [2.8275199973562133, -2.824640764458217]}, "3": {"diameter": 10, "conjugate_isogenous_pairs": 40, "eigenvalues": [3.436045577501768, -3.4536201070272843]}, "5": {"diameter": 7, "conjugate_isogenous_pairs": 40, "eigenvalues": [4.450994731283651, -4.470404842279246]}, "7": {"diameter": 6, "conjugate_isogenous_pairs": 185, "eigenvalues": [5.252028100144408, -5.234090039373958]}, "11": {"diameter": 5, "conjugate_isogenous_pairs": 131, "eigenvalues": [6.627412074697625, -6.538902089354238]}}}