{"prime": 25189, "nodes": 2099, "minpoly": "x^2 + 25188*x + 2", "spine": 53, "undirected": true, "ell": {"2": {"diameter": 16, "conjugate_isogenous_pairs": 53, "eigenvalues": [2.8238625268444606, -2.8199108265654904]}, "3": {"diameter": 9, "conjugate_isogenous_pairs": 67, "eigenvalues": [3.451901658953002, -3.4524866826820912]}, "5": {"diameter": 7, "conjugate_isogenous_pairs": 101, "eigenvalues": [4.451629950144779, -4.4686022095080435]}, "7": {"diameter": 6, "conjugate_isogenous_pairs": 59, "eigenvalues": [5.232743018685195, -5.260984043601053]}, "11": {"diameter": 5, "conjugate_isogenous_pairs": 380, "eigenvalues": [6.566349665008625, -6.597301881110288]}}}