{"prime": 659, "nodes": 56, "minpoly": "x^2 + 655*x + 2", "spine": 22, "undirected": false, "ell": {"2": {"diameter": 9, "conjugate_isogenous_pairs": 2, "eigenvalues": [2.7772744494062698, -2.7980131146499243]}, "3": {"diameter": 7, "conjugate_isogenous_pairs": 7, "eigenvalues": [3.4546413800013096, -3.2709624824451717]}, "5": {"diameter": 5, "conjugate_isogenous_pairs": 10, "eigenvalues": [4.360355832916962, -4.416483545175534]}, "7": {"diameter": 4, "conjugate_isogenous_pairs": 5, "eigenvalues": [5.086438458360232, -5.092083372306993]}, "11": {"diameter": 3, "conjugate_isogenous_pairs": 8, "eigenvalues": [5.860275472679669, -6.36685100628005]}}}