{"prime": 7019, "nodes": 586, "minpoly": "x^2 + 7015*x + 2", "spine": 86, "undirected": false, "ell": {"2": {"diameter": 13, "conjugate_isogenous_pairs": 12, "eigenvalues": [2.814281817197886, -2.8193879671390367]}, "3": {"diameter": 9, "conjugate_isogenous_pairs": 14, "eigenvalues": [3.4439436130493086, -3.452525596289538]}, "5": {"diameter": 6, "conjugate_isogenous_pairs": 35, "eigenvalues": [4.422411211992026, -4.454267712360502]}, "7": {"diameter": 6, "conjugate_isogenous_pairs": 45, "eigenvalues": [5.240215064254704, -5.264441835284526]}, "11": {"diameter": 5, "conjugate_isogenous_pairs": 36, "eigenvalues": [6.623523323436158, -6.558312868620082]}}}