{"prime": 16901, "nodes": 1409, "minpoly": "x^2 + 16900*x + 2", "spine": 101, "undirected": false, "ell": {"2": {"diameter": 14, "conjugate_isogenous_pairs": 21, "eigenvalues": [2.8236321265552924, -2.821005484055075]}, "3": {"diameter": 10, "conjugate_isogenous_pairs": 40, "eigenvalues": [3.447655940853484, -3.427769663890662]}, "5": {"diameter": 7, "conjugate_isogenous_pairs": 29, "eigenvalues": [4.4532203334771365, -4.464158411465614]}, "7": {"diameter": 6, "conjugate_isogenous_pairs": 92, "eigenvalues": [5.273146070203449, -5.268761640163161]}, "11": {"diameter": 5, "conjugate_isogenous_pairs": 136, "eigenvalues": [6.614485614322395, -6.567153699502938]}}}