{"prime": 4003, "nodes": 334, "minpoly": "x^2 + 4002*x + 2", "spine": 26, "undirected": false, "ell": {"2": {"diameter": 12, "conjugate_isogenous_pairs": 21, "eigenvalues": [2.782390451103523, -2.816286864376198]}, "3": {"diameter": 8, "conjugate_isogenous_pairs": 18, "eigenvalues": [3.453688974619376, -3.4056409789713653]}, "5": {"diameter": 6, "conjugate_isogenous_pairs": 53, "eigenvalues": [4.405766780194438, -4.4321370716215425]}, "7": {"diameter": 5, "conjugate_isogenous_pairs": 21, "eigenvalues": [5.21336621539854, -5.195735164326144]}, "11": {"diameter": 4, "conjugate_isogenous_pairs": 42, "eigenvalues": [6.261748511864829, -6.484496043818651]}}}