{"prime": 16103, "nodes": 1343, "minpoly": "x^2 + 16102*x + 5", "spine": 141, "undirected": false, "ell": {"2": {"diameter": 15, "conjugate_isogenous_pairs": 27, "eigenvalues": [2.81627795654913, -2.8216260940855578]}, "3": {"diameter": 9, "conjugate_isogenous_pairs": 37, "eigenvalues": [3.45637271946605, -3.4466926087898653]}, "5": {"diameter": 8, "conjugate_isogenous_pairs": 34, "eigenvalues": [4.4396937252386355, -4.443492542533506]}, "7": {"diameter": 6, "conjugate_isogenous_pairs": 80, "eigenvalues": [5.246296558842486, -5.182409357897904]}, "11": {"diameter": 5, "conjugate_isogenous_pairs": 45, "eigenvalues": [6.5549430059396805, -6.5907028554732285]}}}