{"prime": 10733, "nodes": 895, "minpoly": "x^2 + 10729*x + 2", "spine": 35, "undirected": false, "ell": {"2": {"diameter": 14, "conjugate_isogenous_pairs": 20, "eigenvalues": [2.8242760847410104, -2.818538102306781]}, "3": {"diameter": 9, "conjugate_isogenous_pairs": 93, "eigenvalues": [3.441499676242568, -3.4421762714201547]}, "5": {"diameter": 7, "conjugate_isogenous_pairs": 34, "eigenvalues": [4.4475752151786905, -4.461589788397647]}, "7": {"diameter": 6, "conjugate_isogenous_pairs": 81, "eigenvalues": [5.20886051469407, -5.2663216389022445]}, "11": {"diameter": 5, "conjugate_isogenous_pairs": 61, "eigenvalues": [6.510601955873895, -6.593546287069326]}}}