{"prime": 587, "nodes": 50, "minpoly": "x^2 + 583*x + 2", "spine": 14, "undirected": false, "ell": {"2": {"diameter": 9, "conjugate_isogenous_pairs": 6, "eigenvalues": [2.768652771563678, -2.737658738962311]}, "3": {"diameter": 6, "conjugate_isogenous_pairs": 4, "eigenvalues": [3.17285411719297, -3.29059673285169]}, "5": {"diameter": 4, "conjugate_isogenous_pairs": 8, "eigenvalues": [4.05457469700905, -4.25927632221288]}, "7": {"diameter": 4, "conjugate_isogenous_pairs": 14, "eigenvalues": [4.81689967355357, -4.854398981648622]}, "11": {"diameter": 3, "conjugate_isogenous_pairs": 6, "eigenvalues": [6.008662236642519, -6.009287620725518]}}}