{"prime": 11087, "nodes": 925, "minpoly": "x^2 + 11086*x + 5", "spine": 97, "undirected": false, "ell": {"2": {"diameter": 14, "conjugate_isogenous_pairs": 16, "eigenvalues": [2.8168406613310277, -2.8197198966178787]}, "3": {"diameter": 9, "conjugate_isogenous_pairs": 29, "eigenvalues": [3.4441498962682147, -3.4618287977253055]}, "5": {"diameter": 7, "conjugate_isogenous_pairs": 46, "eigenvalues": [4.425176827244637, -4.397818101521881]}, "7": {"diameter": 6, "conjugate_isogenous_pairs": 84, "eigenvalues": [5.284476930670873, -5.219439667791132]}, "11": {"diameter": 5, "conjugate_isogenous_pairs": 40, "eigenvalues": [6.603197993194379, -6.574418022265593]}}}