{"prime": 1487, "nodes": 125, "minpoly": "x^2 + 1485*x + 5", "spine": 37, "undirected": false, "ell": {"2": {"diameter": 10, "conjugate_isogenous_pairs": 10, "eigenvalues": [2.7811916825736076, -2.7769427714937307]}, "3": {"diameter": 7, "conjugate_isogenous_pairs": 11, "eigenvalues": [3.365772122180039, -3.2944580009144326]}, "5": {"diameter": 5, "conjugate_isogenous_pairs": 7, "eigenvalues": [4.312295813884402, -4.321769816754325]}, "7": {"diameter": 5, "conjugate_isogenous_pairs": 19, "eigenvalues": [5.161228422394253, -5.219937805019832]}, "11": {"diameter": 4, "conjugate_isogenous_pairs": 9, "eigenvalues": [6.207445300891344, -6.594462532859126]}}}