{"prime": 20533, "nodes": 1711, "minpoly": "x^2 + 20529*x + 2", "spine": 29, "undirected": true, "ell": {"2": {"diameter": 14, "conjugate_isogenous_pairs": 51, "eigenvalues": [2.82492567831, -2.8220316094394335]}, "3": {"diameter": 10, "conjugate_isogenous_pairs": 111, "eigenvalues": [3.4473064173302777, -3.460001500699568]}, "5": {"diameter": 6, "conjugate_isogenous_pairs": 114, "eigenvalues": [4.458021877324997, -4.448115997138795]}, "7": {"diameter": 6, "conjugate_isogenous_pairs": 77, "eigenvalues": [5.2703851053073425, -5.284033692175819]}, "11": {"diameter": 5, "conjugate_isogenous_pairs": 155, "eigenvalues": [6.591933021069759, -6.593154867963991]}}}