{"prime": 23743, "nodes": 1979, "minpoly": "x^2 + 23738*x + 3", "spine": 65, "undirected": false, "ell": {"2": {"diameter": 15, "conjugate_isogenous_pairs": 81, "eigenvalues": [2.8231017421767723, -2.824796448983236]}, "3": {"diameter": 9, "conjugate_isogenous_pairs": 44, "eigenvalues": [3.459712961972401, -3.438887076115181]}, "5": {"diameter": 7, "conjugate_isogenous_pairs": 81, "eigenvalues": [4.4421179944900215, -4.444514606628206]}, "7": {"diameter": 6, "conjugate_isogenous_pairs": 65, "eigenvalues": [5.268156752395071, -5.244710047660292]}, "11": {"diameter": 5, "conjugate_isogenous_pairs": 157, "eigenvalues": [6.592141284584474, -6.541225227443284]}}}