{"prime": 4481, "nodes": 374, "minpoly": "x^2 + 4468*x + 3", "spine": 32, "undirected": false, "ell": {"2": {"diameter": 12, "conjugate_isogenous_pairs": 8, "eigenvalues": [2.8176335409365163, -2.8037253800482627]}, "3": {"diameter": 8, "conjugate_isogenous_pairs": 29, "eigenvalues": [3.4110214315116867, -3.4030896676107214]}, "5": {"diameter": 6, "conjugate_isogenous_pairs": 18, "eigenvalues": [4.447241049752449, -4.450619964461564]}, "7": {"diameter": 5, "conjugate_isogenous_pairs": 65, "eigenvalues": [5.2317220109476, -5.248585315918259]}, "11": {"diameter": 4, "conjugate_isogenous_pairs": 38, "eigenvalues": [6.535999211141123, -6.571283245995496]}}}