{"prime": 22541, "nodes": 1879, "minpoly": "x^2 + 22539*x + 3", "spine": 81, "undirected": false, "ell": {"2": {"diameter": 15, "conjugate_isogenous_pairs": 17, "eigenvalues": [2.8218519930227046, -2.8167424807532475]}, "3": {"diameter": 10, "conjugate_isogenous_pairs": 91, "eigenvalues": [3.4466393824227333, -3.460469583965748]}, "5": {"diameter": 7, "conjugate_isogenous_pairs": 43, "eigenvalues": [4.458638022927703, -4.445231630291611]}, "7": {"diameter": 6, "conjugate_isogenous_pairs": 76, "eigenvalues": [5.287536376315433, -5.2825398765992695]}, "11": {"diameter": 5, "conjugate_isogenous_pairs": 106, "eigenvalues": [6.599136688985623, -6.613919591871398]}}}