{"prime": 25919, "nodes": 2161, "minpoly": "x^2 + 25918*x + 11", "spine": 229, "undirected": false, "ell": {"2": {"diameter": 16, "conjugate_isogenous_pairs": 22, "eigenvalues": [2.8213082090630586, -2.8258967505257546]}, "3": {"diameter": 10, "conjugate_isogenous_pairs": 28, "eigenvalues": [3.4572407334137805, -3.45650057559093]}, "5": {"diameter": 7, "conjugate_isogenous_pairs": 44, "eigenvalues": [4.459378423533036, -4.447665983075224]}, "7": {"diameter": 6, "conjugate_isogenous_pairs": 85, "eigenvalues": [5.263716186857098, -5.284868554172967]}, "11": {"diameter": 5, "conjugate_isogenous_pairs": 71, "eigenvalues": [6.623898487626187, -6.628014755098059]}}}