{"prime": 5171, "nodes": 432, "minpoly": "x^2 + 5170*x + 2", "spine": 70, "undirected": false, "ell": {"2": {"diameter": 12, "conjugate_isogenous_pairs": 9, "eigenvalues": [2.8076872454811865, -2.81380010265043]}, "3": {"diameter": 9, "conjugate_isogenous_pairs": 16, "eigenvalues": [3.4239142206311795, -3.438756823369364]}, "5": {"diameter": 6, "conjugate_isogenous_pairs": 29, "eigenvalues": [4.456634396108238, -4.369767098883798]}, "7": {"diameter": 5, "conjugate_isogenous_pairs": 32, "eigenvalues": [5.1397952439500205, -5.252239282459872]}, "11": {"diameter": 4, "conjugate_isogenous_pairs": 28, "eigenvalues": [6.43960088491283, -6.567824063141479]}}}