{"prime": 29327, "nodes": 2445, "minpoly": "x^2 + 29326*x + 5", "spine": 115, "undirected": false, "ell": {"2": {"diameter": 15, "conjugate_isogenous_pairs": 35, "eigenvalues": [2.8258240390243596, -2.8172680564998145]}, "3": {"diameter": 10, "conjugate_isogenous_pairs": 61, "eigenvalues": [3.457175398457492, -3.4454443131929713]}, "5": {"diameter": 8, "conjugate_isogenous_pairs": 51, "eigenvalues": [4.448506220421538, -4.455870109114211]}, "7": {"diameter": 6, "conjugate_isogenous_pairs": 127, "eigenvalues": [5.253428747433278, -5.264233573144818]}, "11": {"diameter": 5, "conjugate_isogenous_pairs": 43, "eigenvalues": [6.620782201594153, -6.618798517966791]}}}