{"prime": 24371, "nodes": 2032, "minpoly": "x^2 + 24367*x + 2", "spine": 130, "undirected": false, "ell": {"2": {"diameter": 15, "conjugate_isogenous_pairs": 13, "eigenvalues": [2.8226264706577537, -2.8205943993493334]}, "3": {"diameter": 10, "conjugate_isogenous_pairs": 53, "eigenvalues": [3.455528696998064, -3.4614664815876472]}, "5": {"diameter": 7, "conjugate_isogenous_pairs": 84, "eigenvalues": [4.445012026119645, -4.467254750468415]}, "7": {"diameter": 6, "conjugate_isogenous_pairs": 59, "eigenvalues": [5.278927777750465, -5.264066385625614]}, "11": {"diameter": 5, "conjugate_isogenous_pairs": 85, "eigenvalues": [6.601635664215797, -6.58924290790983]}}}