{"prime": 2039, "nodes": 171, "minpoly": "x^2 + 2026*x + 7", "spine": 45, "undirected": false, "ell": {"2": {"diameter": 11, "conjugate_isogenous_pairs": 6, "eigenvalues": [2.7787683582088087, -2.8220808545474334]}, "3": {"diameter": 8, "conjugate_isogenous_pairs": 8, "eigenvalues": [3.407484017096683, -3.3219149452764527]}, "5": {"diameter": 6, "conjugate_isogenous_pairs": 12, "eigenvalues": [4.384869856881604, -4.465770449827574]}, "7": {"diameter": 5, "conjugate_isogenous_pairs": 23, "eigenvalues": [5.149016807508321, -5.02455744127267]}, "11": {"diameter": 4, "conjugate_isogenous_pairs": 17, "eigenvalues": [6.058435621391506, -6.472135954999559]}}}