{"prime": 3307, "nodes": 276, "minpoly": "x^2 + 3306*x + 2", "spine": 18, "undirected": false, "ell": {"2": {"diameter": 11, "conjugate_isogenous_pairs": 28, "eigenvalues": [2.8186886684304464, -2.7839647883424665]}, "3": {"diameter": 7, "conjugate_isogenous_pairs": 14, "eigenvalues": [3.4149987470955225, -3.422286227720208]}, "5": {"diameter": 6, "conjugate_isogenous_pairs": 56, "eigenvalues": [4.331054996477287, -4.37107930633412]}, "7": {"diameter": 5, "conjugate_isogenous_pairs": 18, "eigenvalues": [5.221967561505009, -5.112752779919634]}, "11": {"diameter": 4, "conjugate_isogenous_pairs": 39, "eigenvalues": [6.466606962113836, -6.253424827509122]}}}