{"prime": 21929, "nodes": 1828, "minpoly": "x^2 + 21924*x + 3", "spine": 128, "undirected": false, "ell": {"2": {"diameter": 15, "conjugate_isogenous_pairs": 22, "eigenvalues": [2.816181877420201, -2.8256454835423312]}, "3": {"diameter": 10, "conjugate_isogenous_pairs": 32, "eigenvalues": [3.4563968013014996, -3.447202820999065]}, "5": {"diameter": 7, "conjugate_isogenous_pairs": 36, "eigenvalues": [4.442994326039287, -4.45161552606636]}, "7": {"diameter": 6, "conjugate_isogenous_pairs": 159, "eigenvalues": [5.290976744211688, -5.2545548789472845]}, "11": {"diameter": 5, "conjugate_isogenous_pairs": 107, "eigenvalues": [6.61414297244659, -6.6064299973152725]}}}