{"prime": 24239, "nodes": 2021, "minpoly": "x^2 + 24237*x + 13", "spine": 227, "undirected": false, "ell": {"2": {"diameter": 15, "conjugate_isogenous_pairs": 22, "eigenvalues": [2.819023800997097, -2.8263309348261756]}, "3": {"diameter": 10, "conjugate_isogenous_pairs": 29, "eigenvalues": [3.4578727718880677, -3.4592827023668664]}, "5": {"diameter": 7, "conjugate_isogenous_pairs": 59, "eigenvalues": [4.4305078542309, -4.460664465390785]}, "7": {"diameter": 6, "conjugate_isogenous_pairs": 66, "eigenvalues": [5.218126365167167, -5.2752223680635435]}, "11": {"diameter": 5, "conjugate_isogenous_pairs": 91, "eigenvalues": [6.598152566890508, -6.6243954672314285]}}}