{"prime": 9343, "nodes": 779, "minpoly": "x^2 + 9342*x + 5", "spine": 51, "undirected": false, "ell": {"2": {"diameter": 14, "conjugate_isogenous_pairs": 45, "eigenvalues": [2.8031641823653106, -2.8141823174483265]}, "3": {"diameter": 9, "conjugate_isogenous_pairs": 24, "eigenvalues": [3.4365759862474703, -3.426691941628512]}, "5": {"diameter": 6, "conjugate_isogenous_pairs": 53, "eigenvalues": [4.427923680111827, -4.425661194058406]}, "7": {"diameter": 5, "conjugate_isogenous_pairs": 39, "eigenvalues": [5.276417376095903, -5.2546637855484475]}, "11": {"diameter": 4, "conjugate_isogenous_pairs": 59, "eigenvalues": [6.567804662809844, -6.533781330559661]}}}