{"prime": 1553, "nodes": 130, "minpoly": "x^2 + 1552*x + 3", "spine": 20, "undirected": false, "ell": {"2": {"diameter": 10, "conjugate_isogenous_pairs": 7, "eigenvalues": [2.788777414937447, -2.8193193068925444]}, "3": {"diameter": 7, "conjugate_isogenous_pairs": 11, "eigenvalues": [3.3791548904964284, -3.4213554788689216]}, "5": {"diameter": 5, "conjugate_isogenous_pairs": 11, "eigenvalues": [4.2980060001079625, -4.427438622156171]}, "7": {"diameter": 5, "conjugate_isogenous_pairs": 45, "eigenvalues": [5.075996809368989, -5.127896890210769]}, "11": {"diameter": 4, "conjugate_isogenous_pairs": 18, "eigenvalues": [6.471970002174634, -6.45103272420192]}}}