{"prime": 25633, "nodes": 2136, "minpoly": "x^2 + 25632*x + 5", "spine": 40, "undirected": true, "ell": {"2": {"diameter": 15, "conjugate_isogenous_pairs": 84, "eigenvalues": [2.818390145421563, -2.8253022865129624]}, "3": {"diameter": 9, "conjugate_isogenous_pairs": 55, "eigenvalues": [3.434610697048465, -3.4447476828403367]}, "5": {"diameter": 7, "conjugate_isogenous_pairs": 71, "eigenvalues": [4.469031092732163, -4.446630348353866]}, "7": {"diameter": 6, "conjugate_isogenous_pairs": 114, "eigenvalues": [5.278377878699794, -5.273165837079061]}, "11": {"diameter": 5, "conjugate_isogenous_pairs": 169, "eigenvalues": [6.624365369776045, -6.588782728129538]}}}