{"prime": 1031, "nodes": 87, "minpoly": "x^2 + 1029*x + 14", "spine": 35, "undirected": false, "ell": {"2": {"diameter": 9, "conjugate_isogenous_pairs": 2, "eigenvalues": [2.7783957738857894, -2.78830092326749]}, "3": {"diameter": 7, "conjugate_isogenous_pairs": 9, "eigenvalues": [3.4266790341751903, -3.344256599769227]}, "5": {"diameter": 5, "conjugate_isogenous_pairs": 8, "eigenvalues": [4.310169679437971, -4.366665787438404]}, "7": {"diameter": 5, "conjugate_isogenous_pairs": 9, "eigenvalues": [5.120644522387357, -5.144435931443545]}, "11": {"diameter": 4, "conjugate_isogenous_pairs": 9, "eigenvalues": [6.208025374012383, -6.593285666999658]}}}