{"prime": 3917, "nodes": 327, "minpoly": "x^2 + 3913*x + 2", "spine": 21, "undirected": false, "ell": {"2": {"diameter": 12, "conjugate_isogenous_pairs": 11, "eigenvalues": [2.82187682506432, -2.8259230146574317]}, "3": {"diameter": 8, "conjugate_isogenous_pairs": 48, "eigenvalues": [3.4391074305173883, -3.4578559383519134]}, "5": {"diameter": 6, "conjugate_isogenous_pairs": 19, "eigenvalues": [4.400720381263652, -4.378594666661228]}, "7": {"diameter": 5, "conjugate_isogenous_pairs": 59, "eigenvalues": [5.235127588846729, -5.187481752563944]}, "11": {"diameter": 4, "conjugate_isogenous_pairs": 29, "eigenvalues": [6.314707400518075, -6.591745548691116]}}}