{"prime": 18457, "nodes": 1538, "minpoly": "x^2 + 18456*x + 5", "spine": 40, "undirected": true, "ell": {"2": {"diameter": 15, "conjugate_isogenous_pairs": 57, "eigenvalues": [2.823696614527386, -2.8214868950859344]}, "3": {"diameter": 9, "conjugate_isogenous_pairs": 62, "eigenvalues": [3.4496423077625202, -3.4588991815498527]}, "5": {"diameter": 6, "conjugate_isogenous_pairs": 69, "eigenvalues": [4.432671852422477, -4.44230447901665]}, "7": {"diameter": 6, "conjugate_isogenous_pairs": 105, "eigenvalues": [5.227962993673788, -5.251720957940833]}, "11": {"diameter": 5, "conjugate_isogenous_pairs": 106, "eigenvalues": [6.632631919944457, -6.607445679849739]}}}