{"prime": 26407, "nodes": 2201, "minpoly": "x^2 + 26405*x + 5", "spine": 83, "undirected": false, "ell": {"2": {"diameter": 15, "conjugate_isogenous_pairs": 64, "eigenvalues": [2.8246530368611693, -2.821310380939694]}, "3": {"diameter": 10, "conjugate_isogenous_pairs": 67, "eigenvalues": [3.4533886851408018, -3.4585207342370436]}, "5": {"diameter": 7, "conjugate_isogenous_pairs": 88, "eigenvalues": [4.420183116950739, -4.458116745523967]}, "7": {"diameter": 6, "conjugate_isogenous_pairs": 66, "eigenvalues": [5.257301298188628, -5.240330180598496]}, "11": {"diameter": 5, "conjugate_isogenous_pairs": 122, "eigenvalues": [6.587091733660022, -6.5744198771596185]}}}