{"prime": 12569, "nodes": 1048, "minpoly": "x^2 + 12563*x + 3", "spine": 62, "undirected": false, "ell": {"2": {"diameter": 14, "conjugate_isogenous_pairs": 12, "eigenvalues": [2.820941597223199, -2.8206533111682437]}, "3": {"diameter": 9, "conjugate_isogenous_pairs": 48, "eigenvalues": [3.4608775638780194, -3.4607560508348065]}, "5": {"diameter": 7, "conjugate_isogenous_pairs": 43, "eigenvalues": [4.370093211119776, -4.468606656730797]}, "7": {"diameter": 6, "conjugate_isogenous_pairs": 115, "eigenvalues": [5.264179611377109, -5.2498268906359025]}, "11": {"diameter": 5, "conjugate_isogenous_pairs": 67, "eigenvalues": [6.449763006304287, -6.560072901099454]}}}