{"prime": 10667, "nodes": 890, "minpoly": "x^2 + 10666*x + 2", "spine": 78, "undirected": false, "ell": {"2": {"diameter": 14, "conjugate_isogenous_pairs": 22, "eigenvalues": [2.8175453871057154, -2.808602090221729]}, "3": {"diameter": 10, "conjugate_isogenous_pairs": 29, "eigenvalues": [3.4109415246903567, -3.435936916020952]}, "5": {"diameter": 6, "conjugate_isogenous_pairs": 54, "eigenvalues": [4.420388552726865, -4.439426585825237]}, "7": {"diameter": 6, "conjugate_isogenous_pairs": 88, "eigenvalues": [5.263903058884625, -5.2060615175598]}, "11": {"diameter": 5, "conjugate_isogenous_pairs": 39, "eigenvalues": [6.523480445759049, -6.523765737478446]}}}