{"prime": 127, "nodes": 11, "minpoly": "x^2 + 126*x + 3", "spine": 5, "undirected": false, "ell": {"2": {"diameter": 4, "conjugate_isogenous_pairs": 2, "eigenvalues": [2.4160510305866434, -2.532088886237954]}, "3": {"diameter": 3, "conjugate_isogenous_pairs": 2, "eigenvalues": [2.986347297169432, -2.6423147709475763]}, "5": {"diameter": 3, "conjugate_isogenous_pairs": 3, "eigenvalues": [3.732657789185514, -3.532088886237968]}, "7": {"diameter": 2, "conjugate_isogenous_pairs": 2, "eigenvalues": [3.354786733366837, -4.133697369989349]}, "11": {"diameter": 2, "conjugate_isogenous_pairs": 2, "eigenvalues": [5.323433496861164, -4.3657912381816715]}}}