{"prime": 25603, "nodes": 2134, "minpoly": "x^2 + 25599*x + 2", "spine": 42, "undirected": false, "ell": {"2": {"diameter": 14, "conjugate_isogenous_pairs": 42, "eigenvalues": [2.8271673808521065, -2.816547704644336]}, "3": {"diameter": 10, "conjugate_isogenous_pairs": 57, "eigenvalues": [3.4619665635285135, -3.4400672400302916]}, "5": {"diameter": 7, "conjugate_isogenous_pairs": 218, "eigenvalues": [4.436795139798065, -4.458033254818517]}, "7": {"diameter": 6, "conjugate_isogenous_pairs": 75, "eigenvalues": [5.270236149946228, -5.248704770161231]}, "11": {"diameter": 5, "conjugate_isogenous_pairs": 109, "eigenvalues": [6.600527212660827, -6.598619208631757]}}}