{"prime": 29569, "nodes": 2464, "minpoly": "x^2 + 29566*x + 17", "spine": 36, "undirected": true, "ell": {"2": {"diameter": 14, "conjugate_isogenous_pairs": 58, "eigenvalues": [2.8250605422127792, -2.825079290784815]}, "3": {"diameter": 9, "conjugate_isogenous_pairs": 60, "eigenvalues": [3.4600840812471256, -3.4582040055628323]}, "5": {"diameter": 7, "conjugate_isogenous_pairs": 118, "eigenvalues": [4.42899967395345, -4.460200173414846]}, "7": {"diameter": 6, "conjugate_isogenous_pairs": 82, "eigenvalues": [5.256339530359955, -5.2398524373874364]}, "11": {"diameter": 5, "conjugate_isogenous_pairs": 176, "eigenvalues": [6.612939946895581, -6.575582576645379]}}}