{"prime": 29303, "nodes": 2443, "minpoly": "x^2 + 29301*x + 7", "spine": 131, "undirected": false, "ell": {"2": {"diameter": 15, "conjugate_isogenous_pairs": 24, "eigenvalues": [2.8224841586826646, -2.8248001122000277]}, "3": {"diameter": 10, "conjugate_isogenous_pairs": 88, "eigenvalues": [3.4431506208448956, -3.452056272895706]}, "5": {"diameter": 7, "conjugate_isogenous_pairs": 63, "eigenvalues": [4.437104381680561, -4.467626818398511]}, "7": {"diameter": 7, "conjugate_isogenous_pairs": 135, "eigenvalues": [5.256254780138592, -5.242184175523611]}, "11": {"diameter": 5, "conjugate_isogenous_pairs": 51, "eigenvalues": [6.53949280256644, -6.581682508645505]}}}