{"prime": 1091, "nodes": 92, "minpoly": "x^2 + 1090*x + 2", "spine": 34, "undirected": false, "ell": {"2": {"diameter": 10, "conjugate_isogenous_pairs": 4, "eigenvalues": [2.7697876970212625, -2.789204671944346]}, "3": {"diameter": 7, "conjugate_isogenous_pairs": 7, "eigenvalues": [3.3050974647225932, -3.3297025694104585]}, "5": {"diameter": 5, "conjugate_isogenous_pairs": 12, "eigenvalues": [4.200349738742218, -4.307968421249483]}, "7": {"diameter": 4, "conjugate_isogenous_pairs": 9, "eigenvalues": [4.807296085609943, -5.268318487741815]}, "11": {"diameter": 4, "conjugate_isogenous_pairs": 10, "eigenvalues": [5.862080054164987, -6.476549345103616]}}}