{"prime": 16529, "nodes": 1378, "minpoly": "x^2 + 16528*x + 3", "spine": 70, "undirected": false, "ell": {"2": {"diameter": 14, "conjugate_isogenous_pairs": 15, "eigenvalues": [2.8167195088414716, -2.8171733711137663]}, "3": {"diameter": 10, "conjugate_isogenous_pairs": 44, "eigenvalues": [3.4248997247612194, -3.4622024565163785]}, "5": {"diameter": 7, "conjugate_isogenous_pairs": 49, "eigenvalues": [4.439207728881857, -4.452907274470701]}, "7": {"diameter": 6, "conjugate_isogenous_pairs": 157, "eigenvalues": [5.254939722374425, -5.239461329517994]}, "11": {"diameter": 5, "conjugate_isogenous_pairs": 88, "eigenvalues": [6.5046452484452155, -6.514033826112512]}}}