{"prime": 17921, "nodes": 1494, "minpoly": "x^2 + 17914*x + 3", "spine": 70, "undirected": false, "ell": {"2": {"diameter": 14, "conjugate_isogenous_pairs": 15, "eigenvalues": [2.8112924954313665, -2.826219344250944]}, "3": {"diameter": 10, "conjugate_isogenous_pairs": 44, "eigenvalues": [3.4396168228770456, -3.455099469837894]}, "5": {"diameter": 7, "conjugate_isogenous_pairs": 54, "eigenvalues": [4.441032736652099, -4.425518351664375]}, "7": {"diameter": 6, "conjugate_isogenous_pairs": 139, "eigenvalues": [5.265103747081847, -5.229775768032383]}, "11": {"diameter": 5, "conjugate_isogenous_pairs": 69, "eigenvalues": [6.597871108513847, -6.5565252780155046]}}}