{"prime": 23981, "nodes": 1999, "minpoly": "x^2 + 23979*x + 3", "spine": 109, "undirected": false, "ell": {"2": {"diameter": 15, "conjugate_isogenous_pairs": 26, "eigenvalues": [2.8207613970980385, -2.8259949044980885]}, "3": {"diameter": 10, "conjugate_isogenous_pairs": 62, "eigenvalues": [3.458524158943187, -3.457869830498571]}, "5": {"diameter": 7, "conjugate_isogenous_pairs": 29, "eigenvalues": [4.469947263363859, -4.438872288686855]}, "7": {"diameter": 6, "conjugate_isogenous_pairs": 104, "eigenvalues": [5.2716890391411715, -5.2655793023461674]}, "11": {"diameter": 5, "conjugate_isogenous_pairs": 174, "eigenvalues": [6.599901122001729, -6.542846479738069]}}}