{"prime": 5791, "nodes": 483, "minpoly": "x^2 + 5789*x + 6", "spine": 33, "undirected": false, "ell": {"2": {"diameter": 12, "conjugate_isogenous_pairs": 19, "eigenvalues": [2.8078337694031, -2.824309359798889]}, "3": {"diameter": 8, "conjugate_isogenous_pairs": 14, "eigenvalues": [3.454370003316379, -3.4598293662618613]}, "5": {"diameter": 6, "conjugate_isogenous_pairs": 67, "eigenvalues": [4.4058802734554545, -4.357029489419494]}, "7": {"diameter": 5, "conjugate_isogenous_pairs": 24, "eigenvalues": [5.254351527131698, -5.264589020649478]}, "11": {"diameter": 4, "conjugate_isogenous_pairs": 69, "eigenvalues": [6.614806911321411, -6.468533587804446]}}}