{"prime": 23143, "nodes": 1929, "minpoly": "x^2 + 23141*x + 5", "spine": 61, "undirected": false, "ell": {"2": {"diameter": 15, "conjugate_isogenous_pairs": 55, "eigenvalues": [2.823234606543701, -2.826029578224768]}, "3": {"diameter": 10, "conjugate_isogenous_pairs": 80, "eigenvalues": [3.4486239720876184, -3.4566342349277455]}, "5": {"diameter": 7, "conjugate_isogenous_pairs": 126, "eigenvalues": [4.4466301216125, -4.455883669435171]}, "7": {"diameter": 6, "conjugate_isogenous_pairs": 52, "eigenvalues": [5.277775829187166, -5.2562342151967005]}, "11": {"diameter": 5, "conjugate_isogenous_pairs": 62, "eigenvalues": [6.601184932186751, -6.526672831441461]}}}