{"prime": 9397, "nodes": 783, "minpoly": "x^2 + 9396*x + 2", "spine": 21, "undirected": true, "ell": {"2": {"diameter": 13, "conjugate_isogenous_pairs": 56, "eigenvalues": [2.8054482263220937, -2.815382229612871]}, "3": {"diameter": 9, "conjugate_isogenous_pairs": 45, "eigenvalues": [3.447997433678964, -3.4472013486257995]}, "5": {"diameter": 6, "conjugate_isogenous_pairs": 39, "eigenvalues": [4.448627776681502, -4.416635271798927]}, "7": {"diameter": 5, "conjugate_isogenous_pairs": 58, "eigenvalues": [5.267694045947447, -5.2144654381119375]}, "11": {"diameter": 4, "conjugate_isogenous_pairs": 136, "eigenvalues": [6.559624975094348, -6.540449420920429]}}}