{"prime": 23291, "nodes": 1942, "minpoly": "x^2 + 23290*x + 6", "spine": 94, "undirected": false, "ell": {"2": {"diameter": 15, "conjugate_isogenous_pairs": 23, "eigenvalues": [2.8192505363808444, -2.8148214414972044]}, "3": {"diameter": 10, "conjugate_isogenous_pairs": 36, "eigenvalues": [3.4442871862352447, -3.461967778446294]}, "5": {"diameter": 7, "conjugate_isogenous_pairs": 61, "eigenvalues": [4.460298459280354, -4.464249412661553]}, "7": {"diameter": 6, "conjugate_isogenous_pairs": 89, "eigenvalues": [5.279615260232558, -5.286498284604997]}, "11": {"diameter": 5, "conjugate_isogenous_pairs": 57, "eigenvalues": [6.588573663692227, -6.5642675120575245]}}}