{"prime": 23459, "nodes": 1956, "minpoly": "x^2 + 23450*x + 2", "spine": 118, "undirected": false, "ell": {"2": {"diameter": 15, "conjugate_isogenous_pairs": 22, "eigenvalues": [2.824180092458963, -2.8268397514941177]}, "3": {"diameter": 10, "conjugate_isogenous_pairs": 39, "eigenvalues": [3.457401497810329, -3.457724567464825]}, "5": {"diameter": 7, "conjugate_isogenous_pairs": 101, "eigenvalues": [4.451720232682534, -4.452312615957746]}, "7": {"diameter": 6, "conjugate_isogenous_pairs": 81, "eigenvalues": [5.218134781211589, -5.290629753998642]}, "11": {"diameter": 5, "conjugate_isogenous_pairs": 76, "eigenvalues": [6.5953231695716035, -6.593266218865148]}}}