{"prime": 18899, "nodes": 1576, "minpoly": "x^2 + 18895*x + 2", "spine": 126, "undirected": false, "ell": {"2": {"diameter": 15, "conjugate_isogenous_pairs": 19, "eigenvalues": [2.8276050304285385, -2.8146011585659303]}, "3": {"diameter": 10, "conjugate_isogenous_pairs": 26, "eigenvalues": [3.451203245156395, -3.4441799704457323]}, "5": {"diameter": 7, "conjugate_isogenous_pairs": 55, "eigenvalues": [4.412670946799403, -4.443181729506922]}, "7": {"diameter": 6, "conjugate_isogenous_pairs": 74, "eigenvalues": [5.230246063944935, -5.285865938160389]}, "11": {"diameter": 5, "conjugate_isogenous_pairs": 74, "eigenvalues": [6.55706832870942, -6.582869373026351]}}}