{"prime": 1787, "nodes": 150, "minpoly": "x^2 + 1783*x + 2", "spine": 14, "undirected": false, "ell": {"2": {"diameter": 10, "conjugate_isogenous_pairs": 9, "eigenvalues": [2.775487445575922, -2.816853414637397]}, "3": {"diameter": 7, "conjugate_isogenous_pairs": 13, "eigenvalues": [3.4535216660053774, -3.3516981740348375]}, "5": {"diameter": 5, "conjugate_isogenous_pairs": 19, "eigenvalues": [4.122257639304958, -4.349815342220196]}, "7": {"diameter": 4, "conjugate_isogenous_pairs": 30, "eigenvalues": [4.95821272997278, -5.187390247654656]}, "11": {"diameter": 4, "conjugate_isogenous_pairs": 12, "eigenvalues": [6.314223632123167, -6.4422548818617384]}}}