{"prime": 26927, "nodes": 2245, "minpoly": "x^2 + 26924*x + 5", "spine": 181, "undirected": false, "ell": {"2": {"diameter": 16, "conjugate_isogenous_pairs": 40, "eigenvalues": [2.8233189689833544, -2.8269702354981807]}, "3": {"diameter": 10, "conjugate_isogenous_pairs": 69, "eigenvalues": [3.458555728586965, -3.4553339587537932]}, "5": {"diameter": 7, "conjugate_isogenous_pairs": 39, "eigenvalues": [4.449692841060709, -4.453610206781198]}, "7": {"diameter": 6, "conjugate_isogenous_pairs": 97, "eigenvalues": [5.257390427806846, -5.244819036412269]}, "11": {"diameter": 5, "conjugate_isogenous_pairs": 47, "eigenvalues": [6.614329808442111, -6.621026004852143]}}}