{"prime": 14891, "nodes": 1242, "minpoly": "x^2 + 14887*x + 2", "spine": 102, "undirected": false, "ell": {"2": {"diameter": 15, "conjugate_isogenous_pairs": 19, "eigenvalues": [2.8139673539982484, -2.8248000090217924]}, "3": {"diameter": 10, "conjugate_isogenous_pairs": 33, "eigenvalues": [3.4521230611823897, -3.4439841696224898]}, "5": {"diameter": 7, "conjugate_isogenous_pairs": 87, "eigenvalues": [4.422061683569576, -4.4325289576786595]}, "7": {"diameter": 6, "conjugate_isogenous_pairs": 55, "eigenvalues": [5.246840490952307, -5.217972306189293]}, "11": {"diameter": 5, "conjugate_isogenous_pairs": 48, "eigenvalues": [6.566496598447414, -6.5264440543566185]}}}