{"prime": 20563, "nodes": 1714, "minpoly": "x^2 + 20548*x + 3", "spine": 26, "undirected": false, "ell": {"2": {"diameter": 14, "conjugate_isogenous_pairs": 46, "eigenvalues": [2.8240754657288245, -2.8247161935040914]}, "3": {"diameter": 9, "conjugate_isogenous_pairs": 70, "eigenvalues": [3.449848449097858, -3.4363554190459955]}, "5": {"diameter": 7, "conjugate_isogenous_pairs": 141, "eigenvalues": [4.462178093747212, -4.458345380438084]}, "7": {"diameter": 6, "conjugate_isogenous_pairs": 59, "eigenvalues": [5.207915331805686, -5.2680479537383835]}, "11": {"diameter": 5, "conjugate_isogenous_pairs": 85, "eigenvalues": [6.579657485779989, -6.576551963162321]}}}