{"prime": 7879, "nodes": 657, "minpoly": "x^2 + 7873*x + 3", "spine": 49, "undirected": false, "ell": {"2": {"diameter": 13, "conjugate_isogenous_pairs": 22, "eigenvalues": [2.822612290756448, -2.8269454725095855]}, "3": {"diameter": 8, "conjugate_isogenous_pairs": 20, "eigenvalues": [3.4596988016038117, -3.435754344675734]}, "5": {"diameter": 6, "conjugate_isogenous_pairs": 65, "eigenvalues": [4.401408843112803, -4.388059318776626]}, "7": {"diameter": 5, "conjugate_isogenous_pairs": 25, "eigenvalues": [5.200638191920685, -5.256640632468396]}, "11": {"diameter": 4, "conjugate_isogenous_pairs": 68, "eigenvalues": [6.534967070311627, -6.554823609752627]}}}