{"prime": 25237, "nodes": 2103, "minpoly": "x^2 + 25233*x + 2", "spine": 29, "undirected": true, "ell": {"2": {"diameter": 14, "conjugate_isogenous_pairs": 55, "eigenvalues": [2.8207859711431293, -2.8243052049373185]}, "3": {"diameter": 9, "conjugate_isogenous_pairs": 114, "eigenvalues": [3.456462718129971, -3.4573009627309577]}, "5": {"diameter": 7, "conjugate_isogenous_pairs": 71, "eigenvalues": [4.445857993349155, -4.454526750824432]}, "7": {"diameter": 6, "conjugate_isogenous_pairs": 94, "eigenvalues": [5.228474543124575, -5.256256985770198]}, "11": {"diameter": 5, "conjugate_isogenous_pairs": 152, "eigenvalues": [6.602410908046609, -6.583786301853412]}}}