{"prime": 23173, "nodes": 1931, "minpoly": "x^2 + 23172*x + 5", "spine": 33, "undirected": true, "ell": {"2": {"diameter": 14, "conjugate_isogenous_pairs": 72, "eigenvalues": [2.819606809608407, -2.822086915471993]}, "3": {"diameter": 10, "conjugate_isogenous_pairs": 76, "eigenvalues": [3.4567865465607275, -3.4516844319297166]}, "5": {"diameter": 7, "conjugate_isogenous_pairs": 72, "eigenvalues": [4.465930512039003, -4.46060216023061]}, "7": {"diameter": 6, "conjugate_isogenous_pairs": 61, "eigenvalues": [5.274318349191528, -5.2571009591884055]}, "11": {"diameter": 5, "conjugate_isogenous_pairs": 256, "eigenvalues": [6.580283256882357, -6.606182705978034]}}}