{"prime": 3541, "nodes": 295, "minpoly": "x^2 + 3535*x + 7", "spine": 19, "undirected": true, "ell": {"2": {"diameter": 11, "conjugate_isogenous_pairs": 18, "eigenvalues": [2.804793062840755, -2.8204182044383312]}, "3": {"diameter": 7, "conjugate_isogenous_pairs": 29, "eigenvalues": [3.3808596569519853, -3.4387827352596414]}, "5": {"diameter": 5, "conjugate_isogenous_pairs": 24, "eigenvalues": [4.408113663257777, -4.460815576114572]}, "7": {"diameter": 5, "conjugate_isogenous_pairs": 16, "eigenvalues": [5.232483635318095, -5.1855745976812795]}, "11": {"diameter": 4, "conjugate_isogenous_pairs": 102, "eigenvalues": [6.501989528526438, -6.5202841662560145]}}}