{"prime": 12541, "nodes": 1045, "minpoly": "x^2 + 12538*x + 14", "spine": 31, "undirected": true, "ell": {"2": {"diameter": 13, "conjugate_isogenous_pairs": 26, "eigenvalues": [2.825985617153008, -2.8135286452723594]}, "3": {"diameter": 9, "conjugate_isogenous_pairs": 56, "eigenvalues": [3.446453017835241, -3.447513701632199]}, "5": {"diameter": 6, "conjugate_isogenous_pairs": 68, "eigenvalues": [4.442401373911425, -4.454418484810905]}, "7": {"diameter": 5, "conjugate_isogenous_pairs": 39, "eigenvalues": [5.278602611054019, -5.2467275940343905]}, "11": {"diameter": 4, "conjugate_isogenous_pairs": 147, "eigenvalues": [6.615445077939572, -6.60331844015688]}}}