{"prime": 6581, "nodes": 549, "minpoly": "x^2 + 6577*x + 14", "spine": 39, "undirected": false, "ell": {"2": {"diameter": 13, "conjugate_isogenous_pairs": 9, "eigenvalues": [2.814714538275947, -2.825025171417588]}, "3": {"diameter": 8, "conjugate_isogenous_pairs": 38, "eigenvalues": [3.424200527110975, -3.4402972421885227]}, "5": {"diameter": 6, "conjugate_isogenous_pairs": 22, "eigenvalues": [4.438819571355685, -4.408718717513944]}, "7": {"diameter": 5, "conjugate_isogenous_pairs": 42, "eigenvalues": [5.1469661437115, -5.275228961437973]}, "11": {"diameter": 4, "conjugate_isogenous_pairs": 65, "eigenvalues": [6.350374691683466, -6.615294359176909]}}}