{"prime": 8713, "nodes": 726, "minpoly": "x^2 + 8708*x + 5", "spine": 22, "undirected": true, "ell": {"2": {"diameter": 13, "conjugate_isogenous_pairs": 50, "eigenvalues": [2.819417891350682, -2.8279041774477722]}, "3": {"diameter": 8, "conjugate_isogenous_pairs": 35, "eigenvalues": [3.450178465039816, -3.4471849027293504]}, "5": {"diameter": 6, "conjugate_isogenous_pairs": 37, "eigenvalues": [4.390098069702631, -4.4535234546127205]}, "7": {"diameter": 5, "conjugate_isogenous_pairs": 54, "eigenvalues": [5.209066241466356, -5.235873485102057]}, "11": {"diameter": 4, "conjugate_isogenous_pairs": 66, "eigenvalues": [6.627740394575268, -6.523287518390731]}}}