{"prime": 7559, "nodes": 631, "minpoly": "x^2 + 7557*x + 13", "spine": 115, "undirected": false, "ell": {"2": {"diameter": 13, "conjugate_isogenous_pairs": 13, "eigenvalues": [2.819649540764462, -2.798837061036959]}, "3": {"diameter": 9, "conjugate_isogenous_pairs": 21, "eigenvalues": [3.4612823011034073, -3.4516743626788955]}, "5": {"diameter": 6, "conjugate_isogenous_pairs": 28, "eigenvalues": [4.40582590390736, -4.417802710656625]}, "7": {"diameter": 6, "conjugate_isogenous_pairs": 40, "eigenvalues": [5.246909250449668, -5.212083953783922]}, "11": {"diameter": 4, "conjugate_isogenous_pairs": 44, "eigenvalues": [6.534511969691719, -6.568792419604771]}}}