{"prime": 25969, "nodes": 2164, "minpoly": "x^2 + 25966*x + 7", "spine": 40, "undirected": true, "ell": {"2": {"diameter": 14, "conjugate_isogenous_pairs": 61, "eigenvalues": [2.827103555900317, -2.819612744208369]}, "3": {"diameter": 9, "conjugate_isogenous_pairs": 36, "eigenvalues": [3.458579250582656, -3.444952589114395]}, "5": {"diameter": 7, "conjugate_isogenous_pairs": 88, "eigenvalues": [4.468502004204075, -4.452136567257767]}, "7": {"diameter": 6, "conjugate_isogenous_pairs": 117, "eigenvalues": [5.258852963638375, -5.275353920136788]}, "11": {"diameter": 5, "conjugate_isogenous_pairs": 290, "eigenvalues": [6.614703971152301, -6.5783604699869365]}}}