{"prime": 26557, "nodes": 2213, "minpoly": "x^2 + 26556*x + 2", "spine": 35, "undirected": true, "ell": {"2": {"diameter": 15, "conjugate_isogenous_pairs": 78, "eigenvalues": [2.8254954239201977, -2.820707121495457]}, "3": {"diameter": 10, "conjugate_isogenous_pairs": 77, "eigenvalues": [3.4585394465010086, -3.4611733364837156]}, "5": {"diameter": 7, "conjugate_isogenous_pairs": 79, "eigenvalues": [4.461283170556374, -4.469593380157106]}, "7": {"diameter": 6, "conjugate_isogenous_pairs": 121, "eigenvalues": [5.277271478714499, -5.256117849220033]}, "11": {"diameter": 5, "conjugate_isogenous_pairs": 284, "eigenvalues": [6.619039556565131, -6.618629274912531]}}}