{"prime": 13163, "nodes": 1098, "minpoly": "x^2 + 13162*x + 2", "spine": 78, "undirected": false, "ell": {"2": {"diameter": 14, "conjugate_isogenous_pairs": 22, "eigenvalues": [2.8214296203569442, -2.811721596828923]}, "3": {"diameter": 10, "conjugate_isogenous_pairs": 39, "eigenvalues": [3.407957714964669, -3.4515489839672933]}, "5": {"diameter": 7, "conjugate_isogenous_pairs": 64, "eigenvalues": [4.457682223172236, -4.446978171319064]}, "7": {"diameter": 6, "conjugate_isogenous_pairs": 71, "eigenvalues": [5.261013717354913, -5.258392991931505]}, "11": {"diameter": 5, "conjugate_isogenous_pairs": 42, "eigenvalues": [6.613449911369255, -6.505440661973477]}}}