{"prime": 317, "nodes": 27, "minpoly": "x^2 + 313*x + 2", "spine": 5, "undirected": false, "ell": {"2": {"diameter": 6, "conjugate_isogenous_pairs": 3, "eigenvalues": [2.557027742261595, -2.6614797399613965]}, "3": {"diameter": 5, "conjugate_isogenous_pairs": 8, "eigenvalues": [3.278385359813918, -3.4428012883013497]}, "5": {"diameter": 4, "conjugate_isogenous_pairs": 4, "eigenvalues": [4.200799371297653, -3.834211216839729]}, "7": {"diameter": 3, "conjugate_isogenous_pairs": 10, "eigenvalues": [4.309348774869731, -5.218146021480478]}, "11": {"diameter": 3, "conjugate_isogenous_pairs": 9, "eigenvalues": [5.808473111837464, -5.328222007857465]}}}