{"prime": 19471, "nodes": 1623, "minpoly": "x^2 + 19469*x + 11", "spine": 73, "undirected": false, "ell": {"2": {"diameter": 14, "conjugate_isogenous_pairs": 35, "eigenvalues": [2.819887388818441, -2.8187918177826243]}, "3": {"diameter": 9, "conjugate_isogenous_pairs": 34, "eigenvalues": [3.4631680555729796, -3.4511280126501402]}, "5": {"diameter": 7, "conjugate_isogenous_pairs": 116, "eigenvalues": [4.460536990092189, -4.4477463183401476]}, "7": {"diameter": 6, "conjugate_isogenous_pairs": 38, "eigenvalues": [5.276455098470197, -5.2016331509171785]}, "11": {"diameter": 5, "conjugate_isogenous_pairs": 117, "eigenvalues": [6.595963627163712, -6.5377610140584075]}}}