{"prime": 20939, "nodes": 1746, "minpoly": "x^2 + 20928*x + 2", "spine": 102, "undirected": false, "ell": {"2": {"diameter": 15, "conjugate_isogenous_pairs": 13, "eigenvalues": [2.81348101919463, -2.8264863756984546]}, "3": {"diameter": 10, "conjugate_isogenous_pairs": 53, "eigenvalues": [3.44836992497827, -3.450756426650983]}, "5": {"diameter": 7, "conjugate_isogenous_pairs": 91, "eigenvalues": [4.440409870753588, -4.453892749114825]}, "7": {"diameter": 6, "conjugate_isogenous_pairs": 63, "eigenvalues": [5.288209067134449, -5.255046625138338]}, "11": {"diameter": 5, "conjugate_isogenous_pairs": 64, "eigenvalues": [6.613028406533265, -6.522006761461912]}}}