{"prime": 67, "nodes": 6, "minpoly": "x^2 + 63*x + 2", "spine": 2, "undirected": false, "ell": {"2": {"diameter": 3, "conjugate_isogenous_pairs": 2, "eigenvalues": [2.0000000000000027, -2.6180339887498976]}, "3": {"diameter": 2, "conjugate_isogenous_pairs": 2, "eigenvalues": [1.6180339887498945, -2.6180339887498967]}, "5": {"diameter": 3, "conjugate_isogenous_pairs": 2, "eigenvalues": [4.236067977499789, -3.0]}, "7": {"diameter": 2, "conjugate_isogenous_pairs": 2, "eigenvalues": [2.854101966249684, -3.8541019662496843]}, "11": {"diameter": 2, "conjugate_isogenous_pairs": 2, "eigenvalues": [2.236067977499788, -4.000000000000001]}}}