{"prime": 6563, "nodes": 548, "minpoly": "x^2 + 6561*x + 5", "spine": 46, "undirected": false, "ell": {"2": {"diameter": 13, "conjugate_isogenous_pairs": 14, "eigenvalues": [2.8082054456436043, -2.821516676699096]}, "3": {"diameter": 8, "conjugate_isogenous_pairs": 24, "eigenvalues": [3.3955667772151408, -3.454234171983515]}, "5": {"diameter": 6, "conjugate_isogenous_pairs": 59, "eigenvalues": [4.432972634126186, -4.423314019068976]}, "7": {"diameter": 5, "conjugate_isogenous_pairs": 64, "eigenvalues": [5.21051890580887, -5.206466897003995]}, "11": {"diameter": 4, "conjugate_isogenous_pairs": 22, "eigenvalues": [6.578373623416964, -6.526268578204921]}}}