{"prime": 13009, "nodes": 1084, "minpoly": "x^2 + 13006*x + 7", "spine": 50, "undirected": true, "ell": {"2": {"diameter": 13, "conjugate_isogenous_pairs": 32, "eigenvalues": [2.821398639874126, -2.8218059533499784]}, "3": {"diameter": 9, "conjugate_isogenous_pairs": 31, "eigenvalues": [3.437803909057492, -3.4532770643180632]}, "5": {"diameter": 6, "conjugate_isogenous_pairs": 49, "eigenvalues": [4.450297431134498, -4.429130087084896]}, "7": {"diameter": 5, "conjugate_isogenous_pairs": 41, "eigenvalues": [5.216334899496444, -5.250949215555944]}, "11": {"diameter": 5, "conjugate_isogenous_pairs": 149, "eigenvalues": [6.5581923678073615, -6.55491446192378]}}}