{"prime": 12409, "nodes": 1034, "minpoly": "x^2 + 12406*x + 7", "spine": 30, "undirected": true, "ell": {"2": {"diameter": 13, "conjugate_isogenous_pairs": 43, "eigenvalues": [2.820628664843858, -2.8140991087383123]}, "3": {"diameter": 9, "conjugate_isogenous_pairs": 24, "eigenvalues": [3.4611460638059497, -3.4434888423890224]}, "5": {"diameter": 6, "conjugate_isogenous_pairs": 53, "eigenvalues": [4.415010016170676, -4.418431512889553]}, "7": {"diameter": 5, "conjugate_isogenous_pairs": 64, "eigenvalues": [5.279441619325804, -5.187073362418111]}, "11": {"diameter": 5, "conjugate_isogenous_pairs": 184, "eigenvalues": [6.544259625060123, -6.587284441253133]}}}