{"prime": 14243, "nodes": 1188, "minpoly": "x^2 + 14239*x + 2", "spine": 54, "undirected": false, "ell": {"2": {"diameter": 15, "conjugate_isogenous_pairs": 27, "eigenvalues": [2.818958754568965, -2.820173987195983]}, "3": {"diameter": 10, "conjugate_isogenous_pairs": 32, "eigenvalues": [3.445152409507115, -3.447468839653084]}, "5": {"diameter": 7, "conjugate_isogenous_pairs": 69, "eigenvalues": [4.4271345562568, -4.459866387041282]}, "7": {"diameter": 6, "conjugate_isogenous_pairs": 119, "eigenvalues": [5.2727151558119845, -5.223659331691539]}, "11": {"diameter": 5, "conjugate_isogenous_pairs": 49, "eigenvalues": [6.626123005552419, -6.568068670391738]}}}