{"prime": 4663, "nodes": 389, "minpoly": "x^2 + 4662*x + 3", "spine": 33, "undirected": false, "ell": {"2": {"diameter": 11, "conjugate_isogenous_pairs": 15, "eigenvalues": [2.807157661585557, -2.810437301402605]}, "3": {"diameter": 8, "conjugate_isogenous_pairs": 32, "eigenvalues": [3.4366584847745476, -3.422753140668153]}, "5": {"diameter": 6, "conjugate_isogenous_pairs": 53, "eigenvalues": [4.4526708640340855, -4.336833502087553]}, "7": {"diameter": 5, "conjugate_isogenous_pairs": 29, "eigenvalues": [5.25488854429839, -5.200010739960131]}, "11": {"diameter": 4, "conjugate_isogenous_pairs": 32, "eigenvalues": [6.492472764983508, -6.562268066416842]}}}