{"prime": 6299, "nodes": 526, "minpoly": "x^2 + 6288*x + 2", "spine": 86, "undirected": false, "ell": {"2": {"diameter": 14, "conjugate_isogenous_pairs": 12, "eigenvalues": [2.8168632112774428, -2.812450822092579]}, "3": {"diameter": 9, "conjugate_isogenous_pairs": 15, "eigenvalues": [3.4387639868636057, -3.427194075516365]}, "5": {"diameter": 6, "conjugate_isogenous_pairs": 42, "eigenvalues": [4.440248604881301, -4.361124952424031]}, "7": {"diameter": 6, "conjugate_isogenous_pairs": 33, "eigenvalues": [5.1885226945888006, -5.286198390193749]}, "11": {"diameter": 4, "conjugate_isogenous_pairs": 41, "eigenvalues": [6.531539689728917, -6.474729578298801]}}}