{"prime": 18541, "nodes": 1545, "minpoly": "x^2 + 18537*x + 6", "spine": 53, "undirected": true, "ell": {"2": {"diameter": 14, "conjugate_isogenous_pairs": 36, "eigenvalues": [2.821890020023573, -2.820157691094782]}, "3": {"diameter": 10, "conjugate_isogenous_pairs": 69, "eigenvalues": [3.459377229666813, -3.4387990693753]}, "5": {"diameter": 7, "conjugate_isogenous_pairs": 60, "eigenvalues": [4.464033580516902, -4.442595533600209]}, "7": {"diameter": 6, "conjugate_isogenous_pairs": 41, "eigenvalues": [5.273056329616195, -5.269748114185239]}, "11": {"diameter": 5, "conjugate_isogenous_pairs": 271, "eigenvalues": [6.573182229065195, -6.622269095361727]}}}