{"prime": 23029, "nodes": 1919, "minpoly": "x^2 + 23025*x + 2", "spine": 37, "undirected": true, "ell": {"2": {"diameter": 15, "conjugate_isogenous_pairs": 51, "eigenvalues": [2.8109686326578527, -2.8276359319778206]}, "3": {"diameter": 10, "conjugate_isogenous_pairs": 65, "eigenvalues": [3.4601326312245324, -3.4573049970334866]}, "5": {"diameter": 7, "conjugate_isogenous_pairs": 92, "eigenvalues": [4.437282465382748, -4.457097288344145]}, "7": {"diameter": 6, "conjugate_isogenous_pairs": 52, "eigenvalues": [5.239376519627896, -5.277833531656838]}, "11": {"diameter": 5, "conjugate_isogenous_pairs": 339, "eigenvalues": [6.596727000678655, -6.6241081406750615]}}}