{"prime": 27107, "nodes": 2260, "minpoly": "x^2 + 27106*x + 2", "spine": 86, "undirected": false, "ell": {"2": {"diameter": 15, "conjugate_isogenous_pairs": 53, "eigenvalues": [2.8210886150315586, -2.8263532999449903]}, "3": {"diameter": 10, "conjugate_isogenous_pairs": 40, "eigenvalues": [3.4538129142908285, -3.4579208117845366]}, "5": {"diameter": 7, "conjugate_isogenous_pairs": 71, "eigenvalues": [4.450562627969445, -4.437470388499262]}, "7": {"diameter": 6, "conjugate_isogenous_pairs": 162, "eigenvalues": [5.286123297168702, -5.285501876423375]}, "11": {"diameter": 5, "conjugate_isogenous_pairs": 72, "eigenvalues": [6.609846125288833, -6.591971763739973]}}}