{"prime": 13049, "nodes": 1088, "minpoly": "x^2 + 13043*x + 3", "spine": 70, "undirected": false, "ell": {"2": {"diameter": 14, "conjugate_isogenous_pairs": 12, "eigenvalues": [2.8172172741867145, -2.8071993664141504]}, "3": {"diameter": 9, "conjugate_isogenous_pairs": 37, "eigenvalues": [3.445126291389754, -3.451117158130947]}, "5": {"diameter": 7, "conjugate_isogenous_pairs": 35, "eigenvalues": [4.4557359930754235, -4.45471939909089]}, "7": {"diameter": 6, "conjugate_isogenous_pairs": 143, "eigenvalues": [5.274960561666952, -5.273755757143872]}, "11": {"diameter": 5, "conjugate_isogenous_pairs": 59, "eigenvalues": [6.496908002220655, -6.528213267811247]}}}