{"prime": 16493, "nodes": 1375, "minpoly": "x^2 + 16489*x + 2", "spine": 35, "undirected": false, "ell": {"2": {"diameter": 15, "conjugate_isogenous_pairs": 20, "eigenvalues": [2.8210907901748805, -2.8254869799500644]}, "3": {"diameter": 10, "conjugate_isogenous_pairs": 116, "eigenvalues": [3.451996043780803, -3.440166044369392]}, "5": {"diameter": 7, "conjugate_isogenous_pairs": 32, "eigenvalues": [4.441199893108863, -4.453015680958663]}, "7": {"diameter": 6, "conjugate_isogenous_pairs": 140, "eigenvalues": [5.236951119196348, -5.244489616882043]}, "11": {"diameter": 5, "conjugate_isogenous_pairs": 76, "eigenvalues": [6.5589950725101325, -6.516721960364248]}}}