{"prime": 8629, "nodes": 719, "minpoly": "x^2 + 8621*x + 6", "spine": 31, "undirected": true, "ell": {"2": {"diameter": 13, "conjugate_isogenous_pairs": 24, "eigenvalues": [2.8048560651201697, -2.803606732317156]}, "3": {"diameter": 8, "conjugate_isogenous_pairs": 26, "eigenvalues": [3.4280020706616225, -3.442519347288432]}, "5": {"diameter": 6, "conjugate_isogenous_pairs": 37, "eigenvalues": [4.371684489507111, -4.4678731602196065]}, "7": {"diameter": 5, "conjugate_isogenous_pairs": 39, "eigenvalues": [5.176117209016819, -5.223576092943508]}, "11": {"diameter": 4, "conjugate_isogenous_pairs": 183, "eigenvalues": [6.592064551583925, -6.407394905744049]}}}