{"prime": 7151, "nodes": 597, "minpoly": "x^2 + 7150*x + 7", "spine": 85, "undirected": false, "ell": {"2": {"diameter": 12, "conjugate_isogenous_pairs": 11, "eigenvalues": [2.7984146402427976, -2.817951617297532]}, "3": {"diameter": 9, "conjugate_isogenous_pairs": 26, "eigenvalues": [3.460689266711577, -3.429160387934733]}, "5": {"diameter": 6, "conjugate_isogenous_pairs": 25, "eigenvalues": [4.326589401728421, -4.382419177457048]}, "7": {"diameter": 6, "conjugate_isogenous_pairs": 40, "eigenvalues": [5.267770935312599, -5.159861550748506]}, "11": {"diameter": 5, "conjugate_isogenous_pairs": 30, "eigenvalues": [6.585380504816802, -6.5002694094793005]}}}