{"prime": 19181, "nodes": 1599, "minpoly": "x^2 + 19177*x + 2", "spine": 81, "undirected": false, "ell": {"2": {"diameter": 14, "conjugate_isogenous_pairs": 15, "eigenvalues": [2.8226122668787967, -2.819183989847973]}, "3": {"diameter": 10, "conjugate_isogenous_pairs": 85, "eigenvalues": [3.4341433183135837, -3.4518584649262154]}, "5": {"diameter": 7, "conjugate_isogenous_pairs": 53, "eigenvalues": [4.464245599046315, -4.415770190780625]}, "7": {"diameter": 6, "conjugate_isogenous_pairs": 89, "eigenvalues": [5.246221364707835, -5.273057002583496]}, "11": {"diameter": 5, "conjugate_isogenous_pairs": 124, "eigenvalues": [6.586036029021547, -6.589692304326799]}}}