{"prime": 8609, "nodes": 718, "minpoly": "x^2 + 8608*x + 3", "spine": 80, "undirected": false, "ell": {"2": {"diameter": 13, "conjugate_isogenous_pairs": 11, "eigenvalues": [2.826604908082311, -2.8216696595006545]}, "3": {"diameter": 9, "conjugate_isogenous_pairs": 28, "eigenvalues": [3.4451083170172687, -3.4477282459485874]}, "5": {"diameter": 6, "conjugate_isogenous_pairs": 26, "eigenvalues": [4.4405436772258575, -4.400986592847625]}, "7": {"diameter": 6, "conjugate_isogenous_pairs": 88, "eigenvalues": [5.27851375562748, -5.229993067412753]}, "11": {"diameter": 5, "conjugate_isogenous_pairs": 59, "eigenvalues": [6.529074784848488, -6.601545582613282]}}}