{"prime": 911, "nodes": 77, "minpoly": "x^2 + 909*x + 17", "spine": 31, "undirected": false, "ell": {"2": {"diameter": 9, "conjugate_isogenous_pairs": 3, "eigenvalues": [2.7698744212051865, -2.7663733230537138]}, "3": {"diameter": 7, "conjugate_isogenous_pairs": 6, "eigenvalues": [3.3961152038419753, -3.3941901802152423]}, "5": {"diameter": 5, "conjugate_isogenous_pairs": 8, "eigenvalues": [4.28696227496509, -4.4070595127100525]}, "7": {"diameter": 4, "conjugate_isogenous_pairs": 8, "eigenvalues": [5.060678150192366, -4.92996200519799]}, "11": {"diameter": 3, "conjugate_isogenous_pairs": 7, "eigenvalues": [6.412600337278339, -6.524676880929104]}}}