{"prime": 7699, "nodes": 642, "minpoly": "x^2 + 7698*x + 3", "spine": 54, "undirected": false, "ell": {"2": {"diameter": 13, "conjugate_isogenous_pairs": 31, "eigenvalues": [2.8255996507280576, -2.82529392135466]}, "3": {"diameter": 9, "conjugate_isogenous_pairs": 20, "eigenvalues": [3.460080140365677, -3.4242267651966056]}, "5": {"diameter": 7, "conjugate_isogenous_pairs": 62, "eigenvalues": [4.432652214121163, -4.3690292331440785]}, "7": {"diameter": 5, "conjugate_isogenous_pairs": 16, "eigenvalues": [5.222635575590856, -5.205018165355521]}, "11": {"diameter": 4, "conjugate_isogenous_pairs": 61, "eigenvalues": [6.600483249561839, -6.558254864877005]}}}