{"prime": 2731, "nodes": 228, "minpoly": "x^2 + 2722*x + 3", "spine": 22, "undirected": false, "ell": {"2": {"diameter": 11, "conjugate_isogenous_pairs": 11, "eigenvalues": [2.798063921696978, -2.794965373211145]}, "3": {"diameter": 7, "conjugate_isogenous_pairs": 13, "eigenvalues": [3.4321245807333605, -3.431201211982096]}, "5": {"diameter": 5, "conjugate_isogenous_pairs": 50, "eigenvalues": [4.3994434267526525, -4.259338052550567]}, "7": {"diameter": 4, "conjugate_isogenous_pairs": 14, "eigenvalues": [5.150206292346479, -5.263977140422022]}, "11": {"diameter": 4, "conjugate_isogenous_pairs": 33, "eigenvalues": [6.309065590474869, -6.288991656939616]}}}