{"prime": 17401, "nodes": 1450, "minpoly": "x^2 + 17400*x + 11", "spine": 44, "undirected": true, "ell": {"2": {"diameter": 14, "conjugate_isogenous_pairs": 30, "eigenvalues": [2.8189820206404472, -2.827179393382962]}, "3": {"diameter": 9, "conjugate_isogenous_pairs": 43, "eigenvalues": [3.456094432392343, -3.445064231552118]}, "5": {"diameter": 7, "conjugate_isogenous_pairs": 63, "eigenvalues": [4.4152759667726444, -4.439394558133279]}, "7": {"diameter": 5, "conjugate_isogenous_pairs": 81, "eigenvalues": [5.2738786930415085, -5.281680051010815]}, "11": {"diameter": 5, "conjugate_isogenous_pairs": 209, "eigenvalues": [6.566822950645773, -6.604483324052567]}}}