{"prime": 14221, "nodes": 1185, "minpoly": "x^2 + 14217*x + 2", "spine": 27, "undirected": true, "ell": {"2": {"diameter": 13, "conjugate_isogenous_pairs": 36, "eigenvalues": [2.82506052484447, -2.822340515255366]}, "3": {"diameter": 9, "conjugate_isogenous_pairs": 66, "eigenvalues": [3.458460624542009, -3.451837435903214]}, "5": {"diameter": 6, "conjugate_isogenous_pairs": 59, "eigenvalues": [4.469284841628316, -4.418352221790382]}, "7": {"diameter": 5, "conjugate_isogenous_pairs": 40, "eigenvalues": [5.244429388527619, -5.287395709872581]}, "11": {"diameter": 5, "conjugate_isogenous_pairs": 143, "eigenvalues": [6.529358498531249, -6.5586746532865074]}}}