{"prime": 21169, "nodes": 1764, "minpoly": "x^2 + 21156*x + 13", "spine": 30, "undirected": true, "ell": {"2": {"diameter": 14, "conjugate_isogenous_pairs": 47, "eigenvalues": [2.824630938171937, -2.823161657043189]}, "3": {"diameter": 9, "conjugate_isogenous_pairs": 40, "eigenvalues": [3.4398358385388037, -3.4531841357706314]}, "5": {"diameter": 7, "conjugate_isogenous_pairs": 100, "eigenvalues": [4.453969474492016, -4.469688492971687]}, "7": {"diameter": 6, "conjugate_isogenous_pairs": 108, "eigenvalues": [5.245182276469808, -5.27867172513946]}, "11": {"diameter": 5, "conjugate_isogenous_pairs": 142, "eigenvalues": [6.5862110566345855, -6.560591899204106]}}}