{"prime": 15761, "nodes": 1314, "minpoly": "x^2 + 15756*x + 3", "spine": 56, "undirected": false, "ell": {"2": {"diameter": 14, "conjugate_isogenous_pairs": 18, "eigenvalues": [2.817815121978066, -2.8272378198310757]}, "3": {"diameter": 9, "conjugate_isogenous_pairs": 37, "eigenvalues": [3.4636527702094138, -3.4467466325040244]}, "5": {"diameter": 7, "conjugate_isogenous_pairs": 42, "eigenvalues": [4.423189556897771, -4.442983652994093]}, "7": {"diameter": 6, "conjugate_isogenous_pairs": 157, "eigenvalues": [5.168716055965935, -5.220655191466887]}, "11": {"diameter": 5, "conjugate_isogenous_pairs": 81, "eigenvalues": [6.476943048131034, -6.623556628414543]}}}