{"prime": 22709, "nodes": 1893, "minpoly": "x^2 + 22704*x + 2", "spine": 57, "undirected": false, "ell": {"2": {"diameter": 15, "conjugate_isogenous_pairs": 20, "eigenvalues": [2.825667525714844, -2.8245711906975055]}, "3": {"diameter": 10, "conjugate_isogenous_pairs": 66, "eigenvalues": [3.4426821172225823, -3.4621546360872797]}, "5": {"diameter": 7, "conjugate_isogenous_pairs": 39, "eigenvalues": [4.4578571737683585, -4.465631122532294]}, "7": {"diameter": 6, "conjugate_isogenous_pairs": 124, "eigenvalues": [5.288162239363468, -5.28020771293471]}, "11": {"diameter": 5, "conjugate_isogenous_pairs": 150, "eigenvalues": [6.583395558749358, -6.585364231195416]}}}