{"prime": 26731, "nodes": 2228, "minpoly": "x^2 + 26724*x + 3", "spine": 74, "undirected": false, "ell": {"2": {"diameter": 15, "conjugate_isogenous_pairs": 57, "eigenvalues": [2.822252498634377, -2.8100958393663253]}, "3": {"diameter": 10, "conjugate_isogenous_pairs": 35, "eigenvalues": [3.444680802312718, -3.4518770679790456]}, "5": {"diameter": 7, "conjugate_isogenous_pairs": 121, "eigenvalues": [4.438736496974741, -4.45119815082545]}, "7": {"diameter": 6, "conjugate_isogenous_pairs": 39, "eigenvalues": [5.251422197707371, -5.2435004876538125]}, "11": {"diameter": 5, "conjugate_isogenous_pairs": 145, "eigenvalues": [6.611812810215241, -6.5694044846892306]}}}