{"prime": 15497, "nodes": 1292, "minpoly": "x^2 + 15491*x + 3", "spine": 48, "undirected": false, "ell": {"2": {"diameter": 14, "conjugate_isogenous_pairs": 26, "eigenvalues": [2.823975677600642, -2.8190605466183456]}, "3": {"diameter": 9, "conjugate_isogenous_pairs": 44, "eigenvalues": [3.4405282147156906, -3.4613343665464176]}, "5": {"diameter": 7, "conjugate_isogenous_pairs": 30, "eigenvalues": [4.455651347648662, -4.44546133177575]}, "7": {"diameter": 6, "conjugate_isogenous_pairs": 191, "eigenvalues": [5.276400448697492, -5.240465990211329]}, "11": {"diameter": 5, "conjugate_isogenous_pairs": 64, "eigenvalues": [6.551835578652816, -6.545748657034202]}}}