{"prime": 20407, "nodes": 1701, "minpoly": "x^2 + 20405*x + 5", "spine": 41, "undirected": false, "ell": {"2": {"diameter": 14, "conjugate_isogenous_pairs": 33, "eigenvalues": [2.826358076165356, -2.824077365826726]}, "3": {"diameter": 9, "conjugate_isogenous_pairs": 74, "eigenvalues": [3.4453159066033865, -3.4344801938648484]}, "5": {"diameter": 7, "conjugate_isogenous_pairs": 130, "eigenvalues": [4.449324988022361, -4.467766934716299]}, "7": {"diameter": 6, "conjugate_isogenous_pairs": 55, "eigenvalues": [5.1815492012981235, -5.202234894949191]}, "11": {"diameter": 5, "conjugate_isogenous_pairs": 72, "eigenvalues": [6.54018265956327, -6.565252619606647]}}}