{"prime": 24317, "nodes": 2027, "minpoly": "x^2 + 24316*x + 2", "spine": 67, "undirected": false, "ell": {"2": {"diameter": 15, "conjugate_isogenous_pairs": 39, "eigenvalues": [2.827430645555789, -2.8238802626549737]}, "3": {"diameter": 10, "conjugate_isogenous_pairs": 90, "eigenvalues": [3.455680517929849, -3.4345365534989787]}, "5": {"diameter": 7, "conjugate_isogenous_pairs": 47, "eigenvalues": [4.4151699525931365, -4.446123154077924]}, "7": {"diameter": 6, "conjugate_isogenous_pairs": 137, "eigenvalues": [5.272332279173028, -5.218713062465663]}, "11": {"diameter": 5, "conjugate_isogenous_pairs": 123, "eigenvalues": [6.618018486586368, -6.610090533950073]}}}