{"prime": 3881, "nodes": 324, "minpoly": "x^2 + 3879*x + 13", "spine": 36, "undirected": false, "ell": {"2": {"diameter": 12, "conjugate_isogenous_pairs": 12, "eigenvalues": [2.7803609026961524, -2.8122641816974983]}, "3": {"diameter": 9, "conjugate_isogenous_pairs": 17, "eigenvalues": [3.4594661324196867, -3.424349792469949]}, "5": {"diameter": 6, "conjugate_isogenous_pairs": 16, "eigenvalues": [4.395587896955979, -4.390232124737681]}, "7": {"diameter": 5, "conjugate_isogenous_pairs": 68, "eigenvalues": [5.154306913367916, -5.191841389721386]}, "11": {"diameter": 4, "conjugate_isogenous_pairs": 39, "eigenvalues": [6.515443460164446, -6.621599209946563]}}}