{"prime": 8627, "nodes": 720, "minpoly": "x^2 + 8626*x + 2", "spine": 42, "undirected": false, "ell": {"2": {"diameter": 13, "conjugate_isogenous_pairs": 28, "eigenvalues": [2.8078654661452513, -2.820313806529089]}, "3": {"diameter": 10, "conjugate_isogenous_pairs": 24, "eigenvalues": [3.4539662954894044, -3.4507407263078185]}, "5": {"diameter": 6, "conjugate_isogenous_pairs": 30, "eigenvalues": [4.466345157520821, -4.443156774611976]}, "7": {"diameter": 6, "conjugate_isogenous_pairs": 70, "eigenvalues": [5.248670515971944, -5.26356326942252]}, "11": {"diameter": 5, "conjugate_isogenous_pairs": 35, "eigenvalues": [6.500918996038794, -6.553357235179524]}}}