{"prime": 19031, "nodes": 1587, "minpoly": "x^2 + 19029*x + 11", "spine": 203, "undirected": false, "ell": {"2": {"diameter": 15, "conjugate_isogenous_pairs": 19, "eigenvalues": [2.8216972480175215, -2.824617847972688]}, "3": {"diameter": 10, "conjugate_isogenous_pairs": 24, "eigenvalues": [3.4614926252496905, -3.434054583730762]}, "5": {"diameter": 7, "conjugate_isogenous_pairs": 32, "eigenvalues": [4.448040126243639, -4.449938853566034]}, "7": {"diameter": 6, "conjugate_isogenous_pairs": 64, "eigenvalues": [5.285710573513499, -5.2634684967646805]}, "11": {"diameter": 5, "conjugate_isogenous_pairs": 54, "eigenvalues": [6.6170513022528, -6.521137403634138]}}}