{"prime": 29221, "nodes": 2435, "minpoly": "x^2 + 29220*x + 2", "spine": 59, "undirected": true, "ell": {"2": {"diameter": 15, "conjugate_isogenous_pairs": 56, "eigenvalues": [2.820316949780694, -2.823826721751563]}, "3": {"diameter": 10, "conjugate_isogenous_pairs": 76, "eigenvalues": [3.4545103684617593, -3.4603887886905014]}, "5": {"diameter": 7, "conjugate_isogenous_pairs": 60, "eigenvalues": [4.446225585583047, -4.472025967485798]}, "7": {"diameter": 6, "conjugate_isogenous_pairs": 56, "eigenvalues": [5.254495142804842, -5.277930339161166]}, "11": {"diameter": 5, "conjugate_isogenous_pairs": 363, "eigenvalues": [6.626189826229462, -6.573263151758882]}}}