{"prime": 28409, "nodes": 2368, "minpoly": "x^2 + 28400*x + 3", "spine": 142, "undirected": false, "ell": {"2": {"diameter": 15, "conjugate_isogenous_pairs": 27, "eigenvalues": [2.8261082466426775, -2.82068718099991]}, "3": {"diameter": 10, "conjugate_isogenous_pairs": 44, "eigenvalues": [3.4625697404155225, -3.4579467020292003]}, "5": {"diameter": 7, "conjugate_isogenous_pairs": 35, "eigenvalues": [4.4393946928226855, -4.469566448378361]}, "7": {"diameter": 6, "conjugate_isogenous_pairs": 126, "eigenvalues": [5.264533316354018, -5.277225585263059]}, "11": {"diameter": 5, "conjugate_isogenous_pairs": 118, "eigenvalues": [6.615959827446679, -6.5248589497900165]}}}