{"prime": 11939, "nodes": 996, "minpoly": "x^2 + 11934*x + 2", "spine": 54, "undirected": false, "ell": {"2": {"diameter": 13, "conjugate_isogenous_pairs": 14, "eigenvalues": [2.827456110184291, -2.8162084297569647]}, "3": {"diameter": 9, "conjugate_isogenous_pairs": 24, "eigenvalues": [3.4428401522688743, -3.4451673538473817]}, "5": {"diameter": 6, "conjugate_isogenous_pairs": 67, "eigenvalues": [4.439036792687883, -4.42640169467375]}, "7": {"diameter": 6, "conjugate_isogenous_pairs": 68, "eigenvalues": [5.220726010049018, -5.250658891295285]}, "11": {"diameter": 5, "conjugate_isogenous_pairs": 51, "eigenvalues": [6.465509419687191, -6.590840286603037]}}}