{"prime": 683, "nodes": 58, "minpoly": "x^2 + 682*x + 5", "spine": 10, "undirected": false, "ell": {"2": {"diameter": 9, "conjugate_isogenous_pairs": 4, "eigenvalues": [2.716471525409518, -2.749221325935213]}, "3": {"diameter": 6, "conjugate_isogenous_pairs": 7, "eigenvalues": [3.3253617368720345, -3.325295516787986]}, "5": {"diameter": 4, "conjugate_isogenous_pairs": 14, "eigenvalues": [3.986954156672335, -4.384005561256983]}, "7": {"diameter": 4, "conjugate_isogenous_pairs": 17, "eigenvalues": [4.470024840461956, -4.875901290139105]}, "11": {"diameter": 3, "conjugate_isogenous_pairs": 7, "eigenvalues": [5.924594214290718, -6.0170981771038585]}}}