{"prime": 16883, "nodes": 1408, "minpoly": "x^2 + 16875*x + 2", "spine": 90, "undirected": false, "ell": {"2": {"diameter": 15, "conjugate_isogenous_pairs": 30, "eigenvalues": [2.8241869239736603, -2.818338144892877]}, "3": {"diameter": 9, "conjugate_isogenous_pairs": 32, "eigenvalues": [3.4471240466834887, -3.453845915101844]}, "5": {"diameter": 7, "conjugate_isogenous_pairs": 40, "eigenvalues": [4.433200267936231, -4.440350814010189]}, "7": {"diameter": 6, "conjugate_isogenous_pairs": 92, "eigenvalues": [5.2788172011849595, -5.194774175764865]}, "11": {"diameter": 5, "conjugate_isogenous_pairs": 41, "eigenvalues": [6.562600198002305, -6.595964599488322]}}}