{"prime": 18749, "nodes": 1563, "minpoly": "x^2 + 18742*x + 2", "spine": 99, "undirected": false, "ell": {"2": {"diameter": 15, "conjugate_isogenous_pairs": 19, "eigenvalues": [2.821428445073518, -2.819512622130574]}, "3": {"diameter": 10, "conjugate_isogenous_pairs": 54, "eigenvalues": [3.4613680596248675, -3.447317607729924]}, "5": {"diameter": 7, "conjugate_isogenous_pairs": 23, "eigenvalues": [4.432641850167551, -4.4216591336980775]}, "7": {"diameter": 6, "conjugate_isogenous_pairs": 105, "eigenvalues": [5.273532928007629, -5.265275235160833]}, "11": {"diameter": 5, "conjugate_isogenous_pairs": 150, "eigenvalues": [6.561614874556813, -6.55346238433987]}}}