{"prime": 3347, "nodes": 280, "minpoly": "x^2 + 3343*x + 2", "spine": 22, "undirected": false, "ell": {"2": {"diameter": 11, "conjugate_isogenous_pairs": 14, "eigenvalues": [2.772959656948373, -2.806121050926509]}, "3": {"diameter": 8, "conjugate_isogenous_pairs": 15, "eigenvalues": [3.4193553288313585, -3.4324794818213746]}, "5": {"diameter": 6, "conjugate_isogenous_pairs": 34, "eigenvalues": [4.372261290115587, -4.464491561519276]}, "7": {"diameter": 5, "conjugate_isogenous_pairs": 50, "eigenvalues": [5.064678089658182, -5.24537688114978]}, "11": {"diameter": 4, "conjugate_isogenous_pairs": 16, "eigenvalues": [6.612507124523838, -6.348281945006401]}}}