{"prime": 23509, "nodes": 1959, "minpoly": "x^2 + 23508*x + 2", "spine": 47, "undirected": true, "ell": {"2": {"diameter": 14, "conjugate_isogenous_pairs": 60, "eigenvalues": [2.8177883842377818, -2.822670853805668]}, "3": {"diameter": 10, "conjugate_isogenous_pairs": 55, "eigenvalues": [3.4559299304093165, -3.4465394103756717]}, "5": {"diameter": 7, "conjugate_isogenous_pairs": 85, "eigenvalues": [4.458613156894946, -4.391824563097917]}, "7": {"diameter": 6, "conjugate_isogenous_pairs": 48, "eigenvalues": [5.240001534167226, -5.280395173520942]}, "11": {"diameter": 5, "conjugate_isogenous_pairs": 308, "eigenvalues": [6.569440476203566, -6.6047019025164655]}}}