{"prime": 12457, "nodes": 1038, "minpoly": "x^2 + 12454*x + 10", "spine": 22, "undirected": true, "ell": {"2": {"diameter": 13, "conjugate_isogenous_pairs": 39, "eigenvalues": [2.8154823071977035, -2.820500076885512]}, "3": {"diameter": 9, "conjugate_isogenous_pairs": 54, "eigenvalues": [3.4538881955063245, -3.4427779584593274]}, "5": {"diameter": 6, "conjugate_isogenous_pairs": 64, "eigenvalues": [4.386189151348716, -4.443544751363757]}, "7": {"diameter": 5, "conjugate_isogenous_pairs": 89, "eigenvalues": [5.285079107540308, -5.238418578285196]}, "11": {"diameter": 5, "conjugate_isogenous_pairs": 71, "eigenvalues": [6.541671554338121, -6.560262330231805]}}}