{"prime": 13921, "nodes": 1160, "minpoly": "x^2 + 13918*x + 7", "spine": 48, "undirected": true, "ell": {"2": {"diameter": 14, "conjugate_isogenous_pairs": 27, "eigenvalues": [2.8220664187957434, -2.8216054534955615]}, "3": {"diameter": 9, "conjugate_isogenous_pairs": 27, "eigenvalues": [3.455248732407704, -3.449292185472482]}, "5": {"diameter": 6, "conjugate_isogenous_pairs": 65, "eigenvalues": [4.437981027187675, -4.454984985302483]}, "7": {"diameter": 5, "conjugate_isogenous_pairs": 62, "eigenvalues": [5.247443275865346, -5.191380869790108]}, "11": {"diameter": 5, "conjugate_isogenous_pairs": 189, "eigenvalues": [6.591386127751259, -6.594741215838622]}}}