{"prime": 13457, "nodes": 1122, "minpoly": "x^2 + 13451*x + 3", "spine": 42, "undirected": false, "ell": {"2": {"diameter": 14, "conjugate_isogenous_pairs": 34, "eigenvalues": [2.8218347351305333, -2.8140326507589455]}, "3": {"diameter": 9, "conjugate_isogenous_pairs": 36, "eigenvalues": [3.4550161447574257, -3.414602075637276]}, "5": {"diameter": 6, "conjugate_isogenous_pairs": 31, "eigenvalues": [4.456781596736979, -4.436514862080163]}, "7": {"diameter": 6, "conjugate_isogenous_pairs": 208, "eigenvalues": [5.270578165653728, -5.20945557709014]}, "11": {"diameter": 5, "conjugate_isogenous_pairs": 51, "eigenvalues": [6.620266726152965, -6.531401676867992]}}}