{"prime": 4751, "nodes": 397, "minpoly": "x^2 + 4747*x + 19", "spine": 91, "undirected": false, "ell": {"2": {"diameter": 12, "conjugate_isogenous_pairs": 10, "eigenvalues": [2.8077184404080695, -2.82156362082089]}, "3": {"diameter": 9, "conjugate_isogenous_pairs": 11, "eigenvalues": [3.4416014628020912, -3.448997188791644]}, "5": {"diameter": 6, "conjugate_isogenous_pairs": 24, "eigenvalues": [4.4258515801393274, -4.397557563799493]}, "7": {"diameter": 5, "conjugate_isogenous_pairs": 24, "eigenvalues": [5.046169553956547, -5.215585577854315]}, "11": {"diameter": 4, "conjugate_isogenous_pairs": 27, "eigenvalues": [6.4383099860081385, -6.441052013160165]}}}