{"prime": 27059, "nodes": 2256, "minpoly": "x^2 + 27055*x + 2", "spine": 138, "undirected": false, "ell": {"2": {"diameter": 15, "conjugate_isogenous_pairs": 17, "eigenvalues": [2.827138695450909, -2.8264634248302656]}, "3": {"diameter": 10, "conjugate_isogenous_pairs": 45, "eigenvalues": [3.4470593608083426, -3.458253248660555]}, "5": {"diameter": 7, "conjugate_isogenous_pairs": 125, "eigenvalues": [4.439559611603858, -4.4710123416846805]}, "7": {"diameter": 6, "conjugate_isogenous_pairs": 89, "eigenvalues": [5.281497150535988, -5.272403724013333]}, "11": {"diameter": 5, "conjugate_isogenous_pairs": 81, "eigenvalues": [6.622558491672134, -6.629653376158021]}}}