{"prime": 12791, "nodes": 1067, "minpoly": "x^2 + 12790*x + 7", "spine": 107, "undirected": false, "ell": {"2": {"diameter": 14, "conjugate_isogenous_pairs": 12, "eigenvalues": [2.8156166275883368, -2.8264249919443523]}, "3": {"diameter": 9, "conjugate_isogenous_pairs": 32, "eigenvalues": [3.4144061804283385, -3.435976241462466]}, "5": {"diameter": 7, "conjugate_isogenous_pairs": 41, "eigenvalues": [4.468571521370758, -4.452867028799537]}, "7": {"diameter": 6, "conjugate_isogenous_pairs": 44, "eigenvalues": [5.272381049427318, -5.140225472259445]}, "11": {"diameter": 5, "conjugate_isogenous_pairs": 49, "eigenvalues": [6.5376831714462655, -6.5941156634467415]}}}