{"prime": 17189, "nodes": 1433, "minpoly": "x^2 + 17177*x + 2", "spine": 91, "undirected": false, "ell": {"2": {"diameter": 14, "conjugate_isogenous_pairs": 13, "eigenvalues": [2.8180936759888864, -2.8272903212767515]}, "3": {"diameter": 9, "conjugate_isogenous_pairs": 67, "eigenvalues": [3.450603235946778, -3.4587909776579178]}, "5": {"diameter": 7, "conjugate_isogenous_pairs": 42, "eigenvalues": [4.467387586232695, -4.464987970820771]}, "7": {"diameter": 6, "conjugate_isogenous_pairs": 78, "eigenvalues": [5.212800413907217, -5.271202457072316]}, "11": {"diameter": 5, "conjugate_isogenous_pairs": 113, "eigenvalues": [6.600759022426772, -6.575437940954671]}}}