{"prime": 9227, "nodes": 770, "minpoly": "x^2 + 9223*x + 2", "spine": 50, "undirected": false, "ell": {"2": {"diameter": 13, "conjugate_isogenous_pairs": 16, "eigenvalues": [2.8005060891679934, -2.8173310697362552]}, "3": {"diameter": 9, "conjugate_isogenous_pairs": 33, "eigenvalues": [3.4246152615791616, -3.446663451235446]}, "5": {"diameter": 6, "conjugate_isogenous_pairs": 57, "eigenvalues": [4.402438491466682, -4.448646273727327]}, "7": {"diameter": 6, "conjugate_isogenous_pairs": 70, "eigenvalues": [5.159392356159599, -5.234520687486883]}, "11": {"diameter": 5, "conjugate_isogenous_pairs": 22, "eigenvalues": [6.499009601482924, -6.57364198916569]}}}