{"prime": 5503, "nodes": 459, "minpoly": "x^2 + 5501*x + 3", "spine": 25, "undirected": false, "ell": {"2": {"diameter": 11, "conjugate_isogenous_pairs": 18, "eigenvalues": [2.790302103529499, -2.8158940609232896]}, "3": {"diameter": 8, "conjugate_isogenous_pairs": 25, "eigenvalues": [3.452035569733013, -3.4217835880994225]}, "5": {"diameter": 6, "conjugate_isogenous_pairs": 55, "eigenvalues": [4.428912656553355, -4.351172608444574]}, "7": {"diameter": 5, "conjugate_isogenous_pairs": 31, "eigenvalues": [5.26386691325179, -5.174093316687289]}, "11": {"diameter": 4, "conjugate_isogenous_pairs": 43, "eigenvalues": [6.507906113006493, -6.425933542111057]}}}