{"prime": 4093, "nodes": 341, "minpoly": "x^2 + 4092*x + 2", "spine": 13, "undirected": true, "ell": {"2": {"diameter": 12, "conjugate_isogenous_pairs": 35, "eigenvalues": [2.7935814375175183, -2.813997989857164]}, "3": {"diameter": 7, "conjugate_isogenous_pairs": 27, "eigenvalues": [3.420050305848251, -3.4357250723756128]}, "5": {"diameter": 5, "conjugate_isogenous_pairs": 28, "eigenvalues": [4.4584003249108095, -4.397498031247403]}, "7": {"diameter": 5, "conjugate_isogenous_pairs": 34, "eigenvalues": [5.101385035078505, -5.205766359855925]}, "11": {"diameter": 4, "conjugate_isogenous_pairs": 82, "eigenvalues": [6.409580002944581, -6.364216385814562]}}}