{"prime": 24091, "nodes": 2008, "minpoly": "x^2 + 24089*x + 7", "spine": 50, "undirected": false, "ell": {"2": {"diameter": 15, "conjugate_isogenous_pairs": 48, "eigenvalues": [2.8154852868865987, -2.814354588407623]}, "3": {"diameter": 10, "conjugate_isogenous_pairs": 39, "eigenvalues": [3.456547139306299, -3.4424325635074786]}, "5": {"diameter": 7, "conjugate_isogenous_pairs": 162, "eigenvalues": [4.439236284716216, -4.448817186591634]}, "7": {"diameter": 6, "conjugate_isogenous_pairs": 41, "eigenvalues": [5.281843677279083, -5.284304721040856]}, "11": {"diameter": 5, "conjugate_isogenous_pairs": 146, "eigenvalues": [6.572359699371606, -6.630898274674613]}}}