{"prime": 1373, "nodes": 115, "minpoly": "x^2 + 1365*x + 2", "spine": 9, "undirected": false, "ell": {"2": {"diameter": 9, "conjugate_isogenous_pairs": 9, "eigenvalues": [2.757494024640616, -2.7883980617668875]}, "3": {"diameter": 7, "conjugate_isogenous_pairs": 22, "eigenvalues": [3.385380734985943, -3.4272725750203707]}, "5": {"diameter": 5, "conjugate_isogenous_pairs": 9, "eigenvalues": [4.2650339784003926, -4.2680877463093445]}, "7": {"diameter": 5, "conjugate_isogenous_pairs": 30, "eigenvalues": [5.134182406087475, -5.006008857819006]}, "11": {"diameter": 4, "conjugate_isogenous_pairs": 20, "eigenvalues": [6.198094886634334, -6.528477841345939]}}}