{"prime": 11197, "nodes": 933, "minpoly": "x^2 + 11193*x + 2", "spine": 19, "undirected": true, "ell": {"2": {"diameter": 13, "conjugate_isogenous_pairs": 41, "eigenvalues": [2.811861857989943, -2.817776503368294]}, "3": {"diameter": 9, "conjugate_isogenous_pairs": 103, "eigenvalues": [3.4577106979642096, -3.454571285888391]}, "5": {"diameter": 6, "conjugate_isogenous_pairs": 70, "eigenvalues": [4.458312706587015, -4.446246390042352]}, "7": {"diameter": 5, "conjugate_isogenous_pairs": 39, "eigenvalues": [5.16473166465919, -5.260462887884116]}, "11": {"diameter": 4, "conjugate_isogenous_pairs": 80, "eigenvalues": [6.573668159550523, -6.605492357292646]}}}