{"prime": 16319, "nodes": 1361, "minpoly": "x^2 + 16318*x + 7", "spine": 153, "undirected": false, "ell": {"2": {"diameter": 14, "conjugate_isogenous_pairs": 15, "eigenvalues": [2.81605316177973, -2.813685228136015]}, "3": {"diameter": 10, "conjugate_isogenous_pairs": 31, "eigenvalues": [3.4473801218541, -3.450479815883229]}, "5": {"diameter": 7, "conjugate_isogenous_pairs": 44, "eigenvalues": [4.438928648146366, -4.448095081794805]}, "7": {"diameter": 6, "conjugate_isogenous_pairs": 43, "eigenvalues": [5.282384167922087, -5.217912218491286]}, "11": {"diameter": 5, "conjugate_isogenous_pairs": 43, "eigenvalues": [6.5661905006167665, -6.589029160781786]}}}