{"prime": 4297, "nodes": 358, "minpoly": "x^2 + 4296*x + 5", "spine": 18, "undirected": true, "ell": {"2": {"diameter": 12, "conjugate_isogenous_pairs": 32, "eigenvalues": [2.820653943670092, -2.8162600570033183]}, "3": {"diameter": 8, "conjugate_isogenous_pairs": 22, "eigenvalues": [3.422307284248778, -3.4467848819000864]}, "5": {"diameter": 5, "conjugate_isogenous_pairs": 34, "eigenvalues": [4.3138393496404674, -4.41339372682148]}, "7": {"diameter": 5, "conjugate_isogenous_pairs": 44, "eigenvalues": [5.26509543514473, -5.107562359892522]}, "11": {"diameter": 4, "conjugate_isogenous_pairs": 53, "eigenvalues": [6.616968804115623, -6.61619318808579]}}}