{"prime": 3863, "nodes": 323, "minpoly": "x^2 + 3858*x + 5", "spine": 61, "undirected": false, "ell": {"2": {"diameter": 12, "conjugate_isogenous_pairs": 15, "eigenvalues": [2.8194282115220024, -2.795086710496712]}, "3": {"diameter": 8, "conjugate_isogenous_pairs": 15, "eigenvalues": [3.458642191881375, -3.419523951834984]}, "5": {"diameter": 6, "conjugate_isogenous_pairs": 19, "eigenvalues": [4.369316675169727, -4.442207647511554]}, "7": {"diameter": 5, "conjugate_isogenous_pairs": 29, "eigenvalues": [5.1878918028030565, -5.231148525362093]}, "11": {"diameter": 4, "conjugate_isogenous_pairs": 15, "eigenvalues": [6.431277726222347, -6.449219836014156]}}}