{"prime": 13099, "nodes": 1092, "minpoly": "x^2 + 13094*x + 3", "spine": 46, "undirected": false, "ell": {"2": {"diameter": 14, "conjugate_isogenous_pairs": 33, "eigenvalues": [2.8224327095200517, -2.814415395837109]}, "3": {"diameter": 9, "conjugate_isogenous_pairs": 21, "eigenvalues": [3.4546250600229786, -3.4357265092023983]}, "5": {"diameter": 7, "conjugate_isogenous_pairs": 140, "eigenvalues": [4.444266936084703, -4.407163186701528]}, "7": {"diameter": 5, "conjugate_isogenous_pairs": 33, "eigenvalues": [5.282055032354219, -5.19361989254074]}, "11": {"diameter": 5, "conjugate_isogenous_pairs": 95, "eigenvalues": [6.589164186850739, -6.522534565475944]}}}