{"prime": 1279, "nodes": 107, "minpoly": "x^2 + 1277*x + 3", "spine": 23, "undirected": false, "ell": {"2": {"diameter": 9, "conjugate_isogenous_pairs": 14, "eigenvalues": [2.7813626383446177, -2.8078849027065753]}, "3": {"diameter": 7, "conjugate_isogenous_pairs": 6, "eigenvalues": [3.39662521624347, -3.411176156757167]}, "5": {"diameter": 5, "conjugate_isogenous_pairs": 12, "eigenvalues": [4.397517178206488, -4.272828159815245]}, "7": {"diameter": 4, "conjugate_isogenous_pairs": 9, "eigenvalues": [5.1851016008963144, -5.09375583051988]}, "11": {"diameter": 3, "conjugate_isogenous_pairs": 26, "eigenvalues": [6.342576452011232, -6.48059428947111]}}}