{"prime": 17851, "nodes": 1488, "minpoly": "x^2 + 17847*x + 2", "spine": 46, "undirected": false, "ell": {"2": {"diameter": 14, "conjugate_isogenous_pairs": 37, "eigenvalues": [2.8209054961698636, -2.827043983905816]}, "3": {"diameter": 9, "conjugate_isogenous_pairs": 27, "eigenvalues": [3.446965574711087, -3.436986043423021]}, "5": {"diameter": 7, "conjugate_isogenous_pairs": 178, "eigenvalues": [4.428741485505221, -4.448837820697542]}, "7": {"diameter": 6, "conjugate_isogenous_pairs": 51, "eigenvalues": [5.242093382295254, -5.217392292432465]}, "11": {"diameter": 5, "conjugate_isogenous_pairs": 108, "eigenvalues": [6.568664602181686, -6.562857170990734]}}}