{"prime": 26153, "nodes": 2180, "minpoly": "x^2 + 26152*x + 3", "spine": 56, "undirected": false, "ell": {"2": {"diameter": 14, "conjugate_isogenous_pairs": 25, "eigenvalues": [2.8257928819601266, -2.814869271412456]}, "3": {"diameter": 10, "conjugate_isogenous_pairs": 102, "eigenvalues": [3.4529829890148953, -3.4456713173243547]}, "5": {"diameter": 7, "conjugate_isogenous_pairs": 56, "eigenvalues": [4.451467462981019, -4.456834846404109]}, "7": {"diameter": 6, "conjugate_isogenous_pairs": 214, "eigenvalues": [5.212429540991464, -5.244794277449179]}, "11": {"diameter": 5, "conjugate_isogenous_pairs": 61, "eigenvalues": [6.624207701606803, -6.624620761988346]}}}