{"prime": 5113, "nodes": 426, "minpoly": "x^2 + 5109*x + 19", "spine": 22, "undirected": true, "ell": {"2": {"diameter": 12, "conjugate_isogenous_pairs": 34, "eigenvalues": [2.8262075137540044, -2.810295157353709]}, "3": {"diameter": 8, "conjugate_isogenous_pairs": 23, "eigenvalues": [3.450976873198264, -3.4324405670352087]}, "5": {"diameter": 5, "conjugate_isogenous_pairs": 24, "eigenvalues": [4.464722205263719, -4.4218538989250185]}, "7": {"diameter": 5, "conjugate_isogenous_pairs": 57, "eigenvalues": [5.182831571973055, -5.207126796270314]}, "11": {"diameter": 4, "conjugate_isogenous_pairs": 65, "eigenvalues": [6.434158256867589, -6.517084802185582]}}}