{"prime": 22531, "nodes": 1878, "minpoly": "x^2 + 22530*x + 2", "spine": 46, "undirected": false, "ell": {"2": {"diameter": 14, "conjugate_isogenous_pairs": 57, "eigenvalues": [2.8214067152375732, -2.8226494937209514]}, "3": {"diameter": 9, "conjugate_isogenous_pairs": 31, "eigenvalues": [3.4622526181041353, -3.4514040019129366]}, "5": {"diameter": 7, "conjugate_isogenous_pairs": 117, "eigenvalues": [4.461525558974683, -4.442593301040118]}, "7": {"diameter": 6, "conjugate_isogenous_pairs": 43, "eigenvalues": [5.272956718837841, -5.283002296449604]}, "11": {"diameter": 5, "conjugate_isogenous_pairs": 189, "eigenvalues": [6.547254244232787, -6.628493024222446]}}}