{"prime": 11969, "nodes": 998, "minpoly": "x^2 + 11962*x + 3", "spine": 80, "undirected": false, "ell": {"2": {"diameter": 14, "conjugate_isogenous_pairs": 19, "eigenvalues": [2.826952599929469, -2.8118231264337052]}, "3": {"diameter": 10, "conjugate_isogenous_pairs": 25, "eigenvalues": [3.4448183253201434, -3.4524583903013246]}, "5": {"diameter": 6, "conjugate_isogenous_pairs": 21, "eigenvalues": [4.389820122396037, -4.43032776419681]}, "7": {"diameter": 6, "conjugate_isogenous_pairs": 114, "eigenvalues": [5.2740233790208855, -5.27882711287274]}, "11": {"diameter": 5, "conjugate_isogenous_pairs": 65, "eigenvalues": [6.58721450561864, -6.607551279430648]}}}