{"prime": 14843, "nodes": 1238, "minpoly": "x^2 + 14839*x + 2", "spine": 78, "undirected": false, "ell": {"2": {"diameter": 14, "conjugate_isogenous_pairs": 32, "eigenvalues": [2.824165280819915, -2.8175621357280494]}, "3": {"diameter": 10, "conjugate_isogenous_pairs": 34, "eigenvalues": [3.4470953073503536, -3.4405099875753637]}, "5": {"diameter": 7, "conjugate_isogenous_pairs": 46, "eigenvalues": [4.4672472249643675, -4.43285917443812]}, "7": {"diameter": 6, "conjugate_isogenous_pairs": 74, "eigenvalues": [5.265009738745582, -5.262463887248828]}, "11": {"diameter": 5, "conjugate_isogenous_pairs": 36, "eigenvalues": [6.550809119709936, -6.624740466619799]}}}