{"prime": 19259, "nodes": 1606, "minpoly": "x^2 + 19255*x + 2", "spine": 70, "undirected": false, "ell": {"2": {"diameter": 14, "conjugate_isogenous_pairs": 19, "eigenvalues": [2.8256117338148083, -2.8270840930691183]}, "3": {"diameter": 10, "conjugate_isogenous_pairs": 30, "eigenvalues": [3.4550762180168038, -3.4437454092656683]}, "5": {"diameter": 7, "conjugate_isogenous_pairs": 78, "eigenvalues": [4.4424743282436125, -4.4490535694972015]}, "7": {"diameter": 6, "conjugate_isogenous_pairs": 79, "eigenvalues": [5.263228857115333, -5.260137715780475]}, "11": {"diameter": 5, "conjugate_isogenous_pairs": 70, "eigenvalues": [6.61825388244427, -6.599474213315373]}}}