{"prime": 3121, "nodes": 260, "minpoly": "x^2 + 3114*x + 7", "spine": 20, "undirected": true, "ell": {"2": {"diameter": 12, "conjugate_isogenous_pairs": 17, "eigenvalues": [2.807861331810729, -2.7764262298922]}, "3": {"diameter": 7, "conjugate_isogenous_pairs": 19, "eigenvalues": [3.4490535352954628, -3.3684387402292377]}, "5": {"diameter": 5, "conjugate_isogenous_pairs": 25, "eigenvalues": [4.428285684564257, -4.3710312912109535]}, "7": {"diameter": 5, "conjugate_isogenous_pairs": 26, "eigenvalues": [5.1432793645993495, -5.239012773678657]}, "11": {"diameter": 4, "conjugate_isogenous_pairs": 61, "eigenvalues": [6.43204001613679, -6.453574251724937]}}}