{"prime": 7673, "nodes": 640, "minpoly": "x^2 + 7667*x + 3", "spine": 28, "undirected": false, "ell": {"2": {"diameter": 13, "conjugate_isogenous_pairs": 15, "eigenvalues": [2.8219278355380393, -2.8074103146673735]}, "3": {"diameter": 9, "conjugate_isogenous_pairs": 62, "eigenvalues": [3.4423873599710313, -3.446205745848253]}, "5": {"diameter": 6, "conjugate_isogenous_pairs": 22, "eigenvalues": [4.470581245412541, -4.45034344019848]}, "7": {"diameter": 5, "conjugate_isogenous_pairs": 91, "eigenvalues": [5.252836286542231, -5.225572554069114]}, "11": {"diameter": 4, "conjugate_isogenous_pairs": 28, "eigenvalues": [6.5340790794183485, -6.561958097148638]}}}