{"prime": 27893, "nodes": 2325, "minpoly": "x^2 + 27892*x + 2", "spine": 95, "undirected": false, "ell": {"2": {"diameter": 15, "conjugate_isogenous_pairs": 46, "eigenvalues": [2.8205419546626826, -2.821743331652304]}, "3": {"diameter": 11, "conjugate_isogenous_pairs": 94, "eigenvalues": [3.4559800095453683, -3.458064860856982]}, "5": {"diameter": 7, "conjugate_isogenous_pairs": 41, "eigenvalues": [4.4569571213130645, -4.466034107554508]}, "7": {"diameter": 6, "conjugate_isogenous_pairs": 138, "eigenvalues": [5.271716001038324, -5.280639247699193]}, "11": {"diameter": 5, "conjugate_isogenous_pairs": 113, "eigenvalues": [6.566527113173188, -6.591553160624197]}}}