{"prime": 7753, "nodes": 646, "minpoly": "x^2 + 7752*x + 10", "spine": 14, "undirected": true, "ell": {"2": {"diameter": 12, "conjugate_isogenous_pairs": 45, "eigenvalues": [2.812020612420056, -2.821014708395604]}, "3": {"diameter": 8, "conjugate_isogenous_pairs": 34, "eigenvalues": [3.4529695022068903, -3.4512527108354742]}, "5": {"diameter": 6, "conjugate_isogenous_pairs": 54, "eigenvalues": [4.441553413528167, -4.353599826082174]}, "7": {"diameter": 5, "conjugate_isogenous_pairs": 76, "eigenvalues": [5.266893101646578, -5.2780666168076555]}, "11": {"diameter": 4, "conjugate_isogenous_pairs": 61, "eigenvalues": [6.353895986294628, -6.568323451912087]}}}