{"prime": 4517, "nodes": 377, "minpoly": "x^2 + 4512*x + 2", "spine": 27, "undirected": false, "ell": {"2": {"diameter": 12, "conjugate_isogenous_pairs": 9, "eigenvalues": [2.8075122181505288, -2.8083067140728963]}, "3": {"diameter": 9, "conjugate_isogenous_pairs": 49, "eigenvalues": [3.4247664836245635, -3.4535134510232703]}, "5": {"diameter": 6, "conjugate_isogenous_pairs": 27, "eigenvalues": [4.341655064554389, -4.402725027251726]}, "7": {"diameter": 5, "conjugate_isogenous_pairs": 74, "eigenvalues": [5.213037696832861, -5.170027661537298]}, "11": {"diameter": 4, "conjugate_isogenous_pairs": 39, "eigenvalues": [6.478531498672448, -6.6200438023889]}}}