{"prime": 6037, "nodes": 503, "minpoly": "x^2 + 6036*x + 5", "spine": 17, "undirected": true, "ell": {"2": {"diameter": 12, "conjugate_isogenous_pairs": 46, "eigenvalues": [2.8214287907586364, -2.814392363148985]}, "3": {"diameter": 8, "conjugate_isogenous_pairs": 29, "eigenvalues": [3.4230275304219626, -3.42767864944084]}, "5": {"diameter": 6, "conjugate_isogenous_pairs": 40, "eigenvalues": [4.447786281903545, -4.352936010646045]}, "7": {"diameter": 5, "conjugate_isogenous_pairs": 42, "eigenvalues": [5.248196578304335, -5.280305802374656]}, "11": {"diameter": 4, "conjugate_isogenous_pairs": 93, "eigenvalues": [6.606081026917192, -6.573717607500174]}}}