{"prime": 15791, "nodes": 1317, "minpoly": "x^2 + 15789*x + 29", "spine": 195, "undirected": false, "ell": {"2": {"diameter": 14, "conjugate_isogenous_pairs": 18, "eigenvalues": [2.8188258408179756, -2.8127844308828864]}, "3": {"diameter": 10, "conjugate_isogenous_pairs": 23, "eigenvalues": [3.4233146223545563, -3.440923873874275]}, "5": {"diameter": 7, "conjugate_isogenous_pairs": 39, "eigenvalues": [4.431279190238345, -4.38637991165331]}, "7": {"diameter": 6, "conjugate_isogenous_pairs": 54, "eigenvalues": [5.26594531656556, -5.25125864316519]}, "11": {"diameter": 5, "conjugate_isogenous_pairs": 60, "eigenvalues": [6.541719225425789, -6.516674565716879]}}}