{"prime": 4513, "nodes": 376, "minpoly": "x^2 + 4510*x + 7", "spine": 12, "undirected": true, "ell": {"2": {"diameter": 12, "conjugate_isogenous_pairs": 38, "eigenvalues": [2.807186817994297, -2.8197347283436125]}, "3": {"diameter": 8, "conjugate_isogenous_pairs": 23, "eigenvalues": [3.4380042592674274, -3.4520811885135725]}, "5": {"diameter": 6, "conjugate_isogenous_pairs": 26, "eigenvalues": [4.401537259311557, -4.461756686484027]}, "7": {"diameter": 5, "conjugate_isogenous_pairs": 54, "eigenvalues": [5.204777272891537, -5.185266690558798]}, "11": {"diameter": 4, "conjugate_isogenous_pairs": 66, "eigenvalues": [6.605066022452357, -6.467534186173685]}}}