{"prime": 26723, "nodes": 2228, "minpoly": "x^2 + 26719*x + 2", "spine": 70, "undirected": false, "ell": {"2": {"diameter": 15, "conjugate_isogenous_pairs": 36, "eigenvalues": [2.8216891942069555, -2.820523330876535]}, "3": {"diameter": 10, "conjugate_isogenous_pairs": 61, "eigenvalues": [3.4502247310443215, -3.456334053482268]}, "5": {"diameter": 8, "conjugate_isogenous_pairs": 69, "eigenvalues": [4.468838905458737, -4.456369054417388]}, "7": {"diameter": 6, "conjugate_isogenous_pairs": 111, "eigenvalues": [5.244072871224486, -5.254757027946326]}, "11": {"diameter": 5, "conjugate_isogenous_pairs": 51, "eigenvalues": [6.609270308771765, -6.6073276940435965]}}}