{"prime": 4967, "nodes": 415, "minpoly": "x^2 + 4966*x + 5", "spine": 59, "undirected": false, "ell": {"2": {"diameter": 12, "conjugate_isogenous_pairs": 8, "eigenvalues": [2.8067443758971407, -2.8072790726420633]}, "3": {"diameter": 9, "conjugate_isogenous_pairs": 34, "eigenvalues": [3.407980401028017, -3.441008315654463]}, "5": {"diameter": 6, "conjugate_isogenous_pairs": 26, "eigenvalues": [4.39663775648135, -4.3688493672277495]}, "7": {"diameter": 6, "conjugate_isogenous_pairs": 40, "eigenvalues": [5.270935733043366, -5.241621030518094]}, "11": {"diameter": 4, "conjugate_isogenous_pairs": 22, "eigenvalues": [6.555339880503286, -6.51914667496994]}}}