{"prime": 9239, "nodes": 771, "minpoly": "x^2 + 9234*x + 19", "spine": 139, "undirected": false, "ell": {"2": {"diameter": 14, "conjugate_isogenous_pairs": 13, "eigenvalues": [2.8276236955685037, -2.8204973887527403]}, "3": {"diameter": 10, "conjugate_isogenous_pairs": 19, "eigenvalues": [3.442877956293861, -3.4344006177290454]}, "5": {"diameter": 6, "conjugate_isogenous_pairs": 20, "eigenvalues": [4.443489523130519, -4.459919013930429]}, "7": {"diameter": 6, "conjugate_isogenous_pairs": 32, "eigenvalues": [5.225284968451368, -5.215048490583425]}, "11": {"diameter": 5, "conjugate_isogenous_pairs": 52, "eigenvalues": [6.532549201357514, -6.555912912602628]}}}