{"prime": 20593, "nodes": 1716, "minpoly": "x^2 + 20586*x + 5", "spine": 26, "undirected": true, "ell": {"2": {"diameter": 14, "conjugate_isogenous_pairs": 61, "eigenvalues": [2.822822562789196, -2.8249445953789984]}, "3": {"diameter": 10, "conjugate_isogenous_pairs": 63, "eigenvalues": [3.452070173613571, -3.450211504958149]}, "5": {"diameter": 7, "conjugate_isogenous_pairs": 60, "eigenvalues": [4.465230461453701, -4.452495059629884]}, "7": {"diameter": 6, "conjugate_isogenous_pairs": 118, "eigenvalues": [5.262201646976237, -5.241429033725817]}, "11": {"diameter": 5, "conjugate_isogenous_pairs": 160, "eigenvalues": [6.589357767765045, -6.6159756727902534]}}}