{"prime": 15907, "nodes": 1326, "minpoly": "x^2 + 15906*x + 2", "spine": 30, "undirected": false, "ell": {"2": {"diameter": 14, "conjugate_isogenous_pairs": 72, "eigenvalues": [2.819550792433299, -2.819834686977005]}, "3": {"diameter": 9, "conjugate_isogenous_pairs": 39, "eigenvalues": [3.458830293370154, -3.455948216976776]}, "5": {"diameter": 7, "conjugate_isogenous_pairs": 99, "eigenvalues": [4.442425158477491, -4.439776373507308]}, "7": {"diameter": 5, "conjugate_isogenous_pairs": 56, "eigenvalues": [5.230979120545128, -5.225430756944902]}, "11": {"diameter": 5, "conjugate_isogenous_pairs": 110, "eigenvalues": [6.629578392490745, -6.603204945023612]}}}