{"prime": 691, "nodes": 58, "minpoly": "x^2 + 686*x + 3", "spine": 10, "undirected": false, "ell": {"2": {"diameter": 9, "conjugate_isogenous_pairs": 8, "eigenvalues": [2.721529141050037, -2.7090161785601206]}, "3": {"diameter": 6, "conjugate_isogenous_pairs": 5, "eigenvalues": [3.149280982109179, -3.397143503115689]}, "5": {"diameter": 5, "conjugate_isogenous_pairs": 17, "eigenvalues": [4.075865239908309, -4.41167720490129]}, "7": {"diameter": 3, "conjugate_isogenous_pairs": 7, "eigenvalues": [4.570135928025993, -4.833598691862333]}, "11": {"diameter": 3, "conjugate_isogenous_pairs": 18, "eigenvalues": [6.540627309811561, -5.664161287425414]}}}