{"prime": 25463, "nodes": 2123, "minpoly": "x^2 + 25462*x + 5", "spine": 117, "undirected": false, "ell": {"2": {"diameter": 15, "conjugate_isogenous_pairs": 24, "eigenvalues": [2.8238024793200958, -2.8202538864764466]}, "3": {"diameter": 10, "conjugate_isogenous_pairs": 51, "eigenvalues": [3.452550210316935, -3.4254719096103026]}, "5": {"diameter": 7, "conjugate_isogenous_pairs": 67, "eigenvalues": [4.454575720199545, -4.429601122282346]}, "7": {"diameter": 6, "conjugate_isogenous_pairs": 154, "eigenvalues": [5.282878419682193, -5.230775196261519]}, "11": {"diameter": 5, "conjugate_isogenous_pairs": 48, "eigenvalues": [6.578237954114429, -6.607995724140691]}}}