{"prime": 2311, "nodes": 193, "minpoly": "x^2 + 2309*x + 3", "spine": 29, "undirected": false, "ell": {"2": {"diameter": 11, "conjugate_isogenous_pairs": 12, "eigenvalues": [2.8031776233980867, -2.8023248537023795]}, "3": {"diameter": 7, "conjugate_isogenous_pairs": 10, "eigenvalues": [3.4243985125913925, -3.41886370240712]}, "5": {"diameter": 5, "conjugate_isogenous_pairs": 29, "eigenvalues": [4.416695872267185, -4.325627644705663]}, "7": {"diameter": 4, "conjugate_isogenous_pairs": 13, "eigenvalues": [5.2364616633251995, -5.20027292376664]}, "11": {"diameter": 4, "conjugate_isogenous_pairs": 25, "eigenvalues": [6.322678026162806, -6.618630686881829]}}}