{"prime": 853, "nodes": 71, "minpoly": "x^2 + 852*x + 2", "spine": 5, "undirected": true, "ell": {"2": {"diameter": 8, "conjugate_isogenous_pairs": 12, "eigenvalues": [2.7965025958228793, -2.8206294860124395]}, "3": {"diameter": 5, "conjugate_isogenous_pairs": 16, "eigenvalues": [3.302959140683882, -3.386030243129888]}, "5": {"diameter": 4, "conjugate_isogenous_pairs": 14, "eigenvalues": [4.11312339551551, -4.385368492222315]}, "7": {"diameter": 4, "conjugate_isogenous_pairs": 10, "eigenvalues": [5.246288550424243, -5.16201032938576]}, "11": {"diameter": 3, "conjugate_isogenous_pairs": 29, "eigenvalues": [6.420100418913796, -5.93976035007653]}}}