{"prime": 11923, "nodes": 994, "minpoly": "x^2 + 11922*x + 5", "spine": 26, "undirected": false, "ell": {"2": {"diameter": 13, "conjugate_isogenous_pairs": 30, "eigenvalues": [2.8137900248831493, -2.8172865857705722]}, "3": {"diameter": 9, "conjugate_isogenous_pairs": 43, "eigenvalues": [3.454199355731755, -3.440161028759036]}, "5": {"diameter": 7, "conjugate_isogenous_pairs": 161, "eigenvalues": [4.458388452240324, -4.464568467775556]}, "7": {"diameter": 5, "conjugate_isogenous_pairs": 45, "eigenvalues": [5.241928741350339, -5.2834161588405335]}, "11": {"diameter": 4, "conjugate_isogenous_pairs": 78, "eigenvalues": [6.610703465178803, -6.59408642002422]}}}