{"prime": 27143, "nodes": 2263, "minpoly": "x^2 + 27141*x + 5", "spine": 117, "undirected": false, "ell": {"2": {"diameter": 15, "conjugate_isogenous_pairs": 24, "eigenvalues": [2.822658533073606, -2.8252765147300827]}, "3": {"diameter": 11, "conjugate_isogenous_pairs": 74, "eigenvalues": [3.445067768203335, -3.4511034742339923]}, "5": {"diameter": 7, "conjugate_isogenous_pairs": 75, "eigenvalues": [4.446178457566073, -4.453947018917227]}, "7": {"diameter": 6, "conjugate_isogenous_pairs": 109, "eigenvalues": [5.272779628460929, -5.269217399778869]}, "11": {"diameter": 5, "conjugate_isogenous_pairs": 46, "eigenvalues": [6.616082908235919, -6.551596100816784]}}}