{"prime": 11317, "nodes": 943, "minpoly": "x^2 + 11316*x + 2", "spine": 21, "undirected": true, "ell": {"2": {"diameter": 14, "conjugate_isogenous_pairs": 50, "eigenvalues": [2.808480227735151, -2.826101611208653]}, "3": {"diameter": 9, "conjugate_isogenous_pairs": 43, "eigenvalues": [3.4509044487175458, -3.4592947256524513]}, "5": {"diameter": 6, "conjugate_isogenous_pairs": 53, "eigenvalues": [4.43191052709292, -4.42013245086773]}, "7": {"diameter": 5, "conjugate_isogenous_pairs": 64, "eigenvalues": [5.258220669055049, -5.237796964755059]}, "11": {"diameter": 4, "conjugate_isogenous_pairs": 173, "eigenvalues": [6.580955318757969, -6.537305632105326]}}}