{"prime": 6301, "nodes": 525, "minpoly": "x^2 + 6297*x + 10", "spine": 21, "undirected": true, "ell": {"2": {"diameter": 12, "conjugate_isogenous_pairs": 17, "eigenvalues": [2.8085125370411084, -2.8242324899760898]}, "3": {"diameter": 8, "conjugate_isogenous_pairs": 48, "eigenvalues": [3.4488604749634417, -3.440307019473397]}, "5": {"diameter": 6, "conjugate_isogenous_pairs": 37, "eigenvalues": [4.451092987653683, -4.439130008000895]}, "7": {"diameter": 5, "conjugate_isogenous_pairs": 26, "eigenvalues": [5.24509201332543, -5.260872160450356]}, "11": {"diameter": 4, "conjugate_isogenous_pairs": 123, "eigenvalues": [6.423593040722729, -6.5625263086023855]}}}