{"prime": 1453, "nodes": 121, "minpoly": "x^2 + 1449*x + 2", "spine": 7, "undirected": true, "ell": {"2": {"diameter": 9, "conjugate_isogenous_pairs": 15, "eigenvalues": [2.7858848446613185, -2.777586991077298]}, "3": {"diameter": 6, "conjugate_isogenous_pairs": 26, "eigenvalues": [3.3520849616828383, -3.426568515483219]}, "5": {"diameter": 5, "conjugate_isogenous_pairs": 17, "eigenvalues": [4.258876558857515, -4.239801996448577]}, "7": {"diameter": 4, "conjugate_isogenous_pairs": 18, "eigenvalues": [5.034681513665086, -5.0704791515942675]}, "11": {"diameter": 3, "conjugate_isogenous_pairs": 27, "eigenvalues": [6.308593713847213, -6.515643444902068]}}}