{"prime": 29663, "nodes": 2473, "minpoly": "x^2 + 29661*x + 5", "spine": 151, "undirected": false, "ell": {"2": {"diameter": 15, "conjugate_isogenous_pairs": 29, "eigenvalues": [2.8271357607954046, -2.819813874384353]}, "3": {"diameter": 11, "conjugate_isogenous_pairs": 74, "eigenvalues": [3.456857704071459, -3.456435268350961]}, "5": {"diameter": 7, "conjugate_isogenous_pairs": 71, "eigenvalues": [4.447170824195396, -4.457583468981618]}, "7": {"diameter": 7, "conjugate_isogenous_pairs": 123, "eigenvalues": [5.273703872187059, -5.282263999402271]}, "11": {"diameter": 5, "conjugate_isogenous_pairs": 40, "eigenvalues": [6.5875405312224045, -6.619486392547092]}}}