{"prime": 21313, "nodes": 1776, "minpoly": "x^2 + 21312*x + 5", "spine": 40, "undirected": true, "ell": {"2": {"diameter": 15, "conjugate_isogenous_pairs": 64, "eigenvalues": [2.8210947142752674, -2.825103996169194]}, "3": {"diameter": 9, "conjugate_isogenous_pairs": 70, "eigenvalues": [3.4409129481956713, -3.456538221977401]}, "5": {"diameter": 6, "conjugate_isogenous_pairs": 61, "eigenvalues": [4.452044856096198, -4.448185804731914]}, "7": {"diameter": 6, "conjugate_isogenous_pairs": 116, "eigenvalues": [5.2533998804143325, -5.250958504685087]}, "11": {"diameter": 5, "conjugate_isogenous_pairs": 176, "eigenvalues": [6.617082028357042, -6.573086848799241]}}}