{"prime": 19709, "nodes": 1643, "minpoly": "x^2 + 19702*x + 2", "spine": 83, "undirected": false, "ell": {"2": {"diameter": 14, "conjugate_isogenous_pairs": 16, "eigenvalues": [2.819498145348442, -2.822458288144878]}, "3": {"diameter": 10, "conjugate_isogenous_pairs": 101, "eigenvalues": [3.461346780791599, -3.4555109912824182]}, "5": {"diameter": 7, "conjugate_isogenous_pairs": 39, "eigenvalues": [4.437078025853898, -4.439237533348282]}, "7": {"diameter": 6, "conjugate_isogenous_pairs": 72, "eigenvalues": [5.222934965169387, -5.279247662455286]}, "11": {"diameter": 5, "conjugate_isogenous_pairs": 110, "eigenvalues": [6.59221604582815, -6.609174978415785]}}}