{"prime": 29059, "nodes": 2422, "minpoly": "x^2 + 29054*x + 2", "spine": 82, "undirected": false, "ell": {"2": {"diameter": 15, "conjugate_isogenous_pairs": 35, "eigenvalues": [2.8183665711036925, -2.8262747417749736]}, "3": {"diameter": 9, "conjugate_isogenous_pairs": 42, "eigenvalues": [3.453538492882634, -3.435394999156269]}, "5": {"diameter": 7, "conjugate_isogenous_pairs": 234, "eigenvalues": [4.466101618032547, -4.449120618979434]}, "7": {"diameter": 6, "conjugate_isogenous_pairs": 41, "eigenvalues": [5.285854036599354, -5.279636565203266]}, "11": {"diameter": 5, "conjugate_isogenous_pairs": 134, "eigenvalues": [6.625069527263084, -6.612410945102022]}}}