{"prime": 1877, "nodes": 157, "minpoly": "x^2 + 1873*x + 2", "spine": 17, "undirected": false, "ell": {"2": {"diameter": 11, "conjugate_isogenous_pairs": 8, "eigenvalues": [2.746790493495763, -2.778462345912562]}, "3": {"diameter": 8, "conjugate_isogenous_pairs": 31, "eigenvalues": [3.434833350169986, -3.4596858066115086]}, "5": {"diameter": 5, "conjugate_isogenous_pairs": 15, "eigenvalues": [4.2855268236430595, -4.2033229511001995]}, "7": {"diameter": 4, "conjugate_isogenous_pairs": 35, "eigenvalues": [4.916324156154435, -5.042211200680417]}, "11": {"diameter": 4, "conjugate_isogenous_pairs": 25, "eigenvalues": [6.145998301342102, -6.494088236441453]}}}