{"prime": 7121, "nodes": 594, "minpoly": "x^2 + 7115*x + 3", "spine": 52, "undirected": false, "ell": {"2": {"diameter": 13, "conjugate_isogenous_pairs": 10, "eigenvalues": [2.826076279414397, -2.8199619150775104]}, "3": {"diameter": 9, "conjugate_isogenous_pairs": 25, "eigenvalues": [3.4607656825707585, -3.430529685451295]}, "5": {"diameter": 6, "conjugate_isogenous_pairs": 25, "eigenvalues": [4.435478723476698, -4.364196853000139]}, "7": {"diameter": 5, "conjugate_isogenous_pairs": 76, "eigenvalues": [5.281208280969897, -5.130387976079939]}, "11": {"diameter": 4, "conjugate_isogenous_pairs": 41, "eigenvalues": [6.433558327658178, -6.579315329851891]}}}