{"prime": 29567, "nodes": 2465, "minpoly": "x^2 + 29566*x + 5", "spine": 189, "undirected": false, "ell": {"2": {"diameter": 15, "conjugate_isogenous_pairs": 32, "eigenvalues": [2.82048934452292, -2.8260415530331833]}, "3": {"diameter": 10, "conjugate_isogenous_pairs": 43, "eigenvalues": [3.4558472577453827, -3.440893081906131]}, "5": {"diameter": 8, "conjugate_isogenous_pairs": 62, "eigenvalues": [4.463439265895733, -4.450204981945727]}, "7": {"diameter": 7, "conjugate_isogenous_pairs": 144, "eigenvalues": [5.221452611936891, -5.285119648336461]}, "11": {"diameter": 5, "conjugate_isogenous_pairs": 71, "eigenvalues": [6.60866902732103, -6.601306562378114]}}}