{"prime": 12641, "nodes": 1054, "minpoly": "x^2 + 12636*x + 3", "spine": 76, "undirected": false, "ell": {"2": {"diameter": 14, "conjugate_isogenous_pairs": 19, "eigenvalues": [2.815689971966994, -2.819563190162592]}, "3": {"diameter": 9, "conjugate_isogenous_pairs": 36, "eigenvalues": [3.4504029149811277, -3.446253122684174]}, "5": {"diameter": 6, "conjugate_isogenous_pairs": 27, "eigenvalues": [4.451510899214538, -4.437659038510248]}, "7": {"diameter": 6, "conjugate_isogenous_pairs": 97, "eigenvalues": [5.255536676883799, -5.265778818386377]}, "11": {"diameter": 5, "conjugate_isogenous_pairs": 76, "eigenvalues": [6.627582532489835, -6.518579759695967]}}}