{"prime": 523, "nodes": 44, "minpoly": "x^2 + 522*x + 2", "spine": 10, "undirected": false, "ell": {"2": {"diameter": 8, "conjugate_isogenous_pairs": 8, "eigenvalues": [2.758100252636856, -2.692062338865686]}, "3": {"diameter": 6, "conjugate_isogenous_pairs": 6, "eigenvalues": [3.3424418259837005, -3.3381016868315396]}, "5": {"diameter": 4, "conjugate_isogenous_pairs": 13, "eigenvalues": [4.409904047461032, -3.9622367978895743]}, "7": {"diameter": 3, "conjugate_isogenous_pairs": 4, "eigenvalues": [4.721417297365906, -5.038574393295185]}, "11": {"diameter": 3, "conjugate_isogenous_pairs": 9, "eigenvalues": [6.245540589283989, -5.6873879420156435]}}}