{"prime": 15773, "nodes": 1315, "minpoly": "x^2 + 15765*x + 2", "spine": 39, "undirected": false, "ell": {"2": {"diameter": 14, "conjugate_isogenous_pairs": 16, "eigenvalues": [2.8239815791183966, -2.8079385432516695]}, "3": {"diameter": 10, "conjugate_isogenous_pairs": 117, "eigenvalues": [3.4605753466603644, -3.453648250606746]}, "5": {"diameter": 7, "conjugate_isogenous_pairs": 44, "eigenvalues": [4.439346495211347, -4.44789877728706]}, "7": {"diameter": 6, "conjugate_isogenous_pairs": 113, "eigenvalues": [5.267542736609663, -5.287843179367914]}, "11": {"diameter": 5, "conjugate_isogenous_pairs": 79, "eigenvalues": [6.4679627197936025, -6.597389953352158]}}}