{"prime": 3847, "nodes": 321, "minpoly": "x^2 + 3845*x + 5", "spine": 23, "undirected": false, "ell": {"2": {"diameter": 11, "conjugate_isogenous_pairs": 17, "eigenvalues": [2.8073776924359866, -2.7994141675388975]}, "3": {"diameter": 8, "conjugate_isogenous_pairs": 30, "eigenvalues": [3.407652106566629, -3.4567288300929127]}, "5": {"diameter": 6, "conjugate_isogenous_pairs": 46, "eigenvalues": [4.350411596273783, -4.423348014755643]}, "7": {"diameter": 5, "conjugate_isogenous_pairs": 19, "eigenvalues": [5.150205360978622, -5.153843171920147]}, "11": {"diameter": 4, "conjugate_isogenous_pairs": 29, "eigenvalues": [6.55317197750953, -6.555938372333646]}}}