{"prime": 20353, "nodes": 1696, "minpoly": "x^2 + 20348*x + 5", "spine": 24, "undirected": true, "ell": {"2": {"diameter": 14, "conjugate_isogenous_pairs": 69, "eigenvalues": [2.8261595801692407, -2.80530401232434]}, "3": {"diameter": 9, "conjugate_isogenous_pairs": 58, "eigenvalues": [3.450320740926068, -3.4575769200391857]}, "5": {"diameter": 6, "conjugate_isogenous_pairs": 72, "eigenvalues": [4.441806979556817, -4.426923347512412]}, "7": {"diameter": 6, "conjugate_isogenous_pairs": 131, "eigenvalues": [5.281124548541077, -5.250189257093264]}, "11": {"diameter": 5, "conjugate_isogenous_pairs": 108, "eigenvalues": [6.607583452655189, -6.616045123254545]}}}