{"prime": 6361, "nodes": 530, "minpoly": "x^2 + 6358*x + 19", "spine": 26, "undirected": true, "ell": {"2": {"diameter": 12, "conjugate_isogenous_pairs": 23, "eigenvalues": [2.825546934767083, -2.806721065266787]}, "3": {"diameter": 8, "conjugate_isogenous_pairs": 20, "eigenvalues": [3.4358709055974823, -3.4160121353308672]}, "5": {"diameter": 6, "conjugate_isogenous_pairs": 34, "eigenvalues": [4.410667657586261, -4.416458792224534]}, "7": {"diameter": 5, "conjugate_isogenous_pairs": 52, "eigenvalues": [5.241964950452742, -5.2254309704865225]}, "11": {"diameter": 4, "conjugate_isogenous_pairs": 117, "eigenvalues": [6.5376411889316834, -6.623477553494311]}}}