{"prime": 13417, "nodes": 1118, "minpoly": "x^2 + 13416*x + 5", "spine": 34, "undirected": true, "ell": {"2": {"diameter": 13, "conjugate_isogenous_pairs": 52, "eigenvalues": [2.8144519464881466, -2.824417205519525]}, "3": {"diameter": 9, "conjugate_isogenous_pairs": 50, "eigenvalues": [3.4181331444524092, -3.4359213656971206]}, "5": {"diameter": 6, "conjugate_isogenous_pairs": 62, "eigenvalues": [4.435626042689469, -4.429152044475409]}, "7": {"diameter": 5, "conjugate_isogenous_pairs": 68, "eigenvalues": [5.290921823958123, -5.215018577489261]}, "11": {"diameter": 4, "conjugate_isogenous_pairs": 99, "eigenvalues": [6.553114283120474, -6.603978211360805]}}}