{"prime": 22963, "nodes": 1914, "minpoly": "x^2 + 22962*x + 3", "spine": 42, "undirected": false, "ell": {"2": {"diameter": 15, "conjugate_isogenous_pairs": 79, "eigenvalues": [2.825521669587916, -2.827257107916606]}, "3": {"diameter": 9, "conjugate_isogenous_pairs": 42, "eigenvalues": [3.448090088676235, -3.4534029206179016]}, "5": {"diameter": 7, "conjugate_isogenous_pairs": 174, "eigenvalues": [4.448433581109112, -4.445960702191994]}, "7": {"diameter": 6, "conjugate_isogenous_pairs": 56, "eigenvalues": [5.243480165912126, -5.269051444224234]}, "11": {"diameter": 5, "conjugate_isogenous_pairs": 100, "eigenvalues": [6.626706032329094, -6.605728053549727]}}}