{"prime": 12823, "nodes": 1069, "minpoly": "x^2 + 12821*x + 3", "spine": 47, "undirected": false, "ell": {"2": {"diameter": 14, "conjugate_isogenous_pairs": 50, "eigenvalues": [2.8234862949599084, -2.8236803984586962]}, "3": {"diameter": 9, "conjugate_isogenous_pairs": 39, "eigenvalues": [3.426850952448022, -3.436623701793144]}, "5": {"diameter": 6, "conjugate_isogenous_pairs": 84, "eigenvalues": [4.4077002134239205, -4.445328496367371]}, "7": {"diameter": 6, "conjugate_isogenous_pairs": 46, "eigenvalues": [5.280323336065664, -5.255865058099241]}, "11": {"diameter": 4, "conjugate_isogenous_pairs": 79, "eigenvalues": [6.623552939647952, -6.599488410146481]}}}