{"prime": 3943, "nodes": 329, "minpoly": "x^2 + 3941*x + 3", "spine": 27, "undirected": false, "ell": {"2": {"diameter": 11, "conjugate_isogenous_pairs": 21, "eigenvalues": [2.7737476102143743, -2.807325006499505]}, "3": {"diameter": 7, "conjugate_isogenous_pairs": 21, "eigenvalues": [3.361965946582752, -3.430816318616673]}, "5": {"diameter": 6, "conjugate_isogenous_pairs": 36, "eigenvalues": [4.336842655365383, -4.352425191528814]}, "7": {"diameter": 5, "conjugate_isogenous_pairs": 23, "eigenvalues": [5.067673054704396, -5.253186779683958]}, "11": {"diameter": 4, "conjugate_isogenous_pairs": 26, "eigenvalues": [6.533525916710418, -6.59174227147789]}}}