{"prime": 9103, "nodes": 759, "minpoly": "x^2 + 9100*x + 6", "spine": 57, "undirected": false, "ell": {"2": {"diameter": 13, "conjugate_isogenous_pairs": 33, "eigenvalues": [2.812861199378371, -2.8191995644900727]}, "3": {"diameter": 9, "conjugate_isogenous_pairs": 25, "eigenvalues": [3.4340023235276482, -3.4320236563438384]}, "5": {"diameter": 6, "conjugate_isogenous_pairs": 48, "eigenvalues": [4.437779944518642, -4.421154015666395]}, "7": {"diameter": 5, "conjugate_isogenous_pairs": 27, "eigenvalues": [5.246775301116421, -5.232736455008904]}, "11": {"diameter": 4, "conjugate_isogenous_pairs": 74, "eigenvalues": [6.538605563753968, -6.56995464075446]}}}