{"prime": 15919, "nodes": 1327, "minpoly": "x^2 + 15915*x + 6", "spine": 51, "undirected": false, "ell": {"2": {"diameter": 14, "conjugate_isogenous_pairs": 29, "eigenvalues": [2.827244957696486, -2.8244523829538553]}, "3": {"diameter": 9, "conjugate_isogenous_pairs": 43, "eigenvalues": [3.4308969591662386, -3.4493958414203196]}, "5": {"diameter": 6, "conjugate_isogenous_pairs": 110, "eigenvalues": [4.425322007995446, -4.452794634570237]}, "7": {"diameter": 6, "conjugate_isogenous_pairs": 40, "eigenvalues": [5.262114012947269, -5.213127775173481]}, "11": {"diameter": 5, "conjugate_isogenous_pairs": 125, "eigenvalues": [6.538410422173653, -6.5856709034000875]}}}