{"prime": 5081, "nodes": 424, "minpoly": "x^2 + 5070*x + 3", "spine": 58, "undirected": false, "ell": {"2": {"diameter": 12, "conjugate_isogenous_pairs": 9, "eigenvalues": [2.8150676585693013, -2.8269604942564657]}, "3": {"diameter": 9, "conjugate_isogenous_pairs": 16, "eigenvalues": [3.453220992665233, -3.441796591701669]}, "5": {"diameter": 6, "conjugate_isogenous_pairs": 14, "eigenvalues": [4.438192590384978, -4.443290288514876]}, "7": {"diameter": 5, "conjugate_isogenous_pairs": 65, "eigenvalues": [5.214686038815867, -5.263811751935958]}, "11": {"diameter": 4, "conjugate_isogenous_pairs": 54, "eigenvalues": [6.578244697393309, -6.430379099383739]}}}