{"prime": 10639, "nodes": 887, "minpoly": "x^2 + 10635*x + 6", "spine": 75, "undirected": false, "ell": {"2": {"diameter": 14, "conjugate_isogenous_pairs": 26, "eigenvalues": [2.8237888178636634, -2.816570424671905]}, "3": {"diameter": 9, "conjugate_isogenous_pairs": 17, "eigenvalues": [3.4476088455385723, -3.4573789129871835]}, "5": {"diameter": 7, "conjugate_isogenous_pairs": 88, "eigenvalues": [4.46052333738248, -4.452937036710318]}, "7": {"diameter": 5, "conjugate_isogenous_pairs": 26, "eigenvalues": [5.238267652241447, -5.29035446495898]}, "11": {"diameter": 4, "conjugate_isogenous_pairs": 120, "eigenvalues": [6.525727592093354, -6.593900284049941]}}}