{"prime": 12923, "nodes": 1078, "minpoly": "x^2 + 12919*x + 2", "spine": 62, "undirected": false, "ell": {"2": {"diameter": 14, "conjugate_isogenous_pairs": 21, "eigenvalues": [2.8141612500091795, -2.8142280690929633]}, "3": {"diameter": 9, "conjugate_isogenous_pairs": 51, "eigenvalues": [3.445897106830217, -3.4489842105637027]}, "5": {"diameter": 7, "conjugate_isogenous_pairs": 61, "eigenvalues": [4.459668082525453, -4.46044833602184]}, "7": {"diameter": 6, "conjugate_isogenous_pairs": 100, "eigenvalues": [5.231033068892079, -5.26182535956973]}, "11": {"diameter": 5, "conjugate_isogenous_pairs": 32, "eigenvalues": [6.589404800170711, -6.540533929197639]}}}