{"prime": 19489, "nodes": 1624, "minpoly": "x^2 + 19484*x + 19", "spine": 42, "undirected": true, "ell": {"2": {"diameter": 14, "conjugate_isogenous_pairs": 31, "eigenvalues": [2.8234108228507977, -2.809581522982021]}, "3": {"diameter": 9, "conjugate_isogenous_pairs": 51, "eigenvalues": [3.4627233417811394, -3.4535596276990357]}, "5": {"diameter": 7, "conjugate_isogenous_pairs": 113, "eigenvalues": [4.415232782893452, -4.431017858609102]}, "7": {"diameter": 5, "conjugate_isogenous_pairs": 98, "eigenvalues": [5.242657124287138, -5.281493945746004]}, "11": {"diameter": 5, "conjugate_isogenous_pairs": 183, "eigenvalues": [6.569455667807574, -6.597384779444318]}}}