{"prime": 11423, "nodes": 953, "minpoly": "x^2 + 11421*x + 5", "spine": 107, "undirected": false, "ell": {"2": {"diameter": 14, "conjugate_isogenous_pairs": 30, "eigenvalues": [2.8270311574523754, -2.8153693679574054]}, "3": {"diameter": 9, "conjugate_isogenous_pairs": 34, "eigenvalues": [3.4474344938155665, -3.4454758505921776]}, "5": {"diameter": 7, "conjugate_isogenous_pairs": 24, "eigenvalues": [4.459980882000774, -4.412841874779997]}, "7": {"diameter": 6, "conjugate_isogenous_pairs": 63, "eigenvalues": [5.267350958521023, -5.247374334372175]}, "11": {"diameter": 5, "conjugate_isogenous_pairs": 30, "eigenvalues": [6.46732770051475, -6.583865979849298]}}}