{"prime": 263, "nodes": 23, "minpoly": "x^2 + 261*x + 5", "spine": 13, "undirected": false, "ell": {"2": {"diameter": 6, "conjugate_isogenous_pairs": 2, "eigenvalues": [2.502631855058624, -2.570767676003486]}, "3": {"diameter": 5, "conjugate_isogenous_pairs": 4, "eigenvalues": [3.2742294948876314, -3.2196338571930494]}, "5": {"diameter": 4, "conjugate_isogenous_pairs": 3, "eigenvalues": [4.174801364543374, -4.204946983457739]}, "7": {"diameter": 4, "conjugate_isogenous_pairs": 4, "eigenvalues": [5.02772295564002, -4.953509858882215]}, "11": {"diameter": 3, "conjugate_isogenous_pairs": 1, "eigenvalues": [6.018041147881729, -6.170911207175329]}}}