{"prime": 3041, "nodes": 254, "minpoly": "x^2 + 3030*x + 3", "spine": 42, "undirected": false, "ell": {"2": {"diameter": 11, "conjugate_isogenous_pairs": 10, "eigenvalues": [2.8055259685196345, -2.819966191006901]}, "3": {"diameter": 7, "conjugate_isogenous_pairs": 17, "eigenvalues": [3.4302263647088296, -3.4110082640480686]}, "5": {"diameter": 5, "conjugate_isogenous_pairs": 10, "eigenvalues": [4.427348424811516, -4.379646649527223]}, "7": {"diameter": 5, "conjugate_isogenous_pairs": 46, "eigenvalues": [5.193309809119882, -5.179932742505294]}, "11": {"diameter": 4, "conjugate_isogenous_pairs": 22, "eigenvalues": [6.597746863435159, -6.475085812610486]}}}