{"prime": 27541, "nodes": 2295, "minpoly": "x^2 + 27539*x + 19", "spine": 69, "undirected": true, "ell": {"2": {"diameter": 15, "conjugate_isogenous_pairs": 59, "eigenvalues": [2.821986759380153, -2.8250974534059328]}, "3": {"diameter": 10, "conjugate_isogenous_pairs": 57, "eigenvalues": [3.459056882541391, -3.4528896243626424]}, "5": {"diameter": 7, "conjugate_isogenous_pairs": 98, "eigenvalues": [4.4678153436318135, -4.45904843311727]}, "7": {"diameter": 6, "conjugate_isogenous_pairs": 63, "eigenvalues": [5.270904887095859, -5.235977669330503]}, "11": {"diameter": 5, "conjugate_isogenous_pairs": 323, "eigenvalues": [6.594507652758433, -6.588380567913214]}}}