{"prime": 2963, "nodes": 248, "minpoly": "x^2 + 2959*x + 2", "spine": 26, "undirected": false, "ell": {"2": {"diameter": 12, "conjugate_isogenous_pairs": 7, "eigenvalues": [2.8062938217478264, -2.8111766128328726]}, "3": {"diameter": 8, "conjugate_isogenous_pairs": 23, "eigenvalues": [3.414583347582333, -3.378537599715628]}, "5": {"diameter": 6, "conjugate_isogenous_pairs": 27, "eigenvalues": [4.344398117406646, -4.429520574264792]}, "7": {"diameter": 5, "conjugate_isogenous_pairs": 42, "eigenvalues": [5.246245682002356, -5.22912310406316]}, "11": {"diameter": 4, "conjugate_isogenous_pairs": 15, "eigenvalues": [6.5792038165920985, -6.486159999401737]}}}