{"prime": 27109, "nodes": 2259, "minpoly": "x^2 + 27103*x + 7", "spine": 65, "undirected": true, "ell": {"2": {"diameter": 15, "conjugate_isogenous_pairs": 51, "eigenvalues": [2.8206004220504552, -2.8259384013929907]}, "3": {"diameter": 9, "conjugate_isogenous_pairs": 54, "eigenvalues": [3.4513879699167296, -3.46035741667812]}, "5": {"diameter": 7, "conjugate_isogenous_pairs": 67, "eigenvalues": [4.426688630587106, -4.452803322796681]}, "7": {"diameter": 6, "conjugate_isogenous_pairs": 59, "eigenvalues": [5.2697411421126885, -5.251602641344483]}, "11": {"diameter": 5, "conjugate_isogenous_pairs": 335, "eigenvalues": [6.619205393895088, -6.57164128803397]}}}