{"prime": 11677, "nodes": 973, "minpoly": "x^2 + 11673*x + 2", "spine": 19, "undirected": true, "ell": {"2": {"diameter": 13, "conjugate_isogenous_pairs": 41, "eigenvalues": [2.8061489597479525, -2.819086768230997]}, "3": {"diameter": 9, "conjugate_isogenous_pairs": 93, "eigenvalues": [3.4463214420239208, -3.4625617941190727]}, "5": {"diameter": 6, "conjugate_isogenous_pairs": 69, "eigenvalues": [4.443309050008733, -4.3991133600352805]}, "7": {"diameter": 5, "conjugate_isogenous_pairs": 46, "eigenvalues": [5.195167371308045, -5.233156474860634]}, "11": {"diameter": 5, "conjugate_isogenous_pairs": 92, "eigenvalues": [6.589642323446072, -6.622725802280841]}}}