{"prime": 19813, "nodes": 1651, "minpoly": "x^2 + 19812*x + 2", "spine": 49, "undirected": true, "ell": {"2": {"diameter": 14, "conjugate_isogenous_pairs": 56, "eigenvalues": [2.824476964624315, -2.8197914332823215]}, "3": {"diameter": 9, "conjugate_isogenous_pairs": 84, "eigenvalues": [3.454562249607625, -3.436385388884267]}, "5": {"diameter": 7, "conjugate_isogenous_pairs": 66, "eigenvalues": [4.442268582875828, -4.449363531162565]}, "7": {"diameter": 5, "conjugate_isogenous_pairs": 51, "eigenvalues": [5.281240496069465, -5.237605679135807]}, "11": {"diameter": 5, "conjugate_isogenous_pairs": 167, "eigenvalues": [6.592307750555202, -6.489709242548596]}}}