{"prime": 16349, "nodes": 1363, "minpoly": "x^2 + 16345*x + 2", "spine": 59, "undirected": false, "ell": {"2": {"diameter": 14, "conjugate_isogenous_pairs": 22, "eigenvalues": [2.8240496130880426, -2.821254499319583]}, "3": {"diameter": 10, "conjugate_isogenous_pairs": 62, "eigenvalues": [3.456192542726705, -3.451923299187975]}, "5": {"diameter": 7, "conjugate_isogenous_pairs": 43, "eigenvalues": [4.457447806576477, -4.452682907960184]}, "7": {"diameter": 6, "conjugate_isogenous_pairs": 104, "eigenvalues": [5.259084696579404, -5.264672216937161]}, "11": {"diameter": 5, "conjugate_isogenous_pairs": 87, "eigenvalues": [6.6015163933929815, -6.6068344141837505]}}}