{"prime": 20899, "nodes": 1742, "minpoly": "x^2 + 20895*x + 2", "spine": 46, "undirected": false, "ell": {"2": {"diameter": 15, "conjugate_isogenous_pairs": 34, "eigenvalues": [2.827900646012445, -2.827175548496007]}, "3": {"diameter": 9, "conjugate_isogenous_pairs": 46, "eigenvalues": [3.4426211766901664, -3.448462817421677]}, "5": {"diameter": 7, "conjugate_isogenous_pairs": 205, "eigenvalues": [4.462736485751149, -4.452234395158384]}, "7": {"diameter": 6, "conjugate_isogenous_pairs": 41, "eigenvalues": [5.290044053673755, -5.249677660311626]}, "11": {"diameter": 5, "conjugate_isogenous_pairs": 151, "eigenvalues": [6.6176805892374295, -6.611712299949862]}}}