{"prime": 12619, "nodes": 1052, "minpoly": "x^2 + 12618*x + 2", "spine": 66, "undirected": false, "ell": {"2": {"diameter": 14, "conjugate_isogenous_pairs": 29, "eigenvalues": [2.825848861792275, -2.806292306533459]}, "3": {"diameter": 9, "conjugate_isogenous_pairs": 24, "eigenvalues": [3.444721473931948, -3.454773753118893]}, "5": {"diameter": 7, "conjugate_isogenous_pairs": 112, "eigenvalues": [4.437162933256349, -4.452845431394574]}, "7": {"diameter": 5, "conjugate_isogenous_pairs": 25, "eigenvalues": [5.235387669681699, -5.2752783672530645]}, "11": {"diameter": 4, "conjugate_isogenous_pairs": 104, "eigenvalues": [6.585903389421393, -6.5244226317639455]}}}