{"prime": 20717, "nodes": 1727, "minpoly": "x^2 + 20713*x + 2", "spine": 35, "undirected": false, "ell": {"2": {"diameter": 14, "conjugate_isogenous_pairs": 28, "eigenvalues": [2.8165471942447997, -2.817512289282565]}, "3": {"diameter": 10, "conjugate_isogenous_pairs": 120, "eigenvalues": [3.458352030172073, -3.4464645786439143]}, "5": {"diameter": 7, "conjugate_isogenous_pairs": 41, "eigenvalues": [4.430648201189308, -4.4163990520108145]}, "7": {"diameter": 6, "conjugate_isogenous_pairs": 166, "eigenvalues": [5.264688259331483, -5.283034336353615]}, "11": {"diameter": 5, "conjugate_isogenous_pairs": 103, "eigenvalues": [6.6151386827075775, -6.554378895103835]}}}