{"prime": 10103, "nodes": 843, "minpoly": "x^2 + 10102*x + 5", "spine": 51, "undirected": false, "ell": {"2": {"diameter": 14, "conjugate_isogenous_pairs": 18, "eigenvalues": [2.8218298741546723, -2.811546578295032]}, "3": {"diameter": 9, "conjugate_isogenous_pairs": 37, "eigenvalues": [3.4601164458140232, -3.4300135614008975]}, "5": {"diameter": 6, "conjugate_isogenous_pairs": 46, "eigenvalues": [4.429301538703881, -4.3968922793573215]}, "7": {"diameter": 6, "conjugate_isogenous_pairs": 98, "eigenvalues": [5.192620670687497, -5.237534389482519]}, "11": {"diameter": 5, "conjugate_isogenous_pairs": 34, "eigenvalues": [6.535554749061482, -6.556423278315118]}}}