{"prime": 13577, "nodes": 1132, "minpoly": "x^2 + 13572*x + 3", "spine": 36, "undirected": false, "ell": {"2": {"diameter": 14, "conjugate_isogenous_pairs": 27, "eigenvalues": [2.822882661140663, -2.8160780556952165]}, "3": {"diameter": 9, "conjugate_isogenous_pairs": 51, "eigenvalues": [3.4610485858047375, -3.4374882422972837]}, "5": {"diameter": 7, "conjugate_isogenous_pairs": 30, "eigenvalues": [4.455180896734098, -4.453494389658534]}, "7": {"diameter": 6, "conjugate_isogenous_pairs": 195, "eigenvalues": [5.24196864546534, -5.271427852997827]}, "11": {"diameter": 5, "conjugate_isogenous_pairs": 42, "eigenvalues": [6.55381659671293, -6.5390182386233]}}}