{"prime": 19237, "nodes": 1603, "minpoly": "x^2 + 19233*x + 2", "spine": 21, "undirected": true, "ell": {"2": {"diameter": 14, "conjugate_isogenous_pairs": 53, "eigenvalues": [2.82180333634092, -2.822565373434623]}, "3": {"diameter": 9, "conjugate_isogenous_pairs": 120, "eigenvalues": [3.46371048492722, -3.4595343065659736]}, "5": {"diameter": 6, "conjugate_isogenous_pairs": 82, "eigenvalues": [4.436716236392383, -4.418948175185508]}, "7": {"diameter": 6, "conjugate_isogenous_pairs": 65, "eigenvalues": [5.172846161216802, -5.281766170109966]}, "11": {"diameter": 5, "conjugate_isogenous_pairs": 130, "eigenvalues": [6.628007786488797, -6.6125317747750785]}}}