{"prime": 12671, "nodes": 1057, "minpoly": "x^2 + 12666*x + 14", "spine": 131, "undirected": false, "ell": {"2": {"diameter": 14, "conjugate_isogenous_pairs": 11, "eigenvalues": [2.821844731717068, -2.823007735893376]}, "3": {"diameter": 10, "conjugate_isogenous_pairs": 37, "eigenvalues": [3.45011710463899, -3.4394577743862556]}, "5": {"diameter": 7, "conjugate_isogenous_pairs": 40, "eigenvalues": [4.454704575935067, -4.462159511065551]}, "7": {"diameter": 6, "conjugate_isogenous_pairs": 43, "eigenvalues": [5.291018497138306, -5.253562832736057]}, "11": {"diameter": 5, "conjugate_isogenous_pairs": 43, "eigenvalues": [6.5638572907918595, -6.535122347869728]}}}