{"prime": 29633, "nodes": 2470, "minpoly": "x^2 + 29632*x + 3", "spine": 70, "undirected": false, "ell": {"2": {"diameter": 15, "conjugate_isogenous_pairs": 29, "eigenvalues": [2.8235454807897518, -2.8210071127862006]}, "3": {"diameter": 10, "conjugate_isogenous_pairs": 86, "eigenvalues": [3.4463822571868334, -3.46190945917064]}, "5": {"diameter": 7, "conjugate_isogenous_pairs": 68, "eigenvalues": [4.459823152527883, -4.456374659641852]}, "7": {"diameter": 6, "conjugate_isogenous_pairs": 273, "eigenvalues": [5.27059489963537, -5.280456902023828]}, "11": {"diameter": 5, "conjugate_isogenous_pairs": 70, "eigenvalues": [6.591281436922318, -6.594533646931104]}}}