{"prime": 27427, "nodes": 2286, "minpoly": "x^2 + 27426*x + 5", "spine": 42, "undirected": false, "ell": {"2": {"diameter": 15, "conjugate_isogenous_pairs": 68, "eigenvalues": [2.828170104190012, -2.825559866748331]}, "3": {"diameter": 9, "conjugate_isogenous_pairs": 70, "eigenvalues": [3.4455180412075768, -3.453590817182313]}, "5": {"diameter": 7, "conjugate_isogenous_pairs": 198, "eigenvalues": [4.453320802779626, -4.4611230785354286]}, "7": {"diameter": 6, "conjugate_isogenous_pairs": 73, "eigenvalues": [5.274534204025221, -5.270273128644771]}, "11": {"diameter": 5, "conjugate_isogenous_pairs": 83, "eigenvalues": [6.608324538073246, -6.577672800286038]}}}