{"prime": 15091, "nodes": 1258, "minpoly": "x^2 + 15087*x + 2", "spine": 38, "undirected": false, "ell": {"2": {"diameter": 14, "conjugate_isogenous_pairs": 41, "eigenvalues": [2.8096301365925886, -2.8225643110299226]}, "3": {"diameter": 9, "conjugate_isogenous_pairs": 26, "eigenvalues": [3.445876992447099, -3.461540305600733]}, "5": {"diameter": 7, "conjugate_isogenous_pairs": 135, "eigenvalues": [4.459823197723723, -4.439778512660522]}, "7": {"diameter": 5, "conjugate_isogenous_pairs": 32, "eigenvalues": [5.218490803501332, -5.136077299939112]}, "11": {"diameter": 5, "conjugate_isogenous_pairs": 153, "eigenvalues": [6.555697013734017, -6.623980826514164]}}}