{"prime": 25759, "nodes": 2147, "minpoly": "x^2 + 25758*x + 3", "spine": 135, "undirected": false, "ell": {"2": {"diameter": 15, "conjugate_isogenous_pairs": 46, "eigenvalues": [2.8243673995874667, -2.819150307223984]}, "3": {"diameter": 10, "conjugate_isogenous_pairs": 25, "eigenvalues": [3.4565727888983124, -3.4508591054658178]}, "5": {"diameter": 7, "conjugate_isogenous_pairs": 105, "eigenvalues": [4.462382876762361, -4.457933321502114]}, "7": {"diameter": 6, "conjugate_isogenous_pairs": 40, "eigenvalues": [5.251417666700062, -5.276606808555447]}, "11": {"diameter": 5, "conjugate_isogenous_pairs": 184, "eigenvalues": [6.5782406714537895, -6.611364679673536]}}}