{"prime": 7589, "nodes": 633, "minpoly": "x^2 + 7585*x + 2", "spine": 61, "undirected": false, "ell": {"2": {"diameter": 13, "conjugate_isogenous_pairs": 8, "eigenvalues": [2.814225804235312, -2.8165129336663277]}, "3": {"diameter": 9, "conjugate_isogenous_pairs": 57, "eigenvalues": [3.458518198529051, -3.420351917158521]}, "5": {"diameter": 6, "conjugate_isogenous_pairs": 28, "eigenvalues": [4.448753449155993, -4.410234919321423]}, "7": {"diameter": 5, "conjugate_isogenous_pairs": 54, "eigenvalues": [5.276989380014949, -5.189104878404301]}, "11": {"diameter": 4, "conjugate_isogenous_pairs": 54, "eigenvalues": [6.506505621813526, -6.498705508186636]}}}