{"prime": 10039, "nodes": 837, "minpoly": "x^2 + 10038*x + 3", "spine": 69, "undirected": false, "ell": {"2": {"diameter": 14, "conjugate_isogenous_pairs": 26, "eigenvalues": [2.823805162995799, -2.8178044483437543]}, "3": {"diameter": 9, "conjugate_isogenous_pairs": 31, "eigenvalues": [3.4569607385665355, -3.424360848032731]}, "5": {"diameter": 6, "conjugate_isogenous_pairs": 64, "eigenvalues": [4.3920822344388535, -4.410208485401699]}, "7": {"diameter": 5, "conjugate_isogenous_pairs": 20, "eigenvalues": [5.27120400905448, -5.142622144723459]}, "11": {"diameter": 4, "conjugate_isogenous_pairs": 75, "eigenvalues": [6.480565557852666, -6.320708936176654]}}}