{"prime": 97, "nodes": 8, "minpoly": "x^2 + 96*x + 5", "spine": 2, "undirected": true, "ell": {"2": {"diameter": 4, "conjugate_isogenous_pairs": 3, "eigenvalues": [2.508481199180673, -2.801937735804835]}, "3": {"diameter": 2, "conjugate_isogenous_pairs": 3, "eigenvalues": [2.1438644257528567, -2.8019377358048363]}, "5": {"diameter": 2, "conjugate_isogenous_pairs": 3, "eigenvalues": [2.362339832857439, -4.048917339522305]}, "7": {"diameter": 2, "conjugate_isogenous_pairs": 3, "eigenvalues": [3.064927896613575, -3.8019377358048403]}, "11": {"diameter": 2, "conjugate_isogenous_pairs": 3, "eigenvalues": [5.393783011440124, -3.801937735804843]}}}