{"prime": 19427, "nodes": 1620, "minpoly": "x^2 + 19423*x + 2", "spine": 54, "undirected": false, "ell": {"2": {"diameter": 15, "conjugate_isogenous_pairs": 38, "eigenvalues": [2.8142818810831076, -2.8168492120778734]}, "3": {"diameter": 10, "conjugate_isogenous_pairs": 47, "eigenvalues": [3.4531602400966297, -3.4297356023195076]}, "5": {"diameter": 7, "conjugate_isogenous_pairs": 63, "eigenvalues": [4.436399280155682, -4.444052504161909]}, "7": {"diameter": 6, "conjugate_isogenous_pairs": 101, "eigenvalues": [5.249382280152407, -5.205153953949718]}, "11": {"diameter": 5, "conjugate_isogenous_pairs": 40, "eigenvalues": [6.6014460299367945, -6.592829652283637]}}}