{"prime": 3769, "nodes": 314, "minpoly": "x^2 + 3751*x + 7", "spine": 24, "undirected": true, "ell": {"2": {"diameter": 12, "conjugate_isogenous_pairs": 14, "eigenvalues": [2.8089125589890975, -2.8075626882383546]}, "3": {"diameter": 7, "conjugate_isogenous_pairs": 23, "eigenvalues": [3.416797524871485, -3.4595929143430584]}, "5": {"diameter": 6, "conjugate_isogenous_pairs": 25, "eigenvalues": [4.406219839121859, -4.419261212973246]}, "7": {"diameter": 4, "conjugate_isogenous_pairs": 24, "eigenvalues": [5.191437791597389, -5.082970751586295]}, "11": {"diameter": 4, "conjugate_isogenous_pairs": 70, "eigenvalues": [6.519271389385578, -6.387468941996354]}}}