{"prime": 26399, "nodes": 2201, "minpoly": "x^2 + 26390*x + 7", "spine": 205, "undirected": false, "ell": {"2": {"diameter": 15, "conjugate_isogenous_pairs": 15, "eigenvalues": [2.8223536563867473, -2.8270837040842784]}, "3": {"diameter": 11, "conjugate_isogenous_pairs": 45, "eigenvalues": [3.4618254214191477, -3.439427326458347]}, "5": {"diameter": 7, "conjugate_isogenous_pairs": 75, "eigenvalues": [4.453884929779514, -4.442018412087219]}, "7": {"diameter": 6, "conjugate_isogenous_pairs": 71, "eigenvalues": [5.264419781176994, -5.280803343148311]}, "11": {"diameter": 5, "conjugate_isogenous_pairs": 54, "eigenvalues": [6.564826416577694, -6.616288171828366]}}}