{"prime": 23371, "nodes": 1948, "minpoly": "x^2 + 23370*x + 2", "spine": 74, "undirected": false, "ell": {"2": {"diameter": 15, "conjugate_isogenous_pairs": 51, "eigenvalues": [2.8260245598584155, -2.8254697486848004]}, "3": {"diameter": 9, "conjugate_isogenous_pairs": 30, "eigenvalues": [3.4518954111976035, -3.4563242922990414]}, "5": {"diameter": 7, "conjugate_isogenous_pairs": 128, "eigenvalues": [4.438167239118734, -4.457754970357191]}, "7": {"diameter": 6, "conjugate_isogenous_pairs": 26, "eigenvalues": [5.267337147033687, -5.257774711558936]}, "11": {"diameter": 5, "conjugate_isogenous_pairs": 168, "eigenvalues": [6.580874619026454, -6.601643916654906]}}}