{"prime": 5023, "nodes": 419, "minpoly": "x^2 + 5022*x + 3", "spine": 25, "undirected": false, "ell": {"2": {"diameter": 12, "conjugate_isogenous_pairs": 26, "eigenvalues": [2.823381428264439, -2.8186655962573313]}, "3": {"diameter": 8, "conjugate_isogenous_pairs": 28, "eigenvalues": [3.461508666785013, -3.3790243849443766]}, "5": {"diameter": 6, "conjugate_isogenous_pairs": 62, "eigenvalues": [4.422314570110883, -4.391343736786666]}, "7": {"diameter": 5, "conjugate_isogenous_pairs": 29, "eigenvalues": [5.245680326347236, -5.195237021725684]}, "11": {"diameter": 4, "conjugate_isogenous_pairs": 36, "eigenvalues": [6.38569727918872, -6.6243228168961314]}}}