{"prime": 23741, "nodes": 1979, "minpoly": "x^2 + 23737*x + 2", "spine": 99, "undirected": false, "ell": {"2": {"diameter": 15, "conjugate_isogenous_pairs": 22, "eigenvalues": [2.8250052443944664, -2.825205093086881]}, "3": {"diameter": 10, "conjugate_isogenous_pairs": 70, "eigenvalues": [3.463133235992169, -3.4528820199127614]}, "5": {"diameter": 7, "conjugate_isogenous_pairs": 43, "eigenvalues": [4.470450997240864, -4.4514597099517115]}, "7": {"diameter": 6, "conjugate_isogenous_pairs": 80, "eigenvalues": [5.228359949519404, -5.232874580474356]}, "11": {"diameter": 5, "conjugate_isogenous_pairs": 99, "eigenvalues": [6.62583120056654, -6.550078654196306]}}}