{"prime": 24611, "nodes": 2052, "minpoly": "x^2 + 24607*x + 13", "spine": 90, "undirected": false, "ell": {"2": {"diameter": 15, "conjugate_isogenous_pairs": 30, "eigenvalues": [2.8213614266969262, -2.824764870447548]}, "3": {"diameter": 10, "conjugate_isogenous_pairs": 32, "eigenvalues": [3.4585664198078305, -3.446810691908607]}, "5": {"diameter": 7, "conjugate_isogenous_pairs": 74, "eigenvalues": [4.470284757360753, -4.462543022189776]}, "7": {"diameter": 6, "conjugate_isogenous_pairs": 100, "eigenvalues": [5.288371637537114, -5.2822390097128675]}, "11": {"diameter": 5, "conjugate_isogenous_pairs": 110, "eigenvalues": [6.554584097978074, -6.570592166716727]}}}