{"prime": 107, "nodes": 10, "minpoly": "x^2 + 103*x + 2", "spine": 6, "undirected": false, "ell": {"2": {"diameter": 5, "conjugate_isogenous_pairs": 1, "eigenvalues": [2.217605006610794, -2.5105039342448836]}, "3": {"diameter": 4, "conjugate_isogenous_pairs": 2, "eigenvalues": [3.06691055408358, -2.6180339887498905]}, "5": {"diameter": 3, "conjugate_isogenous_pairs": 2, "eigenvalues": [4.319853835433381, -3.1037403583514616]}, "7": {"diameter": 3, "conjugate_isogenous_pairs": 2, "eigenvalues": [4.456909933512908, -4.906388392843062]}, "11": {"diameter": 2, "conjugate_isogenous_pairs": 1, "eigenvalues": [5.346447390478104, -4.484215286648571]}}}