{"prime": 12049, "nodes": 1004, "minpoly": "x^2 + 12040*x + 13", "spine": 28, "undirected": true, "ell": {"2": {"diameter": 13, "conjugate_isogenous_pairs": 40, "eigenvalues": [2.8110868766313444, -2.818073641246403]}, "3": {"diameter": 9, "conjugate_isogenous_pairs": 28, "eigenvalues": [3.451622384104499, -3.4265326862327243]}, "5": {"diameter": 6, "conjugate_isogenous_pairs": 72, "eigenvalues": [4.436058737396091, -4.412108043274911]}, "7": {"diameter": 5, "conjugate_isogenous_pairs": 62, "eigenvalues": [5.290168973289096, -5.2377926637294845]}, "11": {"diameter": 4, "conjugate_isogenous_pairs": 121, "eigenvalues": [6.61829884981846, -6.582805130277124]}}}