{"prime": 2663, "nodes": 223, "minpoly": "x^2 + 2655*x + 5", "spine": 43, "undirected": false, "ell": {"2": {"diameter": 12, "conjugate_isogenous_pairs": 11, "eigenvalues": [2.8221175917174746, -2.8115837527677296]}, "3": {"diameter": 8, "conjugate_isogenous_pairs": 10, "eigenvalues": [3.374996019839748, -3.4481994367618682]}, "5": {"diameter": 6, "conjugate_isogenous_pairs": 15, "eigenvalues": [4.329925556066103, -4.3066331917306995]}, "7": {"diameter": 5, "conjugate_isogenous_pairs": 45, "eigenvalues": [5.063565261208695, -5.19313342822797]}, "11": {"diameter": 4, "conjugate_isogenous_pairs": 19, "eigenvalues": [6.419875548362992, -6.286916511197912]}}}