{"prime": 8233, "nodes": 686, "minpoly": "x^2 + 8228*x + 10", "spine": 14, "undirected": true, "ell": {"2": {"diameter": 12, "conjugate_isogenous_pairs": 39, "eigenvalues": [2.820821739710908, -2.8119760723231595]}, "3": {"diameter": 8, "conjugate_isogenous_pairs": 54, "eigenvalues": [3.4286186453047955, -3.4238626765609665]}, "5": {"diameter": 6, "conjugate_isogenous_pairs": 48, "eigenvalues": [4.468508861409228, -4.40904655516225]}, "7": {"diameter": 5, "conjugate_isogenous_pairs": 55, "eigenvalues": [5.282360030617635, -5.204920171902283]}, "11": {"diameter": 4, "conjugate_isogenous_pairs": 65, "eigenvalues": [6.53644740941646, -6.48035930506385]}}}