{"prime": 29483, "nodes": 2458, "minpoly": "x^2 + 29482*x + 2", "spine": 110, "undirected": false, "ell": {"2": {"diameter": 15, "conjugate_isogenous_pairs": 32, "eigenvalues": [2.8237320451257255, -2.820552824384439]}, "3": {"diameter": 10, "conjugate_isogenous_pairs": 58, "eigenvalues": [3.4492908700756018, -3.449452719323942]}, "5": {"diameter": 8, "conjugate_isogenous_pairs": 65, "eigenvalues": [4.436163553793299, -4.46615616107392]}, "7": {"diameter": 6, "conjugate_isogenous_pairs": 122, "eigenvalues": [5.2278251001874265, -5.2266290323224185]}, "11": {"diameter": 5, "conjugate_isogenous_pairs": 65, "eigenvalues": [6.561227421146442, -6.566384028739234]}}}