{"prime": 16619, "nodes": 1386, "minpoly": "x^2 + 16615*x + 2", "spine": 66, "undirected": false, "ell": {"2": {"diameter": 15, "conjugate_isogenous_pairs": 18, "eigenvalues": [2.825782852063215, -2.822683768464385]}, "3": {"diameter": 10, "conjugate_isogenous_pairs": 30, "eigenvalues": [3.4537741907789568, -3.4433588240864]}, "5": {"diameter": 7, "conjugate_isogenous_pairs": 90, "eigenvalues": [4.443412367305413, -4.460073454983189]}, "7": {"diameter": 6, "conjugate_isogenous_pairs": 90, "eigenvalues": [5.239232197928995, -5.229639607197113]}, "11": {"diameter": 5, "conjugate_isogenous_pairs": 65, "eigenvalues": [6.5716970769076, -6.630530990181001]}}}