{"prime": 6997, "nodes": 583, "minpoly": "x^2 + 6992*x + 5", "spine": 13, "undirected": true, "ell": {"2": {"diameter": 12, "conjugate_isogenous_pairs": 35, "eigenvalues": [2.8185418541227696, -2.812260275895036]}, "3": {"diameter": 8, "conjugate_isogenous_pairs": 74, "eigenvalues": [3.4415482504151, -3.4575259981765756]}, "5": {"diameter": 6, "conjugate_isogenous_pairs": 38, "eigenvalues": [4.4022995825590785, -4.463303679810865]}, "7": {"diameter": 5, "conjugate_isogenous_pairs": 50, "eigenvalues": [5.152089226265615, -5.164650704410788]}, "11": {"diameter": 4, "conjugate_isogenous_pairs": 79, "eigenvalues": [6.5437586037611, -6.529496799046814]}}}