{"prime": 631, "nodes": 53, "minpoly": "x^2 + 629*x + 3", "spine": 13, "undirected": false, "ell": {"2": {"diameter": 8, "conjugate_isogenous_pairs": 8, "eigenvalues": [2.769669289775621, -2.7352072077273277]}, "3": {"diameter": 5, "conjugate_isogenous_pairs": 4, "eigenvalues": [3.289190539000696, -3.39385005505499]}, "5": {"diameter": 4, "conjugate_isogenous_pairs": 13, "eigenvalues": [4.331591314621036, -4.309417371836993]}, "7": {"diameter": 4, "conjugate_isogenous_pairs": 6, "eigenvalues": [5.166127620587974, -4.896429773341018]}, "11": {"diameter": 3, "conjugate_isogenous_pairs": 12, "eigenvalues": [5.721263732378515, -6.389259380745777]}}}