{"prime": 7393, "nodes": 616, "minpoly": "x^2 + 7392*x + 5", "spine": 16, "undirected": true, "ell": {"2": {"diameter": 12, "conjugate_isogenous_pairs": 33, "eigenvalues": [2.814045298309703, -2.815379418210298]}, "3": {"diameter": 8, "conjugate_isogenous_pairs": 46, "eigenvalues": [3.416535307478626, -3.4550315479688685]}, "5": {"diameter": 6, "conjugate_isogenous_pairs": 44, "eigenvalues": [4.397655557139559, -4.407235702889611]}, "7": {"diameter": 5, "conjugate_isogenous_pairs": 69, "eigenvalues": [5.2104054487880305, -5.235389415603948]}, "11": {"diameter": 4, "conjugate_isogenous_pairs": 56, "eigenvalues": [6.512480583817994, -6.509083145489116]}}}