{"prime": 5231, "nodes": 437, "minpoly": "x^2 + 5230*x + 7", "spine": 75, "undirected": false, "ell": {"2": {"diameter": 12, "conjugate_isogenous_pairs": 7, "eigenvalues": [2.8174762074538506, -2.8113524520528688]}, "3": {"diameter": 8, "conjugate_isogenous_pairs": 19, "eigenvalues": [3.4112629461248316, -3.42569661605936]}, "5": {"diameter": 6, "conjugate_isogenous_pairs": 31, "eigenvalues": [4.40331280121238, -4.385223283366605]}, "7": {"diameter": 5, "conjugate_isogenous_pairs": 29, "eigenvalues": [5.239916136664254, -5.170117240617586]}, "11": {"diameter": 4, "conjugate_isogenous_pairs": 29, "eigenvalues": [6.6000230146490075, -6.508698683983641]}}}