{"prime": 25939, "nodes": 2162, "minpoly": "x^2 + 25926*x + 3", "spine": 46, "undirected": false, "ell": {"2": {"diameter": 15, "conjugate_isogenous_pairs": 38, "eigenvalues": [2.8214138992259907, -2.808943151696584]}, "3": {"diameter": 10, "conjugate_isogenous_pairs": 45, "eigenvalues": [3.460117830273566, -3.4553004745495532]}, "5": {"diameter": 7, "conjugate_isogenous_pairs": 197, "eigenvalues": [4.465927862295845, -4.437802325715396]}, "7": {"diameter": 6, "conjugate_isogenous_pairs": 51, "eigenvalues": [5.235668279903594, -5.256714456557279]}, "11": {"diameter": 5, "conjugate_isogenous_pairs": 123, "eigenvalues": [6.592839607992957, -6.604500696528082]}}}