{"prime": 27631, "nodes": 2303, "minpoly": "x^2 + 27627*x + 6", "spine": 65, "undirected": false, "ell": {"2": {"diameter": 15, "conjugate_isogenous_pairs": 37, "eigenvalues": [2.8205990767321736, -2.823035035421776]}, "3": {"diameter": 10, "conjugate_isogenous_pairs": 45, "eigenvalues": [3.4450118323959376, -3.4541571300009926]}, "5": {"diameter": 7, "conjugate_isogenous_pairs": 170, "eigenvalues": [4.4555291079340575, -4.455315544242684]}, "7": {"diameter": 6, "conjugate_isogenous_pairs": 42, "eigenvalues": [5.282414615585641, -5.254974554892786]}, "11": {"diameter": 5, "conjugate_isogenous_pairs": 149, "eigenvalues": [6.596149356236923, -6.543824988275863]}}}