{"prime": 16937, "nodes": 1412, "minpoly": "x^2 + 16936*x + 3", "spine": 48, "undirected": false, "ell": {"2": {"diameter": 15, "conjugate_isogenous_pairs": 21, "eigenvalues": [2.8249099609379495, -2.8148468809168885]}, "3": {"diameter": 9, "conjugate_isogenous_pairs": 62, "eigenvalues": [3.450030002501207, -3.4627966915041077]}, "5": {"diameter": 7, "conjugate_isogenous_pairs": 56, "eigenvalues": [4.453113101124109, -4.4300111454016955]}, "7": {"diameter": 6, "conjugate_isogenous_pairs": 219, "eigenvalues": [5.249203649756255, -5.277428973183021]}, "11": {"diameter": 5, "conjugate_isogenous_pairs": 51, "eigenvalues": [6.585340081769603, -6.541602833002762]}}}