{"prime": 1997, "nodes": 167, "minpoly": "x^2 + 1993*x + 2", "spine": 21, "undirected": false, "ell": {"2": {"diameter": 9, "conjugate_isogenous_pairs": 7, "eigenvalues": [2.7402562666536356, -2.7774330800602454]}, "3": {"diameter": 8, "conjugate_isogenous_pairs": 29, "eigenvalues": [3.4180946715734377, -3.440268917659556]}, "5": {"diameter": 5, "conjugate_isogenous_pairs": 13, "eigenvalues": [4.263160862614905, -4.390102175418697]}, "7": {"diameter": 5, "conjugate_isogenous_pairs": 39, "eigenvalues": [5.152504259113133, -5.228956796944514]}, "11": {"diameter": 4, "conjugate_isogenous_pairs": 21, "eigenvalues": [6.5542596458877185, -6.2518202175421695]}}}