{"prime": 1433, "nodes": 120, "minpoly": "x^2 + 1420*x + 3", "spine": 18, "undirected": false, "ell": {"2": {"diameter": 10, "conjugate_isogenous_pairs": 9, "eigenvalues": [2.805324123910763, -2.792010891134727]}, "3": {"diameter": 7, "conjugate_isogenous_pairs": 16, "eigenvalues": [3.323642432525746, -3.368174811743749]}, "5": {"diameter": 5, "conjugate_isogenous_pairs": 6, "eigenvalues": [4.299718739965838, -4.35295465221873]}, "7": {"diameter": 4, "conjugate_isogenous_pairs": 40, "eigenvalues": [5.227300339891175, -5.236657553584561]}, "11": {"diameter": 3, "conjugate_isogenous_pairs": 15, "eigenvalues": [6.4567619262044795, -6.487700241612553]}}}