{"prime": 6197, "nodes": 517, "minpoly": "x^2 + 6193*x + 2", "spine": 35, "undirected": false, "ell": {"2": {"diameter": 12, "conjugate_isogenous_pairs": 13, "eigenvalues": [2.8130866177017704, -2.821726134591345]}, "3": {"diameter": 9, "conjugate_isogenous_pairs": 56, "eigenvalues": [3.4457993237386213, -3.460418942662621]}, "5": {"diameter": 6, "conjugate_isogenous_pairs": 17, "eigenvalues": [4.4086075805010685, -4.41894903091679]}, "7": {"diameter": 5, "conjugate_isogenous_pairs": 72, "eigenvalues": [5.252400953889306, -5.225262344171576]}, "11": {"diameter": 4, "conjugate_isogenous_pairs": 38, "eigenvalues": [6.5989849294882506, -6.453882145213824]}}}