{"prime": 53, "nodes": 5, "minpoly": "x^2 + 49*x + 2", "spine": 3, "undirected": false, "ell": {"2": {"diameter": 3, "conjugate_isogenous_pairs": 1, "eigenvalues": [1.481194304092017, -2.170086486626034]}, "3": {"diameter": 3, "conjugate_isogenous_pairs": 1, "eigenvalues": [3.2143197433775352, -3.000000000000001]}, "5": {"diameter": 2, "conjugate_isogenous_pairs": 1, "eigenvalues": [1.7092753594369234, -2.9032119259115503]}, "7": {"diameter": 2, "conjugate_isogenous_pairs": 1, "eigenvalues": [3.709275359436921, -4.000000000000001]}, "11": {"diameter": 2, "conjugate_isogenous_pairs": 1, "eigenvalues": [2.156325174658662, -3.5254275608435166]}}}