{"prime": 27241, "nodes": 2270, "minpoly": "x^2 + 27238*x + 17", "spine": 36, "undirected": true, "ell": {"2": {"diameter": 14, "conjugate_isogenous_pairs": 41, "eigenvalues": [2.8219051668575506, -2.8237306151924693]}, "3": {"diameter": 9, "conjugate_isogenous_pairs": 52, "eigenvalues": [3.442256326888066, -3.4424181028977636]}, "5": {"diameter": 7, "conjugate_isogenous_pairs": 107, "eigenvalues": [4.4394314465327085, -4.454854747347076]}, "7": {"diameter": 6, "conjugate_isogenous_pairs": 127, "eigenvalues": [5.2820794000679365, -5.269336321352089]}, "11": {"diameter": 5, "conjugate_isogenous_pairs": 251, "eigenvalues": [6.603316157448008, -6.60862363503]}}}