{"prime": 14797, "nodes": 1233, "minpoly": "x^2 + 14796*x + 2", "spine": 37, "undirected": true, "ell": {"2": {"diameter": 14, "conjugate_isogenous_pairs": 35, "eigenvalues": [2.819932026100429, -2.8238533547562263]}, "3": {"diameter": 9, "conjugate_isogenous_pairs": 80, "eigenvalues": [3.4525686443875703, -3.457482994570092]}, "5": {"diameter": 7, "conjugate_isogenous_pairs": 57, "eigenvalues": [4.462268973623209, -4.4403616802006844]}, "7": {"diameter": 5, "conjugate_isogenous_pairs": 62, "eigenvalues": [5.267559318773271, -5.263697685066422]}, "11": {"diameter": 5, "conjugate_isogenous_pairs": 184, "eigenvalues": [6.607224291663692, -6.576846788391228]}}}