{"prime": 12853, "nodes": 1071, "minpoly": "x^2 + 12848*x + 5", "spine": 19, "undirected": true, "ell": {"2": {"diameter": 13, "conjugate_isogenous_pairs": 48, "eigenvalues": [2.827451649510146, -2.810745229412637]}, "3": {"diameter": 9, "conjugate_isogenous_pairs": 90, "eigenvalues": [3.4278453974963154, -3.4409118970620076]}, "5": {"diameter": 7, "conjugate_isogenous_pairs": 49, "eigenvalues": [4.439988851550928, -4.460758716328452]}, "7": {"diameter": 5, "conjugate_isogenous_pairs": 55, "eigenvalues": [5.196516997570262, -5.252295074215603]}, "11": {"diameter": 4, "conjugate_isogenous_pairs": 81, "eigenvalues": [6.534798291122753, -6.615929356995171]}}}