{"prime": 15551, "nodes": 1297, "minpoly": "x^2 + 15550*x + 7", "spine": 153, "undirected": false, "ell": {"2": {"diameter": 14, "conjugate_isogenous_pairs": 11, "eigenvalues": [2.8226537300947974, -2.8203781304749675]}, "3": {"diameter": 10, "conjugate_isogenous_pairs": 41, "eigenvalues": [3.445816481982627, -3.4244758941925997]}, "5": {"diameter": 7, "conjugate_isogenous_pairs": 40, "eigenvalues": [4.432244411314113, -4.436018854375626]}, "7": {"diameter": 6, "conjugate_isogenous_pairs": 49, "eigenvalues": [5.255305243453393, -5.252808688026486]}, "11": {"diameter": 5, "conjugate_isogenous_pairs": 41, "eigenvalues": [6.5096934771398205, -6.588333383846639]}}}