{"prime": 21391, "nodes": 1783, "minpoly": "x^2 + 21389*x + 6", "spine": 87, "undirected": false, "ell": {"2": {"diameter": 14, "conjugate_isogenous_pairs": 40, "eigenvalues": [2.8187477221608312, -2.8176927905284415]}, "3": {"diameter": 10, "conjugate_isogenous_pairs": 35, "eigenvalues": [3.4550981758798214, -3.462046993763457]}, "5": {"diameter": 7, "conjugate_isogenous_pairs": 101, "eigenvalues": [4.456735050100461, -4.454493580859295]}, "7": {"diameter": 6, "conjugate_isogenous_pairs": 35, "eigenvalues": [5.279219438122485, -5.247569513039171]}, "11": {"diameter": 5, "conjugate_isogenous_pairs": 180, "eigenvalues": [6.581288104719513, -6.601462568731125]}}}