{"prime": 27901, "nodes": 2325, "minpoly": "x^2 + 27895*x + 2", "spine": 55, "undirected": true, "ell": {"2": {"diameter": 15, "conjugate_isogenous_pairs": 63, "eigenvalues": [2.825943448347603, -2.8224365826682853]}, "3": {"diameter": 10, "conjugate_isogenous_pairs": 68, "eigenvalues": [3.4536333561020394, -3.4553615233290342]}, "5": {"diameter": 7, "conjugate_isogenous_pairs": 63, "eigenvalues": [4.4712992751239815, -4.44480286254428]}, "7": {"diameter": 6, "conjugate_isogenous_pairs": 49, "eigenvalues": [5.273891173678916, -5.267641366107221]}, "11": {"diameter": 5, "conjugate_isogenous_pairs": 333, "eigenvalues": [6.560092225252398, -6.595467826428106]}}}