{"prime": 14771, "nodes": 1232, "minpoly": "x^2 + 14765*x + 2", "spine": 102, "undirected": false, "ell": {"2": {"diameter": 14, "conjugate_isogenous_pairs": 16, "eigenvalues": [2.82376453317627, -2.8267185076886547]}, "3": {"diameter": 9, "conjugate_isogenous_pairs": 26, "eigenvalues": [3.4463099674025552, -3.456395351246152]}, "5": {"diameter": 7, "conjugate_isogenous_pairs": 45, "eigenvalues": [4.43302272649283, -4.402524455054934]}, "7": {"diameter": 6, "conjugate_isogenous_pairs": 55, "eigenvalues": [5.214160349084186, -5.2626118237281]}, "11": {"diameter": 5, "conjugate_isogenous_pairs": 46, "eigenvalues": [6.575172533742479, -6.6319815104081155]}}}