{"prime": 22907, "nodes": 1910, "minpoly": "x^2 + 22902*x + 5", "spine": 102, "undirected": false, "ell": {"2": {"diameter": 15, "conjugate_isogenous_pairs": 40, "eigenvalues": [2.8106344215349686, -2.8182938731918985]}, "3": {"diameter": 10, "conjugate_isogenous_pairs": 38, "eigenvalues": [3.4507603776254543, -3.452629824846311]}, "5": {"diameter": 7, "conjugate_isogenous_pairs": 51, "eigenvalues": [4.468118040965311, -4.461276957777052]}, "7": {"diameter": 6, "conjugate_isogenous_pairs": 129, "eigenvalues": [5.281059758026601, -5.234109910966618]}, "11": {"diameter": 5, "conjugate_isogenous_pairs": 55, "eigenvalues": [6.617396379001313, -6.606410783320136]}}}