{"prime": 27653, "nodes": 2305, "minpoly": "x^2 + 27649*x + 2", "spine": 75, "undirected": false, "ell": {"2": {"diameter": 15, "conjugate_isogenous_pairs": 34, "eigenvalues": [2.817697619032108, -2.824754734563295]}, "3": {"diameter": 11, "conjugate_isogenous_pairs": 104, "eigenvalues": [3.4425278602456486, -3.4507931767186757]}, "5": {"diameter": 7, "conjugate_isogenous_pairs": 52, "eigenvalues": [4.455077250832776, -4.4599835114678275]}, "7": {"diameter": 6, "conjugate_isogenous_pairs": 176, "eigenvalues": [5.25130044486131, -5.275390351154252]}, "11": {"diameter": 5, "conjugate_isogenous_pairs": 142, "eigenvalues": [6.619043255888057, -6.560519297901417]}}}