{"prime": 1777, "nodes": 148, "minpoly": "x^2 + 1774*x + 5", "spine": 12, "undirected": true, "ell": {"2": {"diameter": 9, "conjugate_isogenous_pairs": 16, "eigenvalues": [2.7417584381181697, -2.788054621454352]}, "3": {"diameter": 6, "conjugate_isogenous_pairs": 18, "eigenvalues": [3.3651931042876377, -3.370856347474706]}, "5": {"diameter": 5, "conjugate_isogenous_pairs": 14, "eigenvalues": [4.465476792941335, -4.279843493797347]}, "7": {"diameter": 4, "conjugate_isogenous_pairs": 24, "eigenvalues": [5.0640146391252445, -5.083266058639913]}, "11": {"diameter": 4, "conjugate_isogenous_pairs": 37, "eigenvalues": [6.391023308674704, -6.0906766396909156]}}}