{"prime": 26881, "nodes": 2240, "minpoly": "x^2 + 26876*x + 11", "spine": 52, "undirected": true, "ell": {"2": {"diameter": 14, "conjugate_isogenous_pairs": 38, "eigenvalues": [2.8151219341449165, -2.824482032652109]}, "3": {"diameter": 10, "conjugate_isogenous_pairs": 75, "eigenvalues": [3.456923219500326, -3.4573114044034963]}, "5": {"diameter": 7, "conjugate_isogenous_pairs": 81, "eigenvalues": [4.4688469611019, -4.46718171164422]}, "7": {"diameter": 6, "conjugate_isogenous_pairs": 77, "eigenvalues": [5.2861308461842516, -5.27541790395109]}, "11": {"diameter": 5, "conjugate_isogenous_pairs": 182, "eigenvalues": [6.599679243746178, -6.60676196627631]}}}