{"prime": 10651, "nodes": 888, "minpoly": "x^2 + 10649*x + 7", "spine": 30, "undirected": false, "ell": {"2": {"diameter": 13, "conjugate_isogenous_pairs": 29, "eigenvalues": [2.8123478704835287, -2.8141720704398114]}, "3": {"diameter": 9, "conjugate_isogenous_pairs": 29, "eigenvalues": [3.46071895614256, -3.4431956752687856]}, "5": {"diameter": 6, "conjugate_isogenous_pairs": 92, "eigenvalues": [4.432036768075794, -4.435330908914521]}, "7": {"diameter": 5, "conjugate_isogenous_pairs": 26, "eigenvalues": [5.2243877384772075, -5.15882915525687]}, "11": {"diameter": 5, "conjugate_isogenous_pairs": 71, "eigenvalues": [6.600464402540696, -6.626158256520991]}}}