{"prime": 1933, "nodes": 161, "minpoly": "x^2 + 1932*x + 5", "spine": 9, "undirected": true, "ell": {"2": {"diameter": 10, "conjugate_isogenous_pairs": 10, "eigenvalues": [2.7990237784653913, -2.774983405465118]}, "3": {"diameter": 7, "conjugate_isogenous_pairs": 35, "eigenvalues": [3.4337828603883356, -3.453355679743239]}, "5": {"diameter": 5, "conjugate_isogenous_pairs": 27, "eigenvalues": [4.224366172564713, -4.31404399304888]}, "7": {"diameter": 4, "conjugate_isogenous_pairs": 21, "eigenvalues": [5.102373406048075, -4.9230175031756005]}, "11": {"diameter": 4, "conjugate_isogenous_pairs": 43, "eigenvalues": [6.576476857673962, -6.557235579125717]}}}