{"prime": 23417, "nodes": 1952, "minpoly": "x^2 + 23408*x + 3", "spine": 50, "undirected": false, "ell": {"2": {"diameter": 14, "conjugate_isogenous_pairs": 36, "eigenvalues": [2.821856030489617, -2.8205809994493536]}, "3": {"diameter": 10, "conjugate_isogenous_pairs": 75, "eigenvalues": [3.4595214376745633, -3.44682158973134]}, "5": {"diameter": 7, "conjugate_isogenous_pairs": 33, "eigenvalues": [4.461249861496039, -4.466173559092376]}, "7": {"diameter": 6, "conjugate_isogenous_pairs": 230, "eigenvalues": [5.2844736315475895, -5.275595868896975]}, "11": {"diameter": 5, "conjugate_isogenous_pairs": 56, "eigenvalues": [6.563008418397531, -6.564766859679876]}}}