{"prime": 13709, "nodes": 1143, "minpoly": "x^2 + 13705*x + 2", "spine": 57, "undirected": false, "ell": {"2": {"diameter": 14, "conjugate_isogenous_pairs": 18, "eigenvalues": [2.82580358488967, -2.8266708163497025]}, "3": {"diameter": 10, "conjugate_isogenous_pairs": 38, "eigenvalues": [3.43399350835198, -3.441638611360217]}, "5": {"diameter": 6, "conjugate_isogenous_pairs": 29, "eigenvalues": [4.448337628557559, -4.4065648528038075]}, "7": {"diameter": 6, "conjugate_isogenous_pairs": 103, "eigenvalues": [5.195217198747749, -5.253735285148561]}, "11": {"diameter": 5, "conjugate_isogenous_pairs": 157, "eigenvalues": [6.563035552542176, -6.587199868578022]}}}