{"prime": 14449, "nodes": 1204, "minpoly": "x^2 + 14443*x + 22", "spine": 32, "undirected": true, "ell": {"2": {"diameter": 13, "conjugate_isogenous_pairs": 38, "eigenvalues": [2.8262088498490225, -2.816050399567925]}, "3": {"diameter": 9, "conjugate_isogenous_pairs": 39, "eigenvalues": [3.4534865948498545, -3.455933739520378]}, "5": {"diameter": 6, "conjugate_isogenous_pairs": 81, "eigenvalues": [4.4571963101956, -4.4509839241218865]}, "7": {"diameter": 5, "conjugate_isogenous_pairs": 59, "eigenvalues": [5.244222794817363, -5.207455812844162]}, "11": {"diameter": 4, "conjugate_isogenous_pairs": 107, "eigenvalues": [6.583140711900111, -6.592373833571475]}}}