{"prime": 16453, "nodes": 1371, "minpoly": "x^2 + 16452*x + 2", "spine": 25, "undirected": true, "ell": {"2": {"diameter": 13, "conjugate_isogenous_pairs": 50, "eigenvalues": [2.8128847411392717, -2.8255490424065357]}, "3": {"diameter": 9, "conjugate_isogenous_pairs": 76, "eigenvalues": [3.4625000945662374, -3.4406761447441463]}, "5": {"diameter": 6, "conjugate_isogenous_pairs": 75, "eigenvalues": [4.455652534627688, -4.462222118980698]}, "7": {"diameter": 5, "conjugate_isogenous_pairs": 77, "eigenvalues": [5.240704377901924, -5.259404134713661]}, "11": {"diameter": 4, "conjugate_isogenous_pairs": 230, "eigenvalues": [6.597974888493456, -6.600547333813947]}}}