{"prime": 27917, "nodes": 2327, "minpoly": "x^2 + 27913*x + 2", "spine": 45, "undirected": false, "ell": {"2": {"diameter": 15, "conjugate_isogenous_pairs": 33, "eigenvalues": [2.8228422561146598, -2.816949153253122]}, "3": {"diameter": 10, "conjugate_isogenous_pairs": 143, "eigenvalues": [3.456475548349221, -3.455695059079174]}, "5": {"diameter": 7, "conjugate_isogenous_pairs": 72, "eigenvalues": [4.407268218794007, -4.46915753664012]}, "7": {"diameter": 6, "conjugate_isogenous_pairs": 168, "eigenvalues": [5.285599035187109, -5.2827248787252845]}, "11": {"diameter": 5, "conjugate_isogenous_pairs": 87, "eigenvalues": [6.621810203848704, -6.619178517363476]}}}