{"prime": 1901, "nodes": 159, "minpoly": "x^2 + 1896*x + 2", "spine": 21, "undirected": false, "ell": {"2": {"diameter": 10, "conjugate_isogenous_pairs": 5, "eigenvalues": [2.783046837040242, -2.8254214543516807]}, "3": {"diameter": 7, "conjugate_isogenous_pairs": 24, "eigenvalues": [3.3714397701099537, -3.3865455990307614]}, "5": {"diameter": 5, "conjugate_isogenous_pairs": 12, "eigenvalues": [4.329172722391444, -4.369488380480978]}, "7": {"diameter": 5, "conjugate_isogenous_pairs": 25, "eigenvalues": [5.153913589401985, -4.928382995205398]}, "11": {"diameter": 4, "conjugate_isogenous_pairs": 26, "eigenvalues": [6.47718163780416, -6.208281524144503]}}}