{"prime": 21377, "nodes": 1782, "minpoly": "x^2 + 21369*x + 3", "spine": 70, "undirected": false, "ell": {"2": {"diameter": 14, "conjugate_isogenous_pairs": 44, "eigenvalues": [2.8254940810491744, -2.819294278096481]}, "3": {"diameter": 10, "conjugate_isogenous_pairs": 52, "eigenvalues": [3.4153126605343607, -3.4582528206744936]}, "5": {"diameter": 7, "conjugate_isogenous_pairs": 34, "eigenvalues": [4.46530018533706, -4.444977479004587]}, "7": {"diameter": 6, "conjugate_isogenous_pairs": 242, "eigenvalues": [5.268005325028434, -5.222362663748145]}, "11": {"diameter": 5, "conjugate_isogenous_pairs": 73, "eigenvalues": [6.613875520522022, -6.618737862188475]}}}