{"prime": 11161, "nodes": 930, "minpoly": "x^2 + 11158*x + 7", "spine": 42, "undirected": true, "ell": {"2": {"diameter": 13, "conjugate_isogenous_pairs": 37, "eigenvalues": [2.8281771234069275, -2.8051148768456886]}, "3": {"diameter": 9, "conjugate_isogenous_pairs": 27, "eigenvalues": [3.445364210337867, -3.409566084875778]}, "5": {"diameter": 6, "conjugate_isogenous_pairs": 61, "eigenvalues": [4.4147447272803, -4.449076709501956]}, "7": {"diameter": 5, "conjugate_isogenous_pairs": 58, "eigenvalues": [5.204938363712772, -5.242745906437426]}, "11": {"diameter": 4, "conjugate_isogenous_pairs": 144, "eigenvalues": [6.502272121478791, -6.505956208762407]}}}