{"prime": 16381, "nodes": 1365, "minpoly": "x^2 + 16377*x + 2", "spine": 45, "undirected": true, "ell": {"2": {"diameter": 14, "conjugate_isogenous_pairs": 25, "eigenvalues": [2.8167184589412524, -2.81243056610692]}, "3": {"diameter": 9, "conjugate_isogenous_pairs": 81, "eigenvalues": [3.4360728817039132, -3.4538429556624624]}, "5": {"diameter": 6, "conjugate_isogenous_pairs": 93, "eigenvalues": [4.425043130532231, -4.468387261867467]}, "7": {"diameter": 5, "conjugate_isogenous_pairs": 47, "eigenvalues": [5.27989531432814, -5.275097135777971]}, "11": {"diameter": 5, "conjugate_isogenous_pairs": 199, "eigenvalues": [6.595745074925985, -6.612071199760385]}}}