{"prime": 10133, "nodes": 845, "minpoly": "x^2 + 10129*x + 2", "spine": 31, "undirected": false, "ell": {"2": {"diameter": 13, "conjugate_isogenous_pairs": 19, "eigenvalues": [2.809873943856961, -2.8183193620336255]}, "3": {"diameter": 10, "conjugate_isogenous_pairs": 73, "eigenvalues": [3.4465120507985527, -3.4564717589407916]}, "5": {"diameter": 6, "conjugate_isogenous_pairs": 36, "eigenvalues": [4.436428900731665, -4.4313875906044045]}, "7": {"diameter": 5, "conjugate_isogenous_pairs": 92, "eigenvalues": [5.212223122273654, -5.282396032812686]}, "11": {"diameter": 4, "conjugate_isogenous_pairs": 52, "eigenvalues": [6.5756313948223495, -6.513566747738412]}}}