{"prime": 6761, "nodes": 564, "minpoly": "x^2 + 6760*x + 3", "spine": 66, "undirected": false, "ell": {"2": {"diameter": 13, "conjugate_isogenous_pairs": 11, "eigenvalues": [2.8123882926633033, -2.8069494567911315]}, "3": {"diameter": 9, "conjugate_isogenous_pairs": 28, "eigenvalues": [3.429055150319784, -3.436792312200665]}, "5": {"diameter": 6, "conjugate_isogenous_pairs": 19, "eigenvalues": [4.405646303487458, -4.412522587721128]}, "7": {"diameter": 5, "conjugate_isogenous_pairs": 68, "eigenvalues": [5.264357060070841, -5.263549881910451]}, "11": {"diameter": 5, "conjugate_isogenous_pairs": 37, "eigenvalues": [6.5953510821290635, -6.579702225156214]}}}