{"prime": 4583, "nodes": 383, "minpoly": "x^2 + 4581*x + 5", "spine": 61, "undirected": false, "ell": {"2": {"diameter": 12, "conjugate_isogenous_pairs": 15, "eigenvalues": [2.8061355472740166, -2.809941734823138]}, "3": {"diameter": 8, "conjugate_isogenous_pairs": 17, "eigenvalues": [3.388293620007899, -3.424337005841374]}, "5": {"diameter": 6, "conjugate_isogenous_pairs": 27, "eigenvalues": [4.4424116217425, -4.418714961019839]}, "7": {"diameter": 5, "conjugate_isogenous_pairs": 50, "eigenvalues": [5.153957738730089, -5.025093521435628]}, "11": {"diameter": 4, "conjugate_isogenous_pairs": 22, "eigenvalues": [6.597799728050922, -6.549248884286901]}}}