{"prime": 6449, "nodes": 538, "minpoly": "x^2 + 6443*x + 3", "spine": 40, "undirected": false, "ell": {"2": {"diameter": 13, "conjugate_isogenous_pairs": 8, "eigenvalues": [2.8112631864410877, -2.799178588573037]}, "3": {"diameter": 9, "conjugate_isogenous_pairs": 33, "eigenvalues": [3.4433176882867143, -3.444959363362033]}, "5": {"diameter": 6, "conjugate_isogenous_pairs": 19, "eigenvalues": [4.433112308359457, -4.430425512774052]}, "7": {"diameter": 6, "conjugate_isogenous_pairs": 89, "eigenvalues": [5.195946878603734, -5.2668750716684745]}, "11": {"diameter": 4, "conjugate_isogenous_pairs": 55, "eigenvalues": [6.552886498083366, -6.4139825519132785]}}}