{"prime": 29927, "nodes": 2495, "minpoly": "x^2 + 29924*x + 5", "spine": 147, "undirected": false, "ell": {"2": {"diameter": 16, "conjugate_isogenous_pairs": 22, "eigenvalues": [2.824250111403039, -2.8229615054416355]}, "3": {"diameter": 10, "conjugate_isogenous_pairs": 74, "eigenvalues": [3.4519910184971785, -3.448488659266213]}, "5": {"diameter": 7, "conjugate_isogenous_pairs": 82, "eigenvalues": [4.458681309279467, -4.456949174879278]}, "7": {"diameter": 6, "conjugate_isogenous_pairs": 147, "eigenvalues": [5.23158500224832, -5.272915727351369]}, "11": {"diameter": 5, "conjugate_isogenous_pairs": 42, "eigenvalues": [6.6276705176058766, -6.595735045765745]}}}