{"prime": 13127, "nodes": 1095, "minpoly": "x^2 + 13125*x + 5", "spine": 69, "undirected": false, "ell": {"2": {"diameter": 13, "conjugate_isogenous_pairs": 22, "eigenvalues": [2.8231624410707554, -2.81546711414285]}, "3": {"diameter": 10, "conjugate_isogenous_pairs": 53, "eigenvalues": [3.418840990102615, -3.43276330393833]}, "5": {"diameter": 7, "conjugate_isogenous_pairs": 32, "eigenvalues": [4.447530105194776, -4.424152980110279]}, "7": {"diameter": 6, "conjugate_isogenous_pairs": 71, "eigenvalues": [5.219753940634475, -5.185398393139741]}, "11": {"diameter": 5, "conjugate_isogenous_pairs": 33, "eigenvalues": [6.5665104951119435, -6.548271009723167]}}}