{"prime": 16333, "nodes": 1361, "minpoly": "x^2 + 16329*x + 2", "spine": 21, "undirected": true, "ell": {"2": {"diameter": 13, "conjugate_isogenous_pairs": 52, "eigenvalues": [2.809556957218224, -2.8221351829349812]}, "3": {"diameter": 9, "conjugate_isogenous_pairs": 68, "eigenvalues": [3.4531479658847517, -3.435873691956487]}, "5": {"diameter": 7, "conjugate_isogenous_pairs": 81, "eigenvalues": [4.452864062107931, -4.445824742831984]}, "7": {"diameter": 5, "conjugate_isogenous_pairs": 92, "eigenvalues": [5.218449814883924, -5.216194143622255]}, "11": {"diameter": 5, "conjugate_isogenous_pairs": 153, "eigenvalues": [6.601945477953002, -6.606917391028836]}}}