{"prime": 17417, "nodes": 1452, "minpoly": "x^2 + 17408*x + 3", "spine": 50, "undirected": false, "ell": {"2": {"diameter": 14, "conjugate_isogenous_pairs": 28, "eigenvalues": [2.8118467575445063, -2.822279347393653]}, "3": {"diameter": 10, "conjugate_isogenous_pairs": 51, "eigenvalues": [3.442144615026021, -3.4450044798792057]}, "5": {"diameter": 7, "conjugate_isogenous_pairs": 34, "eigenvalues": [4.457923396991549, -4.431336729141141]}, "7": {"diameter": 6, "conjugate_isogenous_pairs": 192, "eigenvalues": [5.247591554546484, -5.289513662950089]}, "11": {"diameter": 5, "conjugate_isogenous_pairs": 46, "eigenvalues": [6.598297938110775, -6.604018412092744]}}}