{"prime": 2999, "nodes": 251, "minpoly": "x^2 + 2995*x + 17", "spine": 73, "undirected": false, "ell": {"2": {"diameter": 12, "conjugate_isogenous_pairs": 7, "eigenvalues": [2.7929073893877185, -2.818632245618028]}, "3": {"diameter": 8, "conjugate_isogenous_pairs": 11, "eigenvalues": [3.3784770903683015, -3.4503464619810438]}, "5": {"diameter": 6, "conjugate_isogenous_pairs": 12, "eigenvalues": [4.353214705045938, -4.351699931379412]}, "7": {"diameter": 5, "conjugate_isogenous_pairs": 18, "eigenvalues": [5.228455937329293, -5.130742049675814]}, "11": {"diameter": 4, "conjugate_isogenous_pairs": 21, "eigenvalues": [6.421741634304839, -6.451327043686907]}}}