{"prime": 14929, "nodes": 1244, "minpoly": "x^2 + 14926*x + 7", "spine": 48, "undirected": true, "ell": {"2": {"diameter": 14, "conjugate_isogenous_pairs": 29, "eigenvalues": [2.817906129370147, -2.8236122028791035]}, "3": {"diameter": 9, "conjugate_isogenous_pairs": 31, "eigenvalues": [3.4624680401809917, -3.436789921141657]}, "5": {"diameter": 6, "conjugate_isogenous_pairs": 80, "eigenvalues": [4.439608564779049, -4.4589102118303945]}, "7": {"diameter": 5, "conjugate_isogenous_pairs": 72, "eigenvalues": [5.203555714103337, -5.225407274161412]}, "11": {"diameter": 5, "conjugate_isogenous_pairs": 203, "eigenvalues": [6.5686025147682505, -6.531997311658469]}}}