{"prime": 20369, "nodes": 1698, "minpoly": "x^2 + 20364*x + 3", "spine": 96, "undirected": false, "ell": {"2": {"diameter": 15, "conjugate_isogenous_pairs": 25, "eigenvalues": [2.8219827559464927, -2.8131984515666026]}, "3": {"diameter": 10, "conjugate_isogenous_pairs": 44, "eigenvalues": [3.445188249736254, -3.450937463391566]}, "5": {"diameter": 7, "conjugate_isogenous_pairs": 39, "eigenvalues": [4.469273032824896, -4.4460844416001795]}, "7": {"diameter": 6, "conjugate_isogenous_pairs": 111, "eigenvalues": [5.263235816119694, -5.217367030880843]}, "11": {"diameter": 5, "conjugate_isogenous_pairs": 107, "eigenvalues": [6.554445791758964, -6.57780713760753]}}}