{"prime": 6571, "nodes": 548, "minpoly": "x^2 + 6566*x + 3", "spine": 30, "undirected": false, "ell": {"2": {"diameter": 12, "conjugate_isogenous_pairs": 36, "eigenvalues": [2.8001768158980203, -2.8149105439614743]}, "3": {"diameter": 8, "conjugate_isogenous_pairs": 15, "eigenvalues": [3.4364471909087833, -3.411296659998976]}, "5": {"diameter": 6, "conjugate_isogenous_pairs": 62, "eigenvalues": [4.462315987647349, -4.383944814495641]}, "7": {"diameter": 5, "conjugate_isogenous_pairs": 22, "eigenvalues": [5.258600169743011, -5.123055717371148]}, "11": {"diameter": 4, "conjugate_isogenous_pairs": 77, "eigenvalues": [6.573126471474687, -6.6046862112776825]}}}