{"prime": 20929, "nodes": 1744, "minpoly": "x^2 + 20926*x + 7", "spine": 66, "undirected": true, "ell": {"2": {"diameter": 14, "conjugate_isogenous_pairs": 36, "eigenvalues": [2.820638015692611, -2.824414116353845]}, "3": {"diameter": 9, "conjugate_isogenous_pairs": 43, "eigenvalues": [3.428741597757168, -3.457155453168985]}, "5": {"diameter": 7, "conjugate_isogenous_pairs": 67, "eigenvalues": [4.439450756149223, -4.4456796915539964]}, "7": {"diameter": 6, "conjugate_isogenous_pairs": 71, "eigenvalues": [5.249216369427015, -5.243539415655159]}, "11": {"diameter": 5, "conjugate_isogenous_pairs": 171, "eigenvalues": [6.569366634953469, -6.566735107357748]}}}