{"prime": 823, "nodes": 69, "minpoly": "x^2 + 821*x + 3", "spine": 9, "undirected": false, "ell": {"2": {"diameter": 8, "conjugate_isogenous_pairs": 9, "eigenvalues": [2.741892847520098, -2.7603920437080176]}, "3": {"diameter": 6, "conjugate_isogenous_pairs": 11, "eigenvalues": [3.3501718070861655, -3.317851563358813]}, "5": {"diameter": 4, "conjugate_isogenous_pairs": 16, "eigenvalues": [4.122445931909211, -4.118310677920332]}, "7": {"diameter": 4, "conjugate_isogenous_pairs": 12, "eigenvalues": [4.91463237793077, -5.113798058131259]}, "11": {"diameter": 3, "conjugate_isogenous_pairs": 14, "eigenvalues": [6.379358411356946, -6.585467203222222]}}}