{"prime": 11941, "nodes": 995, "minpoly": "x^2 + 11940*x + 10", "spine": 41, "undirected": true, "ell": {"2": {"diameter": 13, "conjugate_isogenous_pairs": 29, "eigenvalues": [2.825548694688996, -2.812805224628635]}, "3": {"diameter": 9, "conjugate_isogenous_pairs": 41, "eigenvalues": [3.4497420141778385, -3.4619709292636944]}, "5": {"diameter": 6, "conjugate_isogenous_pairs": 68, "eigenvalues": [4.395456252377629, -4.458080614749319]}, "7": {"diameter": 5, "conjugate_isogenous_pairs": 40, "eigenvalues": [5.248552860200581, -5.2588113746681024]}, "11": {"diameter": 4, "conjugate_isogenous_pairs": 226, "eigenvalues": [6.607132092926987, -6.581689677710019]}}}