{"prime": 18679, "nodes": 1557, "minpoly": "x^2 + 18677*x + 6", "spine": 85, "undirected": false, "ell": {"2": {"diameter": 15, "conjugate_isogenous_pairs": 57, "eigenvalues": [2.820040947175471, -2.8143698908304935]}, "3": {"diameter": 9, "conjugate_isogenous_pairs": 20, "eigenvalues": [3.45468561705001, -3.4635272958843633]}, "5": {"diameter": 7, "conjugate_isogenous_pairs": 91, "eigenvalues": [4.459656175663328, -4.4684808534616804]}, "7": {"diameter": 6, "conjugate_isogenous_pairs": 38, "eigenvalues": [5.264376794175709, -5.254565071561759]}, "11": {"diameter": 5, "conjugate_isogenous_pairs": 150, "eigenvalues": [6.602432089494136, -6.601062151496732]}}}