{"prime": 7187, "nodes": 600, "minpoly": "x^2 + 7186*x + 2", "spine": 50, "undirected": false, "ell": {"2": {"diameter": 13, "conjugate_isogenous_pairs": 28, "eigenvalues": [2.8246226938214183, -2.813339048775621]}, "3": {"diameter": 9, "conjugate_isogenous_pairs": 20, "eigenvalues": [3.4386918158306963, -3.4484908436409354]}, "5": {"diameter": 6, "conjugate_isogenous_pairs": 30, "eigenvalues": [4.439934312212168, -4.348868161985702]}, "7": {"diameter": 5, "conjugate_isogenous_pairs": 71, "eigenvalues": [5.224461493470385, -5.197157888589185]}, "11": {"diameter": 5, "conjugate_isogenous_pairs": 26, "eigenvalues": [6.479889822916545, -6.57820944775116]}}}