{"prime": 5501, "nodes": 459, "minpoly": "x^2 + 5500*x + 2", "spine": 43, "undirected": false, "ell": {"2": {"diameter": 13, "conjugate_isogenous_pairs": 9, "eigenvalues": [2.818219060736625, -2.79830473706542]}, "3": {"diameter": 8, "conjugate_isogenous_pairs": 20, "eigenvalues": [3.399806749112426, -3.420259610408985]}, "5": {"diameter": 6, "conjugate_isogenous_pairs": 19, "eigenvalues": [4.453031815079054, -4.293161599629008]}, "7": {"diameter": 5, "conjugate_isogenous_pairs": 67, "eigenvalues": [5.197410508075795, -5.145918881539951]}, "11": {"diameter": 4, "conjugate_isogenous_pairs": 88, "eigenvalues": [6.4912446638065955, -6.549440011563629]}}}