{"prime": 13883, "nodes": 1158, "minpoly": "x^2 + 13878*x + 2", "spine": 58, "undirected": false, "ell": {"2": {"diameter": 14, "conjugate_isogenous_pairs": 22, "eigenvalues": [2.8210128178171674, -2.817262615504528]}, "3": {"diameter": 10, "conjugate_isogenous_pairs": 45, "eigenvalues": [3.450316608842133, -3.4336038619324327]}, "5": {"diameter": 7, "conjugate_isogenous_pairs": 71, "eigenvalues": [4.41641994327088, -4.448846818933722]}, "7": {"diameter": 6, "conjugate_isogenous_pairs": 84, "eigenvalues": [5.221581777733641, -5.168476011267036]}, "11": {"diameter": 5, "conjugate_isogenous_pairs": 33, "eigenvalues": [6.59828949821685, -6.583316674113185]}}}