{"prime": 28541, "nodes": 2379, "minpoly": "x^2 + 28537*x + 2", "spine": 111, "undirected": false, "ell": {"2": {"diameter": 15, "conjugate_isogenous_pairs": 22, "eigenvalues": [2.820812732920875, -2.827270542940619]}, "3": {"diameter": 10, "conjugate_isogenous_pairs": 73, "eigenvalues": [3.4518791192764957, -3.4451190391672126]}, "5": {"diameter": 7, "conjugate_isogenous_pairs": 61, "eigenvalues": [4.460749259185179, -4.4396439728616635]}, "7": {"diameter": 6, "conjugate_isogenous_pairs": 109, "eigenvalues": [5.277946369492938, -5.265320592390021]}, "11": {"diameter": 5, "conjugate_isogenous_pairs": 110, "eigenvalues": [6.551468362104372, -6.6018472560072]}}}