{"prime": 2273, "nodes": 190, "minpoly": "x^2 + 2268*x + 3", "spine": 24, "undirected": false, "ell": {"2": {"diameter": 11, "conjugate_isogenous_pairs": 9, "eigenvalues": [2.757088675541279, -2.804581372295572]}, "3": {"diameter": 7, "conjugate_isogenous_pairs": 19, "eigenvalues": [3.34546518344408, -3.4031590884304177]}, "5": {"diameter": 5, "conjugate_isogenous_pairs": 11, "eigenvalues": [4.433438774139435, -4.307913727940707]}, "7": {"diameter": 5, "conjugate_isogenous_pairs": 54, "eigenvalues": [5.164448500853273, -5.21616764751295]}, "11": {"diameter": 4, "conjugate_isogenous_pairs": 25, "eigenvalues": [6.405592565371593, -6.608455605199691]}}}