{"prime": 6829, "nodes": 569, "minpoly": "x^2 + 6825*x + 2", "spine": 21, "undirected": true, "ell": {"2": {"diameter": 12, "conjugate_isogenous_pairs": 19, "eigenvalues": [2.8170356658717597, -2.821073525724578]}, "3": {"diameter": 8, "conjugate_isogenous_pairs": 50, "eigenvalues": [3.4387308578189604, -3.4378710593952446]}, "5": {"diameter": 6, "conjugate_isogenous_pairs": 49, "eigenvalues": [4.467420804531716, -4.411228647487272]}, "7": {"diameter": 5, "conjugate_isogenous_pairs": 30, "eigenvalues": [5.1842271903543855, -5.282563058804704]}, "11": {"diameter": 4, "conjugate_isogenous_pairs": 120, "eigenvalues": [6.4998565325551105, -6.610915461390168]}}}