{"prime": 22133, "nodes": 1845, "minpoly": "x^2 + 22127*x + 2", "spine": 65, "undirected": false, "ell": {"2": {"diameter": 15, "conjugate_isogenous_pairs": 49, "eigenvalues": [2.8222183461895507, -2.8218096522526097]}, "3": {"diameter": 10, "conjugate_isogenous_pairs": 81, "eigenvalues": [3.4565212555218388, -3.4541446636924644]}, "5": {"diameter": 7, "conjugate_isogenous_pairs": 30, "eigenvalues": [4.465111878776273, -4.401072998975416]}, "7": {"diameter": 6, "conjugate_isogenous_pairs": 184, "eigenvalues": [5.235991017944985, -5.2454615603815915]}, "11": {"diameter": 5, "conjugate_isogenous_pairs": 91, "eigenvalues": [6.548658889192565, -6.627172720688744]}}}