{"prime": 1103, "nodes": 93, "minpoly": "x^2 + 1091*x + 5", "spine": 23, "undirected": false, "ell": {"2": {"diameter": 9, "conjugate_isogenous_pairs": 7, "eigenvalues": [2.7646807881497413, -2.7982850922657803]}, "3": {"diameter": 7, "conjugate_isogenous_pairs": 9, "eigenvalues": [3.366656116592123, -3.2848997376834412]}, "5": {"diameter": 5, "conjugate_isogenous_pairs": 7, "eigenvalues": [4.299446122689843, -4.397704973340731]}, "7": {"diameter": 4, "conjugate_isogenous_pairs": 20, "eigenvalues": [5.240762672375118, -5.112405306073053]}, "11": {"diameter": 4, "conjugate_isogenous_pairs": 6, "eigenvalues": [6.181379845024725, -6.365223367662097]}}}