{"prime": 25541, "nodes": 2129, "minpoly": "x^2 + 25537*x + 2", "spine": 125, "undirected": false, "ell": {"2": {"diameter": 16, "conjugate_isogenous_pairs": 25, "eigenvalues": [2.819179475187656, -2.825010563091959]}, "3": {"diameter": 10, "conjugate_isogenous_pairs": 95, "eigenvalues": [3.4550678437458626, -3.4610694132789965]}, "5": {"diameter": 7, "conjugate_isogenous_pairs": 35, "eigenvalues": [4.411005239513786, -4.439516945930912]}, "7": {"diameter": 6, "conjugate_isogenous_pairs": 77, "eigenvalues": [5.266316695249817, -5.280754420005111]}, "11": {"diameter": 5, "conjugate_isogenous_pairs": 171, "eigenvalues": [6.615636631326527, -6.619042921259471]}}}