{"prime": 21011, "nodes": 1752, "minpoly": "x^2 + 21004*x + 2", "spine": 90, "undirected": false, "ell": {"2": {"diameter": 15, "conjugate_isogenous_pairs": 19, "eigenvalues": [2.823084337039617, -2.8184796209294305]}, "3": {"diameter": 10, "conjugate_isogenous_pairs": 36, "eigenvalues": [3.4391918990809565, -3.452824449499608]}, "5": {"diameter": 7, "conjugate_isogenous_pairs": 70, "eigenvalues": [4.4607456238016105, -4.446943680353763]}, "7": {"diameter": 6, "conjugate_isogenous_pairs": 71, "eigenvalues": [5.275731287174539, -5.257306748236]}, "11": {"diameter": 5, "conjugate_isogenous_pairs": 56, "eigenvalues": [6.559355552778043, -6.6169929948636765]}}}