{"prime": 2087, "nodes": 175, "minpoly": "x^2 + 2084*x + 5", "spine": 35, "undirected": false, "ell": {"2": {"diameter": 11, "conjugate_isogenous_pairs": 10, "eigenvalues": [2.7760550896818463, -2.810357374662778]}, "3": {"diameter": 7, "conjugate_isogenous_pairs": 16, "eigenvalues": [3.377680924458025, -3.405073426742475]}, "5": {"diameter": 6, "conjugate_isogenous_pairs": 18, "eigenvalues": [4.411052002479828, -4.306654920405966]}, "7": {"diameter": 4, "conjugate_isogenous_pairs": 22, "eigenvalues": [5.159850665950217, -5.227474196183424]}, "11": {"diameter": 4, "conjugate_isogenous_pairs": 9, "eigenvalues": [6.504730330843888, -6.464409646049599]}}}