{"prime": 6421, "nodes": 535, "minpoly": "x^2 + 6417*x + 6", "spine": 21, "undirected": true, "ell": {"2": {"diameter": 11, "conjugate_isogenous_pairs": 16, "eigenvalues": [2.8026213996001252, -2.7973844938021353]}, "3": {"diameter": 8, "conjugate_isogenous_pairs": 51, "eigenvalues": [3.401318812682899, -3.4422019807332043]}, "5": {"diameter": 6, "conjugate_isogenous_pairs": 57, "eigenvalues": [4.41422929763113, -4.416459284958689]}, "7": {"diameter": 5, "conjugate_isogenous_pairs": 23, "eigenvalues": [5.199078827266156, -5.175374210255955]}, "11": {"diameter": 4, "conjugate_isogenous_pairs": 114, "eigenvalues": [6.496230976023983, -6.51592541428518]}}}