{"prime": 18313, "nodes": 1526, "minpoly": "x^2 + 18310*x + 10", "spine": 24, "undirected": true, "ell": {"2": {"diameter": 14, "conjugate_isogenous_pairs": 62, "eigenvalues": [2.8273029590062957, -2.8229101424419043]}, "3": {"diameter": 9, "conjugate_isogenous_pairs": 82, "eigenvalues": [3.4355878756763554, -3.463549571645331]}, "5": {"diameter": 6, "conjugate_isogenous_pairs": 67, "eigenvalues": [4.45012304856339, -4.457230296662328]}, "7": {"diameter": 5, "conjugate_isogenous_pairs": 102, "eigenvalues": [5.2706448285144925, -5.261397281016453]}, "11": {"diameter": 5, "conjugate_isogenous_pairs": 79, "eigenvalues": [6.57221518356436, -6.566061712928997]}}}