{"prime": 23753, "nodes": 1980, "minpoly": "x^2 + 23747*x + 3", "spine": 48, "undirected": false, "ell": {"2": {"diameter": 15, "conjugate_isogenous_pairs": 35, "eigenvalues": [2.8173159885542076, -2.8136265454071876]}, "3": {"diameter": 10, "conjugate_isogenous_pairs": 75, "eigenvalues": [3.438544964834204, -3.4587105734639665]}, "5": {"diameter": 7, "conjugate_isogenous_pairs": 41, "eigenvalues": [4.4542586441584495, -4.4420942600879565]}, "7": {"diameter": 6, "conjugate_isogenous_pairs": 254, "eigenvalues": [5.252297322010677, -5.270242464498309]}, "11": {"diameter": 5, "conjugate_isogenous_pairs": 77, "eigenvalues": [6.587311017063469, -6.571954461377846]}}}