{"prime": 15959, "nodes": 1331, "minpoly": "x^2 + 15957*x + 11", "spine": 171, "undirected": false, "ell": {"2": {"diameter": 15, "conjugate_isogenous_pairs": 23, "eigenvalues": [2.8273858504741662, -2.8214322572757604]}, "3": {"diameter": 10, "conjugate_isogenous_pairs": 18, "eigenvalues": [3.4610566503621523, -3.4605768510884602]}, "5": {"diameter": 7, "conjugate_isogenous_pairs": 36, "eigenvalues": [4.453920944609375, -4.427919695396848]}, "7": {"diameter": 6, "conjugate_isogenous_pairs": 70, "eigenvalues": [5.250754107583457, -5.287823085629198]}, "11": {"diameter": 5, "conjugate_isogenous_pairs": 56, "eigenvalues": [6.607710400138123, -6.611571746600691]}}}