{"prime": 23719, "nodes": 1977, "minpoly": "x^2 + 23717*x + 6", "spine": 87, "undirected": false, "ell": {"2": {"diameter": 15, "conjugate_isogenous_pairs": 67, "eigenvalues": [2.826786221574594, -2.8217981095585922]}, "3": {"diameter": 9, "conjugate_isogenous_pairs": 24, "eigenvalues": [3.426953376890389, -3.4563214982161545]}, "5": {"diameter": 7, "conjugate_isogenous_pairs": 76, "eigenvalues": [4.466222076794746, -4.430350012100754]}, "7": {"diameter": 6, "conjugate_isogenous_pairs": 39, "eigenvalues": [5.279471037840072, -5.2451107250164375]}, "11": {"diameter": 5, "conjugate_isogenous_pairs": 183, "eigenvalues": [6.625339713541073, -6.5675733268799545]}}}