{"prime": 12377, "nodes": 1032, "minpoly": "x^2 + 12366*x + 6", "spine": 46, "undirected": false, "ell": {"2": {"diameter": 13, "conjugate_isogenous_pairs": 18, "eigenvalues": [2.8242537908051846, -2.82310714424383]}, "3": {"diameter": 9, "conjugate_isogenous_pairs": 54, "eigenvalues": [3.436036559304987, -3.432354039666094]}, "5": {"diameter": 7, "conjugate_isogenous_pairs": 39, "eigenvalues": [4.440056780543069, -4.427599154475544]}, "7": {"diameter": 6, "conjugate_isogenous_pairs": 136, "eigenvalues": [5.2579508932914365, -5.2199393639188605]}, "11": {"diameter": 5, "conjugate_isogenous_pairs": 40, "eigenvalues": [6.528102574843574, -6.518266932151548]}}}