{"prime": 17107, "nodes": 1426, "minpoly": "x^2 + 17106*x + 3", "spine": 42, "undirected": false, "ell": {"2": {"diameter": 14, "conjugate_isogenous_pairs": 63, "eigenvalues": [2.819138221351801, -2.8227105660634066]}, "3": {"diameter": 10, "conjugate_isogenous_pairs": 54, "eigenvalues": [3.4603823412382884, -3.4624885120173134]}, "5": {"diameter": 7, "conjugate_isogenous_pairs": 135, "eigenvalues": [4.470993202237066, -4.421333702847616]}, "7": {"diameter": 6, "conjugate_isogenous_pairs": 42, "eigenvalues": [5.243687954385527, -5.273882444179146]}, "11": {"diameter": 5, "conjugate_isogenous_pairs": 79, "eigenvalues": [6.612662484342743, -6.5786690412522555]}}}