{"prime": 26597, "nodes": 2217, "minpoly": "x^2 + 26593*x + 2", "spine": 63, "undirected": false, "ell": {"2": {"diameter": 15, "conjugate_isogenous_pairs": 25, "eigenvalues": [2.816409589257529, -2.8258757552550855]}, "3": {"diameter": 10, "conjugate_isogenous_pairs": 139, "eigenvalues": [3.454747445983124, -3.4447382677533285]}, "5": {"diameter": 7, "conjugate_isogenous_pairs": 57, "eigenvalues": [4.468149788554796, -4.464836641772856]}, "7": {"diameter": 6, "conjugate_isogenous_pairs": 143, "eigenvalues": [5.284713478814652, -5.250860606974462]}, "11": {"diameter": 5, "conjugate_isogenous_pairs": 72, "eigenvalues": [6.619540494222425, -6.595819534000461]}}}