{"prime": 27751, "nodes": 2313, "minpoly": "x^2 + 27749*x + 3", "spine": 99, "undirected": false, "ell": {"2": {"diameter": 15, "conjugate_isogenous_pairs": 53, "eigenvalues": [2.8242070962166266, -2.8227579406977843]}, "3": {"diameter": 10, "conjugate_isogenous_pairs": 34, "eigenvalues": [3.437997493400464, -3.4610263390692455]}, "5": {"diameter": 7, "conjugate_isogenous_pairs": 95, "eigenvalues": [4.4517190388171155, -4.4683803096165]}, "7": {"diameter": 6, "conjugate_isogenous_pairs": 44, "eigenvalues": [5.25180476294559, -5.284255736810395]}, "11": {"diameter": 5, "conjugate_isogenous_pairs": 175, "eigenvalues": [6.544352641293611, -6.629072461110937]}}}