{"prime": 20981, "nodes": 1749, "minpoly": "x^2 + 20977*x + 2", "spine": 55, "undirected": false, "ell": {"2": {"diameter": 14, "conjugate_isogenous_pairs": 17, "eigenvalues": [2.821661521500943, -2.826568782116543]}, "3": {"diameter": 10, "conjugate_isogenous_pairs": 96, "eigenvalues": [3.4512576183072063, -3.460397004103755]}, "5": {"diameter": 7, "conjugate_isogenous_pairs": 36, "eigenvalues": [4.452363516277112, -4.45928633770197]}, "7": {"diameter": 6, "conjugate_isogenous_pairs": 93, "eigenvalues": [5.236081282911533, -5.2739813823229635]}, "11": {"diameter": 5, "conjugate_isogenous_pairs": 110, "eigenvalues": [6.61964933218346, -6.605775655591986]}}}