{"prime": 21277, "nodes": 1773, "minpoly": "x^2 + 21275*x + 6", "spine": 23, "undirected": true, "ell": {"2": {"diameter": 14, "conjugate_isogenous_pairs": 49, "eigenvalues": [2.8211943448788306, -2.8169201198692773]}, "3": {"diameter": 9, "conjugate_isogenous_pairs": 116, "eigenvalues": [3.4518397063654813, -3.4491231769937536]}, "5": {"diameter": 7, "conjugate_isogenous_pairs": 94, "eigenvalues": [4.450191960231203, -4.4666423266213355]}, "7": {"diameter": 6, "conjugate_isogenous_pairs": 93, "eigenvalues": [5.269073932230736, -5.267248857860349]}, "11": {"diameter": 5, "conjugate_isogenous_pairs": 116, "eigenvalues": [6.610116422602696, -6.613120976245758]}}}