{"prime": 28669, "nodes": 2389, "minpoly": "x^2 + 28668*x + 6", "spine": 41, "undirected": true, "ell": {"2": {"diameter": 14, "conjugate_isogenous_pairs": 51, "eigenvalues": [2.815502980963647, -2.8238330625155537]}, "3": {"diameter": 9, "conjugate_isogenous_pairs": 112, "eigenvalues": [3.4463643132361113, -3.4571379355922276]}, "5": {"diameter": 7, "conjugate_isogenous_pairs": 92, "eigenvalues": [4.460299738331035, -4.461004658455651]}, "7": {"diameter": 6, "conjugate_isogenous_pairs": 59, "eigenvalues": [5.277019727342509, -5.232334026460487]}, "11": {"diameter": 5, "conjugate_isogenous_pairs": 240, "eigenvalues": [6.598871950547112, -6.610615396496829]}}}