{"prime": 24889, "nodes": 2074, "minpoly": "x^2 + 24884*x + 11", "spine": 52, "undirected": true, "ell": {"2": {"diameter": 14, "conjugate_isogenous_pairs": 33, "eigenvalues": [2.8198051803584168, -2.8216488117166936]}, "3": {"diameter": 9, "conjugate_isogenous_pairs": 55, "eigenvalues": [3.460979999384049, -3.4586556428725426]}, "5": {"diameter": 7, "conjugate_isogenous_pairs": 130, "eigenvalues": [4.449494968938244, -4.461673156340059]}, "7": {"diameter": 6, "conjugate_isogenous_pairs": 92, "eigenvalues": [5.256615457069622, -5.276211726654919]}, "11": {"diameter": 5, "conjugate_isogenous_pairs": 152, "eigenvalues": [6.552349232323326, -6.582049232638791]}}}