{"prime": 26293, "nodes": 2191, "minpoly": "x^2 + 26291*x + 6", "spine": 19, "undirected": true, "ell": {"2": {"diameter": 14, "conjugate_isogenous_pairs": 68, "eigenvalues": [2.8230004031882023, -2.8234703664728418]}, "3": {"diameter": 10, "conjugate_isogenous_pairs": 128, "eigenvalues": [3.4510617383339475, -3.4491572756329076]}, "5": {"diameter": 7, "conjugate_isogenous_pairs": 99, "eigenvalues": [4.448053750442857, -4.4638038480816205]}, "7": {"diameter": 6, "conjugate_isogenous_pairs": 100, "eigenvalues": [5.289266739559898, -5.247228853106141]}, "11": {"diameter": 5, "conjugate_isogenous_pairs": 212, "eigenvalues": [6.619940331962054, -6.581872637808189]}}}