{"prime": 4217, "nodes": 352, "minpoly": "x^2 + 4212*x + 3", "spine": 26, "undirected": false, "ell": {"2": {"diameter": 12, "conjugate_isogenous_pairs": 17, "eigenvalues": [2.804173218532132, -2.8051752901185547]}, "3": {"diameter": 8, "conjugate_isogenous_pairs": 16, "eigenvalues": [3.45400968762387, -3.4180035954729338]}, "5": {"diameter": 6, "conjugate_isogenous_pairs": 14, "eigenvalues": [4.377500597548318, -4.372793110048283]}, "7": {"diameter": 5, "conjugate_isogenous_pairs": 91, "eigenvalues": [5.197794494513211, -5.220030226580114]}, "11": {"diameter": 4, "conjugate_isogenous_pairs": 36, "eigenvalues": [6.49452438754076, -6.557605570391664]}}}