{"prime": 18061, "nodes": 1505, "minpoly": "x^2 + 18057*x + 6", "spine": 31, "undirected": true, "ell": {"2": {"diameter": 14, "conjugate_isogenous_pairs": 26, "eigenvalues": [2.8181782771605777, -2.818750937400721]}, "3": {"diameter": 10, "conjugate_isogenous_pairs": 89, "eigenvalues": [3.4307234439534295, -3.4530403667918255]}, "5": {"diameter": 7, "conjugate_isogenous_pairs": 90, "eigenvalues": [4.414767426486045, -4.443990113313861]}, "7": {"diameter": 5, "conjugate_isogenous_pairs": 44, "eigenvalues": [5.243713863483759, -5.289869358517347]}, "11": {"diameter": 5, "conjugate_isogenous_pairs": 186, "eigenvalues": [6.519461890908061, -6.538580531521286]}}}