{"prime": 2707, "nodes": 226, "minpoly": "x^2 + 2706*x + 2", "spine": 14, "undirected": false, "ell": {"2": {"diameter": 12, "conjugate_isogenous_pairs": 26, "eigenvalues": [2.801303076352318, -2.810022609928742]}, "3": {"diameter": 7, "conjugate_isogenous_pairs": 15, "eigenvalues": [3.2860695516440654, -3.413130688747246]}, "5": {"diameter": 5, "conjugate_isogenous_pairs": 32, "eigenvalues": [4.414396993614157, -4.301916816828725]}, "7": {"diameter": 4, "conjugate_isogenous_pairs": 14, "eigenvalues": [5.127889390040074, -5.269278595129473]}, "11": {"diameter": 4, "conjugate_isogenous_pairs": 30, "eigenvalues": [6.435796444883717, -6.538466939626246]}}}