{"prime": 8317, "nodes": 693, "minpoly": "x^2 + 8316*x + 6", "spine": 17, "undirected": true, "ell": {"2": {"diameter": 12, "conjugate_isogenous_pairs": 34, "eigenvalues": [2.8198953155754385, -2.820473385771022]}, "3": {"diameter": 8, "conjugate_isogenous_pairs": 64, "eigenvalues": [3.4520844034579032, -3.44752591855503]}, "5": {"diameter": 6, "conjugate_isogenous_pairs": 38, "eigenvalues": [4.387290065222652, -4.460382847546921]}, "7": {"diameter": 5, "conjugate_isogenous_pairs": 46, "eigenvalues": [5.210592620904508, -5.2240094126897985]}, "11": {"diameter": 4, "conjugate_isogenous_pairs": 87, "eigenvalues": [6.465835624327849, -6.498512607203965]}}}