{"prime": 16421, "nodes": 1369, "minpoly": "x^2 + 16411*x + 2", "spine": 89, "undirected": false, "ell": {"2": {"diameter": 15, "conjugate_isogenous_pairs": 29, "eigenvalues": [2.8271568070598936, -2.8157663577416536]}, "3": {"diameter": 10, "conjugate_isogenous_pairs": 36, "eigenvalues": [3.4572680598001084, -3.459432170898374]}, "5": {"diameter": 7, "conjugate_isogenous_pairs": 28, "eigenvalues": [4.445648940492738, -4.453388612341224]}, "7": {"diameter": 6, "conjugate_isogenous_pairs": 94, "eigenvalues": [5.259799518699555, -5.216950731833647]}, "11": {"diameter": 5, "conjugate_isogenous_pairs": 121, "eigenvalues": [6.578181519033981, -6.58811224763005]}}}