{"prime": 2099, "nodes": 176, "minpoly": "x^2 + 2095*x + 2", "spine": 38, "undirected": false, "ell": {"2": {"diameter": 12, "conjugate_isogenous_pairs": 9, "eigenvalues": [2.8078516406801914, -2.7704875698180644]}, "3": {"diameter": 7, "conjugate_isogenous_pairs": 8, "eigenvalues": [3.377535048193264, -3.4148299408664324]}, "5": {"diameter": 6, "conjugate_isogenous_pairs": 16, "eigenvalues": [4.375981235314482, -4.338674323466487]}, "7": {"diameter": 5, "conjugate_isogenous_pairs": 25, "eigenvalues": [5.202867110265406, -4.810054170483286]}, "11": {"diameter": 4, "conjugate_isogenous_pairs": 20, "eigenvalues": [6.390529880019087, -6.113136773025445]}}}