{"prime": 16033, "nodes": 1336, "minpoly": "x^2 + 16030*x + 5", "spine": 38, "undirected": true, "ell": {"2": {"diameter": 15, "conjugate_isogenous_pairs": 53, "eigenvalues": [2.8178143700158134, -2.8145449290034192]}, "3": {"diameter": 9, "conjugate_isogenous_pairs": 50, "eigenvalues": [3.447056329268067, -3.459394498158912]}, "5": {"diameter": 7, "conjugate_isogenous_pairs": 57, "eigenvalues": [4.445744557332499, -4.4580744253912545]}, "7": {"diameter": 5, "conjugate_isogenous_pairs": 79, "eigenvalues": [5.250515277677089, -5.2221389224854065]}, "11": {"diameter": 5, "conjugate_isogenous_pairs": 100, "eigenvalues": [6.598372867330483, -6.5543910210917105]}}}