{"prime": 13831, "nodes": 1153, "minpoly": "x^2 + 13829*x + 6", "spine": 77, "undirected": false, "ell": {"2": {"diameter": 14, "conjugate_isogenous_pairs": 27, "eigenvalues": [2.8224061094378383, -2.8257530344249306]}, "3": {"diameter": 9, "conjugate_isogenous_pairs": 26, "eigenvalues": [3.4551386591697866, -3.437210348577115]}, "5": {"diameter": 6, "conjugate_isogenous_pairs": 62, "eigenvalues": [4.425552908405301, -4.453052186760128]}, "7": {"diameter": 6, "conjugate_isogenous_pairs": 33, "eigenvalues": [5.251739613054807, -5.223000949698593]}, "11": {"diameter": 5, "conjugate_isogenous_pairs": 146, "eigenvalues": [6.592448255127748, -6.588606273834667]}}}