{"prime": 101, "nodes": 9, "minpoly": "x^2 + 97*x + 2", "spine": 7, "undirected": false, "ell": {"2": {"diameter": 6, "conjugate_isogenous_pairs": 0, "eigenvalues": [2.7200916503870705, -2.7626329398711285]}, "3": {"diameter": 4, "conjugate_isogenous_pairs": 1, "eigenvalues": [3.0112431306687775, -2.439909442532033]}, "5": {"diameter": 2, "conjugate_isogenous_pairs": 1, "eigenvalues": [2.6451257326894924, -3.684310917284118]}, "7": {"diameter": 2, "conjugate_isogenous_pairs": 1, "eigenvalues": [3.533711183308409, -4.700609426742978]}, "11": {"diameter": 2, "conjugate_isogenous_pairs": 1, "eigenvalues": [4.796339512731497, -2.493230300143109]}}}