{"prime": 28031, "nodes": 2337, "minpoly": "x^2 + 28030*x + 19", "spine": 225, "undirected": false, "ell": {"2": {"diameter": 15, "conjugate_isogenous_pairs": 34, "eigenvalues": [2.8269453590042097, -2.8276998247700074]}, "3": {"diameter": 10, "conjugate_isogenous_pairs": 36, "eigenvalues": [3.4395234167891187, -3.4586783883228467]}, "5": {"diameter": 7, "conjugate_isogenous_pairs": 33, "eigenvalues": [4.468657888396386, -4.459039608265877]}, "7": {"diameter": 6, "conjugate_isogenous_pairs": 78, "eigenvalues": [5.261830972626745, -5.253676496880603]}, "11": {"diameter": 5, "conjugate_isogenous_pairs": 80, "eigenvalues": [6.612090910887905, -6.598879763621137]}}}