{"prime": 10079, "nodes": 841, "minpoly": "x^2 + 10076*x + 11", "spine": 135, "undirected": false, "ell": {"2": {"diameter": 14, "conjugate_isogenous_pairs": 18, "eigenvalues": [2.8191480993026468, -2.8231075203270186]}, "3": {"diameter": 9, "conjugate_isogenous_pairs": 18, "eigenvalues": [3.4389141133621455, -3.440676698967933]}, "5": {"diameter": 7, "conjugate_isogenous_pairs": 21, "eigenvalues": [4.449735583009007, -4.442130856998807]}, "7": {"diameter": 6, "conjugate_isogenous_pairs": 38, "eigenvalues": [5.285639843236855, -5.1715657879089685]}, "11": {"diameter": 5, "conjugate_isogenous_pairs": 44, "eigenvalues": [6.552004167297272, -6.593768290816037]}}}