{"prime": 8951, "nodes": 747, "minpoly": "x^2 + 8946*x + 13", "spine": 135, "undirected": false, "ell": {"2": {"diameter": 14, "conjugate_isogenous_pairs": 11, "eigenvalues": [2.7961920369539977, -2.8275018583746543]}, "3": {"diameter": 9, "conjugate_isogenous_pairs": 15, "eigenvalues": [3.4405338646203125, -3.4472192234474983]}, "5": {"diameter": 7, "conjugate_isogenous_pairs": 31, "eigenvalues": [4.4173948219209125, -4.412573451231718]}, "7": {"diameter": 6, "conjugate_isogenous_pairs": 44, "eigenvalues": [5.247130510851629, -5.262144135197735]}, "11": {"diameter": 4, "conjugate_isogenous_pairs": 58, "eigenvalues": [6.597839023334728, -6.450666204572964]}}}