{"prime": 4007, "nodes": 335, "minpoly": "x^2 + 4005*x + 5", "spine": 57, "undirected": false, "ell": {"2": {"diameter": 12, "conjugate_isogenous_pairs": 13, "eigenvalues": [2.823138667325976, -2.815695427622248]}, "3": {"diameter": 8, "conjugate_isogenous_pairs": 22, "eigenvalues": [3.3694892693801903, -3.373210097258643]}, "5": {"diameter": 6, "conjugate_isogenous_pairs": 16, "eigenvalues": [4.418820110871515, -4.445425781879888]}, "7": {"diameter": 5, "conjugate_isogenous_pairs": 42, "eigenvalues": [5.239247739138561, -5.140749178047504]}, "11": {"diameter": 4, "conjugate_isogenous_pairs": 16, "eigenvalues": [6.4565627572192925, -6.393307438789458]}}}