{"prime": 28547, "nodes": 2380, "minpoly": "x^2 + 28540*x + 2", "spine": 82, "undirected": false, "ell": {"2": {"diameter": 15, "conjugate_isogenous_pairs": 29, "eigenvalues": [2.810479208879577, -2.8249613112339884]}, "3": {"diameter": 10, "conjugate_isogenous_pairs": 78, "eigenvalues": [3.4628497182648244, -3.4431643586157827]}, "5": {"diameter": 7, "conjugate_isogenous_pairs": 113, "eigenvalues": [4.466458174468438, -4.463256884749757]}, "7": {"diameter": 6, "conjugate_isogenous_pairs": 90, "eigenvalues": [5.2327752014097735, -5.243296663176808]}, "11": {"diameter": 5, "conjugate_isogenous_pairs": 38, "eigenvalues": [6.586028720423955, -6.575687663137862]}}}