{"prime": 4603, "nodes": 384, "minpoly": "x^2 + 4599*x + 2", "spine": 14, "undirected": false, "ell": {"2": {"diameter": 13, "conjugate_isogenous_pairs": 30, "eigenvalues": [2.822041991588558, -2.820291809883056]}, "3": {"diameter": 8, "conjugate_isogenous_pairs": 26, "eigenvalues": [3.4097462696442054, -3.4020447171390136]}, "5": {"diameter": 6, "conjugate_isogenous_pairs": 60, "eigenvalues": [4.315675370457534, -4.4286257595850795]}, "7": {"diameter": 5, "conjugate_isogenous_pairs": 22, "eigenvalues": [5.2274087500954165, -5.263701731079765]}, "11": {"diameter": 4, "conjugate_isogenous_pairs": 30, "eigenvalues": [6.346213354098968, -6.493398381972711]}}}