{"prime": 6173, "nodes": 515, "minpoly": "x^2 + 6172*x + 2", "spine": 37, "undirected": false, "ell": {"2": {"diameter": 13, "conjugate_isogenous_pairs": 20, "eigenvalues": [2.814470604106802, -2.809926487334762]}, "3": {"diameter": 9, "conjugate_isogenous_pairs": 42, "eigenvalues": [3.429614019840216, -3.4066833744405214]}, "5": {"diameter": 6, "conjugate_isogenous_pairs": 21, "eigenvalues": [4.434083053679516, -4.430585709807167]}, "7": {"diameter": 6, "conjugate_isogenous_pairs": 61, "eigenvalues": [5.215745540737552, -5.242715499145267]}, "11": {"diameter": 4, "conjugate_isogenous_pairs": 47, "eigenvalues": [6.5322292543796525, -6.632045541647347]}}}