{"prime": 6011, "nodes": 502, "minpoly": "x^2 + 6007*x + 2", "spine": 54, "undirected": false, "ell": {"2": {"diameter": 13, "conjugate_isogenous_pairs": 14, "eigenvalues": [2.7988929399629985, -2.819935901768123]}, "3": {"diameter": 9, "conjugate_isogenous_pairs": 14, "eigenvalues": [3.4313630898642953, -3.436866153129641]}, "5": {"diameter": 6, "conjugate_isogenous_pairs": 34, "eigenvalues": [4.4535121152657995, -4.397789259113047]}, "7": {"diameter": 5, "conjugate_isogenous_pairs": 40, "eigenvalues": [5.275099768959366, -5.280789163892037]}, "11": {"diameter": 5, "conjugate_isogenous_pairs": 47, "eigenvalues": [6.568898061259526, -6.396235325433689]}}}