{"prime": 5107, "nodes": 426, "minpoly": "x^2 + 5103*x + 2", "spine": 14, "undirected": false, "ell": {"2": {"diameter": 12, "conjugate_isogenous_pairs": 29, "eigenvalues": [2.82029218511432, -2.8267437267720505]}, "3": {"diameter": 8, "conjugate_isogenous_pairs": 24, "eigenvalues": [3.441390490026293, -3.3894515470465523]}, "5": {"diameter": 6, "conjugate_isogenous_pairs": 87, "eigenvalues": [4.423447909987677, -4.411312237659755]}, "7": {"diameter": 5, "conjugate_isogenous_pairs": 36, "eigenvalues": [5.187112790313721, -5.27210966661796]}, "11": {"diameter": 4, "conjugate_isogenous_pairs": 46, "eigenvalues": [6.442796631825181, -6.59629909514506]}}}