{"prime": 11261, "nodes": 939, "minpoly": "x^2 + 11260*x + 2", "spine": 87, "undirected": false, "ell": {"2": {"diameter": 14, "conjugate_isogenous_pairs": 11, "eigenvalues": [2.8158950568868737, -2.820190123418474]}, "3": {"diameter": 9, "conjugate_isogenous_pairs": 49, "eigenvalues": [3.453202104172761, -3.4333273559874797]}, "5": {"diameter": 6, "conjugate_isogenous_pairs": 26, "eigenvalues": [4.445398222990806, -4.41693485614286]}, "7": {"diameter": 6, "conjugate_isogenous_pairs": 59, "eigenvalues": [5.269762934603487, -5.278077975200557]}, "11": {"diameter": 5, "conjugate_isogenous_pairs": 115, "eigenvalues": [6.570788859010833, -6.506901621584601]}}}