{"prime": 22717, "nodes": 1893, "minpoly": "x^2 + 22713*x + 2", "spine": 25, "undirected": true, "ell": {"2": {"diameter": 14, "conjugate_isogenous_pairs": 42, "eigenvalues": [2.827345627344961, -2.8176514472889025]}, "3": {"diameter": 9, "conjugate_isogenous_pairs": 133, "eigenvalues": [3.459510081370078, -3.4481261772664644]}, "5": {"diameter": 7, "conjugate_isogenous_pairs": 124, "eigenvalues": [4.45334024366986, -4.439439745685226]}, "7": {"diameter": 6, "conjugate_isogenous_pairs": 96, "eigenvalues": [5.230448747949362, -5.2483449751715145]}, "11": {"diameter": 5, "conjugate_isogenous_pairs": 220, "eigenvalues": [6.590468559737777, -6.577935397552694]}}}