{"prime": 18041, "nodes": 1504, "minpoly": "x^2 + 18035*x + 3", "spine": 74, "undirected": false, "ell": {"2": {"diameter": 14, "conjugate_isogenous_pairs": 20, "eigenvalues": [2.8241906041360405, -2.8154417789372004]}, "3": {"diameter": 9, "conjugate_isogenous_pairs": 41, "eigenvalues": [3.4577597194738994, -3.46122819916876]}, "5": {"diameter": 7, "conjugate_isogenous_pairs": 37, "eigenvalues": [4.453353225126081, -4.426578611831308]}, "7": {"diameter": 6, "conjugate_isogenous_pairs": 124, "eigenvalues": [5.198091545818233, -5.200962120608116]}, "11": {"diameter": 5, "conjugate_isogenous_pairs": 66, "eigenvalues": [6.540709125114292, -6.62130850055145]}}}