{"prime": 227, "nodes": 20, "minpoly": "x^2 + 220*x + 2", "spine": 10, "undirected": false, "ell": {"2": {"diameter": 7, "conjugate_isogenous_pairs": 2, "eigenvalues": [2.6237221634652457, -2.731887050113313]}, "3": {"diameter": 5, "conjugate_isogenous_pairs": 3, "eigenvalues": [3.0194725187448017, -3.192582403567246]}, "5": {"diameter": 4, "conjugate_isogenous_pairs": 4, "eigenvalues": [3.9308963440996423, -4.186563705457626]}, "7": {"diameter": 3, "conjugate_isogenous_pairs": 4, "eigenvalues": [4.618033988749895, -4.35396704255515]}, "11": {"diameter": 3, "conjugate_isogenous_pairs": 2, "eigenvalues": [5.394282624482478, -5.212909946444269]}}}