{"prime": 9803, "nodes": 818, "minpoly": "x^2 + 9802*x + 2", "spine": 74, "undirected": false, "ell": {"2": {"diameter": 13, "conjugate_isogenous_pairs": 17, "eigenvalues": [2.824514534674269, -2.8193536174358798]}, "3": {"diameter": 10, "conjugate_isogenous_pairs": 31, "eigenvalues": [3.4503698373324925, -3.4473594387172635]}, "5": {"diameter": 7, "conjugate_isogenous_pairs": 50, "eigenvalues": [4.421354651943272, -4.389390810274618]}, "7": {"diameter": 6, "conjugate_isogenous_pairs": 57, "eigenvalues": [5.287311782984445, -5.251288700352127]}, "11": {"diameter": 5, "conjugate_isogenous_pairs": 36, "eigenvalues": [6.566277557705149, -6.602863805326817]}}}