{"prime": 12113, "nodes": 1010, "minpoly": "x^2 + 12106*x + 3", "spine": 74, "undirected": false, "ell": {"2": {"diameter": 14, "conjugate_isogenous_pairs": 24, "eigenvalues": [2.827716857182945, -2.8259652506706425]}, "3": {"diameter": 9, "conjugate_isogenous_pairs": 35, "eigenvalues": [3.415058350612823, -3.4560584078295844]}, "5": {"diameter": 7, "conjugate_isogenous_pairs": 23, "eigenvalues": [4.4516573616222415, -4.464533330943327]}, "7": {"diameter": 6, "conjugate_isogenous_pairs": 127, "eigenvalues": [5.2136105812774725, -5.25493463234743]}, "11": {"diameter": 5, "conjugate_isogenous_pairs": 44, "eigenvalues": [6.538510181681964, -6.567987085778039]}}}