{"prime": 27253, "nodes": 2271, "minpoly": "x^2 + 27249*x + 2", "spine": 35, "undirected": true, "ell": {"2": {"diameter": 14, "conjugate_isogenous_pairs": 60, "eigenvalues": [2.820342625910227, -2.8219631443881026]}, "3": {"diameter": 9, "conjugate_isogenous_pairs": 141, "eigenvalues": [3.455046552176426, -3.4422468544116005]}, "5": {"diameter": 7, "conjugate_isogenous_pairs": 92, "eigenvalues": [4.439785619513083, -4.433561028112536]}, "7": {"diameter": 6, "conjugate_isogenous_pairs": 66, "eigenvalues": [5.285518873749823, -5.25735457963721]}, "11": {"diameter": 5, "conjugate_isogenous_pairs": 158, "eigenvalues": [6.609705856111931, -6.621414775458159]}}}