{"prime": 10837, "nodes": 903, "minpoly": "x^2 + 10833*x + 2", "spine": 19, "undirected": true, "ell": {"2": {"diameter": 13, "conjugate_isogenous_pairs": 34, "eigenvalues": [2.819797644901484, -2.827395564433305]}, "3": {"diameter": 9, "conjugate_isogenous_pairs": 79, "eigenvalues": [3.4235193579176175, -3.445338728774444]}, "5": {"diameter": 6, "conjugate_isogenous_pairs": 68, "eigenvalues": [4.458900336011257, -4.419376205058909]}, "7": {"diameter": 5, "conjugate_isogenous_pairs": 57, "eigenvalues": [5.284242683827707, -5.231448056756371]}, "11": {"diameter": 4, "conjugate_isogenous_pairs": 121, "eigenvalues": [6.55059905378227, -6.573926680232168]}}}