{"prime": 9811, "nodes": 818, "minpoly": "x^2 + 9810*x + 3", "spine": 42, "undirected": false, "ell": {"2": {"diameter": 13, "conjugate_isogenous_pairs": 23, "eigenvalues": [2.806063622024074, -2.81554551588758]}, "3": {"diameter": 9, "conjugate_isogenous_pairs": 26, "eigenvalues": [3.4555534838026163, -3.410388315499461]}, "5": {"diameter": 6, "conjugate_isogenous_pairs": 114, "eigenvalues": [4.452239451572232, -4.466016736616263]}, "7": {"diameter": 5, "conjugate_isogenous_pairs": 22, "eigenvalues": [5.193286042267512, -5.197879443667567]}, "11": {"diameter": 4, "conjugate_isogenous_pairs": 67, "eigenvalues": [6.372318939444266, -6.54132603635688]}}}