{"prime": 2269, "nodes": 189, "minpoly": "x^2 + 2265*x + 2", "spine": 15, "undirected": true, "ell": {"2": {"diameter": 10, "conjugate_isogenous_pairs": 14, "eigenvalues": [2.813090007141838, -2.8038490820820767]}, "3": {"diameter": 7, "conjugate_isogenous_pairs": 18, "eigenvalues": [3.3440764035483763, -3.305947525982369]}, "5": {"diameter": 5, "conjugate_isogenous_pairs": 25, "eigenvalues": [4.374207999199908, -4.461704140563354]}, "7": {"diameter": 4, "conjugate_isogenous_pairs": 18, "eigenvalues": [5.076447316080832, -5.207900984168796]}, "11": {"diameter": 4, "conjugate_isogenous_pairs": 56, "eigenvalues": [6.340188699964328, -6.4796301286502045]}}}