{"prime": 1283, "nodes": 108, "minpoly": "x^2 + 1279*x + 2", "spine": 22, "undirected": false, "ell": {"2": {"diameter": 10, "conjugate_isogenous_pairs": 4, "eigenvalues": [2.791287847477931, -2.8018525220158015]}, "3": {"diameter": 7, "conjugate_isogenous_pairs": 12, "eigenvalues": [3.3023269847825008, -3.3862566383960044]}, "5": {"diameter": 5, "conjugate_isogenous_pairs": 20, "eigenvalues": [4.296177676349651, -4.339300152179462]}, "7": {"diameter": 4, "conjugate_isogenous_pairs": 22, "eigenvalues": [5.0421888336495355, -4.998141184760177]}, "11": {"diameter": 4, "conjugate_isogenous_pairs": 9, "eigenvalues": [6.176852202569909, -6.526080680490495]}}}