{"prime": 373, "nodes": 31, "minpoly": "x^2 + 369*x + 2", "spine": 5, "undirected": true, "ell": {"2": {"diameter": 6, "conjugate_isogenous_pairs": 5, "eigenvalues": [2.702351180657211, -2.769794385901319]}, "3": {"diameter": 5, "conjugate_isogenous_pairs": 11, "eigenvalues": [3.385793301500616, -3.462310410385169]}, "5": {"diameter": 3, "conjugate_isogenous_pairs": 8, "eigenvalues": [3.984116722843309, -3.8970980708982936]}, "7": {"diameter": 3, "conjugate_isogenous_pairs": 6, "eigenvalues": [4.417853426536233, -5.114173468857997]}, "11": {"diameter": 3, "conjugate_isogenous_pairs": 9, "eigenvalues": [5.295855878774799, -5.999999999999993]}}}