{"prime": 24473, "nodes": 2040, "minpoly": "x^2 + 24467*x + 3", "spine": 42, "undirected": false, "ell": {"2": {"diameter": 14, "conjugate_isogenous_pairs": 32, "eigenvalues": [2.8170900195877784, -2.8251651025242692]}, "3": {"diameter": 10, "conjugate_isogenous_pairs": 83, "eigenvalues": [3.462042195067601, -3.4561231261442735]}, "5": {"diameter": 7, "conjugate_isogenous_pairs": 42, "eigenvalues": [4.4572685900126725, -4.433101766488319]}, "7": {"diameter": 6, "conjugate_isogenous_pairs": 278, "eigenvalues": [5.265144769643643, -5.25778984865265]}, "11": {"diameter": 5, "conjugate_isogenous_pairs": 70, "eigenvalues": [6.600650160747416, -6.6237347498847905]}}}