{"prime": 9521, "nodes": 794, "minpoly": "x^2 + 9520*x + 3", "spine": 64, "undirected": false, "ell": {"2": {"diameter": 13, "conjugate_isogenous_pairs": 12, "eigenvalues": [2.8061187884552856, -2.816466326658842]}, "3": {"diameter": 9, "conjugate_isogenous_pairs": 28, "eigenvalues": [3.447968395902882, -3.446461564908803]}, "5": {"diameter": 7, "conjugate_isogenous_pairs": 33, "eigenvalues": [4.437224370117809, -4.445903122827429]}, "7": {"diameter": 6, "conjugate_isogenous_pairs": 77, "eigenvalues": [5.252719866104822, -5.1983418350398525]}, "11": {"diameter": 5, "conjugate_isogenous_pairs": 48, "eigenvalues": [6.604443716034333, -6.555813603353946]}}}