{"prime": 10463, "nodes": 873, "minpoly": "x^2 + 10461*x + 5", "spine": 109, "undirected": false, "ell": {"2": {"diameter": 13, "conjugate_isogenous_pairs": 26, "eigenvalues": [2.8268780854823916, -2.813696764187395]}, "3": {"diameter": 9, "conjugate_isogenous_pairs": 27, "eigenvalues": [3.433222494061963, -3.433522544113489]}, "5": {"diameter": 6, "conjugate_isogenous_pairs": 34, "eigenvalues": [4.469679992756809, -4.471264012945123]}, "7": {"diameter": 6, "conjugate_isogenous_pairs": 61, "eigenvalues": [5.274423935970823, -5.222381432854433]}, "11": {"diameter": 5, "conjugate_isogenous_pairs": 28, "eigenvalues": [6.58437672479534, -6.579500003485571]}}}