{"prime": 25411, "nodes": 2118, "minpoly": "x^2 + 25409*x + 7", "spine": 66, "undirected": false, "ell": {"2": {"diameter": 14, "conjugate_isogenous_pairs": 47, "eigenvalues": [2.8149231733715396, -2.827019700068899]}, "3": {"diameter": 10, "conjugate_isogenous_pairs": 33, "eigenvalues": [3.438270427345947, -3.44804672837368]}, "5": {"diameter": 7, "conjugate_isogenous_pairs": 159, "eigenvalues": [4.439717290811112, -4.45855232221452]}, "7": {"diameter": 6, "conjugate_isogenous_pairs": 47, "eigenvalues": [5.2664357532623685, -5.241733149382076]}, "11": {"diameter": 5, "conjugate_isogenous_pairs": 104, "eigenvalues": [6.593643542742151, -6.621881285391285]}}}