{"prime": 9151, "nodes": 763, "minpoly": "x^2 + 9150*x + 3", "spine": 67, "undirected": false, "ell": {"2": {"diameter": 13, "conjugate_isogenous_pairs": 21, "eigenvalues": [2.806331247788625, -2.8191863018256447]}, "3": {"diameter": 9, "conjugate_isogenous_pairs": 31, "eigenvalues": [3.4610698169813174, -3.432668828920819]}, "5": {"diameter": 6, "conjugate_isogenous_pairs": 90, "eigenvalues": [4.4326713939337, -4.444600054393988]}, "7": {"diameter": 5, "conjugate_isogenous_pairs": 23, "eigenvalues": [5.145379642072498, -5.283008310742078]}, "11": {"diameter": 5, "conjugate_isogenous_pairs": 63, "eigenvalues": [6.440748708097736, -6.598107034792486]}}}