{"prime": 22691, "nodes": 1892, "minpoly": "x^2 + 22687*x + 2", "spine": 102, "undirected": false, "ell": {"2": {"diameter": 15, "conjugate_isogenous_pairs": 24, "eigenvalues": [2.8229194539305777, -2.823724152585034]}, "3": {"diameter": 10, "conjugate_isogenous_pairs": 28, "eigenvalues": [3.450909157308029, -3.435147689864235]}, "5": {"diameter": 7, "conjugate_isogenous_pairs": 81, "eigenvalues": [4.44767108288275, -4.433794423235371]}, "7": {"diameter": 6, "conjugate_isogenous_pairs": 87, "eigenvalues": [5.272014053933479, -5.248596533403921]}, "11": {"diameter": 5, "conjugate_isogenous_pairs": 62, "eigenvalues": [6.614745815024044, -6.6083700413423525]}}}