{"prime": 28753, "nodes": 2396, "minpoly": "x^2 + 28748*x + 10", "spine": 28, "undirected": true, "ell": {"2": {"diameter": 14, "conjugate_isogenous_pairs": 45, "eigenvalues": [2.8261713265107944, -2.8243382570776663]}, "3": {"diameter": 9, "conjugate_isogenous_pairs": 125, "eigenvalues": [3.451598346927117, -3.4577154349400847]}, "5": {"diameter": 7, "conjugate_isogenous_pairs": 96, "eigenvalues": [4.4208274535495615, -4.44940044043165]}, "7": {"diameter": 6, "conjugate_isogenous_pairs": 107, "eigenvalues": [5.283777131794103, -5.2604035169506895]}, "11": {"diameter": 5, "conjugate_isogenous_pairs": 145, "eigenvalues": [6.627146550707395, -6.5763607643791016]}}}