{"prime": 2551, "nodes": 213, "minpoly": "x^2 + 2549*x + 6", "spine": 41, "undirected": false, "ell": {"2": {"diameter": 10, "conjugate_isogenous_pairs": 15, "eigenvalues": [2.8102921627416935, -2.8192262290841845]}, "3": {"diameter": 8, "conjugate_isogenous_pairs": 11, "eigenvalues": [3.4455270983756003, -3.416352638964665]}, "5": {"diameter": 5, "conjugate_isogenous_pairs": 22, "eigenvalues": [4.257074136965253, -4.36015096494359]}, "7": {"diameter": 5, "conjugate_isogenous_pairs": 9, "eigenvalues": [5.176550943843937, -5.2455132529561315]}, "11": {"diameter": 4, "conjugate_isogenous_pairs": 29, "eigenvalues": [6.428844387398791, -6.368799645993626]}}}