{"prime": 1231, "nodes": 103, "minpoly": "x^2 + 1229*x + 3", "spine": 27, "undirected": false, "ell": {"2": {"diameter": 9, "conjugate_isogenous_pairs": 6, "eigenvalues": [2.737876040782442, -2.7719712074615455]}, "3": {"diameter": 7, "conjugate_isogenous_pairs": 5, "eigenvalues": [3.3970586870856723, -3.4418381577702317]}, "5": {"diameter": 5, "conjugate_isogenous_pairs": 20, "eigenvalues": [4.461385985653042, -4.163308682119598]}, "7": {"diameter": 4, "conjugate_isogenous_pairs": 8, "eigenvalues": [5.2204694672644205, -5.1253207051806]}, "11": {"diameter": 3, "conjugate_isogenous_pairs": 26, "eigenvalues": [6.482933237181855, -6.59060715589912]}}}