{"prime": 1493, "nodes": 125, "minpoly": "x^2 + 1485*x + 2", "spine": 11, "undirected": false, "ell": {"2": {"diameter": 11, "conjugate_isogenous_pairs": 7, "eigenvalues": [2.8011507812804446, -2.7718496386751283]}, "3": {"diameter": 7, "conjugate_isogenous_pairs": 29, "eigenvalues": [3.4007547351690954, -3.341415027671319]}, "5": {"diameter": 5, "conjugate_isogenous_pairs": 12, "eigenvalues": [4.152258653533207, -4.4651319484768335]}, "7": {"diameter": 4, "conjugate_isogenous_pairs": 29, "eigenvalues": [5.01685219740517, -5.282553241156399]}, "11": {"diameter": 4, "conjugate_isogenous_pairs": 22, "eigenvalues": [6.262553633965985, -6.312569105570974]}}}