{"prime": 2903, "nodes": 243, "minpoly": "x^2 + 2902*x + 5", "spine": 59, "undirected": false, "ell": {"2": {"diameter": 12, "conjugate_isogenous_pairs": 11, "eigenvalues": [2.7919525213971754, -2.7894065346928842]}, "3": {"diameter": 8, "conjugate_isogenous_pairs": 15, "eigenvalues": [3.446801470031934, -3.3696410491853346]}, "5": {"diameter": 6, "conjugate_isogenous_pairs": 14, "eigenvalues": [4.441053039812414, -4.469716720264853]}, "7": {"diameter": 5, "conjugate_isogenous_pairs": 17, "eigenvalues": [5.221470250938666, -5.267837322051325]}, "11": {"diameter": 4, "conjugate_isogenous_pairs": 14, "eigenvalues": [6.4757602870213375, -6.446411432540514]}}}