{"prime": 6257, "nodes": 522, "minpoly": "x^2 + 6248*x + 3", "spine": 38, "undirected": false, "ell": {"2": {"diameter": 13, "conjugate_isogenous_pairs": 20, "eigenvalues": [2.8191665772683443, -2.8220138795953313]}, "3": {"diameter": 9, "conjugate_isogenous_pairs": 24, "eigenvalues": [3.4305453762328173, -3.4348575434681]}, "5": {"diameter": 6, "conjugate_isogenous_pairs": 15, "eigenvalues": [4.46054558751035, -4.41342528913559]}, "7": {"diameter": 5, "conjugate_isogenous_pairs": 106, "eigenvalues": [5.281521666285269, -5.27255850444942]}, "11": {"diameter": 4, "conjugate_isogenous_pairs": 31, "eigenvalues": [6.5903079054515015, -6.471855899861362]}}}