{"prime": 25747, "nodes": 2146, "minpoly": "x^2 + 25743*x + 2", "spine": 50, "undirected": false, "ell": {"2": {"diameter": 15, "conjugate_isogenous_pairs": 58, "eigenvalues": [2.824905757161017, -2.819304170439948]}, "3": {"diameter": 9, "conjugate_isogenous_pairs": 53, "eigenvalues": [3.427746995746675, -3.44527053790302]}, "5": {"diameter": 7, "conjugate_isogenous_pairs": 232, "eigenvalues": [4.439862391843844, -4.452001414891811]}, "7": {"diameter": 6, "conjugate_isogenous_pairs": 64, "eigenvalues": [5.28131993115163, -5.258768250810234]}, "11": {"diameter": 5, "conjugate_isogenous_pairs": 87, "eigenvalues": [6.627684647547451, -6.61271262836484]}}}