{"prime": 12421, "nodes": 1035, "minpoly": "x^2 + 12419*x + 7", "spine": 43, "undirected": true, "ell": {"2": {"diameter": 13, "conjugate_isogenous_pairs": 30, "eigenvalues": [2.7928321956055764, -2.82472377720918]}, "3": {"diameter": 9, "conjugate_isogenous_pairs": 39, "eigenvalues": [3.44395747668478, -3.4606005829251743]}, "5": {"diameter": 6, "conjugate_isogenous_pairs": 73, "eigenvalues": [4.464670107813049, -4.431929357969313]}, "7": {"diameter": 5, "conjugate_isogenous_pairs": 51, "eigenvalues": [5.233209303260652, -5.266797206538976]}, "11": {"diameter": 5, "conjugate_isogenous_pairs": 244, "eigenvalues": [6.621145128671452, -6.582340346396302]}}}