{"prime": 11471, "nodes": 957, "minpoly": "x^2 + 11470*x + 11", "spine": 143, "undirected": false, "ell": {"2": {"diameter": 14, "conjugate_isogenous_pairs": 18, "eigenvalues": [2.8214972610046867, -2.824223882587772]}, "3": {"diameter": 9, "conjugate_isogenous_pairs": 16, "eigenvalues": [3.4339516706531628, -3.448729698083461]}, "5": {"diameter": 7, "conjugate_isogenous_pairs": 32, "eigenvalues": [4.442817402812159, -4.407624456128328]}, "7": {"diameter": 6, "conjugate_isogenous_pairs": 50, "eigenvalues": [5.260809543540801, -5.200529379993622]}, "11": {"diameter": 5, "conjugate_isogenous_pairs": 57, "eigenvalues": [6.536662216067422, -6.604584928844709]}}}