{"prime": 7069, "nodes": 589, "minpoly": "x^2 + 7065*x + 2", "spine": 29, "undirected": true, "ell": {"2": {"diameter": 13, "conjugate_isogenous_pairs": 20, "eigenvalues": [2.8085594015754767, -2.823200953806214]}, "3": {"diameter": 8, "conjugate_isogenous_pairs": 43, "eigenvalues": [3.444511126329889, -3.4066059862713116]}, "5": {"diameter": 6, "conjugate_isogenous_pairs": 34, "eigenvalues": [4.409743014462264, -4.435309950993432]}, "7": {"diameter": 5, "conjugate_isogenous_pairs": 29, "eigenvalues": [5.1649745062789, -5.119048829762518]}, "11": {"diameter": 4, "conjugate_isogenous_pairs": 142, "eigenvalues": [6.493941070304571, -6.556129746167438]}}}