{"prime": 20089, "nodes": 1674, "minpoly": "x^2 + 20080*x + 7", "spine": 42, "undirected": true, "ell": {"2": {"diameter": 15, "conjugate_isogenous_pairs": 55, "eigenvalues": [2.8165986581019555, -2.828231976242757]}, "3": {"diameter": 9, "conjugate_isogenous_pairs": 44, "eigenvalues": [3.454422171753632, -3.442070769294979]}, "5": {"diameter": 7, "conjugate_isogenous_pairs": 55, "eigenvalues": [4.439667003436091, -4.3936638796908625]}, "7": {"diameter": 6, "conjugate_isogenous_pairs": 57, "eigenvalues": [5.262440185771772, -5.271499975948647]}, "11": {"diameter": 5, "conjugate_isogenous_pairs": 184, "eigenvalues": [6.60525871106358, -6.517316864674216]}}}