{"prime": 599, "nodes": 51, "minpoly": "x^2 + 598*x + 7", "spine": 25, "undirected": false, "ell": {"2": {"diameter": 8, "conjugate_isogenous_pairs": 2, "eigenvalues": [2.7970166048367036, -2.7406285398444323]}, "3": {"diameter": 6, "conjugate_isogenous_pairs": 4, "eigenvalues": [3.150686393200947, -3.418345169702529]}, "5": {"diameter": 5, "conjugate_isogenous_pairs": 4, "eigenvalues": [4.252802927564407, -4.070468215760712]}, "7": {"diameter": 4, "conjugate_isogenous_pairs": 7, "eigenvalues": [5.026598786574919, -5.192678328253775]}, "11": {"diameter": 3, "conjugate_isogenous_pairs": 6, "eigenvalues": [6.424228925478201, -6.523228133022064]}}}