{"prime": 11171, "nodes": 932, "minpoly": "x^2 + 11170*x + 2", "spine": 122, "undirected": false, "ell": {"2": {"diameter": 14, "conjugate_isogenous_pairs": 14, "eigenvalues": [2.8234925087731795, -2.822876917061898]}, "3": {"diameter": 10, "conjugate_isogenous_pairs": 19, "eigenvalues": [3.452103584513543, -3.4463913158790738]}, "5": {"diameter": 6, "conjugate_isogenous_pairs": 44, "eigenvalues": [4.4443182659533615, -4.45755361784229]}, "7": {"diameter": 6, "conjugate_isogenous_pairs": 51, "eigenvalues": [5.2080613567052865, -5.267590542127608]}, "11": {"diameter": 5, "conjugate_isogenous_pairs": 50, "eigenvalues": [6.491166960558638, -6.59109255339033]}}}