{"prime": 881, "nodes": 74, "minpoly": "x^2 + 869*x + 3", "spine": 20, "undirected": false, "ell": {"2": {"diameter": 9, "conjugate_isogenous_pairs": 5, "eigenvalues": [2.7552041288550235, -2.8022408495311333]}, "3": {"diameter": 7, "conjugate_isogenous_pairs": 9, "eigenvalues": [3.306983702201018, -3.338397404549517]}, "5": {"diameter": 5, "conjugate_isogenous_pairs": 6, "eigenvalues": [4.039998587486488, -4.4433036256766725]}, "7": {"diameter": 4, "conjugate_isogenous_pairs": 20, "eigenvalues": [5.247389100316264, -5.2180627859944355]}, "11": {"diameter": 3, "conjugate_isogenous_pairs": 12, "eigenvalues": [6.2861062388520565, -6.3664108566673345]}}}