{"prime": 18353, "nodes": 1530, "minpoly": "x^2 + 18341*x + 3", "spine": 60, "undirected": false, "ell": {"2": {"diameter": 14, "conjugate_isogenous_pairs": 29, "eigenvalues": [2.822029661533732, -2.827527134327602]}, "3": {"diameter": 10, "conjugate_isogenous_pairs": 60, "eigenvalues": [3.4596264824395355, -3.4581868056204703]}, "5": {"diameter": 7, "conjugate_isogenous_pairs": 26, "eigenvalues": [4.44750780669488, -4.463375545707049]}, "7": {"diameter": 6, "conjugate_isogenous_pairs": 232, "eigenvalues": [5.267548263379455, -5.238453696666711]}, "11": {"diameter": 5, "conjugate_isogenous_pairs": 67, "eigenvalues": [6.538602361207871, -6.602104862828812]}}}