{"prime": 13759, "nodes": 1147, "minpoly": "x^2 + 13758*x + 6", "spine": 57, "undirected": false, "ell": {"2": {"diameter": 13, "conjugate_isogenous_pairs": 33, "eigenvalues": [2.819913720061657, -2.8182590227586455]}, "3": {"diameter": 9, "conjugate_isogenous_pairs": 28, "eigenvalues": [3.439976964252478, -3.4491577319319995]}, "5": {"diameter": 7, "conjugate_isogenous_pairs": 103, "eigenvalues": [4.367067231324431, -4.451337182886016]}, "7": {"diameter": 5, "conjugate_isogenous_pairs": 34, "eigenvalues": [5.269229332336546, -5.231216211044341]}, "11": {"diameter": 5, "conjugate_isogenous_pairs": 93, "eigenvalues": [6.576085284597338, -6.534129528623019]}}}