{"prime": 2719, "nodes": 227, "minpoly": "x^2 + 2718*x + 3", "spine": 41, "undirected": false, "ell": {"2": {"diameter": 11, "conjugate_isogenous_pairs": 18, "eigenvalues": [2.8009556588451723, -2.8128035630097705]}, "3": {"diameter": 8, "conjugate_isogenous_pairs": 7, "eigenvalues": [3.441891379046995, -3.4165757371676375]}, "5": {"diameter": 5, "conjugate_isogenous_pairs": 33, "eigenvalues": [4.442514971433471, -4.357660142286711]}, "7": {"diameter": 5, "conjugate_isogenous_pairs": 12, "eigenvalues": [5.285563096203038, -5.2568308664849]}, "11": {"diameter": 4, "conjugate_isogenous_pairs": 44, "eigenvalues": [6.5605722586733926, -6.578049807071773]}}}