{"prime": 27211, "nodes": 2268, "minpoly": "x^2 + 27210*x + 10", "spine": 54, "undirected": false, "ell": {"2": {"diameter": 15, "conjugate_isogenous_pairs": 39, "eigenvalues": [2.819022200565605, -2.822225360799918]}, "3": {"diameter": 10, "conjugate_isogenous_pairs": 42, "eigenvalues": [3.4486442248252387, -3.4470343053310386]}, "5": {"diameter": 7, "conjugate_isogenous_pairs": 263, "eigenvalues": [4.453920375799497, -4.4569822051403545]}, "7": {"diameter": 6, "conjugate_isogenous_pairs": 59, "eigenvalues": [5.287710603094526, -5.275196187813527]}, "11": {"diameter": 5, "conjugate_isogenous_pairs": 158, "eigenvalues": [6.613427251463977, -6.627826179111937]}}}