{"prime": 24593, "nodes": 2050, "minpoly": "x^2 + 24592*x + 3", "spine": 46, "undirected": false, "ell": {"2": {"diameter": 15, "conjugate_isogenous_pairs": 23, "eigenvalues": [2.8221670519304, -2.8267161568179904]}, "3": {"diameter": 10, "conjugate_isogenous_pairs": 106, "eigenvalues": [3.455669180800628, -3.43686224660744]}, "5": {"diameter": 7, "conjugate_isogenous_pairs": 50, "eigenvalues": [4.452844295751538, -4.417011602643644]}, "7": {"diameter": 6, "conjugate_isogenous_pairs": 224, "eigenvalues": [5.23723373821181, -5.269462341944232]}, "11": {"diameter": 5, "conjugate_isogenous_pairs": 69, "eigenvalues": [6.592752679430117, -6.579227117183189]}}}