{"prime": 12277, "nodes": 1023, "minpoly": "x^2 + 12276*x + 2", "spine": 21, "undirected": true, "ell": {"2": {"diameter": 14, "conjugate_isogenous_pairs": 56, "eigenvalues": [2.821749855510824, -2.827761331314616]}, "3": {"diameter": 9, "conjugate_isogenous_pairs": 57, "eigenvalues": [3.4337283802041005, -3.4573483881127167]}, "5": {"diameter": 6, "conjugate_isogenous_pairs": 53, "eigenvalues": [4.419185158202706, -4.438964664438407]}, "7": {"diameter": 5, "conjugate_isogenous_pairs": 68, "eigenvalues": [5.1918876124461235, -5.216051879023429]}, "11": {"diameter": 4, "conjugate_isogenous_pairs": 190, "eigenvalues": [6.619642256591092, -6.520383891312264]}}}