{"prime": 3079, "nodes": 257, "minpoly": "x^2 + 3078*x + 6", "spine": 41, "undirected": false, "ell": {"2": {"diameter": 11, "conjugate_isogenous_pairs": 19, "eigenvalues": [2.805704587696949, -2.784900465576617]}, "3": {"diameter": 8, "conjugate_isogenous_pairs": 9, "eigenvalues": [3.4161238463205392, -3.4041630161915575]}, "5": {"diameter": 6, "conjugate_isogenous_pairs": 34, "eigenvalues": [4.387327702897388, -4.4425908730291725]}, "7": {"diameter": 5, "conjugate_isogenous_pairs": 11, "eigenvalues": [5.151296864701889, -5.241509032879569]}, "11": {"diameter": 4, "conjugate_isogenous_pairs": 47, "eigenvalues": [6.499156660205573, -6.498270375336433]}}}