{"prime": 7193, "nodes": 600, "minpoly": "x^2 + 7187*x + 3", "spine": 40, "undirected": false, "ell": {"2": {"diameter": 12, "conjugate_isogenous_pairs": 13, "eigenvalues": [2.822850097855806, -2.8152187524947916]}, "3": {"diameter": 9, "conjugate_isogenous_pairs": 50, "eigenvalues": [3.450281202144838, -3.4287567369016445]}, "5": {"diameter": 6, "conjugate_isogenous_pairs": 26, "eigenvalues": [4.422254761562224, -4.42947763953788]}, "7": {"diameter": 5, "conjugate_isogenous_pairs": 81, "eigenvalues": [5.2378467866567675, -5.180950239507071]}, "11": {"diameter": 4, "conjugate_isogenous_pairs": 24, "eigenvalues": [6.4831281002784475, -6.6196688222686015]}}}