{"prime": 9439, "nodes": 787, "minpoly": "x^2 + 9438*x + 22", "spine": 75, "undirected": false, "ell": {"2": {"diameter": 14, "conjugate_isogenous_pairs": 32, "eigenvalues": [2.8238026881097213, -2.827299442338145]}, "3": {"diameter": 9, "conjugate_isogenous_pairs": 18, "eigenvalues": [3.4395324710477673, -3.4586131127218924]}, "5": {"diameter": 7, "conjugate_isogenous_pairs": 51, "eigenvalues": [4.4452051668666215, -4.357238408442004]}, "7": {"diameter": 5, "conjugate_isogenous_pairs": 24, "eigenvalues": [5.247400286208292, -5.243835883452933]}, "11": {"diameter": 5, "conjugate_isogenous_pairs": 93, "eigenvalues": [6.5161330538152935, -6.573986831988881]}}}