{"prime": 15887, "nodes": 1325, "minpoly": "x^2 + 15885*x + 5", "spine": 109, "undirected": false, "ell": {"2": {"diameter": 14, "conjugate_isogenous_pairs": 21, "eigenvalues": [2.813939470068467, -2.8118616341660854]}, "3": {"diameter": 10, "conjugate_isogenous_pairs": 35, "eigenvalues": [3.4462166011078574, -3.4544365586416004]}, "5": {"diameter": 7, "conjugate_isogenous_pairs": 39, "eigenvalues": [4.43125886063722, -4.454641109871052]}, "7": {"diameter": 6, "conjugate_isogenous_pairs": 82, "eigenvalues": [5.264448853996945, -5.249167221468647]}, "11": {"diameter": 5, "conjugate_isogenous_pairs": 26, "eigenvalues": [6.556152593528149, -6.563652302835227]}}}