{"prime": 22543, "nodes": 1879, "minpoly": "x^2 + 22541*x + 3", "spine": 67, "undirected": false, "ell": {"2": {"diameter": 15, "conjugate_isogenous_pairs": 81, "eigenvalues": [2.8193255534616894, -2.8282736346141073]}, "3": {"diameter": 10, "conjugate_isogenous_pairs": 46, "eigenvalues": [3.4466921351446076, -3.457152871645126]}, "5": {"diameter": 7, "conjugate_isogenous_pairs": 63, "eigenvalues": [4.441868537958803, -4.429976151964233]}, "7": {"diameter": 6, "conjugate_isogenous_pairs": 62, "eigenvalues": [5.276108684896017, -5.240028937698762]}, "11": {"diameter": 5, "conjugate_isogenous_pairs": 93, "eigenvalues": [6.545717783948943, -6.523233280341275]}}}