{"prime": 10243, "nodes": 854, "minpoly": "x^2 + 10241*x + 7", "spine": 30, "undirected": false, "ell": {"2": {"diameter": 13, "conjugate_isogenous_pairs": 31, "eigenvalues": [2.807380769510908, -2.8154005531788555]}, "3": {"diameter": 9, "conjugate_isogenous_pairs": 41, "eigenvalues": [3.452661176390327, -3.4606753951969194]}, "5": {"diameter": 6, "conjugate_isogenous_pairs": 129, "eigenvalues": [4.470281852154671, -4.439526254346731]}, "7": {"diameter": 5, "conjugate_isogenous_pairs": 35, "eigenvalues": [5.186652991842728, -5.234416537328541]}, "11": {"diameter": 4, "conjugate_isogenous_pairs": 45, "eigenvalues": [6.536708647728202, -6.542676452021363]}}}