{"prime": 28909, "nodes": 2409, "minpoly": "x^2 + 28908*x + 2", "spine": 77, "undirected": true, "ell": {"2": {"diameter": 15, "conjugate_isogenous_pairs": 60, "eigenvalues": [2.8211394219565715, -2.824399979617363]}, "3": {"diameter": 10, "conjugate_isogenous_pairs": 52, "eigenvalues": [3.4575441100751583, -3.4586779887821053]}, "5": {"diameter": 7, "conjugate_isogenous_pairs": 74, "eigenvalues": [4.449831566459168, -4.443493658817191]}, "7": {"diameter": 6, "conjugate_isogenous_pairs": 56, "eigenvalues": [5.270756563652069, -5.235957795374217]}, "11": {"diameter": 5, "conjugate_isogenous_pairs": 290, "eigenvalues": [6.620955203660133, -6.622132281289394]}}}