{"prime": 23581, "nodes": 1965, "minpoly": "x^2 + 23577*x + 6", "spine": 71, "undirected": true, "ell": {"2": {"diameter": 14, "conjugate_isogenous_pairs": 39, "eigenvalues": [2.8233614512326835, -2.813055979285378]}, "3": {"diameter": 10, "conjugate_isogenous_pairs": 55, "eigenvalues": [3.45583720722036, -3.4593106440908445]}, "5": {"diameter": 7, "conjugate_isogenous_pairs": 76, "eigenvalues": [4.457460611654941, -4.443242986940855]}, "7": {"diameter": 6, "conjugate_isogenous_pairs": 56, "eigenvalues": [5.280050968000207, -5.247734310959748]}, "11": {"diameter": 5, "conjugate_isogenous_pairs": 309, "eigenvalues": [6.627964770226689, -6.5563001417808895]}}}