{"prime": 28447, "nodes": 2371, "minpoly": "x^2 + 28445*x + 3", "spine": 55, "undirected": false, "ell": {"2": {"diameter": 15, "conjugate_isogenous_pairs": 95, "eigenvalues": [2.8233559038957243, -2.822654408634582]}, "3": {"diameter": 10, "conjugate_isogenous_pairs": 64, "eigenvalues": [3.4500321140271133, -3.446296620283825]}, "5": {"diameter": 7, "conjugate_isogenous_pairs": 82, "eigenvalues": [4.44386560017843, -4.434483005455427]}, "7": {"diameter": 6, "conjugate_isogenous_pairs": 54, "eigenvalues": [5.272342151326473, -5.288992963828792]}, "11": {"diameter": 5, "conjugate_isogenous_pairs": 120, "eigenvalues": [6.62119205272644, -6.548118650298276]}}}