{"prime": 25057, "nodes": 2088, "minpoly": "x^2 + 25056*x + 5", "spine": 28, "undirected": true, "ell": {"2": {"diameter": 14, "conjugate_isogenous_pairs": 59, "eigenvalues": [2.8209259995083893, -2.817127787109897]}, "3": {"diameter": 9, "conjugate_isogenous_pairs": 81, "eigenvalues": [3.4451147757468696, -3.4478394155156074]}, "5": {"diameter": 7, "conjugate_isogenous_pairs": 119, "eigenvalues": [4.446105956824502, -4.4321951361315]}, "7": {"diameter": 6, "conjugate_isogenous_pairs": 100, "eigenvalues": [5.219034559596042, -5.278350045801188]}, "11": {"diameter": 5, "conjugate_isogenous_pairs": 109, "eigenvalues": [6.494663456882503, -6.55993390321169]}}}