{"prime": 25261, "nodes": 2105, "minpoly": "x^2 + 25259*x + 7", "spine": 57, "undirected": true, "ell": {"2": {"diameter": 15, "conjugate_isogenous_pairs": 70, "eigenvalues": [2.8260489995535716, -2.8197202261037004]}, "3": {"diameter": 9, "conjugate_isogenous_pairs": 46, "eigenvalues": [3.4353867281130563, -3.4535880021016125]}, "5": {"diameter": 7, "conjugate_isogenous_pairs": 68, "eigenvalues": [4.463238886223332, -4.441376699537844]}, "7": {"diameter": 6, "conjugate_isogenous_pairs": 59, "eigenvalues": [5.282594249358706, -5.20861859528581]}, "11": {"diameter": 5, "conjugate_isogenous_pairs": 330, "eigenvalues": [6.612135439729081, -6.543464462525317]}}}