{"prime": 29363, "nodes": 2448, "minpoly": "x^2 + 29362*x + 2", "spine": 122, "undirected": false, "ell": {"2": {"diameter": 15, "conjugate_isogenous_pairs": 44, "eigenvalues": [2.8255006368854754, -2.818423554295708]}, "3": {"diameter": 10, "conjugate_isogenous_pairs": 52, "eigenvalues": [3.44840879342619, -3.4480998758345214]}, "5": {"diameter": 7, "conjugate_isogenous_pairs": 59, "eigenvalues": [4.466533945279358, -4.453306499083802]}, "7": {"diameter": 6, "conjugate_isogenous_pairs": 131, "eigenvalues": [5.253165337019455, -5.22181315083407]}, "11": {"diameter": 5, "conjugate_isogenous_pairs": 55, "eigenvalues": [6.621982803825234, -6.575177324450371]}}}