{"prime": 16691, "nodes": 1392, "minpoly": "x^2 + 16689*x + 6", "spine": 114, "undirected": false, "ell": {"2": {"diameter": 15, "conjugate_isogenous_pairs": 16, "eigenvalues": [2.8244671595859447, -2.8199783479522655]}, "3": {"diameter": 9, "conjugate_isogenous_pairs": 22, "eigenvalues": [3.44114070345144, -3.4495167141542775]}, "5": {"diameter": 7, "conjugate_isogenous_pairs": 46, "eigenvalues": [4.415791508208323, -4.440577281599262]}, "7": {"diameter": 6, "conjugate_isogenous_pairs": 76, "eigenvalues": [5.231825878624561, -5.220732010464862]}, "11": {"diameter": 5, "conjugate_isogenous_pairs": 69, "eigenvalues": [6.62465837423126, -6.612720812788666]}}}