{"prime": 16651, "nodes": 1388, "minpoly": "x^2 + 16650*x + 2", "spine": 70, "undirected": false, "ell": {"2": {"diameter": 14, "conjugate_isogenous_pairs": 46, "eigenvalues": [2.825690753053815, -2.8200931850096764]}, "3": {"diameter": 9, "conjugate_isogenous_pairs": 26, "eigenvalues": [3.440809779225003, -3.4604073725154203]}, "5": {"diameter": 7, "conjugate_isogenous_pairs": 120, "eigenvalues": [4.463890075336708, -4.455991938302948]}, "7": {"diameter": 6, "conjugate_isogenous_pairs": 32, "eigenvalues": [5.256041132067179, -5.271323341277551]}, "11": {"diameter": 5, "conjugate_isogenous_pairs": 137, "eigenvalues": [6.577504071367379, -6.612374236333753]}}}