{"prime": 2671, "nodes": 223, "minpoly": "x^2 + 2662*x + 7", "spine": 23, "undirected": false, "ell": {"2": {"diameter": 10, "conjugate_isogenous_pairs": 15, "eigenvalues": [2.787768649115761, -2.8049640848640007]}, "3": {"diameter": 7, "conjugate_isogenous_pairs": 12, "eigenvalues": [3.351436309747063, -3.426971794119239]}, "5": {"diameter": 5, "conjugate_isogenous_pairs": 29, "eigenvalues": [4.35072217310339, -4.347780613001986]}, "7": {"diameter": 5, "conjugate_isogenous_pairs": 14, "eigenvalues": [5.067325033558562, -5.098308130828214]}, "11": {"diameter": 4, "conjugate_isogenous_pairs": 40, "eigenvalues": [6.392307807279923, -6.393221482640498]}}}