{"prime": 19069, "nodes": 1589, "minpoly": "x^2 + 19064*x + 2", "spine": 35, "undirected": true, "ell": {"2": {"diameter": 13, "conjugate_isogenous_pairs": 26, "eigenvalues": [2.815007423388737, -2.823635718746135]}, "3": {"diameter": 9, "conjugate_isogenous_pairs": 61, "eigenvalues": [3.445044775391443, -3.4459912523559812]}, "5": {"diameter": 6, "conjugate_isogenous_pairs": 116, "eigenvalues": [4.457064610571605, -4.413868483841612]}, "7": {"diameter": 6, "conjugate_isogenous_pairs": 50, "eigenvalues": [5.282465768804253, -5.285683447176022]}, "11": {"diameter": 5, "conjugate_isogenous_pairs": 265, "eigenvalues": [6.524425536108345, -6.528107627419907]}}}