{"prime": 10883, "nodes": 908, "minpoly": "x^2 + 10882*x + 2", "spine": 46, "undirected": false, "ell": {"2": {"diameter": 13, "conjugate_isogenous_pairs": 29, "eigenvalues": [2.808478499522427, -2.8189373854466018]}, "3": {"diameter": 9, "conjugate_isogenous_pairs": 26, "eigenvalues": [3.4464787568189394, -3.4415561125960625]}, "5": {"diameter": 7, "conjugate_isogenous_pairs": 57, "eigenvalues": [4.410983424520332, -4.452393102687677]}, "7": {"diameter": 6, "conjugate_isogenous_pairs": 91, "eigenvalues": [5.26264986147423, -5.269319902685064]}, "11": {"diameter": 5, "conjugate_isogenous_pairs": 43, "eigenvalues": [6.492411070698081, -6.6126307448998105]}}}