{"prime": 4733, "nodes": 395, "minpoly": "x^2 + 4721*x + 5", "spine": 29, "undirected": false, "ell": {"2": {"diameter": 11, "conjugate_isogenous_pairs": 9, "eigenvalues": [2.8043670875846733, -2.799012326279895]}, "3": {"diameter": 8, "conjugate_isogenous_pairs": 48, "eigenvalues": [3.4611382530867916, -3.4539218493661648]}, "5": {"diameter": 6, "conjugate_isogenous_pairs": 23, "eigenvalues": [4.3741511601703325, -4.367863175420062]}, "7": {"diameter": 5, "conjugate_isogenous_pairs": 78, "eigenvalues": [5.161316358817626, -5.235263578933593]}, "11": {"diameter": 4, "conjugate_isogenous_pairs": 34, "eigenvalues": [6.357050078664272, -6.5273050619152135]}}}