{"prime": 25303, "nodes": 2109, "minpoly": "x^2 + 25301*x + 3", "spine": 47, "undirected": false, "ell": {"2": {"diameter": 15, "conjugate_isogenous_pairs": 74, "eigenvalues": [2.8250811283199253, -2.817850799229659]}, "3": {"diameter": 9, "conjugate_isogenous_pairs": 44, "eigenvalues": [3.4498909382409124, -3.4468800852339623]}, "5": {"diameter": 8, "conjugate_isogenous_pairs": 101, "eigenvalues": [4.450088562761537, -4.460849850613514]}, "7": {"diameter": 6, "conjugate_isogenous_pairs": 76, "eigenvalues": [5.281062152761515, -5.244859452891239]}, "11": {"diameter": 5, "conjugate_isogenous_pairs": 159, "eigenvalues": [6.602462519253556, -6.610234576594462]}}}