{"prime": 22483, "nodes": 1874, "minpoly": "x^2 + 22479*x + 2", "spine": 42, "undirected": false, "ell": {"2": {"diameter": 14, "conjugate_isogenous_pairs": 77, "eigenvalues": [2.8193771884638066, -2.8189017661947937]}, "3": {"diameter": 9, "conjugate_isogenous_pairs": 40, "eigenvalues": [3.440543502780312, -3.453004942040311]}, "5": {"diameter": 7, "conjugate_isogenous_pairs": 138, "eigenvalues": [4.439292306570313, -4.444354455756698]}, "7": {"diameter": 6, "conjugate_isogenous_pairs": 52, "eigenvalues": [5.269908260977604, -5.273574319619062]}, "11": {"diameter": 5, "conjugate_isogenous_pairs": 132, "eigenvalues": [6.5927848527778625, -6.60106787144231]}}}