{"prime": 7621, "nodes": 635, "minpoly": "x^2 + 7620*x + 2", "spine": 33, "undirected": true, "ell": {"2": {"diameter": 13, "conjugate_isogenous_pairs": 21, "eigenvalues": [2.815531692653496, -2.8180548823399305]}, "3": {"diameter": 8, "conjugate_isogenous_pairs": 28, "eigenvalues": [3.4263228155230148, -3.405848319565088]}, "5": {"diameter": 6, "conjugate_isogenous_pairs": 45, "eigenvalues": [4.432914815952534, -4.463536747158482]}, "7": {"diameter": 5, "conjugate_isogenous_pairs": 39, "eigenvalues": [5.123590263122363, -5.251240700898845]}, "11": {"diameter": 4, "conjugate_isogenous_pairs": 158, "eigenvalues": [6.62408086472378, -6.604893376933328]}}}