{"prime": 859, "nodes": 72, "minpoly": "x^2 + 858*x + 2", "spine": 14, "undirected": false, "ell": {"2": {"diameter": 10, "conjugate_isogenous_pairs": 10, "eigenvalues": [2.8264157319419834, -2.7087305702182496]}, "3": {"diameter": 6, "conjugate_isogenous_pairs": 5, "eigenvalues": [3.398163495919019, -3.3612325043343794]}, "5": {"diameter": 4, "conjugate_isogenous_pairs": 16, "eigenvalues": [3.8792530883659837, -4.251680084753889]}, "7": {"diameter": 4, "conjugate_isogenous_pairs": 6, "eigenvalues": [4.769213723954595, -5.126444620539187]}, "11": {"diameter": 3, "conjugate_isogenous_pairs": 16, "eigenvalues": [6.53712482180326, -6.3022645504209605]}}}