{"prime": 13297, "nodes": 1108, "minpoly": "x^2 + 13292*x + 5", "spine": 14, "undirected": true, "ell": {"2": {"diameter": 14, "conjugate_isogenous_pairs": 52, "eigenvalues": [2.821979211013789, -2.817451272718676]}, "3": {"diameter": 9, "conjugate_isogenous_pairs": 54, "eigenvalues": [3.4494775338289094, -3.420206034448236]}, "5": {"diameter": 7, "conjugate_isogenous_pairs": 71, "eigenvalues": [4.439775275279347, -4.4605566094254225]}, "7": {"diameter": 5, "conjugate_isogenous_pairs": 113, "eigenvalues": [5.267686919346269, -5.203508162300698]}, "11": {"diameter": 4, "conjugate_isogenous_pairs": 94, "eigenvalues": [6.611377577557832, -6.588141119569801]}}}