{"prime": 19079, "nodes": 1591, "minpoly": "x^2 + 19077*x + 7", "spine": 117, "undirected": false, "ell": {"2": {"diameter": 15, "conjugate_isogenous_pairs": 16, "eigenvalues": [2.8113350925254412, -2.8252358121999026]}, "3": {"diameter": 10, "conjugate_isogenous_pairs": 28, "eigenvalues": [3.453104197390414, -3.4508702513426432]}, "5": {"diameter": 7, "conjugate_isogenous_pairs": 51, "eigenvalues": [4.4674713432174995, -4.4375847024971184]}, "7": {"diameter": 6, "conjugate_isogenous_pairs": 92, "eigenvalues": [5.28123049202039, -5.242050558864513]}, "11": {"diameter": 5, "conjugate_isogenous_pairs": 74, "eigenvalues": [6.615419217245631, -6.586706662160525]}}}