{"prime": 7039, "nodes": 587, "minpoly": "x^2 + 7038*x + 3", "spine": 43, "undirected": false, "ell": {"2": {"diameter": 13, "conjugate_isogenous_pairs": 17, "eigenvalues": [2.825918052921068, -2.8140732163886786]}, "3": {"diameter": 8, "conjugate_isogenous_pairs": 21, "eigenvalues": [3.4236587969494745, -3.4382552614824373]}, "5": {"diameter": 6, "conjugate_isogenous_pairs": 63, "eigenvalues": [4.40245152573057, -4.418261540798792]}, "7": {"diameter": 5, "conjugate_isogenous_pairs": 22, "eigenvalues": [5.242733030156533, -5.146259132486868]}, "11": {"diameter": 4, "conjugate_isogenous_pairs": 78, "eigenvalues": [6.435301013842865, -6.549849784099489]}}}