{"prime": 21613, "nodes": 1801, "minpoly": "x^2 + 21609*x + 2", "spine": 21, "undirected": true, "ell": {"2": {"diameter": 14, "conjugate_isogenous_pairs": 58, "eigenvalues": [2.8210384430027724, -2.8199912301270786]}, "3": {"diameter": 9, "conjugate_isogenous_pairs": 94, "eigenvalues": [3.437222648723627, -3.4604940943191607]}, "5": {"diameter": 7, "conjugate_isogenous_pairs": 96, "eigenvalues": [4.423892013245414, -4.418052527108251]}, "7": {"diameter": 6, "conjugate_isogenous_pairs": 107, "eigenvalues": [5.249935804464778, -5.267106175734103]}, "11": {"diameter": 5, "conjugate_isogenous_pairs": 204, "eigenvalues": [6.582409970410483, -6.545377591279619]}}}