{"prime": 19013, "nodes": 1585, "minpoly": "x^2 + 19008*x + 2", "spine": 37, "undirected": false, "ell": {"2": {"diameter": 14, "conjugate_isogenous_pairs": 26, "eigenvalues": [2.82420463771847, -2.816952932271643]}, "3": {"diameter": 10, "conjugate_isogenous_pairs": 100, "eigenvalues": [3.4613567904908242, -3.4479944698275746]}, "5": {"diameter": 7, "conjugate_isogenous_pairs": 40, "eigenvalues": [4.444931391886655, -4.461848733403677]}, "7": {"diameter": 6, "conjugate_isogenous_pairs": 144, "eigenvalues": [5.26832485740915, -5.230463569548614]}, "11": {"diameter": 5, "conjugate_isogenous_pairs": 102, "eigenvalues": [6.607197653200554, -6.568740281828847]}}}