{"prime": 4493, "nodes": 375, "minpoly": "x^2 + 4489*x + 2", "spine": 19, "undirected": false, "ell": {"2": {"diameter": 13, "conjugate_isogenous_pairs": 19, "eigenvalues": [2.8184698637184304, -2.809600976103636]}, "3": {"diameter": 8, "conjugate_isogenous_pairs": 35, "eigenvalues": [3.4409728745899058, -3.444484494107681]}, "5": {"diameter": 6, "conjugate_isogenous_pairs": 16, "eigenvalues": [4.365882129278324, -4.412334223327527]}, "7": {"diameter": 5, "conjugate_isogenous_pairs": 74, "eigenvalues": [5.2567937997655445, -5.17547466957394]}, "11": {"diameter": 4, "conjugate_isogenous_pairs": 57, "eigenvalues": [6.510625035984403, -6.591841919668093]}}}