{"prime": 17231, "nodes": 1437, "minpoly": "x^2 + 17227*x + 13", "spine": 111, "undirected": false, "ell": {"2": {"diameter": 15, "conjugate_isogenous_pairs": 15, "eigenvalues": [2.8248205173734116, -2.8120314610929453]}, "3": {"diameter": 10, "conjugate_isogenous_pairs": 34, "eigenvalues": [3.4553317651845403, -3.4434820224767737]}, "5": {"diameter": 7, "conjugate_isogenous_pairs": 48, "eigenvalues": [4.43408221216937, -4.403129492322708]}, "7": {"diameter": 6, "conjugate_isogenous_pairs": 98, "eigenvalues": [5.261093753677473, -5.259033617930218]}, "11": {"diameter": 5, "conjugate_isogenous_pairs": 60, "eigenvalues": [6.579425949223566, -6.621370895892143]}}}