{"prime": 28591, "nodes": 2383, "minpoly": "x^2 + 28590*x + 3", "spine": 131, "undirected": false, "ell": {"2": {"diameter": 15, "conjugate_isogenous_pairs": 36, "eigenvalues": [2.824096263854433, -2.816385300536157]}, "3": {"diameter": 10, "conjugate_isogenous_pairs": 43, "eigenvalues": [3.4584356461535397, -3.457137563331016]}, "5": {"diameter": 7, "conjugate_isogenous_pairs": 84, "eigenvalues": [4.4589202376976145, -4.450782779204656]}, "7": {"diameter": 6, "conjugate_isogenous_pairs": 42, "eigenvalues": [5.257779931654879, -5.274123081609755]}, "11": {"diameter": 5, "conjugate_isogenous_pairs": 230, "eigenvalues": [6.553877736209256, -6.590958397712757]}}}