{"prime": 28319, "nodes": 2361, "minpoly": "x^2 + 28318*x + 7", "spine": 121, "undirected": false, "ell": {"2": {"diameter": 16, "conjugate_isogenous_pairs": 21, "eigenvalues": [2.821180046007067, -2.8216998095429497]}, "3": {"diameter": 10, "conjugate_isogenous_pairs": 38, "eigenvalues": [3.441340286400608, -3.4478179268435034]}, "5": {"diameter": 7, "conjugate_isogenous_pairs": 76, "eigenvalues": [4.458042920983909, -4.434351153661074]}, "7": {"diameter": 6, "conjugate_isogenous_pairs": 100, "eigenvalues": [5.234552023675278, -5.286878241193117]}, "11": {"diameter": 5, "conjugate_isogenous_pairs": 83, "eigenvalues": [6.611895357636838, -6.537913446782834]}}}