{"prime": 19937, "nodes": 1662, "minpoly": "x^2 + 19932*x + 3", "spine": 38, "undirected": false, "ell": {"2": {"diameter": 14, "conjugate_isogenous_pairs": 37, "eigenvalues": [2.8197172359106135, -2.823139589220171]}, "3": {"diameter": 10, "conjugate_isogenous_pairs": 59, "eigenvalues": [3.4468346890969337, -3.4575136364004786]}, "5": {"diameter": 7, "conjugate_isogenous_pairs": 32, "eigenvalues": [4.445770878719468, -4.428831530554221]}, "7": {"diameter": 6, "conjugate_isogenous_pairs": 198, "eigenvalues": [5.257509644278472, -5.268007320541475]}, "11": {"diameter": 5, "conjugate_isogenous_pairs": 53, "eigenvalues": [6.531444699778052, -6.556210496711303]}}}