{"prime": 28517, "nodes": 2377, "minpoly": "x^2 + 28516*x + 2", "spine": 67, "undirected": false, "ell": {"2": {"diameter": 15, "conjugate_isogenous_pairs": 58, "eigenvalues": [2.826373604527046, -2.818887394454578]}, "3": {"diameter": 10, "conjugate_isogenous_pairs": 97, "eigenvalues": [3.4512374686922214, -3.4276624778262508]}, "5": {"diameter": 7, "conjugate_isogenous_pairs": 30, "eigenvalues": [4.4572350683211575, -4.44856052741844]}, "7": {"diameter": 6, "conjugate_isogenous_pairs": 156, "eigenvalues": [5.26623394283198, -5.246111012211217]}, "11": {"diameter": 5, "conjugate_isogenous_pairs": 137, "eigenvalues": [6.609119311073444, -6.632459732048848]}}}