{"prime": 22769, "nodes": 1898, "minpoly": "x^2 + 22768*x + 3", "spine": 102, "undirected": false, "ell": {"2": {"diameter": 15, "conjugate_isogenous_pairs": 22, "eigenvalues": [2.818582203473424, -2.8173241157145257]}, "3": {"diameter": 10, "conjugate_isogenous_pairs": 40, "eigenvalues": [3.4419883021035154, -3.458568068681946]}, "5": {"diameter": 7, "conjugate_isogenous_pairs": 47, "eigenvalues": [4.467617224179997, -4.435519344829473]}, "7": {"diameter": 6, "conjugate_isogenous_pairs": 153, "eigenvalues": [5.262382465976427, -5.2612852219757595]}, "11": {"diameter": 5, "conjugate_isogenous_pairs": 100, "eigenvalues": [6.622703975382557, -6.571802305932818]}}}