{"prime": 2539, "nodes": 212, "minpoly": "x^2 + 2538*x + 2", "spine": 22, "undirected": false, "ell": {"2": {"diameter": 11, "conjugate_isogenous_pairs": 12, "eigenvalues": [2.773841490668877, -2.8145500125785987]}, "3": {"diameter": 7, "conjugate_isogenous_pairs": 9, "eigenvalues": [3.416532371762478, -3.4332886212515303]}, "5": {"diameter": 6, "conjugate_isogenous_pairs": 38, "eigenvalues": [4.397346273824196, -4.365424848937851]}, "7": {"diameter": 4, "conjugate_isogenous_pairs": 12, "eigenvalues": [5.261422007850796, -5.25918521942303]}, "11": {"diameter": 4, "conjugate_isogenous_pairs": 48, "eigenvalues": [6.323873822815559, -6.196564614347172]}}}