{"prime": 7853, "nodes": 655, "minpoly": "x^2 + 7852*x + 2", "spine": 53, "undirected": false, "ell": {"2": {"diameter": 14, "conjugate_isogenous_pairs": 16, "eigenvalues": [2.8256893717032523, -2.809391693488641]}, "3": {"diameter": 9, "conjugate_isogenous_pairs": 62, "eigenvalues": [3.446839861427226, -3.4263551286690315]}, "5": {"diameter": 6, "conjugate_isogenous_pairs": 17, "eigenvalues": [4.40716554807229, -4.4659570270238405]}, "7": {"diameter": 6, "conjugate_isogenous_pairs": 61, "eigenvalues": [5.1810832940957, -5.208756210160287]}, "11": {"diameter": 5, "conjugate_isogenous_pairs": 53, "eigenvalues": [6.587721143300777, -6.546303183030745]}}}