{"prime": 13763, "nodes": 1148, "minpoly": "x^2 + 13758*x + 2", "spine": 58, "undirected": false, "ell": {"2": {"diameter": 14, "conjugate_isogenous_pairs": 17, "eigenvalues": [2.818707242614888, -2.810067304173268]}, "3": {"diameter": 9, "conjugate_isogenous_pairs": 58, "eigenvalues": [3.4181417982361135, -3.4528468911125594]}, "5": {"diameter": 7, "conjugate_isogenous_pairs": 67, "eigenvalues": [4.400793654907096, -4.425731242842652]}, "7": {"diameter": 6, "conjugate_isogenous_pairs": 82, "eigenvalues": [5.220812564542877, -5.159664873883929]}, "11": {"diameter": 5, "conjugate_isogenous_pairs": 37, "eigenvalues": [6.593988701245191, -6.591047077794295]}}}