{"prime": 1213, "nodes": 101, "minpoly": "x^2 + 1209*x + 2", "spine": 5, "undirected": true, "ell": {"2": {"diameter": 9, "conjugate_isogenous_pairs": 12, "eigenvalues": [2.800329245709395, -2.742076453134229]}, "3": {"diameter": 6, "conjugate_isogenous_pairs": 26, "eigenvalues": [3.3645163079887657, -3.4028920050934035]}, "5": {"diameter": 4, "conjugate_isogenous_pairs": 16, "eigenvalues": [4.2661259527634705, -4.396957312956215]}, "7": {"diameter": 4, "conjugate_isogenous_pairs": 18, "eigenvalues": [5.004286076266956, -5.230647093812657]}, "11": {"diameter": 3, "conjugate_isogenous_pairs": 23, "eigenvalues": [6.226903305416992, -6.185933836559714]}}}