{"prime": 151, "nodes": 13, "minpoly": "x^2 + 149*x + 6", "spine": 7, "undirected": false, "ell": {"2": {"diameter": 4, "conjugate_isogenous_pairs": 2, "eigenvalues": [2.3483777798697756, -2.490863615361028]}, "3": {"diameter": 4, "conjugate_isogenous_pairs": 1, "eigenvalues": [3.2303403439992273, -3.29465797496942]}, "5": {"diameter": 3, "conjugate_isogenous_pairs": 3, "eigenvalues": [3.777325680392634, -3.801937735804838]}, "7": {"diameter": 3, "conjugate_isogenous_pairs": 3, "eigenvalues": [4.079425819881579, -4.774522596679376]}, "11": {"diameter": 2, "conjugate_isogenous_pairs": 3, "eigenvalues": [4.262083518110016, -5.481078788015899]}}}