{"prime": 23669, "nodes": 1973, "minpoly": "x^2 + 23662*x + 2", "spine": 99, "undirected": false, "ell": {"2": {"diameter": 14, "conjugate_isogenous_pairs": 11, "eigenvalues": [2.8227688236555957, -2.823876663555372]}, "3": {"diameter": 10, "conjugate_isogenous_pairs": 97, "eigenvalues": [3.4539555351100306, -3.4545057548566915]}, "5": {"diameter": 7, "conjugate_isogenous_pairs": 58, "eigenvalues": [4.457386403148949, -4.458275889343943]}, "7": {"diameter": 6, "conjugate_isogenous_pairs": 98, "eigenvalues": [5.265655704874123, -5.271149877365966]}, "11": {"diameter": 5, "conjugate_isogenous_pairs": 151, "eigenvalues": [6.6117658398204435, -6.59301835989905]}}}