{"prime": 17761, "nodes": 1480, "minpoly": "x^2 + 17748*x + 19", "spine": 54, "undirected": true, "ell": {"2": {"diameter": 14, "conjugate_isogenous_pairs": 27, "eigenvalues": [2.810220963156401, -2.8273666782776847]}, "3": {"diameter": 9, "conjugate_isogenous_pairs": 47, "eigenvalues": [3.444102629718298, -3.448409606400101]}, "5": {"diameter": 7, "conjugate_isogenous_pairs": 85, "eigenvalues": [4.451717890986254, -4.467494062339052]}, "7": {"diameter": 5, "conjugate_isogenous_pairs": 67, "eigenvalues": [5.2541919567228135, -5.237409424117208]}, "11": {"diameter": 5, "conjugate_isogenous_pairs": 136, "eigenvalues": [6.466809703359436, -6.591370627676515]}}}