{"prime": 2143, "nodes": 179, "minpoly": "x^2 + 2141*x + 3", "spine": 13, "undirected": false, "ell": {"2": {"diameter": 10, "conjugate_isogenous_pairs": 18, "eigenvalues": [2.817317763026625, -2.761818372524555]}, "3": {"diameter": 7, "conjugate_isogenous_pairs": 13, "eigenvalues": [3.3505919113277574, -3.403878320266276]}, "5": {"diameter": 5, "conjugate_isogenous_pairs": 31, "eigenvalues": [4.301083883894769, -4.380534570590824]}, "7": {"diameter": 4, "conjugate_isogenous_pairs": 20, "eigenvalues": [4.938455076175679, -5.155624251445051]}, "11": {"diameter": 4, "conjugate_isogenous_pairs": 30, "eigenvalues": [6.352613347934488, -6.249083807082209]}}}