{"prime": 19571, "nodes": 1632, "minpoly": "x^2 + 19567*x + 2", "spine": 138, "undirected": false, "ell": {"2": {"diameter": 15, "conjugate_isogenous_pairs": 24, "eigenvalues": [2.819071777746843, -2.82249445571511]}, "3": {"diameter": 10, "conjugate_isogenous_pairs": 27, "eigenvalues": [3.4487110919375623, -3.447422476726832]}, "5": {"diameter": 7, "conjugate_isogenous_pairs": 69, "eigenvalues": [4.442077433682649, -4.467049248926072]}, "7": {"diameter": 6, "conjugate_isogenous_pairs": 59, "eigenvalues": [5.27929083360586, -5.245855584628944]}, "11": {"diameter": 5, "conjugate_isogenous_pairs": 61, "eigenvalues": [6.558962093415612, -6.579510881947684]}}}