{"prime": 17981, "nodes": 1499, "minpoly": "x^2 + 17980*x + 2", "spine": 87, "undirected": false, "ell": {"2": {"diameter": 14, "conjugate_isogenous_pairs": 19, "eigenvalues": [2.8217302708063126, -2.823879169659796]}, "3": {"diameter": 10, "conjugate_isogenous_pairs": 57, "eigenvalues": [3.4505920396373746, -3.4627403051337975]}, "5": {"diameter": 7, "conjugate_isogenous_pairs": 39, "eigenvalues": [4.464221614918283, -4.468357742550705]}, "7": {"diameter": 6, "conjugate_isogenous_pairs": 88, "eigenvalues": [5.269451711753386, -5.230729732276206]}, "11": {"diameter": 5, "conjugate_isogenous_pairs": 171, "eigenvalues": [6.604778394850084, -6.585537907929824]}}}