{"prime": 7451, "nodes": 622, "minpoly": "x^2 + 7444*x + 2", "spine": 70, "undirected": false, "ell": {"2": {"diameter": 14, "conjugate_isogenous_pairs": 16, "eigenvalues": [2.808553049457516, -2.8126811501981575]}, "3": {"diameter": 9, "conjugate_isogenous_pairs": 14, "eigenvalues": [3.4440532636713606, -3.450644369964605]}, "5": {"diameter": 6, "conjugate_isogenous_pairs": 41, "eigenvalues": [4.37388031376031, -4.46454801695024]}, "7": {"diameter": 5, "conjugate_isogenous_pairs": 46, "eigenvalues": [5.25601042111763, -5.204007885698472]}, "11": {"diameter": 5, "conjugate_isogenous_pairs": 54, "eigenvalues": [6.561277291929381, -6.567017619585885]}}}