{"prime": 12329, "nodes": 1028, "minpoly": "x^2 + 12324*x + 3", "spine": 46, "undirected": false, "ell": {"2": {"diameter": 13, "conjugate_isogenous_pairs": 20, "eigenvalues": [2.8112868019247372, -2.817364725685699]}, "3": {"diameter": 9, "conjugate_isogenous_pairs": 33, "eigenvalues": [3.4227280792897026, -3.447446298353646]}, "5": {"diameter": 7, "conjugate_isogenous_pairs": 35, "eigenvalues": [4.4438017269750345, -4.415221136270449]}, "7": {"diameter": 6, "conjugate_isogenous_pairs": 131, "eigenvalues": [5.2711748414727895, -5.237227181860881]}, "11": {"diameter": 5, "conjugate_isogenous_pairs": 59, "eigenvalues": [6.616441100348664, -6.488046874150017]}}}