{"prime": 15461, "nodes": 1289, "minpoly": "x^2 + 15460*x + 2", "spine": 117, "undirected": false, "ell": {"2": {"diameter": 14, "conjugate_isogenous_pairs": 19, "eigenvalues": [2.822981836388336, -2.82020509402767]}, "3": {"diameter": 10, "conjugate_isogenous_pairs": 41, "eigenvalues": [3.4626812057191723, -3.455696132788193]}, "5": {"diameter": 7, "conjugate_isogenous_pairs": 30, "eigenvalues": [4.454418932936993, -4.453471218169141]}, "7": {"diameter": 6, "conjugate_isogenous_pairs": 71, "eigenvalues": [5.278317668502068, -5.235728613270558]}, "11": {"diameter": 5, "conjugate_isogenous_pairs": 95, "eigenvalues": [6.617160304819388, -6.609294769756023]}}}