{"prime": 28099, "nodes": 2342, "minpoly": "x^2 + 28095*x + 2", "spine": 54, "undirected": false, "ell": {"2": {"diameter": 15, "conjugate_isogenous_pairs": 52, "eigenvalues": [2.8194214921531557, -2.8263666987387515]}, "3": {"diameter": 10, "conjugate_isogenous_pairs": 41, "eigenvalues": [3.442240308421129, -3.4512088646755337]}, "5": {"diameter": 7, "conjugate_isogenous_pairs": 169, "eigenvalues": [4.422335766438085, -4.469060755537685]}, "7": {"diameter": 6, "conjugate_isogenous_pairs": 48, "eigenvalues": [5.291325478356194, -5.262459457907419]}, "11": {"diameter": 5, "conjugate_isogenous_pairs": 166, "eigenvalues": [6.582308182469536, -6.595671876015785]}}}