{"prime": 14153, "nodes": 1180, "minpoly": "x^2 + 14152*x + 3", "spine": 68, "undirected": false, "ell": {"2": {"diameter": 14, "conjugate_isogenous_pairs": 30, "eigenvalues": [2.825487128470022, -2.8160846231537846]}, "3": {"diameter": 9, "conjugate_isogenous_pairs": 47, "eigenvalues": [3.447422342501492, -3.436555829104628]}, "5": {"diameter": 7, "conjugate_isogenous_pairs": 30, "eigenvalues": [4.414406457437512, -4.433814537449795]}, "7": {"diameter": 6, "conjugate_isogenous_pairs": 136, "eigenvalues": [5.260082153457623, -5.25780208536541]}, "11": {"diameter": 5, "conjugate_isogenous_pairs": 42, "eigenvalues": [6.623453459120012, -6.503440781509669]}}}