{"prime": 25229, "nodes": 2103, "minpoly": "x^2 + 25225*x + 2", "spine": 105, "undirected": false, "ell": {"2": {"diameter": 15, "conjugate_isogenous_pairs": 17, "eigenvalues": [2.8194977085949295, -2.8159813279657735]}, "3": {"diameter": 10, "conjugate_isogenous_pairs": 93, "eigenvalues": [3.4502573849056493, -3.439829532824559]}, "5": {"diameter": 7, "conjugate_isogenous_pairs": 45, "eigenvalues": [4.4662277177200265, -4.447356187771764]}, "7": {"diameter": 6, "conjugate_isogenous_pairs": 76, "eigenvalues": [5.285914999363596, -5.266730662786157]}, "11": {"diameter": 5, "conjugate_isogenous_pairs": 112, "eigenvalues": [6.609088630234642, -6.611772528845356]}}}