{"prime": 22501, "nodes": 1875, "minpoly": "x^2 + 22500*x + 2", "spine": 51, "undirected": true, "ell": {"2": {"diameter": 14, "conjugate_isogenous_pairs": 58, "eigenvalues": [2.819422457350706, -2.82516701717415]}, "3": {"diameter": 10, "conjugate_isogenous_pairs": 65, "eigenvalues": [3.4614458610258723, -3.453258732554491]}, "5": {"diameter": 7, "conjugate_isogenous_pairs": 70, "eigenvalues": [4.44064841531058, -4.434794840814324]}, "7": {"diameter": 6, "conjugate_isogenous_pairs": 48, "eigenvalues": [5.274058829955496, -5.276306533968595]}, "11": {"diameter": 5, "conjugate_isogenous_pairs": 321, "eigenvalues": [6.61147869977773, -6.563390053018121]}}}