{"prime": 20231, "nodes": 1687, "minpoly": "x^2 + 20230*x + 29", "spine": 183, "undirected": false, "ell": {"2": {"diameter": 15, "conjugate_isogenous_pairs": 14, "eigenvalues": [2.822084554252455, -2.8237997031893487]}, "3": {"diameter": 10, "conjugate_isogenous_pairs": 37, "eigenvalues": [3.446083223600401, -3.452108084753896]}, "5": {"diameter": 7, "conjugate_isogenous_pairs": 55, "eigenvalues": [4.453605168495659, -4.449834000001616]}, "7": {"diameter": 6, "conjugate_isogenous_pairs": 53, "eigenvalues": [5.268105733760704, -5.251324054783655]}, "11": {"diameter": 5, "conjugate_isogenous_pairs": 48, "eigenvalues": [6.612535565641847, -6.56118251859496]}}}