{"prime": 4987, "nodes": 416, "minpoly": "x^2 + 4986*x + 2", "spine": 18, "undirected": false, "ell": {"2": {"diameter": 12, "conjugate_isogenous_pairs": 40, "eigenvalues": [2.816602866346195, -2.8199444128949183]}, "3": {"diameter": 8, "conjugate_isogenous_pairs": 23, "eigenvalues": [3.415698124488644, -3.421055535987769]}, "5": {"diameter": 6, "conjugate_isogenous_pairs": 61, "eigenvalues": [4.336779822010682, -4.428657888289639]}, "7": {"diameter": 5, "conjugate_isogenous_pairs": 32, "eigenvalues": [5.22939281667542, -5.1463722148536855]}, "11": {"diameter": 4, "conjugate_isogenous_pairs": 40, "eigenvalues": [6.591104445473852, -6.442948734664378]}}}