{"prime": 13591, "nodes": 1133, "minpoly": "x^2 + 13590*x + 3", "spine": 69, "undirected": false, "ell": {"2": {"diameter": 13, "conjugate_isogenous_pairs": 32, "eigenvalues": [2.8089564054662888, -2.816252675945635]}, "3": {"diameter": 9, "conjugate_isogenous_pairs": 33, "eigenvalues": [3.4284137613872163, -3.451565208284691]}, "5": {"diameter": 7, "conjugate_isogenous_pairs": 91, "eigenvalues": [4.430963332878274, -4.438305348652359]}, "7": {"diameter": 6, "conjugate_isogenous_pairs": 26, "eigenvalues": [5.202704258570444, -5.223146742359386]}, "11": {"diameter": 5, "conjugate_isogenous_pairs": 100, "eigenvalues": [6.603332483213248, -6.610770797957898]}}}