{"prime": 24113, "nodes": 2010, "minpoly": "x^2 + 24107*x + 3", "spine": 58, "undirected": false, "ell": {"2": {"diameter": 15, "conjugate_isogenous_pairs": 44, "eigenvalues": [2.8215303703534573, -2.817516350716355]}, "3": {"diameter": 10, "conjugate_isogenous_pairs": 48, "eigenvalues": [3.450295315131264, -3.453865149117298]}, "5": {"diameter": 7, "conjugate_isogenous_pairs": 38, "eigenvalues": [4.46922396781668, -4.444772622362999]}, "7": {"diameter": 6, "conjugate_isogenous_pairs": 294, "eigenvalues": [5.269501232368698, -5.245727047200759]}, "11": {"diameter": 5, "conjugate_isogenous_pairs": 101, "eigenvalues": [6.569388885056252, -6.561720759977015]}}}