{"prime": 20051, "nodes": 1672, "minpoly": "x^2 + 20050*x + 2", "spine": 110, "undirected": false, "ell": {"2": {"diameter": 15, "conjugate_isogenous_pairs": 31, "eigenvalues": [2.8261643004574863, -2.8112410446374194]}, "3": {"diameter": 10, "conjugate_isogenous_pairs": 24, "eigenvalues": [3.455560459301927, -3.4502578297031126]}, "5": {"diameter": 7, "conjugate_isogenous_pairs": 46, "eigenvalues": [4.4583296910296895, -4.452202078393818]}, "7": {"diameter": 6, "conjugate_isogenous_pairs": 89, "eigenvalues": [5.254941208061606, -5.259740222814637]}, "11": {"diameter": 5, "conjugate_isogenous_pairs": 73, "eigenvalues": [6.571365642307762, -6.598920228563586]}}}