{"prime": 26711, "nodes": 2227, "minpoly": "x^2 + 26709*x + 11", "spine": 221, "undirected": false, "ell": {"2": {"diameter": 16, "conjugate_isogenous_pairs": 25, "eigenvalues": [2.824398078103752, -2.8218292132534404]}, "3": {"diameter": 11, "conjugate_isogenous_pairs": 28, "eigenvalues": [3.4374913115905263, -3.4482306818250885]}, "5": {"diameter": 7, "conjugate_isogenous_pairs": 33, "eigenvalues": [4.467153341759696, -4.433182582306433]}, "7": {"diameter": 6, "conjugate_isogenous_pairs": 74, "eigenvalues": [5.261754978105448, -5.2753239284928055]}, "11": {"diameter": 5, "conjugate_isogenous_pairs": 86, "eigenvalues": [6.621033446561909, -6.598215747467028]}}}