{"prime": 2161, "nodes": 180, "minpoly": "x^2 + 2160*x + 23", "spine": 18, "undirected": true, "ell": {"2": {"diameter": 11, "conjugate_isogenous_pairs": 18, "eigenvalues": [2.8056920797105724, -2.775736334840904]}, "3": {"diameter": 7, "conjugate_isogenous_pairs": 12, "eigenvalues": [3.3637865296602834, -3.449360110004605]}, "5": {"diameter": 5, "conjugate_isogenous_pairs": 17, "eigenvalues": [4.369069124142233, -4.276574761723482]}, "7": {"diameter": 4, "conjugate_isogenous_pairs": 23, "eigenvalues": [5.152004234864282, -5.025764923952267]}, "11": {"diameter": 4, "conjugate_isogenous_pairs": 45, "eigenvalues": [6.600260380844874, -6.500860004441103]}}}