{"prime": 14639, "nodes": 1221, "minpoly": "x^2 + 14633*x + 11", "spine": 135, "undirected": false, "ell": {"2": {"diameter": 14, "conjugate_isogenous_pairs": 17, "eigenvalues": [2.809331907240016, -2.8108106711715064]}, "3": {"diameter": 10, "conjugate_isogenous_pairs": 30, "eigenvalues": [3.457401498646727, -3.450532702149716]}, "5": {"diameter": 7, "conjugate_isogenous_pairs": 37, "eigenvalues": [4.423443373741828, -4.436436227899371]}, "7": {"diameter": 6, "conjugate_isogenous_pairs": 45, "eigenvalues": [5.233495913766911, -5.280763173434564]}, "11": {"diameter": 5, "conjugate_isogenous_pairs": 39, "eigenvalues": [6.488118837107986, -6.5896225745145305]}}}