{"prime": 18131, "nodes": 1512, "minpoly": "x^2 + 18127*x + 7", "spine": 114, "undirected": false, "ell": {"2": {"diameter": 14, "conjugate_isogenous_pairs": 19, "eigenvalues": [2.8154026342620324, -2.825793137244717]}, "3": {"diameter": 10, "conjugate_isogenous_pairs": 32, "eigenvalues": [3.4455649461581266, -3.4398602488964682]}, "5": {"diameter": 7, "conjugate_isogenous_pairs": 62, "eigenvalues": [4.452692409057703, -4.454793932477971]}, "7": {"diameter": 6, "conjugate_isogenous_pairs": 55, "eigenvalues": [5.190830623791064, -5.29003485521149]}, "11": {"diameter": 5, "conjugate_isogenous_pairs": 40, "eigenvalues": [6.508748024139753, -6.620083521258584]}}}