{"prime": 5569, "nodes": 464, "minpoly": "x^2 + 5568*x + 13", "spine": 16, "undirected": true, "ell": {"2": {"diameter": 11, "conjugate_isogenous_pairs": 16, "eigenvalues": [2.7984373175011648, -2.814126256127274]}, "3": {"diameter": 8, "conjugate_isogenous_pairs": 20, "eigenvalues": [3.4584401383554884, -3.394167195043709]}, "5": {"diameter": 6, "conjugate_isogenous_pairs": 49, "eigenvalues": [4.379253490135906, -4.422062133213135]}, "7": {"diameter": 5, "conjugate_isogenous_pairs": 53, "eigenvalues": [5.035142741668751, -5.185258910511495]}, "11": {"diameter": 4, "conjugate_isogenous_pairs": 96, "eigenvalues": [6.594004870640991, -6.400122866659332]}}}