{"prime": 6221, "nodes": 519, "minpoly": "x^2 + 6220*x + 3", "spine": 63, "undirected": false, "ell": {"2": {"diameter": 13, "conjugate_isogenous_pairs": 13, "eigenvalues": [2.825604969936638, -2.80152237267206]}, "3": {"diameter": 9, "conjugate_isogenous_pairs": 25, "eigenvalues": [3.4469057121400772, -3.41041885605408]}, "5": {"diameter": 6, "conjugate_isogenous_pairs": 20, "eigenvalues": [4.434121605016987, -4.449375529604266]}, "7": {"diameter": 5, "conjugate_isogenous_pairs": 34, "eigenvalues": [5.254224814358759, -5.235320663131905]}, "11": {"diameter": 4, "conjugate_isogenous_pairs": 81, "eigenvalues": [6.540135988750445, -6.578695635284821]}}}