{"prime": 21163, "nodes": 1764, "minpoly": "x^2 + 21159*x + 2", "spine": 46, "undirected": false, "ell": {"2": {"diameter": 15, "conjugate_isogenous_pairs": 42, "eigenvalues": [2.8265352423156367, -2.8273266059026874]}, "3": {"diameter": 9, "conjugate_isogenous_pairs": 59, "eigenvalues": [3.4578166481740595, -3.458180793542436]}, "5": {"diameter": 7, "conjugate_isogenous_pairs": 162, "eigenvalues": [4.4480138279660775, -4.4231604656676575]}, "7": {"diameter": 6, "conjugate_isogenous_pairs": 46, "eigenvalues": [5.237980789440335, -5.259395986530375]}, "11": {"diameter": 5, "conjugate_isogenous_pairs": 75, "eigenvalues": [6.5142280582467365, -6.608758403676765]}}}