{"prime": 877, "nodes": 73, "minpoly": "x^2 + 873*x + 2", "spine": 5, "undirected": true, "ell": {"2": {"diameter": 8, "conjugate_isogenous_pairs": 8, "eigenvalues": [2.7537804333917237, -2.7349420936883493]}, "3": {"diameter": 6, "conjugate_isogenous_pairs": 19, "eigenvalues": [3.305947946667449, -3.4352552616646785]}, "5": {"diameter": 4, "conjugate_isogenous_pairs": 18, "eigenvalues": [4.2969603019568465, -4.336572762843395]}, "7": {"diameter": 4, "conjugate_isogenous_pairs": 16, "eigenvalues": [5.049778326356121, -5.168742473240356]}, "11": {"diameter": 3, "conjugate_isogenous_pairs": 24, "eigenvalues": [6.387194258972453, -6.595524492365796]}}}