{"prime": 8461, "nodes": 705, "minpoly": "x^2 + 8460*x + 6", "spine": 31, "undirected": true, "ell": {"2": {"diameter": 13, "conjugate_isogenous_pairs": 27, "eigenvalues": [2.816758398428079, -2.814937862581231]}, "3": {"diameter": 8, "conjugate_isogenous_pairs": 41, "eigenvalues": [3.430914465774056, -3.427090264569625]}, "5": {"diameter": 6, "conjugate_isogenous_pairs": 46, "eigenvalues": [4.440264933881454, -4.44108154528475]}, "7": {"diameter": 5, "conjugate_isogenous_pairs": 32, "eigenvalues": [5.183720075275611, -5.219589079437246]}, "11": {"diameter": 4, "conjugate_isogenous_pairs": 177, "eigenvalues": [6.571999363934487, -6.576091752528725]}}}