{"prime": 2467, "nodes": 206, "minpoly": "x^2 + 2466*x + 2", "spine": 14, "undirected": false, "ell": {"2": {"diameter": 12, "conjugate_isogenous_pairs": 24, "eigenvalues": [2.816222594032348, -2.8009197567521595]}, "3": {"diameter": 6, "conjugate_isogenous_pairs": 17, "eigenvalues": [3.3054614317767648, -3.426498637334213]}, "5": {"diameter": 5, "conjugate_isogenous_pairs": 28, "eigenvalues": [4.446799486303915, -4.3768576584406755]}, "7": {"diameter": 4, "conjugate_isogenous_pairs": 16, "eigenvalues": [5.064900033275581, -4.988717000295215]}, "11": {"diameter": 4, "conjugate_isogenous_pairs": 32, "eigenvalues": [6.462696160906521, -6.579354042822253]}}}