{"prime": 7873, "nodes": 656, "minpoly": "x^2 + 7870*x + 5", "spine": 22, "undirected": true, "ell": {"2": {"diameter": 13, "conjugate_isogenous_pairs": 51, "eigenvalues": [2.8267979020351897, -2.820345775414732]}, "3": {"diameter": 8, "conjugate_isogenous_pairs": 34, "eigenvalues": [3.45282490195669, -3.4635172867525226]}, "5": {"diameter": 6, "conjugate_isogenous_pairs": 43, "eigenvalues": [4.390689046016689, -4.376089267012846]}, "7": {"diameter": 5, "conjugate_isogenous_pairs": 51, "eigenvalues": [5.275232771193397, -5.249516137625247]}, "11": {"diameter": 4, "conjugate_isogenous_pairs": 65, "eigenvalues": [6.487155693365503, -6.579108897860223]}}}