{"prime": 2069, "nodes": 173, "minpoly": "x^2 + 2065*x + 2", "spine": 19, "undirected": false, "ell": {"2": {"diameter": 11, "conjugate_isogenous_pairs": 7, "eigenvalues": [2.774065223012733, -2.7706655676823004]}, "3": {"diameter": 8, "conjugate_isogenous_pairs": 22, "eigenvalues": [3.3751072290167192, -3.427149270742322]}, "5": {"diameter": 5, "conjugate_isogenous_pairs": 13, "eigenvalues": [4.240922831790038, -4.3344236189467615]}, "7": {"diameter": 4, "conjugate_isogenous_pairs": 28, "eigenvalues": [5.024171217358232, -5.131019561847109]}, "11": {"diameter": 4, "conjugate_isogenous_pairs": 36, "eigenvalues": [6.428756309950945, -6.582411164527188]}}}