{"prime": 26783, "nodes": 2233, "minpoly": "x^2 + 26782*x + 5", "spine": 147, "undirected": false, "ell": {"2": {"diameter": 15, "conjugate_isogenous_pairs": 31, "eigenvalues": [2.825148334399401, -2.818077264946113]}, "3": {"diameter": 10, "conjugate_isogenous_pairs": 55, "eigenvalues": [3.456108742212952, -3.4444714322898946]}, "5": {"diameter": 7, "conjugate_isogenous_pairs": 55, "eigenvalues": [4.460303078370424, -4.442732896769754]}, "7": {"diameter": 6, "conjugate_isogenous_pairs": 128, "eigenvalues": [5.276063106238683, -5.283925280436217]}, "11": {"diameter": 5, "conjugate_isogenous_pairs": 32, "eigenvalues": [6.604263459222685, -6.613623783779905]}}}