{"prime": 12613, "nodes": 1051, "minpoly": "x^2 + 12612*x + 2", "spine": 31, "undirected": true, "ell": {"2": {"diameter": 14, "conjugate_isogenous_pairs": 51, "eigenvalues": [2.8178745998686257, -2.8259225810749724]}, "3": {"diameter": 9, "conjugate_isogenous_pairs": 80, "eigenvalues": [3.459052623846792, -3.456861123826465]}, "5": {"diameter": 6, "conjugate_isogenous_pairs": 45, "eigenvalues": [4.46881938365095, -4.45865079365113]}, "7": {"diameter": 5, "conjugate_isogenous_pairs": 47, "eigenvalues": [5.276698457708129, -5.2792433688277995]}, "11": {"diameter": 5, "conjugate_isogenous_pairs": 143, "eigenvalues": [6.589297453275837, -6.548631264357975]}}}