{"prime": 29873, "nodes": 2490, "minpoly": "x^2 + 29872*x + 3", "spine": 70, "undirected": false, "ell": {"2": {"diameter": 15, "conjugate_isogenous_pairs": 37, "eigenvalues": [2.8225237479369847, -2.8135034579442126]}, "3": {"diameter": 10, "conjugate_isogenous_pairs": 114, "eigenvalues": [3.4522732379160868, -3.4439668548467375]}, "5": {"diameter": 7, "conjugate_isogenous_pairs": 42, "eigenvalues": [4.470965437351758, -4.4619880295055685]}, "7": {"diameter": 6, "conjugate_isogenous_pairs": 149, "eigenvalues": [5.291284624389661, -5.273685576530857]}, "11": {"diameter": 5, "conjugate_isogenous_pairs": 49, "eigenvalues": [6.614542551286526, -6.588893346770834]}}}