{"prime": 15809, "nodes": 1318, "minpoly": "x^2 + 15793*x + 3", "spine": 108, "undirected": false, "ell": {"2": {"diameter": 15, "conjugate_isogenous_pairs": 15, "eigenvalues": [2.8160289467709396, -2.8246014546631355]}, "3": {"diameter": 11, "conjugate_isogenous_pairs": 40, "eigenvalues": [3.4421990532980664, -3.4292793039823524]}, "5": {"diameter": 7, "conjugate_isogenous_pairs": 27, "eigenvalues": [4.438696666793854, -4.441261051721871]}, "7": {"diameter": 6, "conjugate_isogenous_pairs": 112, "eigenvalues": [5.285810658386152, -5.284341847875543]}, "11": {"diameter": 5, "conjugate_isogenous_pairs": 86, "eigenvalues": [6.534381190255649, -6.619576124910963]}}}