{"prime": 22343, "nodes": 1863, "minpoly": "x^2 + 22342*x + 5", "spine": 171, "undirected": false, "ell": {"2": {"diameter": 15, "conjugate_isogenous_pairs": 29, "eigenvalues": [2.8258345963976144, -2.8264129494801202]}, "3": {"diameter": 10, "conjugate_isogenous_pairs": 39, "eigenvalues": [3.4537552455253553, -3.457720717046179]}, "5": {"diameter": 7, "conjugate_isogenous_pairs": 54, "eigenvalues": [4.442395669956358, -4.461491376056375]}, "7": {"diameter": 6, "conjugate_isogenous_pairs": 91, "eigenvalues": [5.258932861482953, -5.257916645280066]}, "11": {"diameter": 5, "conjugate_isogenous_pairs": 50, "eigenvalues": [6.606495277242205, -6.59426100543584]}}}