{"prime": 7649, "nodes": 638, "minpoly": "x^2 + 7644*x + 3", "spine": 58, "undirected": false, "ell": {"2": {"diameter": 13, "conjugate_isogenous_pairs": 18, "eigenvalues": [2.813542418749113, -2.8267121043676684]}, "3": {"diameter": 9, "conjugate_isogenous_pairs": 17, "eigenvalues": [3.447230105183292, -3.415668838319755]}, "5": {"diameter": 6, "conjugate_isogenous_pairs": 18, "eigenvalues": [4.4071286432792585, -4.460530709551613]}, "7": {"diameter": 6, "conjugate_isogenous_pairs": 103, "eigenvalues": [5.268141167402959, -5.26086626101599]}, "11": {"diameter": 4, "conjugate_isogenous_pairs": 53, "eigenvalues": [6.58368389308484, -6.543080671447977]}}}