{"prime": 7489, "nodes": 624, "minpoly": "x^2 + 7486*x + 7", "spine": 36, "undirected": true, "ell": {"2": {"diameter": 13, "conjugate_isogenous_pairs": 25, "eigenvalues": [2.814640154191334, -2.825556691321689]}, "3": {"diameter": 8, "conjugate_isogenous_pairs": 20, "eigenvalues": [3.421704655894413, -3.46208822631948]}, "5": {"diameter": 6, "conjugate_isogenous_pairs": 31, "eigenvalues": [4.3999086376009, -4.4012089000561625]}, "7": {"diameter": 5, "conjugate_isogenous_pairs": 41, "eigenvalues": [5.288684100186604, -5.182472228612548]}, "11": {"diameter": 4, "conjugate_isogenous_pairs": 105, "eigenvalues": [6.524546461481513, -6.593829996741506]}}}