{"prime": 4073, "nodes": 340, "minpoly": "x^2 + 4061*x + 3", "spine": 28, "undirected": false, "ell": {"2": {"diameter": 12, "conjugate_isogenous_pairs": 14, "eigenvalues": [2.8094467136773598, -2.7885227516487516]}, "3": {"diameter": 8, "conjugate_isogenous_pairs": 28, "eigenvalues": [3.409086391780493, -3.425526742558114]}, "5": {"diameter": 6, "conjugate_isogenous_pairs": 15, "eigenvalues": [4.4480344158308265, -4.33436177275409]}, "7": {"diameter": 5, "conjugate_isogenous_pairs": 93, "eigenvalues": [5.1902225645529425, -5.091870017530581]}, "11": {"diameter": 4, "conjugate_isogenous_pairs": 24, "eigenvalues": [6.541139281620317, -6.558442319941029]}}}