{"prime": 24077, "nodes": 2007, "minpoly": "x^2 + 24073*x + 2", "spine": 57, "undirected": false, "ell": {"2": {"diameter": 14, "conjugate_isogenous_pairs": 31, "eigenvalues": [2.816747039344336, -2.8263952040875613]}, "3": {"diameter": 10, "conjugate_isogenous_pairs": 130, "eigenvalues": [3.4613463216813942, -3.4503466607649367]}, "5": {"diameter": 7, "conjugate_isogenous_pairs": 42, "eigenvalues": [4.467798456049554, -4.431032192480071]}, "7": {"diameter": 6, "conjugate_isogenous_pairs": 181, "eigenvalues": [5.252342404264904, -5.266520657448909]}, "11": {"diameter": 5, "conjugate_isogenous_pairs": 78, "eigenvalues": [6.552290526580076, -6.5858387098654445]}}}