{"prime": 28279, "nodes": 2357, "minpoly": "x^2 + 28277*x + 3", "spine": 117, "undirected": false, "ell": {"2": {"diameter": 15, "conjugate_isogenous_pairs": 45, "eigenvalues": [2.824262477355745, -2.822639611441777]}, "3": {"diameter": 10, "conjugate_isogenous_pairs": 34, "eigenvalues": [3.459161474871175, -3.454935300270638]}, "5": {"diameter": 7, "conjugate_isogenous_pairs": 84, "eigenvalues": [4.459914890564518, -4.418003997934572]}, "7": {"diameter": 6, "conjugate_isogenous_pairs": 39, "eigenvalues": [5.260178824819918, -5.240183372219784]}, "11": {"diameter": 5, "conjugate_isogenous_pairs": 146, "eigenvalues": [6.600591472323987, -6.588357624259448]}}}