{"prime": 29123, "nodes": 2428, "minpoly": "x^2 + 29119*x + 2", "spine": 150, "undirected": false, "ell": {"2": {"diameter": 15, "conjugate_isogenous_pairs": 35, "eigenvalues": [2.8150342456850126, -2.8184811604311335]}, "3": {"diameter": 10, "conjugate_isogenous_pairs": 55, "eigenvalues": [3.4472403612803575, -3.463158906769391]}, "5": {"diameter": 8, "conjugate_isogenous_pairs": 60, "eigenvalues": [4.462530236360842, -4.461268965945371]}, "7": {"diameter": 6, "conjugate_isogenous_pairs": 111, "eigenvalues": [5.236132060127777, -5.2753916772989475]}, "11": {"diameter": 5, "conjugate_isogenous_pairs": 51, "eigenvalues": [6.578602630588358, -6.600525603501733]}}}