{"prime": 26099, "nodes": 2176, "minpoly": "x^2 + 26098*x + 2", "spine": 174, "undirected": false, "ell": {"2": {"diameter": 15, "conjugate_isogenous_pairs": 29, "eigenvalues": [2.8180537328166775, -2.8229568723419836]}, "3": {"diameter": 10, "conjugate_isogenous_pairs": 29, "eigenvalues": [3.4606283401460094, -3.451322204005781]}, "5": {"diameter": 7, "conjugate_isogenous_pairs": 94, "eigenvalues": [4.462189181895371, -4.464079098715834]}, "7": {"diameter": 6, "conjugate_isogenous_pairs": 63, "eigenvalues": [5.269943034683874, -5.274321342448694]}, "11": {"diameter": 5, "conjugate_isogenous_pairs": 79, "eigenvalues": [6.59926614698946, -6.533454573768855]}}}