{"prime": 18379, "nodes": 1532, "minpoly": "x^2 + 18368*x + 3", "spine": 46, "undirected": false, "ell": {"2": {"diameter": 14, "conjugate_isogenous_pairs": 35, "eigenvalues": [2.817113371519141, -2.816029465722828]}, "3": {"diameter": 9, "conjugate_isogenous_pairs": 31, "eigenvalues": [3.451935168884969, -3.452832841131147]}, "5": {"diameter": 7, "conjugate_isogenous_pairs": 134, "eigenvalues": [4.44984449228099, -4.452983467003618]}, "7": {"diameter": 6, "conjugate_isogenous_pairs": 34, "eigenvalues": [5.25877025856794, -5.259727845519138]}, "11": {"diameter": 5, "conjugate_isogenous_pairs": 100, "eigenvalues": [6.603262793289566, -6.6096834140604575]}}}