{"prime": 1289, "nodes": 108, "minpoly": "x^2 + 1280*x + 6", "spine": 18, "undirected": false, "ell": {"2": {"diameter": 10, "conjugate_isogenous_pairs": 4, "eigenvalues": [2.79351008048835, -2.776603305981346]}, "3": {"diameter": 6, "conjugate_isogenous_pairs": 12, "eigenvalues": [3.2570053533613526, -3.2784272072873417]}, "5": {"diameter": 5, "conjugate_isogenous_pairs": 12, "eigenvalues": [4.139260634696119, -4.405845299391764]}, "7": {"diameter": 4, "conjugate_isogenous_pairs": 29, "eigenvalues": [5.0896493770601845, -5.110213871567653]}, "11": {"diameter": 4, "conjugate_isogenous_pairs": 16, "eigenvalues": [6.385814850153789, -6.592246884573171]}}}