{"prime": 3049, "nodes": 254, "minpoly": "x^2 + 3048*x + 11", "spine": 14, "undirected": true, "ell": {"2": {"diameter": 11, "conjugate_isogenous_pairs": 12, "eigenvalues": [2.807422930055944, -2.7871081694162037]}, "3": {"diameter": 7, "conjugate_isogenous_pairs": 19, "eigenvalues": [3.4114782167370943, -3.376863603265045]}, "5": {"diameter": 5, "conjugate_isogenous_pairs": 42, "eigenvalues": [4.392651578939354, -4.397302148980439]}, "7": {"diameter": 4, "conjugate_isogenous_pairs": 33, "eigenvalues": [5.013873141522071, -5.253703672744029]}, "11": {"diameter": 4, "conjugate_isogenous_pairs": 55, "eigenvalues": [6.479468810981439, -6.316088311155213]}}}