{"prime": 28069, "nodes": 2339, "minpoly": "x^2 + 28063*x + 7", "spine": 61, "undirected": true, "ell": {"2": {"diameter": 15, "conjugate_isogenous_pairs": 63, "eigenvalues": [2.826928999041284, -2.822481650955719]}, "3": {"diameter": 10, "conjugate_isogenous_pairs": 65, "eigenvalues": [3.455112462436201, -3.459531228758147]}, "5": {"diameter": 7, "conjugate_isogenous_pairs": 79, "eigenvalues": [4.421855299121424, -4.451120084541692]}, "7": {"diameter": 6, "conjugate_isogenous_pairs": 44, "eigenvalues": [5.237378349225587, -5.270463740841483]}, "11": {"diameter": 5, "conjugate_isogenous_pairs": 346, "eigenvalues": [6.613932198087389, -6.600996568330178]}}}