{"prime": 29671, "nodes": 2473, "minpoly": "x^2 + 29669*x + 6", "spine": 97, "undirected": false, "ell": {"2": {"diameter": 15, "conjugate_isogenous_pairs": 45, "eigenvalues": [2.821435152576201, -2.8218941584936656]}, "3": {"diameter": 10, "conjugate_isogenous_pairs": 26, "eigenvalues": [3.45141975156961, -3.4616995998802076]}, "5": {"diameter": 7, "conjugate_isogenous_pairs": 118, "eigenvalues": [4.470910372754201, -4.447480683901751]}, "7": {"diameter": 6, "conjugate_isogenous_pairs": 55, "eigenvalues": [5.231643727437455, -5.268227453178652]}, "11": {"diameter": 5, "conjugate_isogenous_pairs": 246, "eigenvalues": [6.630010776602686, -6.6076743519045396]}}}