{"prime": 15299, "nodes": 1276, "minpoly": "x^2 + 15295*x + 2", "spine": 66, "undirected": false, "ell": {"2": {"diameter": 14, "conjugate_isogenous_pairs": 19, "eigenvalues": [2.8216743336582226, -2.8258358175835743]}, "3": {"diameter": 10, "conjugate_isogenous_pairs": 28, "eigenvalues": [3.458103567861501, -3.453043324136997]}, "5": {"diameter": 7, "conjugate_isogenous_pairs": 75, "eigenvalues": [4.4519339155559665, -4.421930218414122]}, "7": {"diameter": 6, "conjugate_isogenous_pairs": 63, "eigenvalues": [5.216094092069611, -5.287216537276264]}, "11": {"diameter": 5, "conjugate_isogenous_pairs": 57, "eigenvalues": [6.60912255387108, -6.536933247376035]}}}