{"prime": 16633, "nodes": 1386, "minpoly": "x^2 + 16632*x + 15", "spine": 18, "undirected": true, "ell": {"2": {"diameter": 14, "conjugate_isogenous_pairs": 47, "eigenvalues": [2.826211712748415, -2.8244634882339823]}, "3": {"diameter": 9, "conjugate_isogenous_pairs": 46, "eigenvalues": [3.4349514059934774, -3.4606205769410434]}, "5": {"diameter": 6, "conjugate_isogenous_pairs": 104, "eigenvalues": [4.43989288962005, -4.457366115536113]}, "7": {"diameter": 5, "conjugate_isogenous_pairs": 142, "eigenvalues": [5.279478978492141, -5.2028268571605265]}, "11": {"diameter": 5, "conjugate_isogenous_pairs": 123, "eigenvalues": [6.556555463716844, -6.584856500504727]}}}