{"prime": 29191, "nodes": 2433, "minpoly": "x^2 + 29182*x + 7", "spine": 81, "undirected": false, "ell": {"2": {"diameter": 15, "conjugate_isogenous_pairs": 50, "eigenvalues": [2.8239204956587836, -2.825320669824474]}, "3": {"diameter": 10, "conjugate_isogenous_pairs": 43, "eigenvalues": [3.4579990951603428, -3.4470569281741765]}, "5": {"diameter": 7, "conjugate_isogenous_pairs": 139, "eigenvalues": [4.455973117108609, -4.408281791778915]}, "7": {"diameter": 6, "conjugate_isogenous_pairs": 36, "eigenvalues": [5.264704097888897, -5.275507257099925]}, "11": {"diameter": 5, "conjugate_isogenous_pairs": 145, "eigenvalues": [6.555930541822581, -6.616339202708413]}}}