{"prime": 20887, "nodes": 1741, "minpoly": "x^2 + 20885*x + 3", "spine": 65, "undirected": false, "ell": {"2": {"diameter": 15, "conjugate_isogenous_pairs": 72, "eigenvalues": [2.825954721039534, -2.821750475483903]}, "3": {"diameter": 9, "conjugate_isogenous_pairs": 44, "eigenvalues": [3.448768805158826, -3.448447225066311]}, "5": {"diameter": 7, "conjugate_isogenous_pairs": 78, "eigenvalues": [4.407726058688928, -4.437848304668819]}, "7": {"diameter": 6, "conjugate_isogenous_pairs": 51, "eigenvalues": [5.257703000718358, -5.251194537602847]}, "11": {"diameter": 5, "conjugate_isogenous_pairs": 80, "eigenvalues": [6.576326068910873, -6.554537114365792]}}}