{"prime": 17203, "nodes": 1434, "minpoly": "x^2 + 17199*x + 2", "spine": 46, "undirected": false, "ell": {"2": {"diameter": 14, "conjugate_isogenous_pairs": 39, "eigenvalues": [2.8143008668928418, -2.825194087397407]}, "3": {"diameter": 9, "conjugate_isogenous_pairs": 53, "eigenvalues": [3.4522416360978707, -3.4548813021936486]}, "5": {"diameter": 7, "conjugate_isogenous_pairs": 165, "eigenvalues": [4.451012254195283, -4.456402392939697]}, "7": {"diameter": 6, "conjugate_isogenous_pairs": 38, "eigenvalues": [5.182059321523255, -5.270193185634725]}, "11": {"diameter": 5, "conjugate_isogenous_pairs": 60, "eigenvalues": [6.626562869263895, -6.571777665393238]}}}