{"prime": 4289, "nodes": 358, "minpoly": "x^2 + 4283*x + 3", "spine": 56, "undirected": false, "ell": {"2": {"diameter": 12, "conjugate_isogenous_pairs": 7, "eigenvalues": [2.8219194605600904, -2.8235529305522453]}, "3": {"diameter": 8, "conjugate_isogenous_pairs": 20, "eigenvalues": [3.4554245453054735, -3.433989835846933]}, "5": {"diameter": 6, "conjugate_isogenous_pairs": 16, "eigenvalues": [4.423206874880534, -4.273196688161924]}, "7": {"diameter": 5, "conjugate_isogenous_pairs": 50, "eigenvalues": [5.252552227987723, -5.2641150756798325]}, "11": {"diameter": 4, "conjugate_isogenous_pairs": 42, "eigenvalues": [6.427487773756068, -6.4601493765596505]}}}