{"prime": 20873, "nodes": 1740, "minpoly": "x^2 + 20868*x + 3", "spine": 62, "undirected": false, "ell": {"2": {"diameter": 15, "conjugate_isogenous_pairs": 37, "eigenvalues": [2.822449121485705, -2.8239393993337125]}, "3": {"diameter": 10, "conjugate_isogenous_pairs": 51, "eigenvalues": [3.4528310534683158, -3.456066561724514]}, "5": {"diameter": 7, "conjugate_isogenous_pairs": 40, "eigenvalues": [4.450390132880583, -4.441640887663152]}, "7": {"diameter": 6, "conjugate_isogenous_pairs": 211, "eigenvalues": [5.262658539661788, -5.287129644824308]}, "11": {"diameter": 5, "conjugate_isogenous_pairs": 87, "eigenvalues": [6.600124225187669, -6.628180651646766]}}}