{"prime": 10559, "nodes": 881, "minpoly": "x^2 + 10558*x + 23", "spine": 153, "undirected": false, "ell": {"2": {"diameter": 14, "conjugate_isogenous_pairs": 14, "eigenvalues": [2.8251644400262235, -2.8179790699540623]}, "3": {"diameter": 10, "conjugate_isogenous_pairs": 21, "eigenvalues": [3.4447722290220777, -3.43754749567897]}, "5": {"diameter": 7, "conjugate_isogenous_pairs": 27, "eigenvalues": [4.427071508752819, -4.4168662182983836]}, "7": {"diameter": 6, "conjugate_isogenous_pairs": 42, "eigenvalues": [5.1945052043176805, -5.25324149936636]}, "11": {"diameter": 5, "conjugate_isogenous_pairs": 52, "eigenvalues": [6.523857620966242, -6.613398000787605]}}}