{"prime": 479, "nodes": 41, "minpoly": "x^2 + 474*x + 13", "spine": 25, "undirected": false, "ell": {"2": {"diameter": 8, "conjugate_isogenous_pairs": 2, "eigenvalues": [2.706784029584214, -2.7471915841465715]}, "3": {"diameter": 6, "conjugate_isogenous_pairs": 3, "eigenvalues": [3.3847641189056303, -3.3508689028360545]}, "5": {"diameter": 5, "conjugate_isogenous_pairs": 4, "eigenvalues": [4.1551769026073835, -4.285292791447813]}, "7": {"diameter": 4, "conjugate_isogenous_pairs": 4, "eigenvalues": [5.188205730736425, -4.975853550655656]}, "11": {"diameter": 3, "conjugate_isogenous_pairs": 5, "eigenvalues": [6.442075379783882, -5.8574390620735475]}}}