{"prime": 28961, "nodes": 2414, "minpoly": "x^2 + 28955*x + 3", "spine": 62, "undirected": false, "ell": {"2": {"diameter": 15, "conjugate_isogenous_pairs": 21, "eigenvalues": [2.8248426631273396, -2.8262897843069474]}, "3": {"diameter": 10, "conjugate_isogenous_pairs": 69, "eigenvalues": [3.4627843270665752, -3.4593365027874565]}, "5": {"diameter": 7, "conjugate_isogenous_pairs": 48, "eigenvalues": [4.459143025079345, -4.463125425539238]}, "7": {"diameter": 6, "conjugate_isogenous_pairs": 161, "eigenvalues": [5.268863781820927, -5.277053692724552]}, "11": {"diameter": 5, "conjugate_isogenous_pairs": 117, "eigenvalues": [6.607026489502042, -6.603189575585698]}}}