{"prime": 2621, "nodes": 219, "minpoly": "x^2 + 2620*x + 2", "spine": 31, "undirected": false, "ell": {"2": {"diameter": 12, "conjugate_isogenous_pairs": 9, "eigenvalues": [2.814627617298166, -2.7873418097398788]}, "3": {"diameter": 8, "conjugate_isogenous_pairs": 14, "eigenvalues": [3.4239845013910277, -3.406180255083007]}, "5": {"diameter": 5, "conjugate_isogenous_pairs": 13, "eigenvalues": [4.3532922740057005, -4.368232947089945]}, "7": {"diameter": 5, "conjugate_isogenous_pairs": 35, "eigenvalues": [5.251478159295371, -5.275734323739263]}, "11": {"diameter": 4, "conjugate_isogenous_pairs": 52, "eigenvalues": [6.378826533815841, -6.424977727870797]}}}