{"prime": 21557, "nodes": 1797, "minpoly": "x^2 + 21553*x + 2", "spine": 57, "undirected": false, "ell": {"2": {"diameter": 14, "conjugate_isogenous_pairs": 30, "eigenvalues": [2.8096737151848936, -2.8172593213501753]}, "3": {"diameter": 10, "conjugate_isogenous_pairs": 129, "eigenvalues": [3.451090693006263, -3.4496585938424533]}, "5": {"diameter": 7, "conjugate_isogenous_pairs": 47, "eigenvalues": [4.42347724611043, -4.470284271441997]}, "7": {"diameter": 6, "conjugate_isogenous_pairs": 111, "eigenvalues": [5.2457924727949, -5.2496613304177675]}, "11": {"diameter": 5, "conjugate_isogenous_pairs": 68, "eigenvalues": [6.595107799136218, -6.613847102580763]}}}