{"prime": 12739, "nodes": 1062, "minpoly": "x^2 + 12738*x + 2", "spine": 46, "undirected": false, "ell": {"2": {"diameter": 14, "conjugate_isogenous_pairs": 41, "eigenvalues": [2.827317703330438, -2.817739379579313]}, "3": {"diameter": 9, "conjugate_isogenous_pairs": 29, "eigenvalues": [3.4415472227754087, -3.462890298577864]}, "5": {"diameter": 7, "conjugate_isogenous_pairs": 75, "eigenvalues": [4.403483114529582, -4.461449738396185]}, "7": {"diameter": 6, "conjugate_isogenous_pairs": 31, "eigenvalues": [5.246532618997053, -5.242763461538206]}, "11": {"diameter": 4, "conjugate_isogenous_pairs": 110, "eigenvalues": [6.596036732416938, -6.570232864527006]}}}