{"prime": 15679, "nodes": 1307, "minpoly": "x^2 + 15678*x + 11", "spine": 79, "undirected": false, "ell": {"2": {"diameter": 14, "conjugate_isogenous_pairs": 40, "eigenvalues": [2.81316339551645, -2.827735692753128]}, "3": {"diameter": 9, "conjugate_isogenous_pairs": 24, "eigenvalues": [3.4607141307578067, -3.436035198765363]}, "5": {"diameter": 7, "conjugate_isogenous_pairs": 59, "eigenvalues": [4.463792474363747, -4.450894640482193]}, "7": {"diameter": 6, "conjugate_isogenous_pairs": 36, "eigenvalues": [5.2457702583301185, -5.272501870532601]}, "11": {"diameter": 5, "conjugate_isogenous_pairs": 142, "eigenvalues": [6.572026186514257, -6.611041503425745]}}}