{"prime": 22381, "nodes": 1865, "minpoly": "x^2 + 22378*x + 10", "spine": 49, "undirected": true, "ell": {"2": {"diameter": 14, "conjugate_isogenous_pairs": 33, "eigenvalues": [2.8116150534208546, -2.8172243304987408]}, "3": {"diameter": 9, "conjugate_isogenous_pairs": 55, "eigenvalues": [3.4410641461879647, -3.449504565863039]}, "5": {"diameter": 7, "conjugate_isogenous_pairs": 121, "eigenvalues": [4.4540529919923735, -4.451358010778298]}, "7": {"diameter": 6, "conjugate_isogenous_pairs": 58, "eigenvalues": [5.286380815649251, -5.290818218739279]}, "11": {"diameter": 5, "conjugate_isogenous_pairs": 273, "eigenvalues": [6.522364909140763, -6.575094231946049]}}}