{"prime": 17419, "nodes": 1452, "minpoly": "x^2 + 17418*x + 3", "spine": 66, "undirected": false, "ell": {"2": {"diameter": 15, "conjugate_isogenous_pairs": 29, "eigenvalues": [2.8139801629629715, -2.8267825005467975]}, "3": {"diameter": 9, "conjugate_isogenous_pairs": 32, "eigenvalues": [3.4584182220095205, -3.450700990574976]}, "5": {"diameter": 7, "conjugate_isogenous_pairs": 136, "eigenvalues": [4.4281491853644726, -4.430761463345353]}, "7": {"diameter": 5, "conjugate_isogenous_pairs": 29, "eigenvalues": [5.2807100756160725, -5.276184513112973]}, "11": {"diameter": 5, "conjugate_isogenous_pairs": 146, "eigenvalues": [6.529557883581001, -6.621861896313157]}}}