{"prime": 10111, "nodes": 843, "minpoly": "x^2 + 10109*x + 12", "spine": 87, "undirected": false, "ell": {"2": {"diameter": 13, "conjugate_isogenous_pairs": 28, "eigenvalues": [2.8193823733423033, -2.808791980161327]}, "3": {"diameter": 9, "conjugate_isogenous_pairs": 23, "eigenvalues": [3.4615652313876404, -3.4254082889611173]}, "5": {"diameter": 6, "conjugate_isogenous_pairs": 53, "eigenvalues": [4.454353352211747, -4.425670849433156]}, "7": {"diameter": 5, "conjugate_isogenous_pairs": 18, "eigenvalues": [5.275416752618018, -5.253840688992561]}, "11": {"diameter": 4, "conjugate_isogenous_pairs": 90, "eigenvalues": [6.58488336355219, -6.571238957181147]}}}