{"prime": 22369, "nodes": 1864, "minpoly": "x^2 + 22358*x + 11", "spine": 34, "undirected": true, "ell": {"2": {"diameter": 14, "conjugate_isogenous_pairs": 27, "eigenvalues": [2.820466051624309, -2.8194791405261355]}, "3": {"diameter": 9, "conjugate_isogenous_pairs": 79, "eigenvalues": [3.4597632698316247, -3.4629492141162386]}, "5": {"diameter": 7, "conjugate_isogenous_pairs": 85, "eigenvalues": [4.435855404009291, -4.454278140766524]}, "7": {"diameter": 6, "conjugate_isogenous_pairs": 78, "eigenvalues": [5.242506095190301, -5.261718832047866]}, "11": {"diameter": 5, "conjugate_isogenous_pairs": 182, "eigenvalues": [6.563133714368366, -6.5958708166984605]}}}