{"prime": 4483, "nodes": 374, "minpoly": "x^2 + 4482*x + 2", "spine": 18, "undirected": false, "ell": {"2": {"diameter": 12, "conjugate_isogenous_pairs": 29, "eigenvalues": [2.7956135950407512, -2.8046087000430275]}, "3": {"diameter": 8, "conjugate_isogenous_pairs": 22, "eigenvalues": [3.440592754165585, -3.423781017360249]}, "5": {"diameter": 6, "conjugate_isogenous_pairs": 68, "eigenvalues": [4.355824765085327, -4.445402163835666]}, "7": {"diameter": 5, "conjugate_isogenous_pairs": 24, "eigenvalues": [5.155390708769646, -5.142554895842061]}, "11": {"diameter": 4, "conjugate_isogenous_pairs": 54, "eigenvalues": [6.512870444293876, -6.46488131731018]}}}