{"prime": 11617, "nodes": 968, "minpoly": "x^2 + 11616*x + 10", "spine": 16, "undirected": true, "ell": {"2": {"diameter": 13, "conjugate_isogenous_pairs": 39, "eigenvalues": [2.816387707427678, -2.8060388609729343]}, "3": {"diameter": 8, "conjugate_isogenous_pairs": 46, "eigenvalues": [3.4198767399146868, -3.4463423660414145]}, "5": {"diameter": 6, "conjugate_isogenous_pairs": 74, "eigenvalues": [4.381841770079866, -4.462119413985946]}, "7": {"diameter": 5, "conjugate_isogenous_pairs": 112, "eigenvalues": [5.280324557181006, -5.213932106813793]}, "11": {"diameter": 4, "conjugate_isogenous_pairs": 110, "eigenvalues": [6.5732723505985815, -6.615676588947479]}}}