{"prime": 2081, "nodes": 174, "minpoly": "x^2 + 2080*x + 3", "spine": 30, "undirected": false, "ell": {"2": {"diameter": 10, "conjugate_isogenous_pairs": 5, "eigenvalues": [2.7677988253266856, -2.8257713520923597]}, "3": {"diameter": 7, "conjugate_isogenous_pairs": 20, "eigenvalues": [3.4544663317931477, -3.424625439981809]}, "5": {"diameter": 5, "conjugate_isogenous_pairs": 14, "eigenvalues": [4.161543586783277, -4.334175694313956]}, "7": {"diameter": 5, "conjugate_isogenous_pairs": 34, "eigenvalues": [5.238551564865169, -5.032417660680507]}, "11": {"diameter": 4, "conjugate_isogenous_pairs": 21, "eigenvalues": [6.5591592914121835, -6.424405130206444]}}}