{"prime": 28933, "nodes": 2411, "minpoly": "x^2 + 28929*x + 2", "spine": 29, "undirected": true, "ell": {"2": {"diameter": 15, "conjugate_isogenous_pairs": 65, "eigenvalues": [2.8267130710122768, -2.827371312401027]}, "3": {"diameter": 10, "conjugate_isogenous_pairs": 114, "eigenvalues": [3.4501250277115085, -3.446236458163817]}, "5": {"diameter": 7, "conjugate_isogenous_pairs": 105, "eigenvalues": [4.4434473004702495, -4.456323562985573]}, "7": {"diameter": 6, "conjugate_isogenous_pairs": 93, "eigenvalues": [5.279324759789393, -5.256549501732015]}, "11": {"diameter": 5, "conjugate_isogenous_pairs": 197, "eigenvalues": [6.611135369731056, -6.6084472570916555]}}}