{"prime": 28463, "nodes": 2373, "minpoly": "x^2 + 28458*x + 5", "spine": 91, "undirected": false, "ell": {"2": {"diameter": 15, "conjugate_isogenous_pairs": 33, "eigenvalues": [2.826290346269009, -2.82435318747569]}, "3": {"diameter": 10, "conjugate_isogenous_pairs": 74, "eigenvalues": [3.4412712404145465, -3.4500944358736088]}, "5": {"diameter": 7, "conjugate_isogenous_pairs": 86, "eigenvalues": [4.467357043098335, -4.450632363730357]}, "7": {"diameter": 6, "conjugate_isogenous_pairs": 123, "eigenvalues": [5.277818536039372, -5.236044754888192]}, "11": {"diameter": 5, "conjugate_isogenous_pairs": 57, "eigenvalues": [6.620768187858799, -6.612911033989042]}}}