{"prime": 2113, "nodes": 176, "minpoly": "x^2 + 2108*x + 5", "spine": 8, "undirected": true, "ell": {"2": {"diameter": 10, "conjugate_isogenous_pairs": 24, "eigenvalues": [2.7921275025477845, -2.8060473320447024]}, "3": {"diameter": 6, "conjugate_isogenous_pairs": 19, "eigenvalues": [3.29728622631576, -3.389751420420009]}, "5": {"diameter": 5, "conjugate_isogenous_pairs": 18, "eigenvalues": [4.424143381184309, -4.466022202694914]}, "7": {"diameter": 4, "conjugate_isogenous_pairs": 38, "eigenvalues": [5.23081814113555, -5.1552961346588475]}, "11": {"diameter": 4, "conjugate_isogenous_pairs": 39, "eigenvalues": [6.561415908991586, -6.530597804191384]}}}