{"prime": 4813, "nodes": 401, "minpoly": "x^2 + 4809*x + 2", "spine": 15, "undirected": true, "ell": {"2": {"diameter": 12, "conjugate_isogenous_pairs": 21, "eigenvalues": [2.8203184337070244, -2.8243110279897787]}, "3": {"diameter": 8, "conjugate_isogenous_pairs": 59, "eigenvalues": [3.4429460002500982, -3.459185469455149]}, "5": {"diameter": 5, "conjugate_isogenous_pairs": 39, "eigenvalues": [4.43199806875679, -4.465806414215049]}, "7": {"diameter": 5, "conjugate_isogenous_pairs": 34, "eigenvalues": [5.18019919575563, -5.123384069330457]}, "11": {"diameter": 4, "conjugate_isogenous_pairs": 56, "eigenvalues": [6.564044868684772, -6.599332087179343]}}}