{"prime": 17449, "nodes": 1454, "minpoly": "x^2 + 17444*x + 14", "spine": 48, "undirected": true, "ell": {"2": {"diameter": 14, "conjugate_isogenous_pairs": 42, "eigenvalues": [2.8246867154215773, -2.818559777758001]}, "3": {"diameter": 9, "conjugate_isogenous_pairs": 40, "eigenvalues": [3.455700623232463, -3.4250951365291304]}, "5": {"diameter": 6, "conjugate_isogenous_pairs": 61, "eigenvalues": [4.4182058819941705, -4.4609814380972015]}, "7": {"diameter": 5, "conjugate_isogenous_pairs": 67, "eigenvalues": [5.172920332748481, -5.2819719005470755]}, "11": {"diameter": 5, "conjugate_isogenous_pairs": 157, "eigenvalues": [6.537241384316066, -6.592980204712617]}}}