{"prime": 18919, "nodes": 1577, "minpoly": "x^2 + 18918*x + 3", "spine": 117, "undirected": false, "ell": {"2": {"diameter": 14, "conjugate_isogenous_pairs": 35, "eigenvalues": [2.810240436564582, -2.823856412412423]}, "3": {"diameter": 9, "conjugate_isogenous_pairs": 29, "eigenvalues": [3.451338873562193, -3.4501053744738623]}, "5": {"diameter": 7, "conjugate_isogenous_pairs": 81, "eigenvalues": [4.407047986766586, -4.46108835404788]}, "7": {"diameter": 6, "conjugate_isogenous_pairs": 26, "eigenvalues": [5.241301435862863, -5.27124086224536]}, "11": {"diameter": 5, "conjugate_isogenous_pairs": 139, "eigenvalues": [6.601123336621344, -6.56381631953704]}}}