{"prime": 17827, "nodes": 1486, "minpoly": "x^2 + 17826*x + 2", "spine": 34, "undirected": false, "ell": {"2": {"diameter": 14, "conjugate_isogenous_pairs": 49, "eigenvalues": [2.822074283729498, -2.824341100011663]}, "3": {"diameter": 10, "conjugate_isogenous_pairs": 56, "eigenvalues": [3.4586280545585035, -3.457745949708198]}, "5": {"diameter": 7, "conjugate_isogenous_pairs": 123, "eigenvalues": [4.459153000987143, -4.432481208708249]}, "7": {"diameter": 6, "conjugate_isogenous_pairs": 42, "eigenvalues": [5.228084087304057, -5.237869622430958]}, "11": {"diameter": 5, "conjugate_isogenous_pairs": 96, "eigenvalues": [6.612789016593418, -6.593733966630331]}}}