{"prime": 23117, "nodes": 1927, "minpoly": "x^2 + 23113*x + 2", "spine": 89, "undirected": false, "ell": {"2": {"diameter": 15, "conjugate_isogenous_pairs": 26, "eigenvalues": [2.8218465983758736, -2.8242528558575946]}, "3": {"diameter": 10, "conjugate_isogenous_pairs": 96, "eigenvalues": [3.4587762723624436, -3.452734471350322]}, "5": {"diameter": 7, "conjugate_isogenous_pairs": 36, "eigenvalues": [4.4545177154126305, -4.417458771830726]}, "7": {"diameter": 6, "conjugate_isogenous_pairs": 162, "eigenvalues": [5.28501643814742, -5.2860996875203154]}, "11": {"diameter": 5, "conjugate_isogenous_pairs": 115, "eigenvalues": [6.574024769237596, -6.629835450979549]}}}