{"prime": 16427, "nodes": 1370, "minpoly": "x^2 + 16423*x + 2", "spine": 58, "undirected": false, "ell": {"2": {"diameter": 14, "conjugate_isogenous_pairs": 35, "eigenvalues": [2.825010706544574, -2.814588321755913]}, "3": {"diameter": 9, "conjugate_isogenous_pairs": 40, "eigenvalues": [3.4548920701723103, -3.434675758408948]}, "5": {"diameter": 7, "conjugate_isogenous_pairs": 54, "eigenvalues": [4.449103681372856, -4.467407359139401]}, "7": {"diameter": 6, "conjugate_isogenous_pairs": 108, "eigenvalues": [5.274266274460114, -5.273337750984529]}, "11": {"diameter": 5, "conjugate_isogenous_pairs": 49, "eigenvalues": [6.529307926388892, -6.62911565513141]}}}