{"prime": 17041, "nodes": 1420, "minpoly": "x^2 + 17034*x + 7", "spine": 42, "undirected": true, "ell": {"2": {"diameter": 14, "conjugate_isogenous_pairs": 48, "eigenvalues": [2.8017061075592196, -2.823944907351061]}, "3": {"diameter": 9, "conjugate_isogenous_pairs": 43, "eigenvalues": [3.430289033870312, -3.4584797675973413]}, "5": {"diameter": 6, "conjugate_isogenous_pairs": 65, "eigenvalues": [4.447246050624294, -4.409210117648419]}, "7": {"diameter": 5, "conjugate_isogenous_pairs": 61, "eigenvalues": [5.224338568513413, -5.2610311576666735]}, "11": {"diameter": 5, "conjugate_isogenous_pairs": 211, "eigenvalues": [6.599921298972297, -6.582456773400276]}}}