{"prime": 14951, "nodes": 1247, "minpoly": "x^2 + 14950*x + 19", "spine": 185, "undirected": false, "ell": {"2": {"diameter": 14, "conjugate_isogenous_pairs": 15, "eigenvalues": [2.825446773481372, -2.8171298922175025]}, "3": {"diameter": 10, "conjugate_isogenous_pairs": 29, "eigenvalues": [3.4453842392150413, -3.4564606005443035]}, "5": {"diameter": 7, "conjugate_isogenous_pairs": 32, "eigenvalues": [4.432071591626989, -4.43345037376397]}, "7": {"diameter": 6, "conjugate_isogenous_pairs": 48, "eigenvalues": [5.18155440939692, -5.227943959381816]}, "11": {"diameter": 5, "conjugate_isogenous_pairs": 54, "eigenvalues": [6.473937076550707, -6.577364909074578]}}}