{"prime": 9413, "nodes": 785, "minpoly": "x^2 + 9412*x + 3", "spine": 51, "undirected": false, "ell": {"2": {"diameter": 14, "conjugate_isogenous_pairs": 16, "eigenvalues": [2.819430948582571, -2.808897056707267]}, "3": {"diameter": 9, "conjugate_isogenous_pairs": 70, "eigenvalues": [3.4576324851288462, -3.4348722910155796]}, "5": {"diameter": 6, "conjugate_isogenous_pairs": 26, "eigenvalues": [4.447416240419927, -4.440507052918841]}, "7": {"diameter": 6, "conjugate_isogenous_pairs": 78, "eigenvalues": [5.281553093671042, -5.244205590777261]}, "11": {"diameter": 5, "conjugate_isogenous_pairs": 73, "eigenvalues": [6.475097012592901, -6.61847073096486]}}}