{"prime": 6599, "nodes": 551, "minpoly": "x^2 + 6586*x + 13", "spine": 109, "undirected": false, "ell": {"2": {"diameter": 13, "conjugate_isogenous_pairs": 13, "eigenvalues": [2.824328250164537, -2.81212462180808]}, "3": {"diameter": 9, "conjugate_isogenous_pairs": 17, "eigenvalues": [3.452410556695659, -3.434584602614743]}, "5": {"diameter": 6, "conjugate_isogenous_pairs": 28, "eigenvalues": [4.447400689026862, -4.393794475969935]}, "7": {"diameter": 5, "conjugate_isogenous_pairs": 36, "eigenvalues": [5.267181850433069, -5.270751039533361]}, "11": {"diameter": 5, "conjugate_isogenous_pairs": 35, "eigenvalues": [6.549723775814492, -6.555568330008967]}}}