{"prime": 19793, "nodes": 1650, "minpoly": "x^2 + 19788*x + 3", "spine": 36, "undirected": false, "ell": {"2": {"diameter": 14, "conjugate_isogenous_pairs": 30, "eigenvalues": [2.8226122703368097, -2.813940656473511]}, "3": {"diameter": 10, "conjugate_isogenous_pairs": 51, "eigenvalues": [3.4487128532994284, -3.460728049401634]}, "5": {"diameter": 7, "conjugate_isogenous_pairs": 53, "eigenvalues": [4.46525501050365, -4.438627432451666]}, "7": {"diameter": 6, "conjugate_isogenous_pairs": 264, "eigenvalues": [5.275913133185532, -5.264726626962386]}, "11": {"diameter": 5, "conjugate_isogenous_pairs": 66, "eigenvalues": [6.609582058586535, -6.611242250797019]}}}