{"prime": 15739, "nodes": 1312, "minpoly": "x^2 + 15738*x + 2", "spine": 54, "undirected": false, "ell": {"2": {"diameter": 14, "conjugate_isogenous_pairs": 48, "eigenvalues": [2.815581375985841, -2.825230034658384]}, "3": {"diameter": 9, "conjugate_isogenous_pairs": 29, "eigenvalues": [3.4392775894761214, -3.4615927000165003]}, "5": {"diameter": 7, "conjugate_isogenous_pairs": 91, "eigenvalues": [4.414884555663335, -4.428149439250775]}, "7": {"diameter": 6, "conjugate_isogenous_pairs": 31, "eigenvalues": [5.286156420971661, -5.263038822925143]}, "11": {"diameter": 5, "conjugate_isogenous_pairs": 108, "eigenvalues": [6.614191948176533, -6.6046287066788745]}}}