{"prime": 5309, "nodes": 443, "minpoly": "x^2 + 5305*x + 2", "spine": 53, "undirected": false, "ell": {"2": {"diameter": 13, "conjugate_isogenous_pairs": 10, "eigenvalues": [2.811616078882722, -2.816735145771925]}, "3": {"diameter": 9, "conjugate_isogenous_pairs": 29, "eigenvalues": [3.4143039601151686, -3.393479243370186]}, "5": {"diameter": 6, "conjugate_isogenous_pairs": 18, "eigenvalues": [4.353004200934177, -4.419228523105153]}, "7": {"diameter": 5, "conjugate_isogenous_pairs": 46, "eigenvalues": [5.184329413176665, -5.2381652813119315]}, "11": {"diameter": 4, "conjugate_isogenous_pairs": 82, "eigenvalues": [6.53663190420108, -6.452840631225298]}}}