{"prime": 7681, "nodes": 640, "minpoly": "x^2 + 7680*x + 17", "spine": 22, "undirected": true, "ell": {"2": {"diameter": 12, "conjugate_isogenous_pairs": 25, "eigenvalues": [2.8145886222713092, -2.8243701389519353]}, "3": {"diameter": 8, "conjugate_isogenous_pairs": 32, "eigenvalues": [3.3891707552393866, -3.459178024697536]}, "5": {"diameter": 6, "conjugate_isogenous_pairs": 52, "eigenvalues": [4.42321086362353, -4.4284486922891855]}, "7": {"diameter": 5, "conjugate_isogenous_pairs": 54, "eigenvalues": [5.234310727660211, -5.266997526986003]}, "11": {"diameter": 4, "conjugate_isogenous_pairs": 85, "eigenvalues": [6.417863882160562, -6.58490215367978]}}}