{"prime": 28057, "nodes": 2338, "minpoly": "x^2 + 28056*x + 5", "spine": 36, "undirected": true, "ell": {"2": {"diameter": 15, "conjugate_isogenous_pairs": 48, "eigenvalues": [2.823600023793255, -2.8145683416620098]}, "3": {"diameter": 10, "conjugate_isogenous_pairs": 125, "eigenvalues": [3.457410375287773, -3.453959289937203]}, "5": {"diameter": 7, "conjugate_isogenous_pairs": 107, "eigenvalues": [4.455306088612074, -4.459927470069087]}, "7": {"diameter": 6, "conjugate_isogenous_pairs": 109, "eigenvalues": [5.268362100520956, -5.280974336668149]}, "11": {"diameter": 5, "conjugate_isogenous_pairs": 119, "eigenvalues": [6.62238471627046, -6.6091995689442875]}}}