{"prime": 28183, "nodes": 2349, "minpoly": "x^2 + 28181*x + 3", "spine": 61, "undirected": false, "ell": {"2": {"diameter": 14, "conjugate_isogenous_pairs": 47, "eigenvalues": [2.818836841652325, -2.825394046933927]}, "3": {"diameter": 10, "conjugate_isogenous_pairs": 71, "eigenvalues": [3.4392491066371123, -3.4500131842841375]}, "5": {"diameter": 7, "conjugate_isogenous_pairs": 120, "eigenvalues": [4.450186015389179, -4.469218407547171]}, "7": {"diameter": 6, "conjugate_isogenous_pairs": 70, "eigenvalues": [5.216216282619974, -5.289643348714502]}, "11": {"diameter": 5, "conjugate_isogenous_pairs": 88, "eigenvalues": [6.614708845226759, -6.528930941100401]}}}