{"prime": 11681, "nodes": 974, "minpoly": "x^2 + 11673*x + 3", "spine": 90, "undirected": false, "ell": {"2": {"diameter": 13, "conjugate_isogenous_pairs": 18, "eigenvalues": [2.8216068778874974, -2.8217062140229965]}, "3": {"diameter": 9, "conjugate_isogenous_pairs": 24, "eigenvalues": [3.4476693012476933, -3.4375882235981274]}, "5": {"diameter": 7, "conjugate_isogenous_pairs": 26, "eigenvalues": [4.417463382641054, -4.439015912207966]}, "7": {"diameter": 6, "conjugate_isogenous_pairs": 93, "eigenvalues": [5.135013496116038, -5.2349256865141305]}, "11": {"diameter": 5, "conjugate_isogenous_pairs": 78, "eigenvalues": [6.537809993174862, -6.5878995940407155]}}}