{"prime": 9341, "nodes": 779, "minpoly": "x^2 + 9340*x + 2", "spine": 69, "undirected": false, "ell": {"2": {"diameter": 13, "conjugate_isogenous_pairs": 14, "eigenvalues": [2.824641322127591, -2.8243474346980304]}, "3": {"diameter": 9, "conjugate_isogenous_pairs": 31, "eigenvalues": [3.449563040287666, -3.427794871074752]}, "5": {"diameter": 6, "conjugate_isogenous_pairs": 22, "eigenvalues": [4.45922868747428, -4.454334836730774]}, "7": {"diameter": 6, "conjugate_isogenous_pairs": 62, "eigenvalues": [5.190480571389431, -5.233611177798747]}, "11": {"diameter": 5, "conjugate_isogenous_pairs": 113, "eigenvalues": [6.578697380913034, -6.52487161511338]}}}