{"prime": 24137, "nodes": 2012, "minpoly": "x^2 + 24131*x + 3", "spine": 48, "undirected": false, "ell": {"2": {"diameter": 14, "conjugate_isogenous_pairs": 31, "eigenvalues": [2.824573214164035, -2.8277761982785155]}, "3": {"diameter": 10, "conjugate_isogenous_pairs": 103, "eigenvalues": [3.4368162381494276, -3.450563457449828]}, "5": {"diameter": 7, "conjugate_isogenous_pairs": 45, "eigenvalues": [4.460954437803081, -4.442117152024926]}, "7": {"diameter": 6, "conjugate_isogenous_pairs": 238, "eigenvalues": [5.289890214122488, -5.265126368056988]}, "11": {"diameter": 5, "conjugate_isogenous_pairs": 48, "eigenvalues": [6.59222117384064, -6.563661536912765]}}}