{"prime": 863, "nodes": 73, "minpoly": "x^2 + 862*x + 5", "spine": 21, "undirected": false, "ell": {"2": {"diameter": 9, "conjugate_isogenous_pairs": 5, "eigenvalues": [2.7532616342972447, -2.7179037546057994]}, "3": {"diameter": 6, "conjugate_isogenous_pairs": 5, "eigenvalues": [3.323061743292131, -3.354108308268356]}, "5": {"diameter": 5, "conjugate_isogenous_pairs": 10, "eigenvalues": [4.259206284904877, -4.382492727866472]}, "7": {"diameter": 4, "conjugate_isogenous_pairs": 19, "eigenvalues": [5.187551057899353, -4.818842198518028]}, "11": {"diameter": 4, "conjugate_isogenous_pairs": 6, "eigenvalues": [6.374548732485903, -5.581610109106958]}}}