{"prime": 3877, "nodes": 323, "minpoly": "x^2 + 3876*x + 2", "spine": 15, "undirected": true, "ell": {"2": {"diameter": 11, "conjugate_isogenous_pairs": 31, "eigenvalues": [2.7987600039506346, -2.8001574046442785]}, "3": {"diameter": 7, "conjugate_isogenous_pairs": 33, "eigenvalues": [3.3256870656260364, -3.399862955201161]}, "5": {"diameter": 5, "conjugate_isogenous_pairs": 23, "eigenvalues": [4.235547561242807, -4.32825258543733]}, "7": {"diameter": 5, "conjugate_isogenous_pairs": 23, "eigenvalues": [5.132030285999874, -5.147566634116277]}, "11": {"diameter": 4, "conjugate_isogenous_pairs": 61, "eigenvalues": [6.161105808637245, -6.542071918009158]}}}