{"prime": 16447, "nodes": 1371, "minpoly": "x^2 + 16446*x + 3", "spine": 53, "undirected": false, "ell": {"2": {"diameter": 14, "conjugate_isogenous_pairs": 48, "eigenvalues": [2.8222809341000583, -2.8165997070206252]}, "3": {"diameter": 9, "conjugate_isogenous_pairs": 36, "eigenvalues": [3.4565377887403597, -3.44308641169545]}, "5": {"diameter": 7, "conjugate_isogenous_pairs": 129, "eigenvalues": [4.469750310695464, -4.43032315701016]}, "7": {"diameter": 6, "conjugate_isogenous_pairs": 58, "eigenvalues": [5.255224006385587, -5.245023674869306]}, "11": {"diameter": 5, "conjugate_isogenous_pairs": 71, "eigenvalues": [6.503387340914149, -6.569405419626288]}}}