{"prime": 2339, "nodes": 196, "minpoly": "x^2 + 2329*x + 2", "spine": 38, "undirected": false, "ell": {"2": {"diameter": 12, "conjugate_isogenous_pairs": 4, "eigenvalues": [2.81984052065616, -2.8268159436243625]}, "3": {"diameter": 8, "conjugate_isogenous_pairs": 13, "eigenvalues": [3.42696493680528, -3.318583144844581]}, "5": {"diameter": 5, "conjugate_isogenous_pairs": 30, "eigenvalues": [4.406259350222152, -4.406400877106325]}, "7": {"diameter": 5, "conjugate_isogenous_pairs": 17, "eigenvalues": [5.10378783543179, -5.22403365543208]}, "11": {"diameter": 4, "conjugate_isogenous_pairs": 20, "eigenvalues": [6.3117185593717196, -6.4917606052071495]}}}