{"prime": 22679, "nodes": 1891, "minpoly": "x^2 + 22677*x + 13", "spine": 217, "undirected": false, "ell": {"2": {"diameter": 15, "conjugate_isogenous_pairs": 19, "eigenvalues": [2.806194517111902, -2.822287639788151]}, "3": {"diameter": 10, "conjugate_isogenous_pairs": 25, "eigenvalues": [3.4429982464562605, -3.447672916195736]}, "5": {"diameter": 7, "conjugate_isogenous_pairs": 59, "eigenvalues": [4.457165689363674, -4.450190430808182]}, "7": {"diameter": 6, "conjugate_isogenous_pairs": 78, "eigenvalues": [5.241442665663573, -5.246335393052937]}, "11": {"diameter": 5, "conjugate_isogenous_pairs": 90, "eigenvalues": [6.610916411812744, -6.5727774212197625]}}}