{"prime": 17669, "nodes": 1473, "minpoly": "x^2 + 17665*x + 2", "spine": 63, "undirected": false, "ell": {"2": {"diameter": 15, "conjugate_isogenous_pairs": 21, "eigenvalues": [2.8248513382065066, -2.824506168281724]}, "3": {"diameter": 10, "conjugate_isogenous_pairs": 58, "eigenvalues": [3.4587584930961888, -3.440687478655614]}, "5": {"diameter": 7, "conjugate_isogenous_pairs": 42, "eigenvalues": [4.407330123793741, -4.391839314584821]}, "7": {"diameter": 6, "conjugate_isogenous_pairs": 102, "eigenvalues": [5.275734689162405, -5.2464229560896785]}, "11": {"diameter": 5, "conjugate_isogenous_pairs": 116, "eigenvalues": [6.589599801112226, -6.5761668380146405]}}}