{"prime": 4919, "nodes": 411, "minpoly": "x^2 + 4915*x + 13", "spine": 91, "undirected": false, "ell": {"2": {"diameter": 13, "conjugate_isogenous_pairs": 11, "eigenvalues": [2.817881781762311, -2.8213788180968487]}, "3": {"diameter": 8, "conjugate_isogenous_pairs": 13, "eigenvalues": [3.4423232462217803, -3.450251200073634]}, "5": {"diameter": 6, "conjugate_isogenous_pairs": 20, "eigenvalues": [4.357398147583563, -4.431456362205095]}, "7": {"diameter": 5, "conjugate_isogenous_pairs": 30, "eigenvalues": [5.223434094040255, -5.209068737877836]}, "11": {"diameter": 4, "conjugate_isogenous_pairs": 32, "eigenvalues": [6.625983143587863, -6.481007467988339]}}}