{"prime": 19421, "nodes": 1619, "minpoly": "x^2 + 19412*x + 3", "spine": 119, "undirected": false, "ell": {"2": {"diameter": 15, "conjugate_isogenous_pairs": 15, "eigenvalues": [2.8231678889611467, -2.826268216965362]}, "3": {"diameter": 10, "conjugate_isogenous_pairs": 61, "eigenvalues": [3.455469131020571, -3.4489858462255465]}, "5": {"diameter": 7, "conjugate_isogenous_pairs": 32, "eigenvalues": [4.470333390793907, -4.453211390882967]}, "7": {"diameter": 6, "conjugate_isogenous_pairs": 107, "eigenvalues": [5.247589267040994, -5.241805924446396]}, "11": {"diameter": 5, "conjugate_isogenous_pairs": 153, "eigenvalues": [6.601591244732577, -6.6150004743886255]}}}