{"prime": 7477, "nodes": 623, "minpoly": "x^2 + 7473*x + 2", "spine": 15, "undirected": true, "ell": {"2": {"diameter": 12, "conjugate_isogenous_pairs": 24, "eigenvalues": [2.8239321425483523, -2.823281350808669]}, "3": {"diameter": 8, "conjugate_isogenous_pairs": 65, "eigenvalues": [3.396112052648717, -3.4616790993283004]}, "5": {"diameter": 6, "conjugate_isogenous_pairs": 72, "eigenvalues": [4.456188546650485, -4.365033726749673]}, "7": {"diameter": 5, "conjugate_isogenous_pairs": 56, "eigenvalues": [5.263953088618436, -5.280266417296148]}, "11": {"diameter": 4, "conjugate_isogenous_pairs": 111, "eigenvalues": [6.560266085751675, -6.616572882468005]}}}