{"prime": 13807, "nodes": 1151, "minpoly": "x^2 + 13806*x + 5", "spine": 65, "undirected": false, "ell": {"2": {"diameter": 14, "conjugate_isogenous_pairs": 53, "eigenvalues": [2.826955524000856, -2.8101528618654803]}, "3": {"diameter": 10, "conjugate_isogenous_pairs": 39, "eigenvalues": [3.448844617864736, -3.4477082107096715]}, "5": {"diameter": 7, "conjugate_isogenous_pairs": 83, "eigenvalues": [4.455194702179369, -4.439779799268641]}, "7": {"diameter": 5, "conjugate_isogenous_pairs": 34, "eigenvalues": [5.250152732837603, -5.239897729135042]}, "11": {"diameter": 5, "conjugate_isogenous_pairs": 76, "eigenvalues": [6.487348861154727, -6.621635623028722]}}}