{"prime": 16433, "nodes": 1370, "minpoly": "x^2 + 16423*x + 3", "spine": 52, "undirected": false, "ell": {"2": {"diameter": 14, "conjugate_isogenous_pairs": 24, "eigenvalues": [2.819002018296459, -2.82470995380787]}, "3": {"diameter": 10, "conjugate_isogenous_pairs": 90, "eigenvalues": [3.440811094344036, -3.4356372607994943]}, "5": {"diameter": 7, "conjugate_isogenous_pairs": 38, "eigenvalues": [4.456667150192142, -4.464269750019699]}, "7": {"diameter": 6, "conjugate_isogenous_pairs": 147, "eigenvalues": [5.263016960989553, -5.281638196387882]}, "11": {"diameter": 5, "conjugate_isogenous_pairs": 40, "eigenvalues": [6.502317466223178, -6.62420588049556]}}}