{"prime": 23819, "nodes": 1986, "minpoly": "x^2 + 23811*x + 2", "spine": 162, "undirected": false, "ell": {"2": {"diameter": 15, "conjugate_isogenous_pairs": 27, "eigenvalues": [2.824674396008984, -2.8227546687890044]}, "3": {"diameter": 10, "conjugate_isogenous_pairs": 30, "eigenvalues": [3.4524670222622897, -3.4595768675436442]}, "5": {"diameter": 7, "conjugate_isogenous_pairs": 59, "eigenvalues": [4.4597858741927965, -4.463245255003729]}, "7": {"diameter": 6, "conjugate_isogenous_pairs": 71, "eigenvalues": [5.266455149363307, -5.272370081199018]}, "11": {"diameter": 5, "conjugate_isogenous_pairs": 72, "eigenvalues": [6.617607373295174, -6.625242708770735]}}}