{"prime": 14783, "nodes": 1233, "minpoly": "x^2 + 14774*x + 5", "spine": 117, "undirected": false, "ell": {"2": {"diameter": 14, "conjugate_isogenous_pairs": 28, "eigenvalues": [2.8182345288707458, -2.8164999626187948]}, "3": {"diameter": 10, "conjugate_isogenous_pairs": 33, "eigenvalues": [3.4510603276055387, -3.4394933448065053]}, "5": {"diameter": 7, "conjugate_isogenous_pairs": 43, "eigenvalues": [4.459920449555491, -4.417111803353965]}, "7": {"diameter": 6, "conjugate_isogenous_pairs": 79, "eigenvalues": [5.2636530946279425, -5.259065610206792]}, "11": {"diameter": 5, "conjugate_isogenous_pairs": 39, "eigenvalues": [6.592877582039256, -6.552340453189315]}}}