{"prime": 22037, "nodes": 1837, "minpoly": "x^2 + 22033*x + 2", "spine": 41, "undirected": false, "ell": {"2": {"diameter": 15, "conjugate_isogenous_pairs": 34, "eigenvalues": [2.826136209721232, -2.8257026951232174]}, "3": {"diameter": 10, "conjugate_isogenous_pairs": 106, "eigenvalues": [3.452745845187371, -3.4547616008165924]}, "5": {"diameter": 7, "conjugate_isogenous_pairs": 51, "eigenvalues": [4.4309181857575055, -4.42487108517191]}, "7": {"diameter": 6, "conjugate_isogenous_pairs": 181, "eigenvalues": [5.2395164765113185, -5.275646615034038]}, "11": {"diameter": 5, "conjugate_isogenous_pairs": 91, "eigenvalues": [6.5987285673541844, -6.592114416776822]}}}