{"prime": 9323, "nodes": 778, "minpoly": "x^2 + 9322*x + 2", "spine": 58, "undirected": false, "ell": {"2": {"diameter": 14, "conjugate_isogenous_pairs": 23, "eigenvalues": [2.8106338679303584, -2.811113975305144]}, "3": {"diameter": 9, "conjugate_isogenous_pairs": 25, "eigenvalues": [3.3878018628779762, -3.4066953112245533]}, "5": {"diameter": 6, "conjugate_isogenous_pairs": 62, "eigenvalues": [4.469859835399715, -4.471102166972462]}, "7": {"diameter": 6, "conjugate_isogenous_pairs": 80, "eigenvalues": [5.206201328408671, -5.252020098848952]}, "11": {"diameter": 5, "conjugate_isogenous_pairs": 44, "eigenvalues": [6.409321117045893, -6.612476253058163]}}}