{"prime": 24379, "nodes": 2032, "minpoly": "x^2 + 24375*x + 2", "spine": 90, "undirected": false, "ell": {"2": {"diameter": 15, "conjugate_isogenous_pairs": 63, "eigenvalues": [2.8244314612929333, -2.8248337504838688]}, "3": {"diameter": 10, "conjugate_isogenous_pairs": 31, "eigenvalues": [3.4459905325130498, -3.4581462705276467]}, "5": {"diameter": 7, "conjugate_isogenous_pairs": 95, "eigenvalues": [4.455368821897062, -4.444412542603175]}, "7": {"diameter": 6, "conjugate_isogenous_pairs": 39, "eigenvalues": [5.271885484190238, -5.23358300823523]}, "11": {"diameter": 5, "conjugate_isogenous_pairs": 139, "eigenvalues": [6.578873284672475, -6.545461360667018]}}}