{"prime": 6323, "nodes": 528, "minpoly": "x^2 + 6311*x + 2", "spine": 42, "undirected": false, "ell": {"2": {"diameter": 12, "conjugate_isogenous_pairs": 17, "eigenvalues": [2.805993494985502, -2.8227950934337325]}, "3": {"diameter": 9, "conjugate_isogenous_pairs": 19, "eigenvalues": [3.4466507218196765, -3.403806090904925]}, "5": {"diameter": 7, "conjugate_isogenous_pairs": 46, "eigenvalues": [4.427263949763334, -4.427891295723327]}, "7": {"diameter": 5, "conjugate_isogenous_pairs": 71, "eigenvalues": [5.163237409853346, -5.240474643203719]}, "11": {"diameter": 4, "conjugate_isogenous_pairs": 21, "eigenvalues": [6.572635884527269, -6.481803861029038]}}}