{"prime": 27697, "nodes": 2308, "minpoly": "x^2 + 27696*x + 5", "spine": 42, "undirected": true, "ell": {"2": {"diameter": 15, "conjugate_isogenous_pairs": 79, "eigenvalues": [2.819107627266282, -2.8230881029214485]}, "3": {"diameter": 10, "conjugate_isogenous_pairs": 74, "eigenvalues": [3.462232101149041, -3.4555034124353696]}, "5": {"diameter": 7, "conjugate_isogenous_pairs": 86, "eigenvalues": [4.4472125664462405, -4.443990063031016]}, "7": {"diameter": 6, "conjugate_isogenous_pairs": 104, "eigenvalues": [5.237784423270761, -5.274805127887418]}, "11": {"diameter": 5, "conjugate_isogenous_pairs": 194, "eigenvalues": [6.532297298032449, -6.624079972470751]}}}