{"prime": 10427, "nodes": 870, "minpoly": "x^2 + 10423*x + 2", "spine": 62, "undirected": false, "ell": {"2": {"diameter": 13, "conjugate_isogenous_pairs": 13, "eigenvalues": [2.819345550655297, -2.806470203651353]}, "3": {"diameter": 9, "conjugate_isogenous_pairs": 48, "eigenvalues": [3.4235990495363207, -3.4328136497395443]}, "5": {"diameter": 7, "conjugate_isogenous_pairs": 74, "eigenvalues": [4.445748122334843, -4.401794203318125]}, "7": {"diameter": 6, "conjugate_isogenous_pairs": 84, "eigenvalues": [5.283434024465457, -5.256156965352845]}, "11": {"diameter": 5, "conjugate_isogenous_pairs": 27, "eigenvalues": [6.587809240774081, -6.602381205274047]}}}