{"prime": 4903, "nodes": 409, "minpoly": "x^2 + 4902*x + 3", "spine": 27, "undirected": false, "ell": {"2": {"diameter": 12, "conjugate_isogenous_pairs": 32, "eigenvalues": [2.805259677867086, -2.8019322906110715]}, "3": {"diameter": 8, "conjugate_isogenous_pairs": 25, "eigenvalues": [3.4466751190655898, -3.4518988678120563]}, "5": {"diameter": 6, "conjugate_isogenous_pairs": 44, "eigenvalues": [4.380416809383643, -4.441018383556153]}, "7": {"diameter": 5, "conjugate_isogenous_pairs": 26, "eigenvalues": [5.174168359029707, -5.217239965252442]}, "11": {"diameter": 4, "conjugate_isogenous_pairs": 55, "eigenvalues": [6.458334514033484, -6.4978701611242276]}}}