{"prime": 19861, "nodes": 1655, "minpoly": "x^2 + 19859*x + 11", "spine": 37, "undirected": true, "ell": {"2": {"diameter": 14, "conjugate_isogenous_pairs": 26, "eigenvalues": [2.8262476418293265, -2.8110438805394864]}, "3": {"diameter": 9, "conjugate_isogenous_pairs": 95, "eigenvalues": [3.4562021050983893, -3.4362348051341436]}, "5": {"diameter": 7, "conjugate_isogenous_pairs": 104, "eigenvalues": [4.400460602395707, -4.4530323399296154]}, "7": {"diameter": 6, "conjugate_isogenous_pairs": 48, "eigenvalues": [5.2427746354072315, -5.255013239367686]}, "11": {"diameter": 5, "conjugate_isogenous_pairs": 191, "eigenvalues": [6.605683488876542, -6.588410912453393]}}}