{"prime": 13441, "nodes": 1120, "minpoly": "x^2 + 13436*x + 11", "spine": 32, "undirected": true, "ell": {"2": {"diameter": 14, "conjugate_isogenous_pairs": 22, "eigenvalues": [2.8194775870584956, -2.823544048830149]}, "3": {"diameter": 9, "conjugate_isogenous_pairs": 55, "eigenvalues": [3.4173240863728864, -3.4407791394377734]}, "5": {"diameter": 6, "conjugate_isogenous_pairs": 74, "eigenvalues": [4.409686477215789, -4.451786908707609]}, "7": {"diameter": 5, "conjugate_isogenous_pairs": 61, "eigenvalues": [5.252389961278952, -5.2370443297111695]}, "11": {"diameter": 4, "conjugate_isogenous_pairs": 138, "eigenvalues": [6.516297209877001, -6.540523221556119]}}}