{"prime": 27997, "nodes": 2333, "minpoly": "x^2 + 27996*x + 5", "spine": 33, "undirected": true, "ell": {"2": {"diameter": 15, "conjugate_isogenous_pairs": 54, "eigenvalues": [2.8280566305050483, -2.8228926489842356]}, "3": {"diameter": 9, "conjugate_isogenous_pairs": 129, "eigenvalues": [3.460075440548026, -3.4501126456646447]}, "5": {"diameter": 7, "conjugate_isogenous_pairs": 109, "eigenvalues": [4.452705716808576, -4.445947667202176]}, "7": {"diameter": 6, "conjugate_isogenous_pairs": 84, "eigenvalues": [5.271299984477501, -5.2814477848151276]}, "11": {"diameter": 5, "conjugate_isogenous_pairs": 210, "eigenvalues": [6.604439148821492, -6.562521401960853]}}}