{"prime": 20611, "nodes": 1718, "minpoly": "x^2 + 20610*x + 2", "spine": 62, "undirected": false, "ell": {"2": {"diameter": 15, "conjugate_isogenous_pairs": 45, "eigenvalues": [2.8205907545481246, -2.8244910548265136]}, "3": {"diameter": 9, "conjugate_isogenous_pairs": 26, "eigenvalues": [3.4311328455445067, -3.4579050810085774]}, "5": {"diameter": 7, "conjugate_isogenous_pairs": 170, "eigenvalues": [4.465705759646231, -4.423660865130608]}, "7": {"diameter": 6, "conjugate_isogenous_pairs": 41, "eigenvalues": [5.229921128042056, -5.2411534485063305]}, "11": {"diameter": 5, "conjugate_isogenous_pairs": 190, "eigenvalues": [6.608714745037556, -6.565911894810584]}}}