{"prime": 29399, "nodes": 2451, "minpoly": "x^2 + 29396*x + 13", "spine": 243, "undirected": false, "ell": {"2": {"diameter": 16, "conjugate_isogenous_pairs": 25, "eigenvalues": [2.8244325915190727, -2.826207308408331]}, "3": {"diameter": 10, "conjugate_isogenous_pairs": 31, "eigenvalues": [3.4527301975425475, -3.4604082083266166]}, "5": {"diameter": 7, "conjugate_isogenous_pairs": 60, "eigenvalues": [4.428553459994163, -4.446589382504152]}, "7": {"diameter": 6, "conjugate_isogenous_pairs": 92, "eigenvalues": [5.280072079801669, -5.262079591948845]}, "11": {"diameter": 5, "conjugate_isogenous_pairs": 84, "eigenvalues": [6.614407617835213, -6.629805265534249]}}}