{"prime": 23879, "nodes": 1991, "minpoly": "x^2 + 23878*x + 7", "spine": 135, "undirected": false, "ell": {"2": {"diameter": 15, "conjugate_isogenous_pairs": 18, "eigenvalues": [2.819549006584406, -2.8231807027364186]}, "3": {"diameter": 10, "conjugate_isogenous_pairs": 38, "eigenvalues": [3.4438448392210077, -3.4335118698567197]}, "5": {"diameter": 7, "conjugate_isogenous_pairs": 59, "eigenvalues": [4.400110489281938, -4.431518563070086]}, "7": {"diameter": 6, "conjugate_isogenous_pairs": 100, "eigenvalues": [5.2824366855373395, -5.2134242109298015]}, "11": {"diameter": 5, "conjugate_isogenous_pairs": 75, "eigenvalues": [6.557136997805896, -6.595154052482301]}}}