{"prime": 10601, "nodes": 884, "minpoly": "x^2 + 10596*x + 3", "spine": 84, "undirected": false, "ell": {"2": {"diameter": 13, "conjugate_isogenous_pairs": 16, "eigenvalues": [2.808366607527669, -2.828022433703204]}, "3": {"diameter": 9, "conjugate_isogenous_pairs": 28, "eigenvalues": [3.4610399807447574, -3.443962135592322]}, "5": {"diameter": 7, "conjugate_isogenous_pairs": 34, "eigenvalues": [4.4383114116878, -4.452361877218441]}, "7": {"diameter": 6, "conjugate_isogenous_pairs": 111, "eigenvalues": [5.289958419164681, -5.2737254336876145]}, "11": {"diameter": 5, "conjugate_isogenous_pairs": 63, "eigenvalues": [6.553767549167866, -6.5901486676659085]}}}