{"prime": 16301, "nodes": 1359, "minpoly": "x^2 + 16300*x + 2", "spine": 117, "undirected": false, "ell": {"2": {"diameter": 14, "conjugate_isogenous_pairs": 20, "eigenvalues": [2.8143204062986538, -2.82635133552949]}, "3": {"diameter": 10, "conjugate_isogenous_pairs": 61, "eigenvalues": [3.458155539544556, -3.4595489674228124]}, "5": {"diameter": 7, "conjugate_isogenous_pairs": 26, "eigenvalues": [4.441892327750839, -4.4678110958763275]}, "7": {"diameter": 6, "conjugate_isogenous_pairs": 71, "eigenvalues": [5.239289759995659, -5.170643431957487]}, "11": {"diameter": 5, "conjugate_isogenous_pairs": 112, "eigenvalues": [6.537944061381403, -6.6199690840583605]}}}