{"prime": 25951, "nodes": 2163, "minpoly": "x^2 + 25950*x + 3", "spine": 105, "undirected": false, "ell": {"2": {"diameter": 15, "conjugate_isogenous_pairs": 35, "eigenvalues": [2.8190304862733506, -2.824579914862943]}, "3": {"diameter": 10, "conjugate_isogenous_pairs": 49, "eigenvalues": [3.4544502627477662, -3.446109179865544]}, "5": {"diameter": 7, "conjugate_isogenous_pairs": 124, "eigenvalues": [4.465802655342805, -4.43259183349778]}, "7": {"diameter": 6, "conjugate_isogenous_pairs": 28, "eigenvalues": [5.253666070359519, -5.26116246930887]}, "11": {"diameter": 5, "conjugate_isogenous_pairs": 96, "eigenvalues": [6.632451351117957, -6.6082337397021504]}}}