{"prime": 6311, "nodes": 527, "minpoly": "x^2 + 6310*x + 7", "spine": 89, "undirected": false, "ell": {"2": {"diameter": 13, "conjugate_isogenous_pairs": 8, "eigenvalues": [2.8274995204278692, -2.8135033412575297]}, "3": {"diameter": 9, "conjugate_isogenous_pairs": 15, "eigenvalues": [3.44720165002426, -3.437376703462076]}, "5": {"diameter": 6, "conjugate_isogenous_pairs": 30, "eigenvalues": [4.4206005615649735, -4.4095794973076625]}, "7": {"diameter": 5, "conjugate_isogenous_pairs": 33, "eigenvalues": [5.230399780419548, -5.267070164551758]}, "11": {"diameter": 5, "conjugate_isogenous_pairs": 38, "eigenvalues": [6.54169117573881, -6.611834878221889]}}}