{"prime": 5449, "nodes": 454, "minpoly": "x^2 + 5446*x + 7", "spine": 28, "undirected": true, "ell": {"2": {"diameter": 12, "conjugate_isogenous_pairs": 32, "eigenvalues": [2.827581081136905, -2.8084944258969533]}, "3": {"diameter": 8, "conjugate_isogenous_pairs": 16, "eigenvalues": [3.4387480234292944, -3.455224515581724]}, "5": {"diameter": 6, "conjugate_isogenous_pairs": 35, "eigenvalues": [4.469871785858273, -4.4383367132118146]}, "7": {"diameter": 5, "conjugate_isogenous_pairs": 44, "eigenvalues": [5.126214559884384, -5.265314637188582]}, "11": {"diameter": 4, "conjugate_isogenous_pairs": 95, "eigenvalues": [6.434798493756938, -6.265550094849884]}}}