{"prime": 28597, "nodes": 2383, "minpoly": "x^2 + 28593*x + 2", "spine": 37, "undirected": true, "ell": {"2": {"diameter": 14, "conjugate_isogenous_pairs": 47, "eigenvalues": [2.8258643602911917, -2.8267594116893897]}, "3": {"diameter": 10, "conjugate_isogenous_pairs": 155, "eigenvalues": [3.4430320578345177, -3.4608663126587635]}, "5": {"diameter": 7, "conjugate_isogenous_pairs": 121, "eigenvalues": [4.432413577623578, -4.461361614083942]}, "7": {"diameter": 6, "conjugate_isogenous_pairs": 73, "eigenvalues": [5.28000959902729, -5.268003748413116]}, "11": {"diameter": 5, "conjugate_isogenous_pairs": 214, "eigenvalues": [6.592329707958137, -6.591468142554608]}}}