{"prime": 29383, "nodes": 2449, "minpoly": "x^2 + 29380*x + 6", "spine": 55, "undirected": false, "ell": {"2": {"diameter": 15, "conjugate_isogenous_pairs": 55, "eigenvalues": [2.818692226522469, -2.82243627186756]}, "3": {"diameter": 10, "conjugate_isogenous_pairs": 82, "eigenvalues": [3.436331632911734, -3.4540839029015324]}, "5": {"diameter": 7, "conjugate_isogenous_pairs": 162, "eigenvalues": [4.446220858241273, -4.457381081837054]}, "7": {"diameter": 6, "conjugate_isogenous_pairs": 61, "eigenvalues": [5.28373640833213, -5.276352714728796]}, "11": {"diameter": 5, "conjugate_isogenous_pairs": 90, "eigenvalues": [6.622212710687316, -6.53735782747453]}}}