{"prime": 10099, "nodes": 842, "minpoly": "x^2 + 10095*x + 2", "spine": 50, "undirected": false, "ell": {"2": {"diameter": 14, "conjugate_isogenous_pairs": 38, "eigenvalues": [2.8274011008429034, -2.8125182486442104]}, "3": {"diameter": 9, "conjugate_isogenous_pairs": 15, "eigenvalues": [3.450096493488374, -3.4459527108460946]}, "5": {"diameter": 7, "conjugate_isogenous_pairs": 95, "eigenvalues": [4.41028427360296, -4.463452890786432]}, "7": {"diameter": 5, "conjugate_isogenous_pairs": 33, "eigenvalues": [5.252780446613469, -5.208650713692479]}, "11": {"diameter": 4, "conjugate_isogenous_pairs": 106, "eigenvalues": [6.572725266891305, -6.562399448823933]}}}