{"prime": 24671, "nodes": 2057, "minpoly": "x^2 + 24670*x + 11", "spine": 219, "undirected": false, "ell": {"2": {"diameter": 15, "conjugate_isogenous_pairs": 34, "eigenvalues": [2.8232117100427163, -2.821950594613934]}, "3": {"diameter": 10, "conjugate_isogenous_pairs": 32, "eigenvalues": [3.4329069605653655, -3.4520714256869534]}, "5": {"diameter": 7, "conjugate_isogenous_pairs": 33, "eigenvalues": [4.41851282871226, -4.43907630518046]}, "7": {"diameter": 6, "conjugate_isogenous_pairs": 60, "eigenvalues": [5.278640789875084, -5.244928458515206]}, "11": {"diameter": 5, "conjugate_isogenous_pairs": 65, "eigenvalues": [6.592034858348382, -6.559349481705435]}}}