{"prime": 2399, "nodes": 201, "minpoly": "x^2 + 2398*x + 11", "spine": 59, "undirected": false, "ell": {"2": {"diameter": 11, "conjugate_isogenous_pairs": 10, "eigenvalues": [2.7839415353628167, -2.7927156247539244]}, "3": {"diameter": 8, "conjugate_isogenous_pairs": 6, "eigenvalues": [3.458339051792379, -3.3814229622345304]}, "5": {"diameter": 6, "conjugate_isogenous_pairs": 13, "eigenvalues": [4.459568653458891, -4.397438163275594]}, "7": {"diameter": 5, "conjugate_isogenous_pairs": 16, "eigenvalues": [5.147243597287967, -5.213649591432127]}, "11": {"diameter": 4, "conjugate_isogenous_pairs": 17, "eigenvalues": [6.373302562089029, -6.352222310972543]}}}