{"prime": 22961, "nodes": 1914, "minpoly": "x^2 + 22960*x + 6", "spine": 86, "undirected": false, "ell": {"2": {"diameter": 15, "conjugate_isogenous_pairs": 19, "eigenvalues": [2.8246481298567634, -2.827652620420397]}, "3": {"diameter": 10, "conjugate_isogenous_pairs": 61, "eigenvalues": [3.4537649774497274, -3.4374841251878046]}, "5": {"diameter": 7, "conjugate_isogenous_pairs": 42, "eigenvalues": [4.427565106090466, -4.450668938603596]}, "7": {"diameter": 6, "conjugate_isogenous_pairs": 157, "eigenvalues": [5.273918117722085, -5.2477472179762605]}, "11": {"diameter": 5, "conjugate_isogenous_pairs": 69, "eigenvalues": [6.612532932846176, -6.602938712038627]}}}