{"prime": 2179, "nodes": 182, "minpoly": "x^2 + 2177*x + 7", "spine": 14, "undirected": false, "ell": {"2": {"diameter": 10, "conjugate_isogenous_pairs": 10, "eigenvalues": [2.742921149265949, -2.760026648210518]}, "3": {"diameter": 7, "conjugate_isogenous_pairs": 11, "eigenvalues": [3.341445642664218, -3.4032683943948694]}, "5": {"diameter": 5, "conjugate_isogenous_pairs": 47, "eigenvalues": [4.363968962243174, -4.381092506317055]}, "7": {"diameter": 5, "conjugate_isogenous_pairs": 16, "eigenvalues": [5.068636927546765, -5.265499266872136]}, "11": {"diameter": 4, "conjugate_isogenous_pairs": 41, "eigenvalues": [6.559198489333964, -6.402920505968377]}}}