{"prime": 21143, "nodes": 1763, "minpoly": "x^2 + 21139*x + 10", "spine": 111, "undirected": false, "ell": {"2": {"diameter": 15, "conjugate_isogenous_pairs": 33, "eigenvalues": [2.8249063350774826, -2.817535782444323]}, "3": {"diameter": 10, "conjugate_isogenous_pairs": 40, "eigenvalues": [3.449867287446955, -3.4606975033619323]}, "5": {"diameter": 7, "conjugate_isogenous_pairs": 39, "eigenvalues": [4.462901117456615, -4.410893058227102]}, "7": {"diameter": 6, "conjugate_isogenous_pairs": 141, "eigenvalues": [5.229966316363356, -5.240761436805768]}, "11": {"diameter": 5, "conjugate_isogenous_pairs": 74, "eigenvalues": [6.580217270438043, -6.578272669814632]}}}