{"prime": 16223, "nodes": 1353, "minpoly": "x^2 + 16221*x + 5", "spine": 67, "undirected": false, "ell": {"2": {"diameter": 14, "conjugate_isogenous_pairs": 23, "eigenvalues": [2.8271520407144584, -2.8247134349567973]}, "3": {"diameter": 10, "conjugate_isogenous_pairs": 57, "eigenvalues": [3.457235820515498, -3.436683553521706]}, "5": {"diameter": 7, "conjugate_isogenous_pairs": 48, "eigenvalues": [4.455765087263193, -4.471869371623942]}, "7": {"diameter": 6, "conjugate_isogenous_pairs": 78, "eigenvalues": [5.234751252098411, -5.237201586800641]}, "11": {"diameter": 5, "conjugate_isogenous_pairs": 41, "eigenvalues": [6.579184996333207, -6.57746691760965]}}}