{"prime": 29959, "nodes": 2497, "minpoly": "x^2 + 29957*x + 6", "spine": 117, "undirected": false, "ell": {"2": {"diameter": 15, "conjugate_isogenous_pairs": 55, "eigenvalues": [2.827132808565512, -2.817009185483363]}, "3": {"diameter": 10, "conjugate_isogenous_pairs": 33, "eigenvalues": [3.4441219527178943, -3.4553854644493374]}, "5": {"diameter": 7, "conjugate_isogenous_pairs": 136, "eigenvalues": [4.449066117659315, -4.459962031840352]}, "7": {"diameter": 6, "conjugate_isogenous_pairs": 60, "eigenvalues": [5.290789553074952, -5.262911311664464]}, "11": {"diameter": 5, "conjugate_isogenous_pairs": 241, "eigenvalues": [6.613759034095649, -6.607503885793174]}}}