{"prime": 13487, "nodes": 1125, "minpoly": "x^2 + 13485*x + 5", "spine": 81, "undirected": false, "ell": {"2": {"diameter": 14, "conjugate_isogenous_pairs": 34, "eigenvalues": [2.819530174997075, -2.8218163475100613]}, "3": {"diameter": 9, "conjugate_isogenous_pairs": 30, "eigenvalues": [3.454006081680737, -3.4492368789178594]}, "5": {"diameter": 7, "conjugate_isogenous_pairs": 32, "eigenvalues": [4.4579298712958115, -4.471382474353155]}, "7": {"diameter": 6, "conjugate_isogenous_pairs": 89, "eigenvalues": [5.196405443071234, -5.270967353374256]}, "11": {"diameter": 5, "conjugate_isogenous_pairs": 46, "eigenvalues": [6.593500623758454, -6.5011362409947715]}}}