{"prime": 8297, "nodes": 692, "minpoly": "x^2 + 8286*x + 3", "spine": 36, "undirected": false, "ell": {"2": {"diameter": 12, "conjugate_isogenous_pairs": 17, "eigenvalues": [2.8131975817665418, -2.814237925943023]}, "3": {"diameter": 9, "conjugate_isogenous_pairs": 51, "eigenvalues": [3.4274245404075754, -3.4236932271106344]}, "5": {"diameter": 7, "conjugate_isogenous_pairs": 20, "eigenvalues": [4.367563975500314, -4.454268691967861]}, "7": {"diameter": 6, "conjugate_isogenous_pairs": 123, "eigenvalues": [5.10086361693241, -5.251981776716189]}, "11": {"diameter": 5, "conjugate_isogenous_pairs": 31, "eigenvalues": [6.5802852447015665, -6.567540664281683]}}}