{"prime": 9463, "nodes": 789, "minpoly": "x^2 + 9461*x + 3", "spine": 45, "undirected": false, "ell": {"2": {"diameter": 13, "conjugate_isogenous_pairs": 44, "eigenvalues": [2.82647894959703, -2.8155587276263283]}, "3": {"diameter": 8, "conjugate_isogenous_pairs": 32, "eigenvalues": [3.4269974690618734, -3.4482615146259095]}, "5": {"diameter": 6, "conjugate_isogenous_pairs": 42, "eigenvalues": [4.439984097184065, -4.441733996846886]}, "7": {"diameter": 5, "conjugate_isogenous_pairs": 40, "eigenvalues": [5.272788399229253, -5.23150923742517]}, "11": {"diameter": 4, "conjugate_isogenous_pairs": 59, "eigenvalues": [6.583891474226754, -6.555114250942344]}}}