{"prime": 26107, "nodes": 2176, "minpoly": "x^2 + 26103*x + 2", "spine": 34, "undirected": false, "ell": {"2": {"diameter": 15, "conjugate_isogenous_pairs": 59, "eigenvalues": [2.822543540415778, -2.825355213779122]}, "3": {"diameter": 10, "conjugate_isogenous_pairs": 68, "eigenvalues": [3.4589225378023043, -3.421255546211296]}, "5": {"diameter": 7, "conjugate_isogenous_pairs": 179, "eigenvalues": [4.457471986206249, -4.461005112745689]}, "7": {"diameter": 6, "conjugate_isogenous_pairs": 59, "eigenvalues": [5.249731386938276, -5.262767578477126]}, "11": {"diameter": 5, "conjugate_isogenous_pairs": 82, "eigenvalues": [6.6177974396327555, -6.5035882596660555]}}}