{"prime": 16273, "nodes": 1356, "minpoly": "x^2 + 16266*x + 7", "spine": 34, "undirected": true, "ell": {"2": {"diameter": 14, "conjugate_isogenous_pairs": 71, "eigenvalues": [2.825179385246665, -2.814711248595521]}, "3": {"diameter": 9, "conjugate_isogenous_pairs": 47, "eigenvalues": [3.4502233604267323, -3.45961024027824]}, "5": {"diameter": 6, "conjugate_isogenous_pairs": 51, "eigenvalues": [4.4428737075105955, -4.4325508604497745]}, "7": {"diameter": 5, "conjugate_isogenous_pairs": 99, "eigenvalues": [5.26597087890412, -5.289375776519443]}, "11": {"diameter": 5, "conjugate_isogenous_pairs": 99, "eigenvalues": [6.607890091461643, -6.5484388737271315]}}}