{"prime": 4549, "nodes": 379, "minpoly": "x^2 + 4545*x + 6", "spine": 29, "undirected": true, "ell": {"2": {"diameter": 12, "conjugate_isogenous_pairs": 13, "eigenvalues": [2.798811988488912, -2.8046131459072963]}, "3": {"diameter": 8, "conjugate_isogenous_pairs": 25, "eigenvalues": [3.4386400259183043, -3.422109915829952]}, "5": {"diameter": 6, "conjugate_isogenous_pairs": 37, "eigenvalues": [4.289082664899387, -4.392297665244889]}, "7": {"diameter": 5, "conjugate_isogenous_pairs": 24, "eigenvalues": [5.2545051843059305, -5.162872210826565]}, "11": {"diameter": 4, "conjugate_isogenous_pairs": 114, "eigenvalues": [6.6146517958810644, -6.459235013161504]}}}