{"prime": 5479, "nodes": 457, "minpoly": "x^2 + 5477*x + 3", "spine": 43, "undirected": false, "ell": {"2": {"diameter": 12, "conjugate_isogenous_pairs": 29, "eigenvalues": [2.8080300722467877, -2.7956485508307476]}, "3": {"diameter": 8, "conjugate_isogenous_pairs": 14, "eigenvalues": [3.3975042013602605, -3.3991689559429656]}, "5": {"diameter": 6, "conjugate_isogenous_pairs": 35, "eigenvalues": [4.3767313160811705, -4.4238432953972655]}, "7": {"diameter": 5, "conjugate_isogenous_pairs": 18, "eigenvalues": [5.162110344316185, -5.037338655076482]}, "11": {"diameter": 4, "conjugate_isogenous_pairs": 80, "eigenvalues": [6.580199044977955, -6.576161108388165]}}}