{"prime": 7297, "nodes": 608, "minpoly": "x^2 + 7292*x + 5", "spine": 22, "undirected": true, "ell": {"2": {"diameter": 13, "conjugate_isogenous_pairs": 47, "eigenvalues": [2.8171152399923516, -2.815477627769798]}, "3": {"diameter": 8, "conjugate_isogenous_pairs": 27, "eigenvalues": [3.45224919956167, -3.457173693404652]}, "5": {"diameter": 6, "conjugate_isogenous_pairs": 31, "eigenvalues": [4.420545872796271, -4.467023392635027]}, "7": {"diameter": 5, "conjugate_isogenous_pairs": 53, "eigenvalues": [5.221833558316426, -5.286447901290788]}, "11": {"diameter": 4, "conjugate_isogenous_pairs": 68, "eigenvalues": [6.612855010051416, -6.553348392124277]}}}