{"prime": 16763, "nodes": 1398, "minpoly": "x^2 + 16759*x + 2", "spine": 94, "undirected": false, "ell": {"2": {"diameter": 15, "conjugate_isogenous_pairs": 38, "eigenvalues": [2.8229844834710556, -2.8120200462292946]}, "3": {"diameter": 10, "conjugate_isogenous_pairs": 41, "eigenvalues": [3.454818899722894, -3.4533845258859697]}, "5": {"diameter": 7, "conjugate_isogenous_pairs": 57, "eigenvalues": [4.446658506790888, -4.423054896221391]}, "7": {"diameter": 6, "conjugate_isogenous_pairs": 81, "eigenvalues": [5.249265248719685, -5.2711336742193495]}, "11": {"diameter": 5, "conjugate_isogenous_pairs": 42, "eigenvalues": [6.603344990423522, -6.608048039244521]}}}