{"prime": 21467, "nodes": 1790, "minpoly": "x^2 + 21466*x + 2", "spine": 114, "undirected": false, "ell": {"2": {"diameter": 14, "conjugate_isogenous_pairs": 29, "eigenvalues": [2.821749381885056, -2.812667137717053]}, "3": {"diameter": 10, "conjugate_isogenous_pairs": 49, "eigenvalues": [3.451494317514172, -3.4610552163049264]}, "5": {"diameter": 7, "conjugate_isogenous_pairs": 65, "eigenvalues": [4.4571172927747345, -4.41097822190764]}, "7": {"diameter": 6, "conjugate_isogenous_pairs": 102, "eigenvalues": [5.232713355158752, -5.257185627555039]}, "11": {"diameter": 5, "conjugate_isogenous_pairs": 41, "eigenvalues": [6.555676729191379, -6.601358842236654]}}}