{"prime": 24203, "nodes": 2018, "minpoly": "x^2 + 24199*x + 2", "spine": 70, "undirected": false, "ell": {"2": {"diameter": 15, "conjugate_isogenous_pairs": 31, "eigenvalues": [2.825854713037291, -2.8268288745928056]}, "3": {"diameter": 10, "conjugate_isogenous_pairs": 77, "eigenvalues": [3.445914060969512, -3.451542073909657]}, "5": {"diameter": 7, "conjugate_isogenous_pairs": 82, "eigenvalues": [4.437366547132354, -4.464779780591268]}, "7": {"diameter": 6, "conjugate_isogenous_pairs": 110, "eigenvalues": [5.275098438296767, -5.28716099644097]}, "11": {"diameter": 5, "conjugate_isogenous_pairs": 38, "eigenvalues": [6.590087934270582, -6.5232208842439805]}}}