{"prime": 19507, "nodes": 1626, "minpoly": "x^2 + 19506*x + 2", "spine": 38, "undirected": false, "ell": {"2": {"diameter": 15, "conjugate_isogenous_pairs": 78, "eigenvalues": [2.8235147397712117, -2.8144717171888023]}, "3": {"diameter": 9, "conjugate_isogenous_pairs": 35, "eigenvalues": [3.4300716888561578, -3.4591720092744547]}, "5": {"diameter": 7, "conjugate_isogenous_pairs": 135, "eigenvalues": [4.468501195164876, -4.453222196115787]}, "7": {"diameter": 6, "conjugate_isogenous_pairs": 53, "eigenvalues": [5.271214753436293, -5.28097245417692]}, "11": {"diameter": 5, "conjugate_isogenous_pairs": 109, "eigenvalues": [6.576965460844944, -6.617062803069733]}}}