{"prime": 18521, "nodes": 1544, "minpoly": "x^2 + 18515*x + 3", "spine": 114, "undirected": false, "ell": {"2": {"diameter": 15, "conjugate_isogenous_pairs": 19, "eigenvalues": [2.820082463416174, -2.8167189663706726]}, "3": {"diameter": 10, "conjugate_isogenous_pairs": 40, "eigenvalues": [3.4422648629570105, -3.446641411352015]}, "5": {"diameter": 7, "conjugate_isogenous_pairs": 32, "eigenvalues": [4.4511709672625015, -4.446992408109289]}, "7": {"diameter": 6, "conjugate_isogenous_pairs": 120, "eigenvalues": [5.2528304158009025, -5.263070409346566]}, "11": {"diameter": 5, "conjugate_isogenous_pairs": 109, "eigenvalues": [6.585543735235894, -6.62712757728891]}}}