{"prime": 4229, "nodes": 353, "minpoly": "x^2 + 4225*x + 2", "spine": 39, "undirected": false, "ell": {"2": {"diameter": 12, "conjugate_isogenous_pairs": 7, "eigenvalues": [2.798347121585988, -2.8118467055692813]}, "3": {"diameter": 8, "conjugate_isogenous_pairs": 34, "eigenvalues": [3.419502393859385, -3.432095506952205]}, "5": {"diameter": 6, "conjugate_isogenous_pairs": 14, "eigenvalues": [4.415854657422655, -4.389264604601325]}, "7": {"diameter": 5, "conjugate_isogenous_pairs": 46, "eigenvalues": [5.15584366396941, -5.050828477356153]}, "11": {"diameter": 4, "conjugate_isogenous_pairs": 32, "eigenvalues": [6.614046934520698, -6.615996784217119]}}}