{"prime": 6961, "nodes": 580, "minpoly": "x^2 + 6950*x + 13", "spine": 26, "undirected": true, "ell": {"2": {"diameter": 12, "conjugate_isogenous_pairs": 38, "eigenvalues": [2.803237358449147, -2.8249540618538984]}, "3": {"diameter": 8, "conjugate_isogenous_pairs": 20, "eigenvalues": [3.4533433183300457, -3.4558114385957768]}, "5": {"diameter": 6, "conjugate_isogenous_pairs": 40, "eigenvalues": [4.425500851380431, -4.363398832530584]}, "7": {"diameter": 5, "conjugate_isogenous_pairs": 51, "eigenvalues": [5.196885414267145, -5.191892999958629]}, "11": {"diameter": 4, "conjugate_isogenous_pairs": 86, "eigenvalues": [6.550508827311356, -6.459037035837462]}}}