{"prime": 26189, "nodes": 2183, "minpoly": "x^2 + 26179*x + 2", "spine": 85, "undirected": false, "ell": {"2": {"diameter": 16, "conjugate_isogenous_pairs": 27, "eigenvalues": [2.815138362032175, -2.814868816277446]}, "3": {"diameter": 10, "conjugate_isogenous_pairs": 86, "eigenvalues": [3.434164598803095, -3.4488554058599683]}, "5": {"diameter": 7, "conjugate_isogenous_pairs": 41, "eigenvalues": [4.469337616902579, -4.455566441057328]}, "7": {"diameter": 6, "conjugate_isogenous_pairs": 97, "eigenvalues": [5.286994305724162, -5.280289247892522]}, "11": {"diameter": 5, "conjugate_isogenous_pairs": 121, "eigenvalues": [6.587264958017898, -6.554546214240453]}}}