{"prime": 11393, "nodes": 950, "minpoly": "x^2 + 11392*x + 3", "spine": 42, "undirected": false, "ell": {"2": {"diameter": 13, "conjugate_isogenous_pairs": 15, "eigenvalues": [2.8170619862486728, -2.815534110341055]}, "3": {"diameter": 9, "conjugate_isogenous_pairs": 58, "eigenvalues": [3.453009090137487, -3.4551436529947295]}, "5": {"diameter": 7, "conjugate_isogenous_pairs": 46, "eigenvalues": [4.43143524568641, -4.383282012631305]}, "7": {"diameter": 6, "conjugate_isogenous_pairs": 169, "eigenvalues": [5.2833763063116415, -5.184917768361617]}, "11": {"diameter": 5, "conjugate_isogenous_pairs": 46, "eigenvalues": [6.6089571272047385, -6.556082436921221]}}}