{"prime": 11731, "nodes": 978, "minpoly": "x^2 + 11726*x + 3", "spine": 42, "undirected": false, "ell": {"2": {"diameter": 13, "conjugate_isogenous_pairs": 46, "eigenvalues": [2.8202203427448973, -2.825443009542841]}, "3": {"diameter": 9, "conjugate_isogenous_pairs": 17, "eigenvalues": [3.399307188036579, -3.445578066137723]}, "5": {"diameter": 6, "conjugate_isogenous_pairs": 109, "eigenvalues": [4.456174548445289, -4.460702931788096]}, "7": {"diameter": 5, "conjugate_isogenous_pairs": 29, "eigenvalues": [5.268074992597297, -5.283193535740042]}, "11": {"diameter": 5, "conjugate_isogenous_pairs": 128, "eigenvalues": [6.480885169653271, -6.5949927854003]}}}