{"prime": 14369, "nodes": 1198, "minpoly": "x^2 + 14363*x + 3", "spine": 84, "undirected": false, "ell": {"2": {"diameter": 15, "conjugate_isogenous_pairs": 21, "eigenvalues": [2.821200403589506, -2.8175863540536223]}, "3": {"diameter": 10, "conjugate_isogenous_pairs": 33, "eigenvalues": [3.4531714476532933, -3.429543098397652]}, "5": {"diameter": 6, "conjugate_isogenous_pairs": 20, "eigenvalues": [4.467706325015379, -4.410961530358575]}, "7": {"diameter": 6, "conjugate_isogenous_pairs": 82, "eigenvalues": [5.266981240473186, -5.261040713371773]}, "11": {"diameter": 5, "conjugate_isogenous_pairs": 82, "eigenvalues": [6.582097322866813, -6.535243949311784]}}}