{"prime": 8863, "nodes": 739, "minpoly": "x^2 + 8862*x + 3", "spine": 29, "undirected": false, "ell": {"2": {"diameter": 12, "conjugate_isogenous_pairs": 26, "eigenvalues": [2.821447386331543, -2.8199014345555184]}, "3": {"diameter": 9, "conjugate_isogenous_pairs": 48, "eigenvalues": [3.4270350974882016, -3.4313906217033505]}, "5": {"diameter": 7, "conjugate_isogenous_pairs": 78, "eigenvalues": [4.428261118367502, -4.395366559465703]}, "7": {"diameter": 5, "conjugate_isogenous_pairs": 29, "eigenvalues": [5.141595890143502, -5.1484405617974955]}, "11": {"diameter": 4, "conjugate_isogenous_pairs": 49, "eigenvalues": [6.557551461800745, -6.582862601030844]}}}