{"prime": 28163, "nodes": 2348, "minpoly": "x^2 + 28159*x + 2", "spine": 66, "undirected": false, "ell": {"2": {"diameter": 15, "conjugate_isogenous_pairs": 45, "eigenvalues": [2.8238439688633314, -2.823254842035302]}, "3": {"diameter": 10, "conjugate_isogenous_pairs": 57, "eigenvalues": [3.4524657375181755, -3.4429162211800834]}, "5": {"diameter": 7, "conjugate_isogenous_pairs": 115, "eigenvalues": [4.453807819957736, -4.426148646665465]}, "7": {"diameter": 6, "conjugate_isogenous_pairs": 142, "eigenvalues": [5.280774019849844, -5.280063230751942]}, "11": {"diameter": 5, "conjugate_isogenous_pairs": 45, "eigenvalues": [6.613441609453806, -6.549221313011574]}}}