{"prime": 3391, "nodes": 283, "minpoly": "x^2 + 3389*x + 3", "spine": 37, "undirected": false, "ell": {"2": {"diameter": 11, "conjugate_isogenous_pairs": 24, "eigenvalues": [2.8220027845146687, -2.8189982457464695]}, "3": {"diameter": 8, "conjugate_isogenous_pairs": 8, "eigenvalues": [3.416835601963565, -3.401888634723527]}, "5": {"diameter": 5, "conjugate_isogenous_pairs": 24, "eigenvalues": [4.458747488476483, -4.38493485454577]}, "7": {"diameter": 5, "conjugate_isogenous_pairs": 15, "eigenvalues": [5.155752514212756, -5.19777506529598]}, "11": {"diameter": 4, "conjugate_isogenous_pairs": 53, "eigenvalues": [6.430669660191809, -6.536264780921521]}}}