{"prime": 3617, "nodes": 302, "minpoly": "x^2 + 3605*x + 3", "spine": 30, "undirected": false, "ell": {"2": {"diameter": 12, "conjugate_isogenous_pairs": 16, "eigenvalues": [2.8279724595117925, -2.8121511962769428]}, "3": {"diameter": 8, "conjugate_isogenous_pairs": 20, "eigenvalues": [3.4316834885574337, -3.430993873329884]}, "5": {"diameter": 6, "conjugate_isogenous_pairs": 11, "eigenvalues": [4.364315170081885, -4.337771713894206]}, "7": {"diameter": 5, "conjugate_isogenous_pairs": 74, "eigenvalues": [5.223440902118708, -5.141460984661113]}, "11": {"diameter": 4, "conjugate_isogenous_pairs": 19, "eigenvalues": [6.565209324268533, -6.557095778058962]}}}