{"prime": 10993, "nodes": 916, "minpoly": "x^2 + 10986*x + 7", "spine": 20, "undirected": true, "ell": {"2": {"diameter": 13, "conjugate_isogenous_pairs": 60, "eigenvalues": [2.818106176685006, -2.8212978758447425]}, "3": {"diameter": 9, "conjugate_isogenous_pairs": 43, "eigenvalues": [3.448910253304032, -3.442557467136418]}, "5": {"diameter": 6, "conjugate_isogenous_pairs": 46, "eigenvalues": [4.446536427175653, -4.4024796923827205]}, "7": {"diameter": 5, "conjugate_isogenous_pairs": 78, "eigenvalues": [5.169372333484297, -5.254274407444035]}, "11": {"diameter": 4, "conjugate_isogenous_pairs": 107, "eigenvalues": [6.587514653067077, -6.574516238523471]}}}