{"prime": 16073, "nodes": 1340, "minpoly": "x^2 + 16072*x + 3", "spine": 56, "undirected": false, "ell": {"2": {"diameter": 14, "conjugate_isogenous_pairs": 27, "eigenvalues": [2.820522909418846, -2.8163077301759087]}, "3": {"diameter": 10, "conjugate_isogenous_pairs": 50, "eigenvalues": [3.4571288908494267, -3.454571464904667]}, "5": {"diameter": 7, "conjugate_isogenous_pairs": 46, "eigenvalues": [4.4120970740935315, -4.437463491927087]}, "7": {"diameter": 6, "conjugate_isogenous_pairs": 180, "eigenvalues": [5.279938561139825, -5.257097117537774]}, "11": {"diameter": 5, "conjugate_isogenous_pairs": 42, "eigenvalues": [6.567153598922839, -6.572132902863619]}}}