{"prime": 14519, "nodes": 1211, "minpoly": "x^2 + 14516*x + 13", "spine": 139, "undirected": false, "ell": {"2": {"diameter": 14, "conjugate_isogenous_pairs": 16, "eigenvalues": [2.8064416133915597, -2.8226155429675135]}, "3": {"diameter": 10, "conjugate_isogenous_pairs": 27, "eigenvalues": [3.4476702883720973, -3.4511423943209945]}, "5": {"diameter": 7, "conjugate_isogenous_pairs": 58, "eigenvalues": [4.408801059096987, -4.428534962965483]}, "7": {"diameter": 6, "conjugate_isogenous_pairs": 47, "eigenvalues": [5.251797863065887, -5.249343362464145]}, "11": {"diameter": 5, "conjugate_isogenous_pairs": 41, "eigenvalues": [6.537541306710719, -6.59980369765453]}}}