{"prime": 22787, "nodes": 1900, "minpoly": "x^2 + 22783*x + 2", "spine": 70, "undirected": false, "ell": {"2": {"diameter": 14, "conjugate_isogenous_pairs": 28, "eigenvalues": [2.8269507978815205, -2.8194904616002625]}, "3": {"diameter": 10, "conjugate_isogenous_pairs": 72, "eigenvalues": [3.45329333644946, -3.4630999601108137]}, "5": {"diameter": 7, "conjugate_isogenous_pairs": 114, "eigenvalues": [4.461733286272863, -4.458236435161281]}, "7": {"diameter": 6, "conjugate_isogenous_pairs": 101, "eigenvalues": [5.2390600691033775, -5.271986797047756]}, "11": {"diameter": 5, "conjugate_isogenous_pairs": 39, "eigenvalues": [6.55682743462788, -6.612497586444059]}}}