{"prime": 349, "nodes": 29, "minpoly": "x^2 + 348*x + 2", "spine": 7, "undirected": true, "ell": {"2": {"diameter": 8, "conjugate_isogenous_pairs": 5, "eigenvalues": [2.7974268759826963, -2.6007022424229738]}, "3": {"diameter": 5, "conjugate_isogenous_pairs": 5, "eigenvalues": [3.12218179349108, -3.2998936114911115]}, "5": {"diameter": 3, "conjugate_isogenous_pairs": 7, "eigenvalues": [3.8752529421059316, -4.071641783277117]}, "7": {"diameter": 3, "conjugate_isogenous_pairs": 4, "eigenvalues": [4.811183583452487, -4.729208523400701]}, "11": {"diameter": 3, "conjugate_isogenous_pairs": 11, "eigenvalues": [6.311774644829526, -5.6527289149955235]}}}