{"prime": 1109, "nodes": 93, "minpoly": "x^2 + 1108*x + 2", "spine": 25, "undirected": false, "ell": {"2": {"diameter": 11, "conjugate_isogenous_pairs": 5, "eigenvalues": [2.8096891691562123, -2.750390551712043]}, "3": {"diameter": 6, "conjugate_isogenous_pairs": 10, "eigenvalues": [3.362766284646853, -3.31018928465681]}, "5": {"diameter": 5, "conjugate_isogenous_pairs": 6, "eigenvalues": [4.095143813017542, -4.414155331275672]}, "7": {"diameter": 4, "conjugate_isogenous_pairs": 15, "eigenvalues": [5.262978075173375, -4.9403991106783085]}, "11": {"diameter": 3, "conjugate_isogenous_pairs": 17, "eigenvalues": [6.195011133981925, -6.16031625387138]}}}