{"prime": 16631, "nodes": 1387, "minpoly": "x^2 + 16630*x + 19", "spine": 183, "undirected": false, "ell": {"2": {"diameter": 15, "conjugate_isogenous_pairs": 15, "eigenvalues": [2.8241016858008656, -2.8167102416082614]}, "3": {"diameter": 10, "conjugate_isogenous_pairs": 33, "eigenvalues": [3.4424309681711236, -3.459493866474954]}, "5": {"diameter": 7, "conjugate_isogenous_pairs": 40, "eigenvalues": [4.454009029217243, -4.436699555896561]}, "7": {"diameter": 6, "conjugate_isogenous_pairs": 54, "eigenvalues": [5.289064727902119, -5.242956107572492]}, "11": {"diameter": 5, "conjugate_isogenous_pairs": 61, "eigenvalues": [6.628050339937815, -6.616971515503967]}}}