{"prime": 23767, "nodes": 1981, "minpoly": "x^2 + 23766*x + 3", "spine": 57, "undirected": false, "ell": {"2": {"diameter": 15, "conjugate_isogenous_pairs": 57, "eigenvalues": [2.8223313691011125, -2.817113854320998]}, "3": {"diameter": 10, "conjugate_isogenous_pairs": 66, "eigenvalues": [3.4613458812895126, -3.454724952803863]}, "5": {"diameter": 7, "conjugate_isogenous_pairs": 139, "eigenvalues": [4.433692447736749, -4.4531919616268185]}, "7": {"diameter": 6, "conjugate_isogenous_pairs": 53, "eigenvalues": [5.2634169299745155, -5.287029148869725]}, "11": {"diameter": 5, "conjugate_isogenous_pairs": 70, "eigenvalues": [6.561994061740661, -6.622892735397308]}}}