{"prime": 5261, "nodes": 439, "minpoly": "x^2 + 5257*x + 2", "spine": 41, "undirected": false, "ell": {"2": {"diameter": 13, "conjugate_isogenous_pairs": 11, "eigenvalues": [2.815689088381153, -2.8172611505174303]}, "3": {"diameter": 8, "conjugate_isogenous_pairs": 42, "eigenvalues": [3.4523050381064384, -3.4241255454085233]}, "5": {"diameter": 6, "conjugate_isogenous_pairs": 18, "eigenvalues": [4.419812568201283, -4.336539063291936]}, "7": {"diameter": 5, "conjugate_isogenous_pairs": 42, "eigenvalues": [5.2318713925776414, -5.1860719075487]}, "11": {"diameter": 4, "conjugate_isogenous_pairs": 42, "eigenvalues": [6.463348875265882, -6.597013413819386]}}}