{"prime": 9133, "nodes": 761, "minpoly": "x^2 + 9131*x + 6", "spine": 19, "undirected": true, "ell": {"2": {"diameter": 13, "conjugate_isogenous_pairs": 56, "eigenvalues": [2.823829059744749, -2.816700109713776]}, "3": {"diameter": 8, "conjugate_isogenous_pairs": 39, "eigenvalues": [3.4584911174802655, -3.4350850285003105]}, "5": {"diameter": 6, "conjugate_isogenous_pairs": 44, "eigenvalues": [4.3991684982133625, -4.443046020552553]}, "7": {"diameter": 5, "conjugate_isogenous_pairs": 53, "eigenvalues": [5.162570484927039, -5.280352404141411]}, "11": {"diameter": 4, "conjugate_isogenous_pairs": 142, "eigenvalues": [6.588073234051967, -6.421990857926562]}}}