{"prime": 19387, "nodes": 1616, "minpoly": "x^2 + 19383*x + 2", "spine": 30, "undirected": false, "ell": {"2": {"diameter": 14, "conjugate_isogenous_pairs": 52, "eigenvalues": [2.8239041153031437, -2.8260422008912887]}, "3": {"diameter": 9, "conjugate_isogenous_pairs": 66, "eigenvalues": [3.4598013387170488, -3.4257810736249628]}, "5": {"diameter": 7, "conjugate_isogenous_pairs": 121, "eigenvalues": [4.46226883898852, -4.4478651265966525]}, "7": {"diameter": 6, "conjugate_isogenous_pairs": 58, "eigenvalues": [5.275584645748791, -5.265341435927087]}, "11": {"diameter": 5, "conjugate_isogenous_pairs": 76, "eigenvalues": [6.61988776818031, -6.593470620696704]}}}