{"prime": 18169, "nodes": 1514, "minpoly": "x^2 + 18154*x + 11", "spine": 34, "undirected": true, "ell": {"2": {"diameter": 13, "conjugate_isogenous_pairs": 38, "eigenvalues": [2.8140039138588433, -2.821558902041992]}, "3": {"diameter": 9, "conjugate_isogenous_pairs": 51, "eigenvalues": [3.4537899634444953, -3.4620377643999927]}, "5": {"diameter": 6, "conjugate_isogenous_pairs": 91, "eigenvalues": [4.464174894418139, -4.463005642517631]}, "7": {"diameter": 5, "conjugate_isogenous_pairs": 59, "eigenvalues": [5.278162491296904, -5.258936855891908]}, "11": {"diameter": 5, "conjugate_isogenous_pairs": 117, "eigenvalues": [6.618834624197886, -6.603078496127053]}}}