{"prime": 11273, "nodes": 940, "minpoly": "x^2 + 11268*x + 3", "spine": 40, "undirected": false, "ell": {"2": {"diameter": 14, "conjugate_isogenous_pairs": 32, "eigenvalues": [2.821793837933014, -2.82738390086589]}, "3": {"diameter": 9, "conjugate_isogenous_pairs": 36, "eigenvalues": [3.4563352520609216, -3.449767285852472]}, "5": {"diameter": 6, "conjugate_isogenous_pairs": 21, "eigenvalues": [4.468375104658932, -4.4021961597806385]}, "7": {"diameter": 6, "conjugate_isogenous_pairs": 157, "eigenvalues": [5.247606795398949, -5.246858775338304]}, "11": {"diameter": 5, "conjugate_isogenous_pairs": 53, "eigenvalues": [6.615848736616464, -6.541231426580399]}}}