{"prime": 7159, "nodes": 597, "minpoly": "x^2 + 7157*x + 3", "spine": 65, "undirected": false, "ell": {"2": {"diameter": 12, "conjugate_isogenous_pairs": 27, "eigenvalues": [2.8056154761632914, -2.8116353644988097]}, "3": {"diameter": 8, "conjugate_isogenous_pairs": 12, "eigenvalues": [3.4462037382216053, -3.458260440534513]}, "5": {"diameter": 6, "conjugate_isogenous_pairs": 51, "eigenvalues": [4.346386859819185, -4.346869955237309]}, "7": {"diameter": 5, "conjugate_isogenous_pairs": 24, "eigenvalues": [5.219711324746179, -5.197450984943828]}, "11": {"diameter": 4, "conjugate_isogenous_pairs": 67, "eigenvalues": [6.430327805591042, -6.481874551764578]}}}