{"prime": 19777, "nodes": 1648, "minpoly": "x^2 + 19775*x + 11", "spine": 28, "undirected": true, "ell": {"2": {"diameter": 14, "conjugate_isogenous_pairs": 49, "eigenvalues": [2.824299653580941, -2.8188824466484226]}, "3": {"diameter": 9, "conjugate_isogenous_pairs": 97, "eigenvalues": [3.4472297177768576, -3.453293627795414]}, "5": {"diameter": 7, "conjugate_isogenous_pairs": 100, "eigenvalues": [4.463117747155749, -4.43788602964346]}, "7": {"diameter": 5, "conjugate_isogenous_pairs": 84, "eigenvalues": [5.277429620369827, -5.192333666979622]}, "11": {"diameter": 5, "conjugate_isogenous_pairs": 82, "eigenvalues": [6.510451153267821, -6.602575168208809]}}}