{"prime": 28631, "nodes": 2387, "minpoly": "x^2 + 28625*x + 11", "spine": 133, "undirected": false, "ell": {"2": {"diameter": 16, "conjugate_isogenous_pairs": 24, "eigenvalues": [2.820824759054994, -2.8257019021817933]}, "3": {"diameter": 10, "conjugate_isogenous_pairs": 50, "eigenvalues": [3.45713916825203, -3.454523204429534]}, "5": {"diameter": 7, "conjugate_isogenous_pairs": 56, "eigenvalues": [4.455147709814457, -4.456531852150717]}, "7": {"diameter": 6, "conjugate_isogenous_pairs": 98, "eigenvalues": [5.277939306105454, -5.243596322493173]}, "11": {"diameter": 5, "conjugate_isogenous_pairs": 93, "eigenvalues": [6.582568271885303, -6.631192878310393]}}}