{"prime": 9161, "nodes": 764, "minpoly": "x^2 + 9155*x + 3", "spine": 72, "undirected": false, "ell": {"2": {"diameter": 13, "conjugate_isogenous_pairs": 18, "eigenvalues": [2.8207804159447063, -2.8230529719204003]}, "3": {"diameter": 9, "conjugate_isogenous_pairs": 25, "eigenvalues": [3.423102727795904, -3.4349531729072136]}, "5": {"diameter": 7, "conjugate_isogenous_pairs": 17, "eigenvalues": [4.465761963337781, -4.424968071584667]}, "7": {"diameter": 6, "conjugate_isogenous_pairs": 74, "eigenvalues": [5.26397795031561, -5.259225263713442]}, "11": {"diameter": 4, "conjugate_isogenous_pairs": 64, "eigenvalues": [6.560336828646764, -6.581179967201801]}}}