{"prime": 829, "nodes": 69, "minpoly": "x^2 + 828*x + 2", "spine": 11, "undirected": true, "ell": {"2": {"diameter": 9, "conjugate_isogenous_pairs": 9, "eigenvalues": [2.822309577472626, -2.716512550249518]}, "3": {"diameter": 6, "conjugate_isogenous_pairs": 8, "eigenvalues": [3.3678690022093565, -3.263657616377276]}, "5": {"diameter": 4, "conjugate_isogenous_pairs": 10, "eigenvalues": [4.180116522425932, -4.04171069937028]}, "7": {"diameter": 4, "conjugate_isogenous_pairs": 8, "eigenvalues": [4.886937354490989, -4.935913393595631]}, "11": {"diameter": 3, "conjugate_isogenous_pairs": 26, "eigenvalues": [6.144387123555705, -6.367827341956142]}}}