{"prime": 2543, "nodes": 213, "minpoly": "x^2 + 2541*x + 5", "spine": 35, "undirected": false, "ell": {"2": {"diameter": 11, "conjugate_isogenous_pairs": 7, "eigenvalues": [2.7933131504546296, -2.810515634864789]}, "3": {"diameter": 8, "conjugate_isogenous_pairs": 20, "eigenvalues": [3.374106048206419, -3.387839215316256]}, "5": {"diameter": 6, "conjugate_isogenous_pairs": 22, "eigenvalues": [4.246196720120445, -4.3983322597933014]}, "7": {"diameter": 5, "conjugate_isogenous_pairs": 37, "eigenvalues": [5.1812884423541705, -5.268716182501301]}, "11": {"diameter": 4, "conjugate_isogenous_pairs": 13, "eigenvalues": [6.157082013009488, -6.524198896321479]}}}