{"prime": 9013, "nodes": 751, "minpoly": "x^2 + 9008*x + 5", "spine": 15, "undirected": true, "ell": {"2": {"diameter": 12, "conjugate_isogenous_pairs": 36, "eigenvalues": [2.8040743755909285, -2.8231821776391697]}, "3": {"diameter": 8, "conjugate_isogenous_pairs": 78, "eigenvalues": [3.437723330850381, -3.44441870726855]}, "5": {"diameter": 6, "conjugate_isogenous_pairs": 56, "eigenvalues": [4.445774713958571, -4.415583775771034]}, "7": {"diameter": 5, "conjugate_isogenous_pairs": 42, "eigenvalues": [5.257338471158284, -5.277578972608834]}, "11": {"diameter": 4, "conjugate_isogenous_pairs": 78, "eigenvalues": [6.548682957416326, -6.612420096200479]}}}