{"prime": 13723, "nodes": 1144, "minpoly": "x^2 + 13722*x + 2", "spine": 42, "undirected": false, "ell": {"2": {"diameter": 14, "conjugate_isogenous_pairs": 66, "eigenvalues": [2.8130126271692, -2.8142815953159515]}, "3": {"diameter": 9, "conjugate_isogenous_pairs": 32, "eigenvalues": [3.4467573407950187, -3.4476870372031825]}, "5": {"diameter": 7, "conjugate_isogenous_pairs": 106, "eigenvalues": [4.432745872786341, -4.3835002031169985]}, "7": {"diameter": 6, "conjugate_isogenous_pairs": 41, "eigenvalues": [5.255044209943658, -5.210635878127622]}, "11": {"diameter": 5, "conjugate_isogenous_pairs": 83, "eigenvalues": [6.610447112549992, -6.608054109174474]}}}