{"prime": 22303, "nodes": 1859, "minpoly": "x^2 + 22300*x + 6", "spine": 43, "undirected": false, "ell": {"2": {"diameter": 15, "conjugate_isogenous_pairs": 62, "eigenvalues": [2.8213131832510774, -2.819202586746434]}, "3": {"diameter": 9, "conjugate_isogenous_pairs": 50, "eigenvalues": [3.431310128436943, -3.4610129492757222]}, "5": {"diameter": 7, "conjugate_isogenous_pairs": 122, "eigenvalues": [4.424690377489235, -4.448777553150131]}, "7": {"diameter": 6, "conjugate_isogenous_pairs": 47, "eigenvalues": [5.270344138256595, -5.251740449580374]}, "11": {"diameter": 5, "conjugate_isogenous_pairs": 93, "eigenvalues": [6.525677769250323, -6.577069421925143]}}}