{"prime": 3733, "nodes": 311, "minpoly": "x^2 + 3729*x + 2", "spine": 9, "undirected": true, "ell": {"2": {"diameter": 11, "conjugate_isogenous_pairs": 29, "eigenvalues": [2.8067855923134237, -2.823318661580428]}, "3": {"diameter": 8, "conjugate_isogenous_pairs": 46, "eigenvalues": [3.445111255947339, -3.4540203513355427]}, "5": {"diameter": 5, "conjugate_isogenous_pairs": 35, "eigenvalues": [4.428090091835725, -4.302473025343743]}, "7": {"diameter": 5, "conjugate_isogenous_pairs": 33, "eigenvalues": [5.217229697267516, -5.035343825038602]}, "11": {"diameter": 4, "conjugate_isogenous_pairs": 57, "eigenvalues": [6.4144246429834455, -6.5758044439883205]}}}