{"prime": 19751, "nodes": 1647, "minpoly": "x^2 + 19750*x + 7", "spine": 171, "undirected": false, "ell": {"2": {"diameter": 15, "conjugate_isogenous_pairs": 12, "eigenvalues": [2.8230163312626613, -2.8261535891519243]}, "3": {"diameter": 10, "conjugate_isogenous_pairs": 55, "eigenvalues": [3.4487729539069316, -3.4472783668783475]}, "5": {"diameter": 7, "conjugate_isogenous_pairs": 47, "eigenvalues": [4.458476606747846, -4.442141352290819]}, "7": {"diameter": 6, "conjugate_isogenous_pairs": 57, "eigenvalues": [5.186468484790928, -5.267213038856644]}, "11": {"diameter": 5, "conjugate_isogenous_pairs": 52, "eigenvalues": [6.612928919495412, -6.540328326882737]}}}