{"prime": 5119, "nodes": 427, "minpoly": "x^2 + 5117*x + 3", "spine": 39, "undirected": false, "ell": {"2": {"diameter": 11, "conjugate_isogenous_pairs": 17, "eigenvalues": [2.815114941752441, -2.823187474196674]}, "3": {"diameter": 8, "conjugate_isogenous_pairs": 18, "eigenvalues": [3.4129040025460187, -3.4372292135627265]}, "5": {"diameter": 6, "conjugate_isogenous_pairs": 41, "eigenvalues": [4.374984242925521, -4.404779815425877]}, "7": {"diameter": 5, "conjugate_isogenous_pairs": 17, "eigenvalues": [5.202106623321639, -5.088898230783519]}, "11": {"diameter": 4, "conjugate_isogenous_pairs": 53, "eigenvalues": [6.469836082766468, -6.4635475498822865]}}}