{"prime": 24781, "nodes": 2065, "minpoly": "x^2 + 24777*x + 2", "spine": 37, "undirected": true, "ell": {"2": {"diameter": 14, "conjugate_isogenous_pairs": 37, "eigenvalues": [2.8195018691197347, -2.825347671318237]}, "3": {"diameter": 9, "conjugate_isogenous_pairs": 100, "eigenvalues": [3.461400499805459, -3.4575054231467437]}, "5": {"diameter": 7, "conjugate_isogenous_pairs": 88, "eigenvalues": [4.4626857580686385, -4.437948666418066]}, "7": {"diameter": 6, "conjugate_isogenous_pairs": 55, "eigenvalues": [5.2306689052588435, -5.252572305520117]}, "11": {"diameter": 5, "conjugate_isogenous_pairs": 235, "eigenvalues": [6.621678813345329, -6.62596867796932]}}}