{"prime": 28051, "nodes": 2338, "minpoly": "x^2 + 28047*x + 2", "spine": 62, "undirected": false, "ell": {"2": {"diameter": 15, "conjugate_isogenous_pairs": 56, "eigenvalues": [2.8250287055940793, -2.8202777582199063]}, "3": {"diameter": 10, "conjugate_isogenous_pairs": 51, "eigenvalues": [3.4465014783466823, -3.4441749697194353]}, "5": {"diameter": 7, "conjugate_isogenous_pairs": 140, "eigenvalues": [4.470679584199454, -4.457574697514316]}, "7": {"diameter": 6, "conjugate_isogenous_pairs": 38, "eigenvalues": [5.256257290221683, -5.275043532416736]}, "11": {"diameter": 5, "conjugate_isogenous_pairs": 99, "eigenvalues": [6.596787467421951, -6.573072977918633]}}}