{"prime": 29179, "nodes": 2432, "minpoly": "x^2 + 29178*x + 13", "spine": 86, "undirected": false, "ell": {"2": {"diameter": 15, "conjugate_isogenous_pairs": 48, "eigenvalues": [2.817785422473891, -2.82494307747451]}, "3": {"diameter": 10, "conjugate_isogenous_pairs": 34, "eigenvalues": [3.4555619985730863, -3.460162284792572]}, "5": {"diameter": 7, "conjugate_isogenous_pairs": 192, "eigenvalues": [4.467107567235861, -4.45381442287114]}, "7": {"diameter": 6, "conjugate_isogenous_pairs": 53, "eigenvalues": [5.251184555708619, -5.282350862744532]}, "11": {"diameter": 5, "conjugate_isogenous_pairs": 217, "eigenvalues": [6.595755141153868, -6.6243912586147]}}}