{"prime": 10501, "nodes": 875, "minpoly": "x^2 + 10497*x + 2", "spine": 33, "undirected": true, "ell": {"2": {"diameter": 12, "conjugate_isogenous_pairs": 18, "eigenvalues": [2.8184725501791954, -2.822495505871644]}, "3": {"diameter": 9, "conjugate_isogenous_pairs": 65, "eigenvalues": [3.45868285829589, -3.449674768252775]}, "5": {"diameter": 6, "conjugate_isogenous_pairs": 73, "eigenvalues": [4.4521445342426444, -4.438553371803026]}, "7": {"diameter": 5, "conjugate_isogenous_pairs": 39, "eigenvalues": [5.222044974850716, -5.171079237497414]}, "11": {"diameter": 4, "conjugate_isogenous_pairs": 166, "eigenvalues": [6.596181024045438, -6.595790503653056]}}}