{"prime": 22307, "nodes": 1860, "minpoly": "x^2 + 22302*x + 2", "spine": 114, "undirected": false, "ell": {"2": {"diameter": 15, "conjugate_isogenous_pairs": 24, "eigenvalues": [2.8117913002031396, -2.823666114346631]}, "3": {"diameter": 10, "conjugate_isogenous_pairs": 65, "eigenvalues": [3.459494480544387, -3.4534246737666794]}, "5": {"diameter": 7, "conjugate_isogenous_pairs": 61, "eigenvalues": [4.461432312199344, -4.440082234051796]}, "7": {"diameter": 6, "conjugate_isogenous_pairs": 79, "eigenvalues": [5.270439159004853, -5.2210860565977955]}, "11": {"diameter": 5, "conjugate_isogenous_pairs": 50, "eigenvalues": [6.564846647062055, -6.625000674376785]}}}