{"prime": 3137, "nodes": 262, "minpoly": "x^2 + 3131*x + 3", "spine": 28, "undirected": false, "ell": {"2": {"diameter": 11, "conjugate_isogenous_pairs": 10, "eigenvalues": [2.806290654947778, -2.820897874298047]}, "3": {"diameter": 8, "conjugate_isogenous_pairs": 26, "eigenvalues": [3.4468995433729277, -3.3989297615578566]}, "5": {"diameter": 5, "conjugate_isogenous_pairs": 19, "eigenvalues": [4.3539542870793335, -4.21886998320332]}, "7": {"diameter": 5, "conjugate_isogenous_pairs": 64, "eigenvalues": [5.241883313732414, -5.187757114235704]}, "11": {"diameter": 4, "conjugate_isogenous_pairs": 16, "eigenvalues": [6.56786452810144, -6.512139721305564]}}}