{"prime": 20509, "nodes": 1709, "minpoly": "x^2 + 20505*x + 2", "spine": 45, "undirected": true, "ell": {"2": {"diameter": 14, "conjugate_isogenous_pairs": 44, "eigenvalues": [2.8165395907433566, -2.8150121485543877]}, "3": {"diameter": 10, "conjugate_isogenous_pairs": 44, "eigenvalues": [3.4539586393639503, -3.457011479846684]}, "5": {"diameter": 6, "conjugate_isogenous_pairs": 83, "eigenvalues": [4.412309818171036, -4.469054546173004]}, "7": {"diameter": 6, "conjugate_isogenous_pairs": 62, "eigenvalues": [5.236495326462379, -5.288573337878008]}, "11": {"diameter": 5, "conjugate_isogenous_pairs": 344, "eigenvalues": [6.533364405004693, -6.545762344158404]}}}