{"prime": 4871, "nodes": 407, "minpoly": "x^2 + 4870*x + 11", "spine": 91, "undirected": false, "ell": {"2": {"diameter": 13, "conjugate_isogenous_pairs": 9, "eigenvalues": [2.8054670664613943, -2.8177075592376157]}, "3": {"diameter": 8, "conjugate_isogenous_pairs": 12, "eigenvalues": [3.3855303506219676, -3.451108631545529]}, "5": {"diameter": 6, "conjugate_isogenous_pairs": 17, "eigenvalues": [4.4314203224089805, -4.427200745647562]}, "7": {"diameter": 5, "conjugate_isogenous_pairs": 30, "eigenvalues": [5.247473160290097, -5.22809739646772]}, "11": {"diameter": 4, "conjugate_isogenous_pairs": 23, "eigenvalues": [6.3789842815826185, -6.536636613635652]}}}