{"prime": 17053, "nodes": 1421, "minpoly": "x^2 + 17049*x + 2", "spine": 29, "undirected": true, "ell": {"2": {"diameter": 14, "conjugate_isogenous_pairs": 48, "eigenvalues": [2.8043799216407046, -2.8170885205785168]}, "3": {"diameter": 9, "conjugate_isogenous_pairs": 98, "eigenvalues": [3.423520172759999, -3.463244793185046]}, "5": {"diameter": 6, "conjugate_isogenous_pairs": 78, "eigenvalues": [4.460242633373071, -4.464116004741453]}, "7": {"diameter": 5, "conjugate_isogenous_pairs": 82, "eigenvalues": [5.270012008742579, -5.288339999542799]}, "11": {"diameter": 5, "conjugate_isogenous_pairs": 104, "eigenvalues": [6.588002784460175, -6.498695682125434]}}}