{"prime": 17321, "nodes": 1444, "minpoly": "x^2 + 17316*x + 3", "spine": 98, "undirected": false, "ell": {"2": {"diameter": 15, "conjugate_isogenous_pairs": 19, "eigenvalues": [2.8264587571227895, -2.8195823895245113]}, "3": {"diameter": 10, "conjugate_isogenous_pairs": 32, "eigenvalues": [3.4422169460102197, -3.4586800874336743]}, "5": {"diameter": 7, "conjugate_isogenous_pairs": 40, "eigenvalues": [4.452869299851476, -4.423829019154128]}, "7": {"diameter": 6, "conjugate_isogenous_pairs": 139, "eigenvalues": [5.2322478614505625, -5.258436127411075]}, "11": {"diameter": 5, "conjugate_isogenous_pairs": 113, "eigenvalues": [6.613997025979967, -6.546154403404673]}}}