{"prime": 28411, "nodes": 2368, "minpoly": "x^2 + 28410*x + 2", "spine": 70, "undirected": false, "ell": {"2": {"diameter": 15, "conjugate_isogenous_pairs": 76, "eigenvalues": [2.819922132768763, -2.821969767911933]}, "3": {"diameter": 10, "conjugate_isogenous_pairs": 27, "eigenvalues": [3.4520095541012052, -3.4572550460440117]}, "5": {"diameter": 7, "conjugate_isogenous_pairs": 174, "eigenvalues": [4.452185308960513, -4.4513681684958195]}, "7": {"diameter": 6, "conjugate_isogenous_pairs": 48, "eigenvalues": [5.268563956406207, -5.284071635091124]}, "11": {"diameter": 5, "conjugate_isogenous_pairs": 130, "eigenvalues": [6.545643682326659, -6.566790110624897]}}}