{"prime": 19763, "nodes": 1648, "minpoly": "x^2 + 19757*x + 2", "spine": 82, "undirected": false, "ell": {"2": {"diameter": 14, "conjugate_isogenous_pairs": 21, "eigenvalues": [2.8204801996922964, -2.8261562381443097]}, "3": {"diameter": 10, "conjugate_isogenous_pairs": 54, "eigenvalues": [3.4569898769669027, -3.45415784702474]}, "5": {"diameter": 7, "conjugate_isogenous_pairs": 86, "eigenvalues": [4.444468765317684, -4.465423247659054]}, "7": {"diameter": 6, "conjugate_isogenous_pairs": 74, "eigenvalues": [5.287068100260089, -5.264396266685099]}, "11": {"diameter": 5, "conjugate_isogenous_pairs": 36, "eigenvalues": [6.569633162965233, -6.606832073689985]}}}