{"prime": 10709, "nodes": 893, "minpoly": "x^2 + 10708*x + 2", "spine": 95, "undirected": false, "ell": {"2": {"diameter": 14, "conjugate_isogenous_pairs": 12, "eigenvalues": [2.8181942565173546, -2.828157088428939]}, "3": {"diameter": 9, "conjugate_isogenous_pairs": 51, "eigenvalues": [3.436593043357391, -3.4349827700968563]}, "5": {"diameter": 6, "conjugate_isogenous_pairs": 22, "eigenvalues": [4.433785860434045, -4.45222558396146]}, "7": {"diameter": 6, "conjugate_isogenous_pairs": 51, "eigenvalues": [5.1973493470536, -5.259433748794753]}, "11": {"diameter": 5, "conjugate_isogenous_pairs": 91, "eigenvalues": [6.628564887379564, -6.594641998711324]}}}