{"prime": 739, "nodes": 62, "minpoly": "x^2 + 734*x + 3", "spine": 10, "undirected": false, "ell": {"2": {"diameter": 8, "conjugate_isogenous_pairs": 7, "eigenvalues": [2.660729778146488, -2.708450817980196]}, "3": {"diameter": 6, "conjugate_isogenous_pairs": 6, "eigenvalues": [3.355593867607697, -3.4095620528409465]}, "5": {"diameter": 4, "conjugate_isogenous_pairs": 23, "eigenvalues": [4.246351910764791, -4.316897264475383]}, "7": {"diameter": 4, "conjugate_isogenous_pairs": 6, "eigenvalues": [4.885045267176636, -5.097834679044614]}, "11": {"diameter": 3, "conjugate_isogenous_pairs": 16, "eigenvalues": [5.652851087420993, -6.30969777352145]}}}