{"prime": 18979, "nodes": 1582, "minpoly": "x^2 + 18975*x + 2", "spine": 42, "undirected": false, "ell": {"2": {"diameter": 14, "conjugate_isogenous_pairs": 37, "eigenvalues": [2.821131243559206, -2.825724733666537]}, "3": {"diameter": 9, "conjugate_isogenous_pairs": 39, "eigenvalues": [3.4621192648508616, -3.4585291726064136]}, "5": {"diameter": 7, "conjugate_isogenous_pairs": 153, "eigenvalues": [4.460649034051509, -4.459809758922429]}, "7": {"diameter": 6, "conjugate_isogenous_pairs": 37, "eigenvalues": [5.223377090991282, -5.254412379308844]}, "11": {"diameter": 5, "conjugate_isogenous_pairs": 94, "eigenvalues": [6.576733848075759, -6.611827605683688]}}}