{"prime": 11311, "nodes": 943, "minpoly": "x^2 + 11309*x + 3", "spine": 73, "undirected": false, "ell": {"2": {"diameter": 14, "conjugate_isogenous_pairs": 36, "eigenvalues": [2.8199124245922276, -2.8174888041690074]}, "3": {"diameter": 9, "conjugate_isogenous_pairs": 20, "eigenvalues": [3.4406501778626675, -3.4470295573130145]}, "5": {"diameter": 6, "conjugate_isogenous_pairs": 63, "eigenvalues": [4.445795933573022, -4.42866256744414]}, "7": {"diameter": 5, "conjugate_isogenous_pairs": 30, "eigenvalues": [5.26664171202577, -5.181107864122514]}, "11": {"diameter": 5, "conjugate_isogenous_pairs": 91, "eigenvalues": [6.610774902996436, -6.577064305496599]}}}