{"prime": 20789, "nodes": 1733, "minpoly": "x^2 + 20785*x + 2", "spine": 123, "undirected": false, "ell": {"2": {"diameter": 15, "conjugate_isogenous_pairs": 24, "eigenvalues": [2.8234278751992608, -2.8240501425296416]}, "3": {"diameter": 10, "conjugate_isogenous_pairs": 47, "eigenvalues": [3.4487742111723447, -3.433479050316516]}, "5": {"diameter": 7, "conjugate_isogenous_pairs": 36, "eigenvalues": [4.4586231722744385, -4.465556472673838]}, "7": {"diameter": 6, "conjugate_isogenous_pairs": 78, "eigenvalues": [5.266716165760774, -5.277428332554565]}, "11": {"diameter": 5, "conjugate_isogenous_pairs": 150, "eigenvalues": [6.619791649146855, -6.572352710344632]}}}