{"prime": 10069, "nodes": 839, "minpoly": "x^2 + 10065*x + 2", "spine": 27, "undirected": true, "ell": {"2": {"diameter": 13, "conjugate_isogenous_pairs": 28, "eigenvalues": [2.8069498814466094, -2.821705481707441]}, "3": {"diameter": 9, "conjugate_isogenous_pairs": 28, "eigenvalues": [3.4529918754525326, -3.4445218164603837]}, "5": {"diameter": 6, "conjugate_isogenous_pairs": 53, "eigenvalues": [4.436560784646158, -4.390748209757303]}, "7": {"diameter": 5, "conjugate_isogenous_pairs": 50, "eigenvalues": [5.222581350886555, -5.277743590742214]}, "11": {"diameter": 4, "conjugate_isogenous_pairs": 219, "eigenvalues": [6.620977103011156, -6.608027821189952]}}}