{"prime": 6089, "nodes": 508, "minpoly": "x^2 + 6088*x + 3", "spine": 58, "undirected": false, "ell": {"2": {"diameter": 13, "conjugate_isogenous_pairs": 13, "eigenvalues": [2.798753195176103, -2.810398518395277]}, "3": {"diameter": 9, "conjugate_isogenous_pairs": 20, "eigenvalues": [3.434596382324776, -3.4474542125642533]}, "5": {"diameter": 6, "conjugate_isogenous_pairs": 19, "eigenvalues": [4.4678956706986, -4.406545843595186]}, "7": {"diameter": 5, "conjugate_isogenous_pairs": 77, "eigenvalues": [5.261520834739437, -5.226314063108372]}, "11": {"diameter": 4, "conjugate_isogenous_pairs": 55, "eigenvalues": [6.595647058339908, -6.52993685491306]}}}