{"prime": 21937, "nodes": 1828, "minpoly": "x^2 + 21930*x + 7", "spine": 30, "undirected": true, "ell": {"2": {"diameter": 14, "conjugate_isogenous_pairs": 81, "eigenvalues": [2.8229164775356477, -2.8237642761447996]}, "3": {"diameter": 9, "conjugate_isogenous_pairs": 51, "eigenvalues": [3.4476164645969276, -3.4519119083886993]}, "5": {"diameter": 7, "conjugate_isogenous_pairs": 64, "eigenvalues": [4.466938826536009, -4.468861106141162]}, "7": {"diameter": 6, "conjugate_isogenous_pairs": 135, "eigenvalues": [5.252349728435538, -5.270229648623052]}, "11": {"diameter": 5, "conjugate_isogenous_pairs": 157, "eigenvalues": [6.602504561667872, -6.575514988053835]}}}