{"prime": 7537, "nodes": 628, "minpoly": "x^2 + 7534*x + 7", "spine": 22, "undirected": true, "ell": {"2": {"diameter": 12, "conjugate_isogenous_pairs": 25, "eigenvalues": [2.817171952391287, -2.8102588815789824]}, "3": {"diameter": 8, "conjugate_isogenous_pairs": 46, "eigenvalues": [3.455208145097743, -3.453799773375263]}, "5": {"diameter": 6, "conjugate_isogenous_pairs": 41, "eigenvalues": [4.45548520214239, -4.439310668495954]}, "7": {"diameter": 5, "conjugate_isogenous_pairs": 62, "eigenvalues": [5.2575239939018745, -5.265257797983891]}, "11": {"diameter": 4, "conjugate_isogenous_pairs": 94, "eigenvalues": [6.58323487157793, -6.51242297033146]}}}