{"prime": 25031, "nodes": 2087, "minpoly": "x^2 + 25029*x + 13", "spine": 225, "undirected": false, "ell": {"2": {"diameter": 15, "conjugate_isogenous_pairs": 21, "eigenvalues": [2.8237330632303834, -2.824085514492609]}, "3": {"diameter": 10, "conjugate_isogenous_pairs": 27, "eigenvalues": [3.4547288410424284, -3.447610423064122]}, "5": {"diameter": 7, "conjugate_isogenous_pairs": 63, "eigenvalues": [4.437735542715838, -4.463050923917587]}, "7": {"diameter": 6, "conjugate_isogenous_pairs": 68, "eigenvalues": [5.275544380161308, -5.244807398031413]}, "11": {"diameter": 5, "conjugate_isogenous_pairs": 94, "eigenvalues": [6.606245534453916, -6.605166370253287]}}}