{"prime": 24809, "nodes": 2068, "minpoly": "x^2 + 24806*x + 6", "spine": 60, "undirected": false, "ell": {"2": {"diameter": 15, "conjugate_isogenous_pairs": 25, "eigenvalues": [2.8216026862546264, -2.8033170649784385]}, "3": {"diameter": 10, "conjugate_isogenous_pairs": 49, "eigenvalues": [3.4460324790444896, -3.4565098393400033]}, "5": {"diameter": 7, "conjugate_isogenous_pairs": 52, "eigenvalues": [4.468366729957511, -4.4432112658451945]}, "7": {"diameter": 6, "conjugate_isogenous_pairs": 188, "eigenvalues": [5.268683099441773, -5.230989414910039]}, "11": {"diameter": 5, "conjugate_isogenous_pairs": 106, "eigenvalues": [6.604280422151101, -6.589066917775105]}}}