{"prime": 21517, "nodes": 1793, "minpoly": "x^2 + 21512*x + 5", "spine": 27, "undirected": true, "ell": {"2": {"diameter": 14, "conjugate_isogenous_pairs": 86, "eigenvalues": [2.8125343380467624, -2.8225610626795117]}, "3": {"diameter": 9, "conjugate_isogenous_pairs": 69, "eigenvalues": [3.445155406737595, -3.4560884751578898]}, "5": {"diameter": 7, "conjugate_isogenous_pairs": 84, "eigenvalues": [4.43482342798379, -4.461476570247756]}, "7": {"diameter": 6, "conjugate_isogenous_pairs": 97, "eigenvalues": [5.252948749967947, -5.259004805186353]}, "11": {"diameter": 5, "conjugate_isogenous_pairs": 216, "eigenvalues": [6.560634928838415, -6.60479780329908]}}}