{"prime": 18329, "nodes": 1528, "minpoly": "x^2 + 18323*x + 3", "spine": 100, "undirected": false, "ell": {"2": {"diameter": 14, "conjugate_isogenous_pairs": 20, "eigenvalues": [2.820483633075962, -2.824217557666312]}, "3": {"diameter": 10, "conjugate_isogenous_pairs": 41, "eigenvalues": [3.4579106042830348, -3.4356836313105013]}, "5": {"diameter": 7, "conjugate_isogenous_pairs": 29, "eigenvalues": [4.451796943995475, -4.464171021518562]}, "7": {"diameter": 6, "conjugate_isogenous_pairs": 139, "eigenvalues": [5.1855028347421595, -5.258503708058671]}, "11": {"diameter": 5, "conjugate_isogenous_pairs": 83, "eigenvalues": [6.580109960017063, -6.568032898677911]}}}