{"prime": 17957, "nodes": 1497, "minpoly": "x^2 + 17952*x + 2", "spine": 55, "undirected": false, "ell": {"2": {"diameter": 14, "conjugate_isogenous_pairs": 21, "eigenvalues": [2.8282619751164555, -2.8202902502292595]}, "3": {"diameter": 10, "conjugate_isogenous_pairs": 104, "eigenvalues": [3.447227168615759, -3.4479735236199787]}, "5": {"diameter": 7, "conjugate_isogenous_pairs": 37, "eigenvalues": [4.4649436933932884, -4.418011995767629]}, "7": {"diameter": 6, "conjugate_isogenous_pairs": 135, "eigenvalues": [5.244289761070203, -5.267549704983468]}, "11": {"diameter": 5, "conjugate_isogenous_pairs": 82, "eigenvalues": [6.5985509500777875, -6.554821428887459]}}}