{"prime": 18637, "nodes": 1553, "minpoly": "x^2 + 18636*x + 2", "spine": 25, "undirected": true, "ell": {"2": {"diameter": 14, "conjugate_isogenous_pairs": 83, "eigenvalues": [2.815931252874982, -2.8154931178940608]}, "3": {"diameter": 9, "conjugate_isogenous_pairs": 79, "eigenvalues": [3.433805174395617, -3.437054574625549]}, "5": {"diameter": 7, "conjugate_isogenous_pairs": 58, "eigenvalues": [4.42097071795889, -4.447569521078055]}, "7": {"diameter": 6, "conjugate_isogenous_pairs": 74, "eigenvalues": [5.272191184052729, -5.270124406025662]}, "11": {"diameter": 5, "conjugate_isogenous_pairs": 206, "eigenvalues": [6.585343087102572, -6.603341582186594]}}}