{"prime": 24121, "nodes": 2010, "minpoly": "x^2 + 24109*x + 13", "spine": 58, "undirected": true, "ell": {"2": {"diameter": 15, "conjugate_isogenous_pairs": 67, "eigenvalues": [2.8219122155472967, -2.818529315933925]}, "3": {"diameter": 10, "conjugate_isogenous_pairs": 36, "eigenvalues": [3.4494360617885436, -3.430488379986493]}, "5": {"diameter": 7, "conjugate_isogenous_pairs": 69, "eigenvalues": [4.447844615751347, -4.4530377612001395]}, "7": {"diameter": 6, "conjugate_isogenous_pairs": 108, "eigenvalues": [5.270532136260152, -5.242606490596936]}, "11": {"diameter": 5, "conjugate_isogenous_pairs": 244, "eigenvalues": [6.533387058863356, -6.508285458241515]}}}