{"prime": 25469, "nodes": 2123, "minpoly": "x^2 + 25468*x + 2", "spine": 77, "undirected": false, "ell": {"2": {"diameter": 15, "conjugate_isogenous_pairs": 28, "eigenvalues": [2.825487852307675, -2.823710463333138]}, "3": {"diameter": 10, "conjugate_isogenous_pairs": 54, "eigenvalues": [3.460968685342119, -3.4412838823648673]}, "5": {"diameter": 7, "conjugate_isogenous_pairs": 42, "eigenvalues": [4.45467080609207, -4.466925593961361]}, "7": {"diameter": 6, "conjugate_isogenous_pairs": 133, "eigenvalues": [5.2654822874014116, -5.280405006974146]}, "11": {"diameter": 5, "conjugate_isogenous_pairs": 187, "eigenvalues": [6.564239068725115, -6.606204601257323]}}}