{"prime": 21773, "nodes": 1815, "minpoly": "x^2 + 21769*x + 2", "spine": 77, "undirected": false, "ell": {"2": {"diameter": 15, "conjugate_isogenous_pairs": 48, "eigenvalues": [2.8268639392529575, -2.8245045731248246]}, "3": {"diameter": 10, "conjugate_isogenous_pairs": 55, "eigenvalues": [3.454129705674441, -3.458180761795094]}, "5": {"diameter": 7, "conjugate_isogenous_pairs": 41, "eigenvalues": [4.459154447654574, -4.422315922869079]}, "7": {"diameter": 6, "conjugate_isogenous_pairs": 166, "eigenvalues": [5.230124754949976, -5.198353052063991]}, "11": {"diameter": 5, "conjugate_isogenous_pairs": 81, "eigenvalues": [6.564135258501912, -6.5957515467515035]}}}