{"prime": 29389, "nodes": 2449, "minpoly": "x^2 + 29388*x + 2", "spine": 75, "undirected": true, "ell": {"2": {"diameter": 14, "conjugate_isogenous_pairs": 41, "eigenvalues": [2.818627674964478, -2.816765420764124]}, "3": {"diameter": 10, "conjugate_isogenous_pairs": 73, "eigenvalues": [3.4510374585575825, -3.4406460321185057]}, "5": {"diameter": 7, "conjugate_isogenous_pairs": 76, "eigenvalues": [4.467183657838029, -4.4500701672630845]}, "7": {"diameter": 6, "conjugate_isogenous_pairs": 44, "eigenvalues": [5.241517722251472, -5.271141542797408]}, "11": {"diameter": 5, "conjugate_isogenous_pairs": 365, "eigenvalues": [6.618593101805783, -6.62853637875011]}}}