{"prime": 5381, "nodes": 449, "minpoly": "x^2 + 5379*x + 3", "spine": 63, "undirected": false, "ell": {"2": {"diameter": 12, "conjugate_isogenous_pairs": 10, "eigenvalues": [2.813876264998483, -2.8183054082515757]}, "3": {"diameter": 9, "conjugate_isogenous_pairs": 35, "eigenvalues": [3.4358745946965605, -3.3973452184706057]}, "5": {"diameter": 6, "conjugate_isogenous_pairs": 15, "eigenvalues": [4.429481872473755, -4.4173058766437485]}, "7": {"diameter": 5, "conjugate_isogenous_pairs": 33, "eigenvalues": [5.286530220613778, -5.243939942652308]}, "11": {"diameter": 4, "conjugate_isogenous_pairs": 52, "eigenvalues": [6.525740233338539, -6.615336874945315]}}}