{"prime": 12391, "nodes": 1033, "minpoly": "x^2 + 12390*x + 26", "spine": 63, "undirected": false, "ell": {"2": {"diameter": 14, "conjugate_isogenous_pairs": 36, "eigenvalues": [2.8272535121580384, -2.8278519427718605]}, "3": {"diameter": 9, "conjugate_isogenous_pairs": 22, "eigenvalues": [3.44273676009811, -3.45909079489664]}, "5": {"diameter": 7, "conjugate_isogenous_pairs": 68, "eigenvalues": [4.433502498575882, -4.446234272081279]}, "7": {"diameter": 5, "conjugate_isogenous_pairs": 33, "eigenvalues": [5.224502327276253, -5.208775448526734]}, "11": {"diameter": 5, "conjugate_isogenous_pairs": 92, "eigenvalues": [6.564948950308915, -6.467977005361098]}}}