{"prime": 15607, "nodes": 1301, "minpoly": "x^2 + 15605*x + 3", "spine": 39, "undirected": false, "ell": {"2": {"diameter": 14, "conjugate_isogenous_pairs": 43, "eigenvalues": [2.817214684058815, -2.8073769317400226]}, "3": {"diameter": 9, "conjugate_isogenous_pairs": 33, "eigenvalues": [3.4439348890272896, -3.438556544144077]}, "5": {"diameter": 7, "conjugate_isogenous_pairs": 103, "eigenvalues": [4.450551921597658, -4.451492620749955]}, "7": {"diameter": 5, "conjugate_isogenous_pairs": 66, "eigenvalues": [5.232487712947797, -5.142321888064787]}, "11": {"diameter": 5, "conjugate_isogenous_pairs": 76, "eigenvalues": [6.580893016083795, -6.605461750188691]}}}