{"prime": 12503, "nodes": 1043, "minpoly": "x^2 + 12498*x + 5", "spine": 101, "undirected": false, "ell": {"2": {"diameter": 14, "conjugate_isogenous_pairs": 16, "eigenvalues": [2.8175565910504248, -2.809926080966857]}, "3": {"diameter": 10, "conjugate_isogenous_pairs": 52, "eigenvalues": [3.460124319593251, -3.448871408844536]}, "5": {"diameter": 7, "conjugate_isogenous_pairs": 35, "eigenvalues": [4.460174019475524, -4.390467917707484]}, "7": {"diameter": 6, "conjugate_isogenous_pairs": 54, "eigenvalues": [5.283515552361838, -5.202875427292286]}, "11": {"diameter": 5, "conjugate_isogenous_pairs": 23, "eigenvalues": [6.5489961037507385, -6.506490060031063]}}}