{"prime": 15667, "nodes": 1306, "minpoly": "x^2 + 15663*x + 2", "spine": 22, "undirected": false, "ell": {"2": {"diameter": 14, "conjugate_isogenous_pairs": 53, "eigenvalues": [2.8223502220167447, -2.8166248444308035]}, "3": {"diameter": 9, "conjugate_isogenous_pairs": 46, "eigenvalues": [3.4569669064775925, -3.4468009241645747]}, "5": {"diameter": 7, "conjugate_isogenous_pairs": 168, "eigenvalues": [4.449232253685591, -4.422398016529142]}, "7": {"diameter": 5, "conjugate_isogenous_pairs": 67, "eigenvalues": [5.284846968566718, -5.284039477210789]}, "11": {"diameter": 5, "conjugate_isogenous_pairs": 72, "eigenvalues": [6.616605663692232, -6.572281371192029]}}}