{"prime": 15193, "nodes": 1266, "minpoly": "x^2 + 15192*x + 5", "spine": 34, "undirected": true, "ell": {"2": {"diameter": 13, "conjugate_isogenous_pairs": 48, "eigenvalues": [2.8177874245061836, -2.824304359990213]}, "3": {"diameter": 9, "conjugate_isogenous_pairs": 58, "eigenvalues": [3.440823209968172, -3.4321228996085438]}, "5": {"diameter": 6, "conjugate_isogenous_pairs": 71, "eigenvalues": [4.449223890289813, -4.465997725251234]}, "7": {"diameter": 5, "conjugate_isogenous_pairs": 80, "eigenvalues": [5.264470713056461, -5.278189278200158]}, "11": {"diameter": 5, "conjugate_isogenous_pairs": 109, "eigenvalues": [6.562335785929295, -6.521013666986403]}}}