{"prime": 1087, "nodes": 91, "minpoly": "x^2 + 1085*x + 3", "spine": 9, "undirected": false, "ell": {"2": {"diameter": 9, "conjugate_isogenous_pairs": 14, "eigenvalues": [2.7258137839299494, -2.8164828494075387]}, "3": {"diameter": 6, "conjugate_isogenous_pairs": 9, "eigenvalues": [3.3099376806834377, -3.412452988371707]}, "5": {"diameter": 5, "conjugate_isogenous_pairs": 20, "eigenvalues": [4.218974689118107, -4.2047351983010985]}, "7": {"diameter": 4, "conjugate_isogenous_pairs": 11, "eigenvalues": [4.903265574910354, -4.630175114601303]}, "11": {"diameter": 3, "conjugate_isogenous_pairs": 17, "eigenvalues": [6.283211027881561, -6.316187834103015]}}}