{"prime": 2953, "nodes": 246, "minpoly": "x^2 + 2952*x + 13", "spine": 12, "undirected": true, "ell": {"2": {"diameter": 11, "conjugate_isogenous_pairs": 25, "eigenvalues": [2.80573743110404, -2.8029705799859963]}, "3": {"diameter": 7, "conjugate_isogenous_pairs": 15, "eigenvalues": [3.395933405539252, -3.434832713925027]}, "5": {"diameter": 5, "conjugate_isogenous_pairs": 27, "eigenvalues": [4.374432364035576, -4.405971604981154]}, "7": {"diameter": 4, "conjugate_isogenous_pairs": 48, "eigenvalues": [5.214164894017466, -5.124409404506449]}, "11": {"diameter": 4, "conjugate_isogenous_pairs": 54, "eigenvalues": [6.613018051059826, -6.493267445291715]}}}