{"prime": 21193, "nodes": 1766, "minpoly": "x^2 + 21192*x + 11", "spine": 34, "undirected": true, "ell": {"2": {"diameter": 14, "conjugate_isogenous_pairs": 45, "eigenvalues": [2.824681904268359, -2.8193152295407935]}, "3": {"diameter": 9, "conjugate_isogenous_pairs": 89, "eigenvalues": [3.4539124674746846, -3.4448413265507902]}, "5": {"diameter": 7, "conjugate_isogenous_pairs": 95, "eigenvalues": [4.453900313351736, -4.4389940495371745]}, "7": {"diameter": 6, "conjugate_isogenous_pairs": 91, "eigenvalues": [5.270292211822189, -5.211531032195762]}, "11": {"diameter": 5, "conjugate_isogenous_pairs": 99, "eigenvalues": [6.6100590860415505, -6.601840590336841]}}}