{"prime": 6427, "nodes": 536, "minpoly": "x^2 + 6422*x + 3", "spine": 18, "undirected": false, "ell": {"2": {"diameter": 12, "conjugate_isogenous_pairs": 39, "eigenvalues": [2.8248952105184353, -2.8076122623580715]}, "3": {"diameter": 8, "conjugate_isogenous_pairs": 32, "eigenvalues": [3.443714257346833, -3.4541914951183905]}, "5": {"diameter": 6, "conjugate_isogenous_pairs": 75, "eigenvalues": [4.403920934400211, -4.404433151545604]}, "7": {"diameter": 5, "conjugate_isogenous_pairs": 27, "eigenvalues": [5.262899513694967, -5.168795048973622]}, "11": {"diameter": 4, "conjugate_isogenous_pairs": 42, "eigenvalues": [6.550598852533326, -6.545508350593861]}}}