{"prime": 569, "nodes": 48, "minpoly": "x^2 + 568*x + 3", "spine": 16, "undirected": false, "ell": {"2": {"diameter": 9, "conjugate_isogenous_pairs": 3, "eigenvalues": [2.7683827552626594, -2.7895912648130192]}, "3": {"diameter": 6, "conjugate_isogenous_pairs": 8, "eigenvalues": [3.268463641238024, -3.395015696186645]}, "5": {"diameter": 4, "conjugate_isogenous_pairs": 6, "eigenvalues": [4.321540216753341, -3.949940839384296]}, "7": {"diameter": 4, "conjugate_isogenous_pairs": 11, "eigenvalues": [5.278699296286322, -5.1526164205870515]}, "11": {"diameter": 3, "conjugate_isogenous_pairs": 7, "eigenvalues": [6.100552550811028, -6.179967908218643]}}}