{"prime": 17807, "nodes": 1485, "minpoly": "x^2 + 17802*x + 5", "spine": 139, "undirected": false, "ell": {"2": {"diameter": 14, "conjugate_isogenous_pairs": 32, "eigenvalues": [2.820331618989453, -2.815510721259737]}, "3": {"diameter": 10, "conjugate_isogenous_pairs": 38, "eigenvalues": [3.451267163680318, -3.462096575094182]}, "5": {"diameter": 7, "conjugate_isogenous_pairs": 28, "eigenvalues": [4.424716094575499, -4.419022847561175]}, "7": {"diameter": 6, "conjugate_isogenous_pairs": 99, "eigenvalues": [5.286239158191494, -5.235220555872776]}, "11": {"diameter": 5, "conjugate_isogenous_pairs": 36, "eigenvalues": [6.623793833869908, -6.555752764379219]}}}