{"prime": 22147, "nodes": 1846, "minpoly": "x^2 + 22146*x + 5", "spine": 54, "undirected": false, "ell": {"2": {"diameter": 15, "conjugate_isogenous_pairs": 86, "eigenvalues": [2.825697879771899, -2.8219958479685796]}, "3": {"diameter": 9, "conjugate_isogenous_pairs": 39, "eigenvalues": [3.436864019603327, -3.430825701236155]}, "5": {"diameter": 7, "conjugate_isogenous_pairs": 127, "eigenvalues": [4.462512952627926, -4.454493800684649]}, "7": {"diameter": 6, "conjugate_isogenous_pairs": 72, "eigenvalues": [5.267517623026654, -5.278761707691454]}, "11": {"diameter": 5, "conjugate_isogenous_pairs": 114, "eigenvalues": [6.613229348958475, -6.620031854355684]}}}