{"prime": 8467, "nodes": 706, "minpoly": "x^2 + 8463*x + 2", "spine": 30, "undirected": false, "ell": {"2": {"diameter": 13, "conjugate_isogenous_pairs": 23, "eigenvalues": [2.8257089755768465, -2.8133673482760835]}, "3": {"diameter": 8, "conjugate_isogenous_pairs": 33, "eigenvalues": [3.430583989013033, -3.4592763755125757]}, "5": {"diameter": 6, "conjugate_isogenous_pairs": 115, "eigenvalues": [4.469154544044637, -4.44931823190912]}, "7": {"diameter": 5, "conjugate_isogenous_pairs": 29, "eigenvalues": [5.263770200684858, -5.2361248112105825]}, "11": {"diameter": 4, "conjugate_isogenous_pairs": 41, "eigenvalues": [6.544129352260739, -6.599090314073483]}}}