{"prime": 5683, "nodes": 474, "minpoly": "x^2 + 5682*x + 2", "spine": 22, "undirected": false, "ell": {"2": {"diameter": 13, "conjugate_isogenous_pairs": 30, "eigenvalues": [2.798458477049591, -2.824914842940259]}, "3": {"diameter": 8, "conjugate_isogenous_pairs": 20, "eigenvalues": [3.4553825423720887, -3.4359074519553805]}, "5": {"diameter": 6, "conjugate_isogenous_pairs": 86, "eigenvalues": [4.4457585400047375, -4.336296823719985]}, "7": {"diameter": 5, "conjugate_isogenous_pairs": 31, "eigenvalues": [5.27789815428118, -5.091414498481179]}, "11": {"diameter": 4, "conjugate_isogenous_pairs": 66, "eigenvalues": [6.576655268027532, -6.582625491202959]}}}