{"prime": 25933, "nodes": 2161, "minpoly": "x^2 + 25932*x + 2", "spine": 39, "undirected": true, "ell": {"2": {"diameter": 15, "conjugate_isogenous_pairs": 82, "eigenvalues": [2.8171948006905247, -2.8191830947269647]}, "3": {"diameter": 9, "conjugate_isogenous_pairs": 84, "eigenvalues": [3.4396586262342694, -3.4633337246292673]}, "5": {"diameter": 7, "conjugate_isogenous_pairs": 97, "eigenvalues": [4.451401177776074, -4.440075091398896]}, "7": {"diameter": 6, "conjugate_isogenous_pairs": 90, "eigenvalues": [5.265041528034895, -5.209143268191068]}, "11": {"diameter": 5, "conjugate_isogenous_pairs": 213, "eigenvalues": [6.574287639065769, -6.545924814994979]}}}