{"prime": 15271, "nodes": 1273, "minpoly": "x^2 + 15269*x + 11", "spine": 63, "undirected": false, "ell": {"2": {"diameter": 14, "conjugate_isogenous_pairs": 28, "eigenvalues": [2.8231231870182856, -2.818007989595567]}, "3": {"diameter": 9, "conjugate_isogenous_pairs": 36, "eigenvalues": [3.4507209596452, -3.434757723931133]}, "5": {"diameter": 7, "conjugate_isogenous_pairs": 68, "eigenvalues": [4.4481241051553155, -4.449714028015118]}, "7": {"diameter": 6, "conjugate_isogenous_pairs": 38, "eigenvalues": [5.25800436110244, -5.2862637868284015]}, "11": {"diameter": 5, "conjugate_isogenous_pairs": 114, "eigenvalues": [6.625135785414221, -6.5716007673521055]}}}