{"prime": 11483, "nodes": 958, "minpoly": "x^2 + 11476*x + 2", "spine": 82, "undirected": false, "ell": {"2": {"diameter": 14, "conjugate_isogenous_pairs": 23, "eigenvalues": [2.8267600036887015, -2.811953426575383]}, "3": {"diameter": 9, "conjugate_isogenous_pairs": 33, "eigenvalues": [3.449806654057955, -3.457352449081596]}, "5": {"diameter": 7, "conjugate_isogenous_pairs": 55, "eigenvalues": [4.427029861220528, -4.386569948112086]}, "7": {"diameter": 6, "conjugate_isogenous_pairs": 62, "eigenvalues": [5.262171692018994, -5.262627917477884]}, "11": {"diameter": 5, "conjugate_isogenous_pairs": 31, "eigenvalues": [6.482420308195303, -6.542763124065212]}}}