{"prime": 7247, "nodes": 605, "minpoly": "x^2 + 7246*x + 5", "spine": 47, "undirected": false, "ell": {"2": {"diameter": 13, "conjugate_isogenous_pairs": 17, "eigenvalues": [2.8053646511217045, -2.8012067032685715]}, "3": {"diameter": 9, "conjugate_isogenous_pairs": 21, "eigenvalues": [3.4316836469704888, -3.4366887495769554]}, "5": {"diameter": 6, "conjugate_isogenous_pairs": 42, "eigenvalues": [4.417778239311493, -4.440267931946958]}, "7": {"diameter": 5, "conjugate_isogenous_pairs": 76, "eigenvalues": [5.184535394852534, -5.152202428797659]}, "11": {"diameter": 4, "conjugate_isogenous_pairs": 29, "eigenvalues": [6.510562487177881, -6.524449099726218]}}}