{"prime": 29033, "nodes": 2420, "minpoly": "x^2 + 29022*x + 3", "spine": 66, "undirected": false, "ell": {"2": {"diameter": 15, "conjugate_isogenous_pairs": 32, "eigenvalues": [2.825388694765691, -2.8168488428747263]}, "3": {"diameter": 10, "conjugate_isogenous_pairs": 95, "eigenvalues": [3.4559327947797382, -3.4594315410201957]}, "5": {"diameter": 7, "conjugate_isogenous_pairs": 43, "eigenvalues": [4.462449420373187, -4.468413966702367]}, "7": {"diameter": 6, "conjugate_isogenous_pairs": 268, "eigenvalues": [5.280545004099377, -5.265454706759912]}, "11": {"diameter": 5, "conjugate_isogenous_pairs": 59, "eigenvalues": [6.618135222659434, -6.613039149849723]}}}