{"prime": 971, "nodes": 82, "minpoly": "x^2 + 970*x + 6", "spine": 30, "undirected": false, "ell": {"2": {"diameter": 10, "conjugate_isogenous_pairs": 4, "eigenvalues": [2.79768585572245, -2.8171254385313413]}, "3": {"diameter": 7, "conjugate_isogenous_pairs": 6, "eigenvalues": [3.3812152721475144, -3.458874003045819]}, "5": {"diameter": 5, "conjugate_isogenous_pairs": 5, "eigenvalues": [4.357185589657306, -4.277347641328734]}, "7": {"diameter": 4, "conjugate_isogenous_pairs": 11, "eigenvalues": [5.154412718648323, -5.1839781795038675]}, "11": {"diameter": 4, "conjugate_isogenous_pairs": 12, "eigenvalues": [6.219671900612147, -6.127042958253318]}}}