{"prime": 2083, "nodes": 174, "minpoly": "x^2 + 2079*x + 2", "spine": 14, "undirected": false, "ell": {"2": {"diameter": 11, "conjugate_isogenous_pairs": 15, "eigenvalues": [2.7804904673494906, -2.761172343210574]}, "3": {"diameter": 7, "conjugate_isogenous_pairs": 14, "eigenvalues": [3.439953989920058, -3.393005698450587]}, "5": {"diameter": 5, "conjugate_isogenous_pairs": 43, "eigenvalues": [4.384553027430237, -4.429122344948554]}, "7": {"diameter": 4, "conjugate_isogenous_pairs": 19, "eigenvalues": [5.096356407799313, -5.166988779303654]}, "11": {"diameter": 4, "conjugate_isogenous_pairs": 24, "eigenvalues": [6.4084897654861175, -6.312322912200596]}}}