{"prime": 18743, "nodes": 1563, "minpoly": "x^2 + 18738*x + 5", "spine": 121, "undirected": false, "ell": {"2": {"diameter": 14, "conjugate_isogenous_pairs": 20, "eigenvalues": [2.8203528793695343, -2.8122279453211587]}, "3": {"diameter": 10, "conjugate_isogenous_pairs": 72, "eigenvalues": [3.4509897773509466, -3.4543432995544987]}, "5": {"diameter": 7, "conjugate_isogenous_pairs": 51, "eigenvalues": [4.446620808635078, -4.439362216044846]}, "7": {"diameter": 6, "conjugate_isogenous_pairs": 70, "eigenvalues": [5.22420371051834, -5.281607017563087]}, "11": {"diameter": 5, "conjugate_isogenous_pairs": 28, "eigenvalues": [6.603344493287036, -6.543028201130734]}}}