{"prime": 12917, "nodes": 1077, "minpoly": "x^2 + 12913*x + 2", "spine": 37, "undirected": false, "ell": {"2": {"diameter": 13, "conjugate_isogenous_pairs": 28, "eigenvalues": [2.8197888789713885, -2.820345614348735]}, "3": {"diameter": 9, "conjugate_isogenous_pairs": 92, "eigenvalues": [3.449748756427444, -3.4432874351297196]}, "5": {"diameter": 6, "conjugate_isogenous_pairs": 29, "eigenvalues": [4.43606234305314, -4.440391975574919]}, "7": {"diameter": 6, "conjugate_isogenous_pairs": 134, "eigenvalues": [5.253039147917053, -5.284636993838539]}, "11": {"diameter": 5, "conjugate_isogenous_pairs": 57, "eigenvalues": [6.5937802248594855, -6.583253972963997]}}}