{"prime": 4049, "nodes": 338, "minpoly": "x^2 + 4043*x + 3", "spine": 36, "undirected": false, "ell": {"2": {"diameter": 12, "conjugate_isogenous_pairs": 9, "eigenvalues": [2.812948776904386, -2.8127705290720595]}, "3": {"diameter": 8, "conjugate_isogenous_pairs": 13, "eigenvalues": [3.447646390756112, -3.383354848419432]}, "5": {"diameter": 6, "conjugate_isogenous_pairs": 17, "eigenvalues": [4.410778400754195, -4.4212099652182335]}, "7": {"diameter": 5, "conjugate_isogenous_pairs": 70, "eigenvalues": [5.176816971636818, -5.2302950854607335]}, "11": {"diameter": 4, "conjugate_isogenous_pairs": 55, "eigenvalues": [6.531637293821287, -6.396255619391052]}}}