{"prime": 12689, "nodes": 1058, "minpoly": "x^2 + 12663*x + 3", "spine": 82, "undirected": false, "ell": {"2": {"diameter": 14, "conjugate_isogenous_pairs": 14, "eigenvalues": [2.8171064005117823, -2.8249464159980158]}, "3": {"diameter": 10, "conjugate_isogenous_pairs": 40, "eigenvalues": [3.4572464776329177, -3.457986858692423]}, "5": {"diameter": 7, "conjugate_isogenous_pairs": 29, "eigenvalues": [4.434180515106774, -4.457284262400472]}, "7": {"diameter": 6, "conjugate_isogenous_pairs": 94, "eigenvalues": [5.228607337222129, -5.269410999525953]}, "11": {"diameter": 5, "conjugate_isogenous_pairs": 62, "eigenvalues": [6.562815178044377, -6.575330869599961]}}}