{"prime": 16829, "nodes": 1403, "minpoly": "x^2 + 16825*x + 2", "spine": 75, "undirected": false, "ell": {"2": {"diameter": 14, "conjugate_isogenous_pairs": 16, "eigenvalues": [2.819969036309147, -2.8151652901326094]}, "3": {"diameter": 10, "conjugate_isogenous_pairs": 49, "eigenvalues": [3.4472294557082024, -3.4459623876699723]}, "5": {"diameter": 7, "conjugate_isogenous_pairs": 51, "eigenvalues": [4.440841538448551, -4.461424057346637]}, "7": {"diameter": 6, "conjugate_isogenous_pairs": 105, "eigenvalues": [5.280920521139168, -5.258359320927408]}, "11": {"diameter": 5, "conjugate_isogenous_pairs": 117, "eigenvalues": [6.618645767575586, -6.5637683628699275]}}}