{"prime": 4519, "nodes": 377, "minpoly": "x^2 + 4517*x + 3", "spine": 29, "undirected": false, "ell": {"2": {"diameter": 11, "conjugate_isogenous_pairs": 22, "eigenvalues": [2.8248281171172085, -2.8112918133889844]}, "3": {"diameter": 8, "conjugate_isogenous_pairs": 14, "eigenvalues": [3.4044015375575, -3.424573229342245]}, "5": {"diameter": 6, "conjugate_isogenous_pairs": 56, "eigenvalues": [4.436449027580297, -4.43357638469516]}, "7": {"diameter": 5, "conjugate_isogenous_pairs": 19, "eigenvalues": [5.120570646051317, -5.169853096444732]}, "11": {"diameter": 4, "conjugate_isogenous_pairs": 43, "eigenvalues": [6.599950023288446, -6.446442632971304]}}}