{"prime": 24677, "nodes": 2057, "minpoly": "x^2 + 24673*x + 2", "spine": 43, "undirected": false, "ell": {"2": {"diameter": 15, "conjugate_isogenous_pairs": 31, "eigenvalues": [2.820314026013949, -2.8264318670855193]}, "3": {"diameter": 10, "conjugate_isogenous_pairs": 130, "eigenvalues": [3.448880555750889, -3.453608999031174]}, "5": {"diameter": 7, "conjugate_isogenous_pairs": 45, "eigenvalues": [4.470523186542023, -4.4538189401719235]}, "7": {"diameter": 6, "conjugate_isogenous_pairs": 147, "eigenvalues": [5.2291359092578205, -5.2829813319813494]}, "11": {"diameter": 5, "conjugate_isogenous_pairs": 89, "eigenvalues": [6.627427847421782, -6.590999020182471]}}}