{"prime": 21323, "nodes": 1778, "minpoly": "x^2 + 21321*x + 5", "spine": 50, "undirected": false, "ell": {"2": {"diameter": 14, "conjugate_isogenous_pairs": 26, "eigenvalues": [2.825473457121028, -2.817667671479706]}, "3": {"diameter": 10, "conjugate_isogenous_pairs": 65, "eigenvalues": [3.4494147971957525, -3.4576709802447594]}, "5": {"diameter": 7, "conjugate_isogenous_pairs": 84, "eigenvalues": [4.455447782644787, -4.441701657017445]}, "7": {"diameter": 6, "conjugate_isogenous_pairs": 133, "eigenvalues": [5.250566944128848, -5.277404011931011]}, "11": {"diameter": 5, "conjugate_isogenous_pairs": 43, "eigenvalues": [6.599510125602516, -6.574278829439359]}}}