{"prime": 10457, "nodes": 872, "minpoly": "x^2 + 10456*x + 3", "spine": 54, "undirected": false, "ell": {"2": {"diameter": 14, "conjugate_isogenous_pairs": 29, "eigenvalues": [2.809698613750167, -2.819585902609636]}, "3": {"diameter": 9, "conjugate_isogenous_pairs": 39, "eigenvalues": [3.395309059309524, -3.4183912477322993]}, "5": {"diameter": 6, "conjugate_isogenous_pairs": 20, "eigenvalues": [4.458419184424644, -4.462501890840561]}, "7": {"diameter": 6, "conjugate_isogenous_pairs": 112, "eigenvalues": [5.2424979824302, -5.1954299097765215]}, "11": {"diameter": 5, "conjugate_isogenous_pairs": 43, "eigenvalues": [6.581196694128547, -6.622426421498838]}}}