{"prime": 20357, "nodes": 1697, "minpoly": "x^2 + 20349*x + 2", "spine": 69, "undirected": false, "ell": {"2": {"diameter": 15, "conjugate_isogenous_pairs": 20, "eigenvalues": [2.827864086779875, -2.8248034319294746]}, "3": {"diameter": 10, "conjugate_isogenous_pairs": 109, "eigenvalues": [3.4384972220317462, -3.443729518461048]}, "5": {"diameter": 7, "conjugate_isogenous_pairs": 54, "eigenvalues": [4.444864076492089, -4.4437299842710996]}, "7": {"diameter": 6, "conjugate_isogenous_pairs": 133, "eigenvalues": [5.242614015078378, -5.246447586235817]}, "11": {"diameter": 5, "conjugate_isogenous_pairs": 66, "eigenvalues": [6.582546601874596, -6.576529288501072]}}}