{"prime": 15199, "nodes": 1267, "minpoly": "x^2 + 15197*x + 6", "spine": 69, "undirected": false, "ell": {"2": {"diameter": 15, "conjugate_isogenous_pairs": 29, "eigenvalues": [2.8233987024110814, -2.8235350259495404]}, "3": {"diameter": 10, "conjugate_isogenous_pairs": 27, "eigenvalues": [3.4550041597961143, -3.4352464633408326]}, "5": {"diameter": 7, "conjugate_isogenous_pairs": 102, "eigenvalues": [4.435537965416309, -4.427807712410904]}, "7": {"diameter": 6, "conjugate_isogenous_pairs": 27, "eigenvalues": [5.26090741827376, -5.253297325775848]}, "11": {"diameter": 5, "conjugate_isogenous_pairs": 110, "eigenvalues": [6.5273458600192065, -6.578153713049463]}}}