{"prime": 17207, "nodes": 1435, "minpoly": "x^2 + 17205*x + 5", "spine": 65, "undirected": false, "ell": {"2": {"diameter": 14, "conjugate_isogenous_pairs": 22, "eigenvalues": [2.8241817721536506, -2.814563051453689]}, "3": {"diameter": 10, "conjugate_isogenous_pairs": 45, "eigenvalues": [3.449804246135141, -3.4392245007964877]}, "5": {"diameter": 7, "conjugate_isogenous_pairs": 62, "eigenvalues": [4.44678005215245, -4.445006837080718]}, "7": {"diameter": 6, "conjugate_isogenous_pairs": 128, "eigenvalues": [5.254315588531713, -5.240699929850151]}, "11": {"diameter": 5, "conjugate_isogenous_pairs": 43, "eigenvalues": [6.516671102769741, -6.603635492297598]}}}