{"prime": 15643, "nodes": 1304, "minpoly": "x^2 + 15641*x + 5", "spine": 30, "undirected": false, "ell": {"2": {"diameter": 14, "conjugate_isogenous_pairs": 57, "eigenvalues": [2.8262503765982614, -2.826787802679872]}, "3": {"diameter": 9, "conjugate_isogenous_pairs": 45, "eigenvalues": [3.44545054768801, -3.45090123728595]}, "5": {"diameter": 7, "conjugate_isogenous_pairs": 89, "eigenvalues": [4.43670818717071, -4.453255209265107]}, "7": {"diameter": 5, "conjugate_isogenous_pairs": 45, "eigenvalues": [5.225708694702115, -5.260488078787597]}, "11": {"diameter": 5, "conjugate_isogenous_pairs": 94, "eigenvalues": [6.606956994371893, -6.5172377067153135]}}}