{"prime": 24547, "nodes": 2046, "minpoly": "x^2 + 24546*x + 2", "spine": 70, "undirected": false, "ell": {"2": {"diameter": 15, "conjugate_isogenous_pairs": 62, "eigenvalues": [2.8186067560637538, -2.8170499678342837]}, "3": {"diameter": 9, "conjugate_isogenous_pairs": 54, "eigenvalues": [3.4524468378657196, -3.458625660468262]}, "5": {"diameter": 7, "conjugate_isogenous_pairs": 153, "eigenvalues": [4.445681069512842, -4.429259342193886]}, "7": {"diameter": 6, "conjugate_isogenous_pairs": 57, "eigenvalues": [5.229731911025597, -5.261368562690351]}, "11": {"diameter": 5, "conjugate_isogenous_pairs": 105, "eigenvalues": [6.6123158440937635, -6.493128096444045]}}}