{"prime": 1579, "nodes": 132, "minpoly": "x^2 + 1578*x + 3", "spine": 18, "undirected": false, "ell": {"2": {"diameter": 9, "conjugate_isogenous_pairs": 10, "eigenvalues": [2.769964162400064, -2.7961794549560928]}, "3": {"diameter": 7, "conjugate_isogenous_pairs": 8, "eigenvalues": [3.400841335049564, -3.401342354805556]}, "5": {"diameter": 5, "conjugate_isogenous_pairs": 42, "eigenvalues": [4.385963735401116, -4.304063713715077]}, "7": {"diameter": 4, "conjugate_isogenous_pairs": 9, "eigenvalues": [4.991150019460838, -5.188484028402568]}, "11": {"diameter": 3, "conjugate_isogenous_pairs": 27, "eigenvalues": [6.403851294782353, -6.372815957567485]}}}