{"prime": 9623, "nodes": 803, "minpoly": "x^2 + 9621*x + 5", "spine": 95, "undirected": false, "ell": {"2": {"diameter": 13, "conjugate_isogenous_pairs": 23, "eigenvalues": [2.8195928756662605, -2.8170948134418334]}, "3": {"diameter": 10, "conjugate_isogenous_pairs": 26, "eigenvalues": [3.433956849372459, -3.4524687475729015]}, "5": {"diameter": 7, "conjugate_isogenous_pairs": 24, "eigenvalues": [4.376189139627381, -4.450557009947853]}, "7": {"diameter": 5, "conjugate_isogenous_pairs": 78, "eigenvalues": [5.254805234477432, -5.253304615230485]}, "11": {"diameter": 4, "conjugate_isogenous_pairs": 26, "eigenvalues": [6.594812576830453, -6.419556589594098]}}}