{"prime": 389, "nodes": 33, "minpoly": "x^2 + 379*x + 2", "spine": 11, "undirected": false, "ell": {"2": {"diameter": 8, "conjugate_isogenous_pairs": 3, "eigenvalues": [2.673158045661973, -2.7761254954276136]}, "3": {"diameter": 5, "conjugate_isogenous_pairs": 8, "eigenvalues": [3.2555291589611457, -3.4142135623730954]}, "5": {"diameter": 4, "conjugate_isogenous_pairs": 4, "eigenvalues": [4.38447834154825, -3.903211925911553]}, "7": {"diameter": 3, "conjugate_isogenous_pairs": 6, "eigenvalues": [4.986553768104708, -5.000000000000005]}, "11": {"diameter": 3, "conjugate_isogenous_pairs": 7, "eigenvalues": [6.497082790524157, -5.068707462860366]}}}