{"prime": 6917, "nodes": 577, "minpoly": "x^2 + 6913*x + 2", "spine": 25, "undirected": false, "ell": {"2": {"diameter": 12, "conjugate_isogenous_pairs": 18, "eigenvalues": [2.800446660699483, -2.8253905107458652]}, "3": {"diameter": 9, "conjugate_isogenous_pairs": 66, "eigenvalues": [3.4616650711654113, -3.4481275831996863]}, "5": {"diameter": 6, "conjugate_isogenous_pairs": 18, "eigenvalues": [4.3842397688140125, -4.465461982228356]}, "7": {"diameter": 5, "conjugate_isogenous_pairs": 58, "eigenvalues": [5.230828077702982, -5.209217425409817]}, "11": {"diameter": 5, "conjugate_isogenous_pairs": 39, "eigenvalues": [6.477319989347973, -6.6091095163781]}}}