{"prime": 17659, "nodes": 1472, "minpoly": "x^2 + 17643*x + 3", "spine": 54, "undirected": false, "ell": {"2": {"diameter": 14, "conjugate_isogenous_pairs": 44, "eigenvalues": [2.824511769834219, -2.8195393073186827]}, "3": {"diameter": 9, "conjugate_isogenous_pairs": 21, "eigenvalues": [3.4435748042181356, -3.459287480461864]}, "5": {"diameter": 7, "conjugate_isogenous_pairs": 107, "eigenvalues": [4.43664701028754, -4.452748298230578]}, "7": {"diameter": 6, "conjugate_isogenous_pairs": 39, "eigenvalues": [5.265502427803164, -5.260141336551274]}, "11": {"diameter": 5, "conjugate_isogenous_pairs": 174, "eigenvalues": [6.58427762098563, -6.629432054934445]}}}