{"prime": 9431, "nodes": 787, "minpoly": "x^2 + 9430*x + 7", "spine": 91, "undirected": false, "ell": {"2": {"diameter": 13, "conjugate_isogenous_pairs": 14, "eigenvalues": [2.8123560971496016, -2.8199333606129575]}, "3": {"diameter": 9, "conjugate_isogenous_pairs": 22, "eigenvalues": [3.4510851195694228, -3.4238582218315123]}, "5": {"diameter": 6, "conjugate_isogenous_pairs": 32, "eigenvalues": [4.429573285335718, -4.447536657787947]}, "7": {"diameter": 6, "conjugate_isogenous_pairs": 55, "eigenvalues": [5.180671250001103, -5.284088267896684]}, "11": {"diameter": 5, "conjugate_isogenous_pairs": 41, "eigenvalues": [6.525798995153378, -6.467748991869345]}}}