{"prime": 23321, "nodes": 1944, "minpoly": "x^2 + 23315*x + 3", "spine": 84, "undirected": false, "ell": {"2": {"diameter": 15, "conjugate_isogenous_pairs": 17, "eigenvalues": [2.8261479120315824, -2.822753072565034]}, "3": {"diameter": 10, "conjugate_isogenous_pairs": 53, "eigenvalues": [3.4271093779428514, -3.4504398368397164]}, "5": {"diameter": 7, "conjugate_isogenous_pairs": 47, "eigenvalues": [4.461587230906233, -4.466877534067428]}, "7": {"diameter": 6, "conjugate_isogenous_pairs": 165, "eigenvalues": [5.241033769742027, -5.262471526148342]}, "11": {"diameter": 5, "conjugate_isogenous_pairs": 76, "eigenvalues": [6.562329808841039, -6.5358820774938025]}}}