{"prime": 8329, "nodes": 694, "minpoly": "x^2 + 8322*x + 7", "spine": 40, "undirected": true, "ell": {"2": {"diameter": 12, "conjugate_isogenous_pairs": 26, "eigenvalues": [2.821704552189263, -2.7982795635500577]}, "3": {"diameter": 8, "conjugate_isogenous_pairs": 27, "eigenvalues": [3.423404094879467, -3.4346730741070806]}, "5": {"diameter": 6, "conjugate_isogenous_pairs": 44, "eigenvalues": [4.436185291048214, -4.430731481967605]}, "7": {"diameter": 5, "conjugate_isogenous_pairs": 46, "eigenvalues": [5.258686046528694, -5.2454573218504645]}, "11": {"diameter": 4, "conjugate_isogenous_pairs": 99, "eigenvalues": [6.580767468204632, -6.614965095493984]}}}