{"prime": 12511, "nodes": 1043, "minpoly": "x^2 + 12509*x + 3", "spine": 43, "undirected": false, "ell": {"2": {"diameter": 13, "conjugate_isogenous_pairs": 41, "eigenvalues": [2.8114401443890342, -2.8190378213854888]}, "3": {"diameter": 9, "conjugate_isogenous_pairs": 24, "eigenvalues": [3.4348904513497738, -3.4409409123227097]}, "5": {"diameter": 7, "conjugate_isogenous_pairs": 69, "eigenvalues": [4.458331431299409, -4.465135804046074]}, "7": {"diameter": 5, "conjugate_isogenous_pairs": 30, "eigenvalues": [5.223135190771294, -5.268374545134939]}, "11": {"diameter": 5, "conjugate_isogenous_pairs": 91, "eigenvalues": [6.617389174181998, -6.586011871192762]}}}