{"prime": 6101, "nodes": 509, "minpoly": "x^2 + 6097*x + 2", "spine": 53, "undirected": false, "ell": {"2": {"diameter": 12, "conjugate_isogenous_pairs": 8, "eigenvalues": [2.81453280074505, -2.817318927335936]}, "3": {"diameter": 9, "conjugate_isogenous_pairs": 45, "eigenvalues": [3.439601350590327, -3.4169995635550365]}, "5": {"diameter": 6, "conjugate_isogenous_pairs": 22, "eigenvalues": [4.44477441489822, -4.416308374287067]}, "7": {"diameter": 5, "conjugate_isogenous_pairs": 46, "eigenvalues": [5.241489660184637, -5.224666373641455]}, "11": {"diameter": 4, "conjugate_isogenous_pairs": 60, "eigenvalues": [6.5112158549409695, -6.528458265222103]}}}