{"prime": 24683, "nodes": 2058, "minpoly": "x^2 + 24677*x + 2", "spine": 102, "undirected": false, "ell": {"2": {"diameter": 15, "conjugate_isogenous_pairs": 21, "eigenvalues": [2.8268730856515805, -2.8248332099668976]}, "3": {"diameter": 10, "conjugate_isogenous_pairs": 64, "eigenvalues": [3.4541246049589915, -3.4574737718191786]}, "5": {"diameter": 7, "conjugate_isogenous_pairs": 100, "eigenvalues": [4.462460115983373, -4.469129836072325]}, "7": {"diameter": 6, "conjugate_isogenous_pairs": 92, "eigenvalues": [5.264275366471383, -5.25120061185977]}, "11": {"diameter": 5, "conjugate_isogenous_pairs": 43, "eigenvalues": [6.589893638495704, -6.584649798591215]}}}