{"prime": 10289, "nodes": 858, "minpoly": "x^2 + 10283*x + 3", "spine": 74, "undirected": false, "ell": {"2": {"diameter": 14, "conjugate_isogenous_pairs": 14, "eigenvalues": [2.8206043800140113, -2.825773618004814]}, "3": {"diameter": 9, "conjugate_isogenous_pairs": 21, "eigenvalues": [3.4423263241390343, -3.427621719385868]}, "5": {"diameter": 7, "conjugate_isogenous_pairs": 23, "eigenvalues": [4.415429560355116, -4.39680556708905]}, "7": {"diameter": 6, "conjugate_isogenous_pairs": 119, "eigenvalues": [5.2569454650941525, -5.1876326488263516]}, "11": {"diameter": 5, "conjugate_isogenous_pairs": 73, "eigenvalues": [6.581673462641919, -6.491614209175068]}}}