{"prime": 3449, "nodes": 288, "minpoly": "x^2 + 3448*x + 3", "spine": 50, "undirected": false, "ell": {"2": {"diameter": 12, "conjugate_isogenous_pairs": 9, "eigenvalues": [2.7956744710357824, -2.8134039162592788]}, "3": {"diameter": 8, "conjugate_isogenous_pairs": 16, "eigenvalues": [3.3930194996362695, -3.428404133515067]}, "5": {"diameter": 6, "conjugate_isogenous_pairs": 10, "eigenvalues": [4.437761223998986, -4.393581582320844]}, "7": {"diameter": 5, "conjugate_isogenous_pairs": 32, "eigenvalues": [5.068436158264337, -5.167330640865857]}, "11": {"diameter": 4, "conjugate_isogenous_pairs": 34, "eigenvalues": [6.5670404888173115, -6.22227213043]}}}