{"prime": 907, "nodes": 76, "minpoly": "x^2 + 903*x + 2", "spine": 6, "undirected": false, "ell": {"2": {"diameter": 9, "conjugate_isogenous_pairs": 10, "eigenvalues": [2.7308961285336864, -2.757443793669026]}, "3": {"diameter": 6, "conjugate_isogenous_pairs": 12, "eigenvalues": [3.3590909811307985, -3.4335547461431895]}, "5": {"diameter": 5, "conjugate_isogenous_pairs": 24, "eigenvalues": [4.240737171093837, -4.374314143600177]}, "7": {"diameter": 4, "conjugate_isogenous_pairs": 9, "eigenvalues": [5.036279418484972, -4.954153780911411]}, "11": {"diameter": 3, "conjugate_isogenous_pairs": 15, "eigenvalues": [6.48213089077513, -6.1999467745565475]}}}