{"prime": 8273, "nodes": 690, "minpoly": "x^2 + 8266*x + 3", "spine": 32, "undirected": false, "ell": {"2": {"diameter": 13, "conjugate_isogenous_pairs": 25, "eigenvalues": [2.8188553212580043, -2.8017036680235288]}, "3": {"diameter": 8, "conjugate_isogenous_pairs": 24, "eigenvalues": [3.4450823482947603, -3.454423219314337]}, "5": {"diameter": 6, "conjugate_isogenous_pairs": 26, "eigenvalues": [4.403377066613497, -4.387056108695746]}, "7": {"diameter": 5, "conjugate_isogenous_pairs": 154, "eigenvalues": [5.226134820548037, -5.196696759159695]}, "11": {"diameter": 4, "conjugate_isogenous_pairs": 51, "eigenvalues": [6.480158465393791, -6.56812347973911]}}}