{"prime": 25357, "nodes": 2113, "minpoly": "x^2 + 25356*x + 2", "spine": 33, "undirected": true, "ell": {"2": {"diameter": 15, "conjugate_isogenous_pairs": 77, "eigenvalues": [2.824063381216291, -2.827926125940491]}, "3": {"diameter": 9, "conjugate_isogenous_pairs": 110, "eigenvalues": [3.4529283121905294, -3.4590313597640523]}, "5": {"diameter": 7, "conjugate_isogenous_pairs": 86, "eigenvalues": [4.455441962115568, -4.440503770957188]}, "7": {"diameter": 6, "conjugate_isogenous_pairs": 71, "eigenvalues": [5.2527556895869525, -5.271899960129375]}, "11": {"diameter": 5, "conjugate_isogenous_pairs": 257, "eigenvalues": [6.617557809038387, -6.609087142591804]}}}