{"prime": 17027, "nodes": 1420, "minpoly": "x^2 + 17026*x + 2", "spine": 98, "undirected": false, "ell": {"2": {"diameter": 15, "conjugate_isogenous_pairs": 22, "eigenvalues": [2.822698566901728, -2.823845275261937]}, "3": {"diameter": 10, "conjugate_isogenous_pairs": 51, "eigenvalues": [3.433961787327095, -3.4289448955476094]}, "5": {"diameter": 7, "conjugate_isogenous_pairs": 52, "eigenvalues": [4.416610032390505, -4.456285018910533]}, "7": {"diameter": 6, "conjugate_isogenous_pairs": 95, "eigenvalues": [5.209101629937902, -5.240329950279025]}, "11": {"diameter": 5, "conjugate_isogenous_pairs": 49, "eigenvalues": [6.558407604287951, -6.602961795510185]}}}