{"prime": 19469, "nodes": 1623, "minpoly": "x^2 + 19465*x + 2", "spine": 83, "undirected": false, "ell": {"2": {"diameter": 14, "conjugate_isogenous_pairs": 16, "eigenvalues": [2.820930830057028, -2.8220437933408613]}, "3": {"diameter": 10, "conjugate_isogenous_pairs": 77, "eigenvalues": [3.458985494138172, -3.455372087138306]}, "5": {"diameter": 7, "conjugate_isogenous_pairs": 43, "eigenvalues": [4.455457581625624, -4.466086833790817]}, "7": {"diameter": 6, "conjugate_isogenous_pairs": 85, "eigenvalues": [5.258189798355772, -5.285113826428693]}, "11": {"diameter": 5, "conjugate_isogenous_pairs": 135, "eigenvalues": [6.569595216932502, -6.630675657383852]}}}