{"prime": 22777, "nodes": 1898, "minpoly": "x^2 + 22774*x + 7", "spine": 42, "undirected": true, "ell": {"2": {"diameter": 15, "conjugate_isogenous_pairs": 60, "eigenvalues": [2.8183427137585872, -2.8282216599013212]}, "3": {"diameter": 10, "conjugate_isogenous_pairs": 78, "eigenvalues": [3.454417684182507, -3.445155903497503]}, "5": {"diameter": 7, "conjugate_isogenous_pairs": 63, "eigenvalues": [4.463762287184982, -4.471673388936701]}, "7": {"diameter": 6, "conjugate_isogenous_pairs": 107, "eigenvalues": [5.267401145335178, -5.280589603984341]}, "11": {"diameter": 5, "conjugate_isogenous_pairs": 149, "eigenvalues": [6.603235894863484, -6.504433252685457]}}}