{"prime": 8039, "nodes": 671, "minpoly": "x^2 + 8035*x + 11", "spine": 113, "undirected": false, "ell": {"2": {"diameter": 14, "conjugate_isogenous_pairs": 13, "eigenvalues": [2.8252023820299264, -2.8104999022872463]}, "3": {"diameter": 9, "conjugate_isogenous_pairs": 12, "eigenvalues": [3.4480805503334833, -3.428159203591654]}, "5": {"diameter": 7, "conjugate_isogenous_pairs": 20, "eigenvalues": [4.3698600140034225, -4.417971701673959]}, "7": {"diameter": 6, "conjugate_isogenous_pairs": 56, "eigenvalues": [5.2902577171841845, -5.171455070179817]}, "11": {"diameter": 5, "conjugate_isogenous_pairs": 50, "eigenvalues": [6.481641841308853, -6.574111659872979]}}}