{"prime": 23971, "nodes": 1998, "minpoly": "x^2 + 23969*x + 10", "spine": 94, "undirected": false, "ell": {"2": {"diameter": 16, "conjugate_isogenous_pairs": 47, "eigenvalues": [2.8232811204697383, -2.820284569471708]}, "3": {"diameter": 10, "conjugate_isogenous_pairs": 32, "eigenvalues": [3.453577813095819, -3.439214217036914]}, "5": {"diameter": 7, "conjugate_isogenous_pairs": 111, "eigenvalues": [4.459442749268682, -4.430884704024352]}, "7": {"diameter": 6, "conjugate_isogenous_pairs": 27, "eigenvalues": [5.27631559568505, -5.290074177522171]}, "11": {"diameter": 5, "conjugate_isogenous_pairs": 173, "eigenvalues": [6.574016555098583, -6.592905009098181]}}}