{"prime": 26251, "nodes": 2188, "minpoly": "x^2 + 26247*x + 2", "spine": 46, "undirected": false, "ell": {"2": {"diameter": 15, "conjugate_isogenous_pairs": 33, "eigenvalues": [2.826035829653892, -2.817337895723383]}, "3": {"diameter": 9, "conjugate_isogenous_pairs": 41, "eigenvalues": [3.460226146368697, -3.448741214112497]}, "5": {"diameter": 7, "conjugate_isogenous_pairs": 202, "eigenvalues": [4.458595384576213, -4.447494122571149]}, "7": {"diameter": 6, "conjugate_isogenous_pairs": 52, "eigenvalues": [5.27058205143861, -5.260435513489934]}, "11": {"diameter": 5, "conjugate_isogenous_pairs": 145, "eigenvalues": [6.623909013425873, -6.618857550754499]}}}