{"prime": 2659, "nodes": 222, "minpoly": "x^2 + 2658*x + 2", "spine": 26, "undirected": false, "ell": {"2": {"diameter": 12, "conjugate_isogenous_pairs": 14, "eigenvalues": [2.80974032838913, -2.8156971846839247]}, "3": {"diameter": 7, "conjugate_isogenous_pairs": 8, "eigenvalues": [3.412826874803045, -3.4253800749388366]}, "5": {"diameter": 5, "conjugate_isogenous_pairs": 52, "eigenvalues": [4.395628160589828, -4.362090871477635]}, "7": {"diameter": 4, "conjugate_isogenous_pairs": 13, "eigenvalues": [5.092451542743608, -5.162683933347273]}, "11": {"diameter": 4, "conjugate_isogenous_pairs": 50, "eigenvalues": [6.449157469732137, -6.52173781391388]}}}