{"prime": 27527, "nodes": 2295, "minpoly": "x^2 + 27526*x + 5", "spine": 169, "undirected": false, "ell": {"2": {"diameter": 15, "conjugate_isogenous_pairs": 45, "eigenvalues": [2.821579494284162, -2.813590028005451]}, "3": {"diameter": 11, "conjugate_isogenous_pairs": 40, "eigenvalues": [3.4533162771939754, -3.442514238541352]}, "5": {"diameter": 7, "conjugate_isogenous_pairs": 47, "eigenvalues": [4.450181556424161, -4.464229049291685]}, "7": {"diameter": 6, "conjugate_isogenous_pairs": 139, "eigenvalues": [5.2434464844587545, -5.235791955661307]}, "11": {"diameter": 5, "conjugate_isogenous_pairs": 57, "eigenvalues": [6.628646520943612, -6.621203900330486]}}}