{"prime": 14851, "nodes": 1238, "minpoly": "x^2 + 14847*x + 2", "spine": 30, "undirected": false, "ell": {"2": {"diameter": 13, "conjugate_isogenous_pairs": 32, "eigenvalues": [2.8147291532771526, -2.820294825267917]}, "3": {"diameter": 9, "conjugate_isogenous_pairs": 27, "eigenvalues": [3.4224364244703014, -3.4454365562276528]}, "5": {"diameter": 7, "conjugate_isogenous_pairs": 157, "eigenvalues": [4.412674634920139, -4.433321868414186]}, "7": {"diameter": 5, "conjugate_isogenous_pairs": 40, "eigenvalues": [5.222634064069072, -5.227999236426221]}, "11": {"diameter": 5, "conjugate_isogenous_pairs": 117, "eigenvalues": [6.61134473262566, -6.449532433753433]}}}