{"prime": 17837, "nodes": 1487, "minpoly": "x^2 + 17833*x + 2", "spine": 57, "undirected": false, "ell": {"2": {"diameter": 15, "conjugate_isogenous_pairs": 23, "eigenvalues": [2.8236522905920687, -2.8273550710387374]}, "3": {"diameter": 10, "conjugate_isogenous_pairs": 109, "eigenvalues": [3.462318272677348, -3.4576991895403895]}, "5": {"diameter": 7, "conjugate_isogenous_pairs": 40, "eigenvalues": [4.449367599455179, -4.455416700774478]}, "7": {"diameter": 6, "conjugate_isogenous_pairs": 113, "eigenvalues": [5.228354997577247, -5.270670895545344]}, "11": {"diameter": 5, "conjugate_isogenous_pairs": 73, "eigenvalues": [6.612216100152124, -6.601865511717877]}}}