{"prime": 11867, "nodes": 990, "minpoly": "x^2 + 11863*x + 2", "spine": 50, "undirected": false, "ell": {"2": {"diameter": 13, "conjugate_isogenous_pairs": 28, "eigenvalues": [2.820671944662843, -2.8163827812496147]}, "3": {"diameter": 10, "conjugate_isogenous_pairs": 37, "eigenvalues": [3.4561449922261693, -3.428852312850742]}, "5": {"diameter": 7, "conjugate_isogenous_pairs": 49, "eigenvalues": [4.430448367372633, -4.4197061310647054]}, "7": {"diameter": 6, "conjugate_isogenous_pairs": 81, "eigenvalues": [5.266624509678269, -5.236006516110522]}, "11": {"diameter": 5, "conjugate_isogenous_pairs": 27, "eigenvalues": [6.6210889112973925, -6.577100587190838]}}}