{"prime": 15581, "nodes": 1299, "minpoly": "x^2 + 15580*x + 2", "spine": 73, "undirected": false, "ell": {"2": {"diameter": 15, "conjugate_isogenous_pairs": 28, "eigenvalues": [2.8185894070531012, -2.810148545877276]}, "3": {"diameter": 10, "conjugate_isogenous_pairs": 46, "eigenvalues": [3.4417417394075533, -3.4415102853676665]}, "5": {"diameter": 7, "conjugate_isogenous_pairs": 22, "eigenvalues": [4.459420647375189, -4.430690114790079]}, "7": {"diameter": 6, "conjugate_isogenous_pairs": 82, "eigenvalues": [5.253376144590613, -5.2565081643846865]}, "11": {"diameter": 5, "conjugate_isogenous_pairs": 140, "eigenvalues": [6.566002431629374, -6.563880383169998]}}}