{"prime": 14323, "nodes": 1194, "minpoly": "x^2 + 14321*x + 5", "spine": 30, "undirected": false, "ell": {"2": {"diameter": 14, "conjugate_isogenous_pairs": 51, "eigenvalues": [2.8264029405106896, -2.811522382484685]}, "3": {"diameter": 9, "conjugate_isogenous_pairs": 54, "eigenvalues": [3.456431207288381, -3.4609384420764764]}, "5": {"diameter": 7, "conjugate_isogenous_pairs": 88, "eigenvalues": [4.4314468129387, -4.461291126111748]}, "7": {"diameter": 6, "conjugate_isogenous_pairs": 39, "eigenvalues": [5.222637170857882, -5.258487589655986]}, "11": {"diameter": 5, "conjugate_isogenous_pairs": 57, "eigenvalues": [6.57503514235015, -6.57752526934102]}}}