{"prime": 7877, "nodes": 657, "minpoly": "x^2 + 7873*x + 2", "spine": 31, "undirected": false, "ell": {"2": {"diameter": 12, "conjugate_isogenous_pairs": 17, "eigenvalues": [2.8252133032405404, -2.8179776699031103]}, "3": {"diameter": 9, "conjugate_isogenous_pairs": 74, "eigenvalues": [3.4390310445773373, -3.429363583683063]}, "5": {"diameter": 6, "conjugate_isogenous_pairs": 26, "eigenvalues": [4.4017871945118765, -4.426431386997396]}, "7": {"diameter": 5, "conjugate_isogenous_pairs": 77, "eigenvalues": [5.272156392114824, -5.175305401834664]}, "11": {"diameter": 4, "conjugate_isogenous_pairs": 45, "eigenvalues": [6.613028809823491, -6.589494481729568]}}}