{"prime": 19739, "nodes": 1646, "minpoly": "x^2 + 19738*x + 2", "spine": 122, "undirected": false, "ell": {"2": {"diameter": 15, "conjugate_isogenous_pairs": 35, "eigenvalues": [2.8240485199854084, -2.816640621190671]}, "3": {"diameter": 10, "conjugate_isogenous_pairs": 22, "eigenvalues": [3.4378392414504257, -3.458635983654841]}, "5": {"diameter": 7, "conjugate_isogenous_pairs": 52, "eigenvalues": [4.4663679874295665, -4.452868667490991]}, "7": {"diameter": 6, "conjugate_isogenous_pairs": 63, "eigenvalues": [5.234713122411826, -5.237455590081488]}, "11": {"diameter": 5, "conjugate_isogenous_pairs": 72, "eigenvalues": [6.602444997711939, -6.580977441926512]}}}