{"prime": 557, "nodes": 47, "minpoly": "x^2 + 553*x + 2", "spine": 9, "undirected": false, "ell": {"2": {"diameter": 7, "conjugate_isogenous_pairs": 5, "eigenvalues": [2.598676626836942, -2.770480024169051]}, "3": {"diameter": 6, "conjugate_isogenous_pairs": 13, "eigenvalues": [3.4350828302457987, -3.3807738000032312]}, "5": {"diameter": 4, "conjugate_isogenous_pairs": 6, "eigenvalues": [4.224125634588852, -4.1880154114863695]}, "7": {"diameter": 4, "conjugate_isogenous_pairs": 13, "eigenvalues": [5.000000000000034, -4.475601166113791]}, "11": {"diameter": 3, "conjugate_isogenous_pairs": 7, "eigenvalues": [6.56318766762922, -6.0000000000000036]}}}