{"prime": 14779, "nodes": 1232, "minpoly": "x^2 + 14778*x + 3", "spine": 34, "undirected": false, "ell": {"2": {"diameter": 14, "conjugate_isogenous_pairs": 30, "eigenvalues": [2.8125769575064083, -2.826096849633447]}, "3": {"diameter": 9, "conjugate_isogenous_pairs": 34, "eigenvalues": [3.4472575425273244, -3.4536200916019326]}, "5": {"diameter": 7, "conjugate_isogenous_pairs": 170, "eigenvalues": [4.412464100950894, -4.454002516667669]}, "7": {"diameter": 6, "conjugate_isogenous_pairs": 36, "eigenvalues": [5.216729506932191, -5.2670253143777686]}, "11": {"diameter": 5, "conjugate_isogenous_pairs": 125, "eigenvalues": [6.610957025186802, -6.592040868192225]}}}