{"prime": 18439, "nodes": 1537, "minpoly": "x^2 + 18437*x + 3", "spine": 43, "undirected": false, "ell": {"2": {"diameter": 14, "conjugate_isogenous_pairs": 38, "eigenvalues": [2.822818775698708, -2.825061857423015]}, "3": {"diameter": 9, "conjugate_isogenous_pairs": 36, "eigenvalues": [3.4597889873417027, -3.4391268751389075]}, "5": {"diameter": 7, "conjugate_isogenous_pairs": 112, "eigenvalues": [4.451396748793967, -4.453233478021734]}, "7": {"diameter": 6, "conjugate_isogenous_pairs": 49, "eigenvalues": [5.21295402402282, -5.272145319714336]}, "11": {"diameter": 5, "conjugate_isogenous_pairs": 123, "eigenvalues": [6.548813565672944, -6.573359221462382]}}}