{"prime": 10259, "nodes": 856, "minpoly": "x^2 + 10249*x + 2", "spine": 86, "undirected": false, "ell": {"2": {"diameter": 14, "conjugate_isogenous_pairs": 12, "eigenvalues": [2.8220736687257855, -2.8231972982448026]}, "3": {"diameter": 9, "conjugate_isogenous_pairs": 19, "eigenvalues": [3.42177399306515, -3.45251986056635]}, "5": {"diameter": 7, "conjugate_isogenous_pairs": 77, "eigenvalues": [4.42756369536301, -4.378702609474501]}, "7": {"diameter": 6, "conjugate_isogenous_pairs": 57, "eigenvalues": [5.263991700723095, -5.182103543348782]}, "11": {"diameter": 5, "conjugate_isogenous_pairs": 38, "eigenvalues": [6.5997742171322145, -6.582998725607065]}}}