{"prime": 18121, "nodes": 1510, "minpoly": "x^2 + 18120*x + 23", "spine": 62, "undirected": true, "ell": {"2": {"diameter": 14, "conjugate_isogenous_pairs": 47, "eigenvalues": [2.8243262444579957, -2.816221001530013]}, "3": {"diameter": 10, "conjugate_isogenous_pairs": 32, "eigenvalues": [3.455741150047861, -3.4526422210096563]}, "5": {"diameter": 6, "conjugate_isogenous_pairs": 51, "eigenvalues": [4.458836900142577, -4.432904899756702]}, "7": {"diameter": 5, "conjugate_isogenous_pairs": 73, "eigenvalues": [5.259529302655409, -5.2360515141397705]}, "11": {"diameter": 5, "conjugate_isogenous_pairs": 145, "eigenvalues": [6.626141114365157, -6.596325396716223]}}}