{"prime": 1697, "nodes": 142, "minpoly": "x^2 + 1692*x + 3", "spine": 14, "undirected": false, "ell": {"2": {"diameter": 10, "conjugate_isogenous_pairs": 12, "eigenvalues": [2.7844147374224315, -2.825177453295795]}, "3": {"diameter": 7, "conjugate_isogenous_pairs": 12, "eigenvalues": [3.413347393940772, -3.4243951488868416]}, "5": {"diameter": 5, "conjugate_isogenous_pairs": 9, "eigenvalues": [4.452283713073072, -4.265374139632143]}, "7": {"diameter": 4, "conjugate_isogenous_pairs": 50, "eigenvalues": [5.130392595737185, -5.1204584229308585]}, "11": {"diameter": 4, "conjugate_isogenous_pairs": 19, "eigenvalues": [6.204841756459564, -6.5873790807108294]}}}