{"prime": 18397, "nodes": 1533, "minpoly": "x^2 + 18396*x + 6", "spine": 17, "undirected": true, "ell": {"2": {"diameter": 14, "conjugate_isogenous_pairs": 66, "eigenvalues": [2.8243259628965514, -2.825245141873128]}, "3": {"diameter": 9, "conjugate_isogenous_pairs": 114, "eigenvalues": [3.4604133221678794, -3.442769620185321]}, "5": {"diameter": 6, "conjugate_isogenous_pairs": 69, "eigenvalues": [4.427366972492401, -4.453974993968185]}, "7": {"diameter": 6, "conjugate_isogenous_pairs": 77, "eigenvalues": [5.276207089790293, -5.275624568913806]}, "11": {"diameter": 5, "conjugate_isogenous_pairs": 169, "eigenvalues": [6.524979207381895, -6.6252282450857125]}}}