{"prime": 8293, "nodes": 691, "minpoly": "x^2 + 8292*x + 2", "spine": 23, "undirected": true, "ell": {"2": {"diameter": 13, "conjugate_isogenous_pairs": 29, "eigenvalues": [2.8194349661313765, -2.817126233835382]}, "3": {"diameter": 8, "conjugate_isogenous_pairs": 64, "eigenvalues": [3.449411365283236, -3.455645245204303]}, "5": {"diameter": 6, "conjugate_isogenous_pairs": 42, "eigenvalues": [4.456884229701023, -4.4516323335835715]}, "7": {"diameter": 5, "conjugate_isogenous_pairs": 43, "eigenvalues": [5.1631829325577145, -5.247343890730324]}, "11": {"diameter": 4, "conjugate_isogenous_pairs": 125, "eigenvalues": [6.596715819262184, -6.520319065817766]}}}