{"prime": 23339, "nodes": 1946, "minpoly": "x^2 + 23335*x + 2", "spine": 138, "undirected": false, "ell": {"2": {"diameter": 15, "conjugate_isogenous_pairs": 20, "eigenvalues": [2.8196320061762337, -2.8137998478203037]}, "3": {"diameter": 10, "conjugate_isogenous_pairs": 39, "eigenvalues": [3.4425859642685164, -3.4538236160204256]}, "5": {"diameter": 7, "conjugate_isogenous_pairs": 99, "eigenvalues": [4.447809484322358, -4.445723245390912]}, "7": {"diameter": 6, "conjugate_isogenous_pairs": 57, "eigenvalues": [5.277974924143294, -5.244196182612309]}, "11": {"diameter": 5, "conjugate_isogenous_pairs": 45, "eigenvalues": [6.588724344459374, -6.599889013012914]}}}