{"prime": 23599, "nodes": 1967, "minpoly": "x^2 + 23597*x + 3", "spine": 65, "undirected": false, "ell": {"2": {"diameter": 14, "conjugate_isogenous_pairs": 33, "eigenvalues": [2.8106827393631337, -2.823324016471644]}, "3": {"diameter": 10, "conjugate_isogenous_pairs": 48, "eigenvalues": [3.4464008101447323, -3.4610891047301195]}, "5": {"diameter": 7, "conjugate_isogenous_pairs": 105, "eigenvalues": [4.424733625727403, -4.444358594522603]}, "7": {"diameter": 6, "conjugate_isogenous_pairs": 51, "eigenvalues": [5.243417435898877, -5.269021222361156]}, "11": {"diameter": 5, "conjugate_isogenous_pairs": 128, "eigenvalues": [6.593193351402991, -6.591442393978986]}}}