{"prime": 24019, "nodes": 2002, "minpoly": "x^2 + 24015*x + 2", "spine": 66, "undirected": false, "ell": {"2": {"diameter": 15, "conjugate_isogenous_pairs": 37, "eigenvalues": [2.8202982380560115, -2.8200315471976594]}, "3": {"diameter": 10, "conjugate_isogenous_pairs": 38, "eigenvalues": [3.448441190738684, -3.453809547797418]}, "5": {"diameter": 7, "conjugate_isogenous_pairs": 218, "eigenvalues": [4.429003768725583, -4.449076360872265]}, "7": {"diameter": 6, "conjugate_isogenous_pairs": 41, "eigenvalues": [5.262455259901964, -5.270930433175101]}, "11": {"diameter": 5, "conjugate_isogenous_pairs": 135, "eigenvalues": [6.573221164262018, -6.58308453605648]}}}