{"prime": 15187, "nodes": 1266, "minpoly": "x^2 + 15183*x + 2", "spine": 30, "undirected": false, "ell": {"2": {"diameter": 14, "conjugate_isogenous_pairs": 31, "eigenvalues": [2.8202730038594823, -2.8151922323721235]}, "3": {"diameter": 9, "conjugate_isogenous_pairs": 63, "eigenvalues": [3.454076137893957, -3.4436306739671956]}, "5": {"diameter": 7, "conjugate_isogenous_pairs": 143, "eigenvalues": [4.465032901543658, -4.456140292826327]}, "7": {"diameter": 5, "conjugate_isogenous_pairs": 35, "eigenvalues": [5.282895079286763, -5.183283180695435]}, "11": {"diameter": 5, "conjugate_isogenous_pairs": 55, "eigenvalues": [6.548838983489536, -6.525278821281687]}}}