{"prime": 28307, "nodes": 2360, "minpoly": "x^2 + 28306*x + 2", "spine": 74, "undirected": false, "ell": {"2": {"diameter": 16, "conjugate_isogenous_pairs": 60, "eigenvalues": [2.8165410585535975, -2.827840693462666]}, "3": {"diameter": 10, "conjugate_isogenous_pairs": 48, "eigenvalues": [3.442882423324029, -3.4565601503868497]}, "5": {"diameter": 7, "conjugate_isogenous_pairs": 58, "eigenvalues": [4.445616268891524, -4.450938243110246]}, "7": {"diameter": 6, "conjugate_isogenous_pairs": 125, "eigenvalues": [5.24565267353383, -5.279661681894263]}, "11": {"diameter": 5, "conjugate_isogenous_pairs": 64, "eigenvalues": [6.623727384305723, -6.557874877216194]}}}