{"prime": 397, "nodes": 33, "minpoly": "x^2 + 392*x + 5", "spine": 3, "undirected": true, "ell": {"2": {"diameter": 7, "conjugate_isogenous_pairs": 8, "eigenvalues": [2.7374722627299746, -2.8054222090317595]}, "3": {"diameter": 5, "conjugate_isogenous_pairs": 9, "eigenvalues": [3.4142135623730927, -3.280522121774008]}, "5": {"diameter": 3, "conjugate_isogenous_pairs": 8, "eigenvalues": [3.883147185316196, -4.069468718906033]}, "7": {"diameter": 3, "conjugate_isogenous_pairs": 9, "eigenvalues": [5.112456696075354, -4.733424046660353]}, "11": {"diameter": 3, "conjugate_isogenous_pairs": 13, "eigenvalues": [5.789612605614079, -6.134772960435379]}}}