{"prime": 10729, "nodes": 894, "minpoly": "x^2 + 10722*x + 7", "spine": 44, "undirected": true, "ell": {"2": {"diameter": 13, "conjugate_isogenous_pairs": 34, "eigenvalues": [2.8098434614915835, -2.808969983602961]}, "3": {"diameter": 8, "conjugate_isogenous_pairs": 28, "eigenvalues": [3.426250191775955, -3.4387565816677057]}, "5": {"diameter": 6, "conjugate_isogenous_pairs": 39, "eigenvalues": [4.416684873939574, -4.443408376199362]}, "7": {"diameter": 5, "conjugate_isogenous_pairs": 63, "eigenvalues": [5.1846207589229705, -5.233809672500798]}, "11": {"diameter": 4, "conjugate_isogenous_pairs": 120, "eigenvalues": [6.586004018433955, -6.552873382208503]}}}