{"prime": 28219, "nodes": 2352, "minpoly": "x^2 + 28206*x + 3", "spine": 54, "undirected": false, "ell": {"2": {"diameter": 14, "conjugate_isogenous_pairs": 49, "eigenvalues": [2.823005236201444, -2.8268792656952657]}, "3": {"diameter": 10, "conjugate_isogenous_pairs": 57, "eigenvalues": [3.44601102108759, -3.4635553890246618]}, "5": {"diameter": 7, "conjugate_isogenous_pairs": 114, "eigenvalues": [4.457180944582487, -4.463107925148076]}, "7": {"diameter": 6, "conjugate_isogenous_pairs": 42, "eigenvalues": [5.2453696052285, -5.2847637319524]}, "11": {"diameter": 5, "conjugate_isogenous_pairs": 129, "eigenvalues": [6.6137980535488055, -6.57593123622123]}}}