{"prime": 12263, "nodes": 1023, "minpoly": "x^2 + 12262*x + 5", "spine": 105, "undirected": false, "ell": {"2": {"diameter": 15, "conjugate_isogenous_pairs": 19, "eigenvalues": [2.8149052361055618, -2.818504888983684]}, "3": {"diameter": 9, "conjugate_isogenous_pairs": 34, "eigenvalues": [3.4438687495940377, -3.4155186658656795]}, "5": {"diameter": 7, "conjugate_isogenous_pairs": 27, "eigenvalues": [4.469942122405458, -4.466576162403346]}, "7": {"diameter": 6, "conjugate_isogenous_pairs": 95, "eigenvalues": [5.235005784037558, -5.199243711255528]}, "11": {"diameter": 5, "conjugate_isogenous_pairs": 37, "eigenvalues": [6.612880377219103, -6.544463740071335]}}}