{"prime": 28493, "nodes": 2375, "minpoly": "x^2 + 28492*x + 2", "spine": 97, "undirected": false, "ell": {"2": {"diameter": 16, "conjugate_isogenous_pairs": 44, "eigenvalues": [2.824701495947206, -2.821105149948697]}, "3": {"diameter": 10, "conjugate_isogenous_pairs": 105, "eigenvalues": [3.4620757738634405, -3.4453996068351356]}, "5": {"diameter": 7, "conjugate_isogenous_pairs": 27, "eigenvalues": [4.432042697531895, -4.449181618810156]}, "7": {"diameter": 7, "conjugate_isogenous_pairs": 141, "eigenvalues": [5.259303322282994, -5.257838882977203]}, "11": {"diameter": 5, "conjugate_isogenous_pairs": 118, "eigenvalues": [6.568566578547665, -6.609346598721932]}}}