{"prime": 2447, "nodes": 205, "minpoly": "x^2 + 2446*x + 5", "spine": 37, "undirected": false, "ell": {"2": {"diameter": 11, "conjugate_isogenous_pairs": 9, "eigenvalues": [2.799465101807461, -2.8026750443250674]}, "3": {"diameter": 7, "conjugate_isogenous_pairs": 13, "eigenvalues": [3.4529167832585377, -3.4148722080603635]}, "5": {"diameter": 6, "conjugate_isogenous_pairs": 15, "eigenvalues": [4.330429752322517, -4.364507827765955]}, "7": {"diameter": 5, "conjugate_isogenous_pairs": 31, "eigenvalues": [5.138392097189168, -5.256035705719471]}, "11": {"diameter": 4, "conjugate_isogenous_pairs": 12, "eigenvalues": [6.542813391150558, -6.251987912691868]}}}