{"prime": 9973, "nodes": 831, "minpoly": "x^2 + 9969*x + 11", "spine": 23, "undirected": true, "ell": {"2": {"diameter": 14, "conjugate_isogenous_pairs": 53, "eigenvalues": [2.816817738020374, -2.802039557160601]}, "3": {"diameter": 8, "conjugate_isogenous_pairs": 66, "eigenvalues": [3.4064959747736205, -3.4367311898298136]}, "5": {"diameter": 6, "conjugate_isogenous_pairs": 52, "eigenvalues": [4.441534462892443, -4.464067426714276]}, "7": {"diameter": 5, "conjugate_isogenous_pairs": 47, "eigenvalues": [5.237011975359842, -5.228728102277245]}, "11": {"diameter": 4, "conjugate_isogenous_pairs": 140, "eigenvalues": [6.553772917297037, -6.565415716811347]}}}