{"prime": 8929, "nodes": 744, "minpoly": "x^2 + 8924*x + 11", "spine": 30, "undirected": true, "ell": {"2": {"diameter": 13, "conjugate_isogenous_pairs": 25, "eigenvalues": [2.8217205092306594, -2.8243092794817084]}, "3": {"diameter": 9, "conjugate_isogenous_pairs": 31, "eigenvalues": [3.4259825405671216, -3.4265542663945467]}, "5": {"diameter": 6, "conjugate_isogenous_pairs": 52, "eigenvalues": [4.423288069961259, -4.43740070025888]}, "7": {"diameter": 5, "conjugate_isogenous_pairs": 44, "eigenvalues": [5.2180582103451005, -5.237880016467376]}, "11": {"diameter": 4, "conjugate_isogenous_pairs": 108, "eigenvalues": [6.610185409811223, -6.5819623833980545]}}}