{"prime": 4019, "nodes": 336, "minpoly": "x^2 + 4015*x + 2", "spine": 38, "undirected": false, "ell": {"2": {"diameter": 12, "conjugate_isogenous_pairs": 8, "eigenvalues": [2.7963854192230317, -2.806065095430518]}, "3": {"diameter": 8, "conjugate_isogenous_pairs": 12, "eigenvalues": [3.432447532257811, -3.4148375385161422]}, "5": {"diameter": 6, "conjugate_isogenous_pairs": 34, "eigenvalues": [4.398327572021017, -4.350627791596]}, "7": {"diameter": 5, "conjugate_isogenous_pairs": 30, "eigenvalues": [5.203175751169836, -5.191635880203348]}, "11": {"diameter": 4, "conjugate_isogenous_pairs": 31, "eigenvalues": [6.620840920920234, -6.449866397373704]}}}