{"prime": 977, "nodes": 82, "minpoly": "x^2 + 972*x + 3", "spine": 10, "undirected": false, "ell": {"2": {"diameter": 9, "conjugate_isogenous_pairs": 7, "eigenvalues": [2.748769052721227, -2.762975868394631]}, "3": {"diameter": 6, "conjugate_isogenous_pairs": 11, "eigenvalues": [3.462287486393047, -3.2728939129030286]}, "5": {"diameter": 4, "conjugate_isogenous_pairs": 9, "eigenvalues": [4.056102940653714, -4.440481087211821]}, "7": {"diameter": 4, "conjugate_isogenous_pairs": 32, "eigenvalues": [5.161283155103858, -5.119497040529997]}, "11": {"diameter": 3, "conjugate_isogenous_pairs": 9, "eigenvalues": [6.533777767098232, -6.526011246661071]}}}