{"prime": 4597, "nodes": 383, "minpoly": "x^2 + 4596*x + 5", "spine": 19, "undirected": true, "ell": {"2": {"diameter": 12, "conjugate_isogenous_pairs": 29, "eigenvalues": [2.809691525978185, -2.8034823221638607]}, "3": {"diameter": 8, "conjugate_isogenous_pairs": 44, "eigenvalues": [3.4557612346775377, -3.4225745108681718]}, "5": {"diameter": 6, "conjugate_isogenous_pairs": 33, "eigenvalues": [4.4618180572136765, -4.413271680857734]}, "7": {"diameter": 5, "conjugate_isogenous_pairs": 30, "eigenvalues": [5.217338630535037, -5.271060175040065]}, "11": {"diameter": 4, "conjugate_isogenous_pairs": 95, "eigenvalues": [6.528417707637471, -6.424456328593661]}}}