{"prime": 23801, "nodes": 1984, "minpoly": "x^2 + 23791*x + 3", "spine": 102, "undirected": false, "ell": {"2": {"diameter": 15, "conjugate_isogenous_pairs": 20, "eigenvalues": [2.821254850872737, -2.827002499352176]}, "3": {"diameter": 10, "conjugate_isogenous_pairs": 52, "eigenvalues": [3.458798919283517, -3.46074379427822]}, "5": {"diameter": 7, "conjugate_isogenous_pairs": 45, "eigenvalues": [4.456178643857666, -4.460882266341515]}, "7": {"diameter": 6, "conjugate_isogenous_pairs": 157, "eigenvalues": [5.268440351631228, -5.28156736587966]}, "11": {"diameter": 5, "conjugate_isogenous_pairs": 85, "eigenvalues": [6.5891384194807525, -6.599456215018394]}}}