{"prime": 29611, "nodes": 2468, "minpoly": "x^2 + 29610*x + 3", "spine": 66, "undirected": false, "ell": {"2": {"diameter": 15, "conjugate_isogenous_pairs": 40, "eigenvalues": [2.8248079910565327, -2.8197517058900936]}, "3": {"diameter": 10, "conjugate_isogenous_pairs": 62, "eigenvalues": [3.4564487668290003, -3.45628828318589]}, "5": {"diameter": 7, "conjugate_isogenous_pairs": 197, "eigenvalues": [4.454525667777241, -4.448752212341921]}, "7": {"diameter": 6, "conjugate_isogenous_pairs": 38, "eigenvalues": [5.255407714374155, -5.228896642034378]}, "11": {"diameter": 5, "conjugate_isogenous_pairs": 134, "eigenvalues": [6.6097932292281385, -6.581703376105191]}}}