{"prime": 8501, "nodes": 709, "minpoly": "x^2 + 8500*x + 7", "spine": 75, "undirected": false, "ell": {"2": {"diameter": 14, "conjugate_isogenous_pairs": 14, "eigenvalues": [2.8133024730621914, -2.8250876808433136]}, "3": {"diameter": 9, "conjugate_isogenous_pairs": 34, "eigenvalues": [3.4206859159766565, -3.4458964655845676]}, "5": {"diameter": 7, "conjugate_isogenous_pairs": 15, "eigenvalues": [4.4143553196584415, -4.430309772009203]}, "7": {"diameter": 6, "conjugate_isogenous_pairs": 57, "eigenvalues": [5.240196061427757, -5.232974306027914]}, "11": {"diameter": 5, "conjugate_isogenous_pairs": 85, "eigenvalues": [6.597398805081575, -6.620935582938544]}}}