{"prime": 27689, "nodes": 2308, "minpoly": "x^2 + 27688*x + 3", "spine": 116, "undirected": false, "ell": {"2": {"diameter": 15, "conjugate_isogenous_pairs": 21, "eigenvalues": [2.8246045178284285, -2.823134158069696]}, "3": {"diameter": 10, "conjugate_isogenous_pairs": 68, "eigenvalues": [3.460894775903229, -3.4451978705403596]}, "5": {"diameter": 7, "conjugate_isogenous_pairs": 51, "eigenvalues": [4.461450827879776, -4.436253995213201]}, "7": {"diameter": 6, "conjugate_isogenous_pairs": 118, "eigenvalues": [5.283589298667362, -5.283213712896342]}, "11": {"diameter": 5, "conjugate_isogenous_pairs": 69, "eigenvalues": [6.631112498131127, -6.615081509363059]}}}