{"prime": 16369, "nodes": 1364, "minpoly": "x^2 + 16366*x + 7", "spine": 38, "undirected": true, "ell": {"2": {"diameter": 14, "conjugate_isogenous_pairs": 52, "eigenvalues": [2.8275687149978856, -2.8162283270020154]}, "3": {"diameter": 9, "conjugate_isogenous_pairs": 24, "eigenvalues": [3.43713380822925, -3.4350157941471204]}, "5": {"diameter": 6, "conjugate_isogenous_pairs": 59, "eigenvalues": [4.458259384326055, -4.456765540392001]}, "7": {"diameter": 5, "conjugate_isogenous_pairs": 80, "eigenvalues": [5.225258310041397, -5.182201963113458]}, "11": {"diameter": 5, "conjugate_isogenous_pairs": 194, "eigenvalues": [6.593289801584366, -6.602757157778218]}}}