{"prime": 7841, "nodes": 654, "minpoly": "x^2 + 7840*x + 12", "spine": 48, "undirected": false, "ell": {"2": {"diameter": 13, "conjugate_isogenous_pairs": 16, "eigenvalues": [2.8115084911070714, -2.823185653150531]}, "3": {"diameter": 9, "conjugate_isogenous_pairs": 25, "eigenvalues": [3.399670547684584, -3.4335743286790956]}, "5": {"diameter": 6, "conjugate_isogenous_pairs": 22, "eigenvalues": [4.440669621514008, -4.423430931205359]}, "7": {"diameter": 5, "conjugate_isogenous_pairs": 95, "eigenvalues": [5.261659671676373, -5.286365950753975]}, "11": {"diameter": 5, "conjugate_isogenous_pairs": 49, "eigenvalues": [6.53190046685256, -6.478386914533108]}}}