{"prime": 5087, "nodes": 425, "minpoly": "x^2 + 5086*x + 5", "spine": 69, "undirected": false, "ell": {"2": {"diameter": 12, "conjugate_isogenous_pairs": 18, "eigenvalues": [2.8121251182514433, -2.8148212057088866]}, "3": {"diameter": 9, "conjugate_isogenous_pairs": 18, "eigenvalues": [3.450513974420499, -3.4395410363679138]}, "5": {"diameter": 6, "conjugate_isogenous_pairs": 15, "eigenvalues": [4.352349107975849, -4.446698938025102]}, "7": {"diameter": 5, "conjugate_isogenous_pairs": 56, "eigenvalues": [5.128340607528127, -5.17878884498858]}, "11": {"diameter": 4, "conjugate_isogenous_pairs": 23, "eigenvalues": [6.451771054201147, -6.558705481157107]}}}