{"prime": 23893, "nodes": 1991, "minpoly": "x^2 + 23892*x + 5", "spine": 33, "undirected": true, "ell": {"2": {"diameter": 14, "conjugate_isogenous_pairs": 57, "eigenvalues": [2.8187805671357933, -2.8254972319196723]}, "3": {"diameter": 9, "conjugate_isogenous_pairs": 110, "eigenvalues": [3.4464267571190734, -3.4463502298438766]}, "5": {"diameter": 7, "conjugate_isogenous_pairs": 74, "eigenvalues": [4.447060061226468, -4.470360416599876]}, "7": {"diameter": 6, "conjugate_isogenous_pairs": 74, "eigenvalues": [5.28871572211454, -5.260595182150407]}, "11": {"diameter": 5, "conjugate_isogenous_pairs": 170, "eigenvalues": [6.589194399955177, -6.632207584853772]}}}