{"prime": 3019, "nodes": 252, "minpoly": "x^2 + 3015*x + 2", "spine": 14, "undirected": false, "ell": {"2": {"diameter": 12, "conjugate_isogenous_pairs": 15, "eigenvalues": [2.819730449400465, -2.763651171249402]}, "3": {"diameter": 8, "conjugate_isogenous_pairs": 17, "eigenvalues": [3.3855727360659698, -3.403315193133753]}, "5": {"diameter": 6, "conjugate_isogenous_pairs": 53, "eigenvalues": [4.438858631760857, -4.3451508295609775]}, "7": {"diameter": 5, "conjugate_isogenous_pairs": 17, "eigenvalues": [5.033579977407499, -5.151818415431889]}, "11": {"diameter": 4, "conjugate_isogenous_pairs": 39, "eigenvalues": [6.513313519749559, -6.5215514637633145]}}}