{"prime": 10091, "nodes": 842, "minpoly": "x^2 + 10087*x + 2", "spine": 78, "undirected": false, "ell": {"2": {"diameter": 14, "conjugate_isogenous_pairs": 11, "eigenvalues": [2.8116840895372848, -2.821418295577359]}, "3": {"diameter": 9, "conjugate_isogenous_pairs": 26, "eigenvalues": [3.4024362867125526, -3.4509069598544104]}, "5": {"diameter": 6, "conjugate_isogenous_pairs": 53, "eigenvalues": [4.462044952985904, -4.3907217991773475]}, "7": {"diameter": 6, "conjugate_isogenous_pairs": 48, "eigenvalues": [5.259897525749252, -5.247064367420923]}, "11": {"diameter": 5, "conjugate_isogenous_pairs": 42, "eigenvalues": [6.59133360087296, -6.5461499130198515]}}}