{"prime": 18047, "nodes": 1505, "minpoly": "x^2 + 18044*x + 5", "spine": 111, "undirected": false, "ell": {"2": {"diameter": 14, "conjugate_isogenous_pairs": 21, "eigenvalues": [2.82112591730879, -2.816746582135608]}, "3": {"diameter": 10, "conjugate_isogenous_pairs": 76, "eigenvalues": [3.4592808393483656, -3.44232560032889]}, "5": {"diameter": 7, "conjugate_isogenous_pairs": 51, "eigenvalues": [4.4245050063291105, -4.461119692179415]}, "7": {"diameter": 6, "conjugate_isogenous_pairs": 80, "eigenvalues": [5.2701379021425145, -5.245196314754817]}, "11": {"diameter": 5, "conjugate_isogenous_pairs": 33, "eigenvalues": [6.547566612163951, -6.604982234164343]}}}