{"prime": 15137, "nodes": 1262, "minpoly": "x^2 + 15132*x + 3", "spine": 46, "undirected": false, "ell": {"2": {"diameter": 14, "conjugate_isogenous_pairs": 28, "eigenvalues": [2.8228589358598457, -2.8251916422093326]}, "3": {"diameter": 10, "conjugate_isogenous_pairs": 40, "eigenvalues": [3.4409959353436217, -3.4551486442691637]}, "5": {"diameter": 7, "conjugate_isogenous_pairs": 38, "eigenvalues": [4.463853007256833, -4.424036507023536]}, "7": {"diameter": 6, "conjugate_isogenous_pairs": 228, "eigenvalues": [5.244631891244234, -5.23701967113953]}, "11": {"diameter": 5, "conjugate_isogenous_pairs": 69, "eigenvalues": [6.588550872821592, -6.483378755375881]}}}