{"prime": 4721, "nodes": 394, "minpoly": "x^2 + 4718*x + 6", "spine": 44, "undirected": false, "ell": {"2": {"diameter": 12, "conjugate_isogenous_pairs": 9, "eigenvalues": [2.798568516446525, -2.8220225287293097]}, "3": {"diameter": 8, "conjugate_isogenous_pairs": 16, "eigenvalues": [3.395800311792701, -3.4357363786888633]}, "5": {"diameter": 6, "conjugate_isogenous_pairs": 17, "eigenvalues": [4.390089680900994, -4.425425082068344]}, "7": {"diameter": 5, "conjugate_isogenous_pairs": 63, "eigenvalues": [5.112961046900302, -5.228915928193554]}, "11": {"diameter": 4, "conjugate_isogenous_pairs": 55, "eigenvalues": [6.560657981999845, -6.577016671334702]}}}