{"prime": 11789, "nodes": 983, "minpoly": "x^2 + 11785*x + 2", "spine": 49, "undirected": false, "ell": {"2": {"diameter": 14, "conjugate_isogenous_pairs": 15, "eigenvalues": [2.8247502408869334, -2.806714148847607]}, "3": {"diameter": 9, "conjugate_isogenous_pairs": 59, "eigenvalues": [3.4553760090168524, -3.426077468249472]}, "5": {"diameter": 7, "conjugate_isogenous_pairs": 30, "eigenvalues": [4.4123745000071555, -4.456379056538467]}, "7": {"diameter": 6, "conjugate_isogenous_pairs": 59, "eigenvalues": [5.284227164804947, -5.251231590752149]}, "11": {"diameter": 5, "conjugate_isogenous_pairs": 89, "eigenvalues": [6.573354494739024, -6.553023414920285]}}}