{"prime": 8837, "nodes": 737, "minpoly": "x^2 + 8833*x + 2", "spine": 39, "undirected": false, "ell": {"2": {"diameter": 14, "conjugate_isogenous_pairs": 22, "eigenvalues": [2.811875647349071, -2.8241943395647477]}, "3": {"diameter": 9, "conjugate_isogenous_pairs": 59, "eigenvalues": [3.4360690564097625, -3.449551393724376]}, "5": {"diameter": 6, "conjugate_isogenous_pairs": 17, "eigenvalues": [4.414908341212008, -4.439358677102902]}, "7": {"diameter": 6, "conjugate_isogenous_pairs": 84, "eigenvalues": [5.2256402341482735, -5.261947288465306]}, "11": {"diameter": 5, "conjugate_isogenous_pairs": 75, "eigenvalues": [6.609359169278147, -6.507715093619571]}}}