{"prime": 12907, "nodes": 1076, "minpoly": "x^2 + 12906*x + 2", "spine": 34, "undirected": false, "ell": {"2": {"diameter": 14, "conjugate_isogenous_pairs": 72, "eigenvalues": [2.82436490723725, -2.813763374078879]}, "3": {"diameter": 9, "conjugate_isogenous_pairs": 25, "eigenvalues": [3.421212966046441, -3.4551070095461798]}, "5": {"diameter": 6, "conjugate_isogenous_pairs": 94, "eigenvalues": [4.434405835875439, -4.439912694313266]}, "7": {"diameter": 5, "conjugate_isogenous_pairs": 40, "eigenvalues": [5.260187620766569, -5.246497401879285]}, "11": {"diameter": 4, "conjugate_isogenous_pairs": 87, "eigenvalues": [6.625181046636312, -6.518590646373194]}}}