{"prime": 1723, "nodes": 144, "minpoly": "x^2 + 1722*x + 3", "spine": 10, "undirected": false, "ell": {"2": {"diameter": 11, "conjugate_isogenous_pairs": 13, "eigenvalues": [2.816429812046564, -2.7870176114779213]}, "3": {"diameter": 7, "conjugate_isogenous_pairs": 17, "eigenvalues": [3.3940435844468904, -3.3899027106777164]}, "5": {"diameter": 5, "conjugate_isogenous_pairs": 45, "eigenvalues": [4.365806633038039, -4.40837166830806]}, "7": {"diameter": 4, "conjugate_isogenous_pairs": 14, "eigenvalues": [5.152541085212663, -5.12191326430476]}, "11": {"diameter": 4, "conjugate_isogenous_pairs": 22, "eigenvalues": [6.5062300584751895, -6.292179017132891]}}}