{"prime": 4861, "nodes": 405, "minpoly": "x^2 + 4859*x + 11", "spine": 29, "undirected": true, "ell": {"2": {"diameter": 12, "conjugate_isogenous_pairs": 20, "eigenvalues": [2.8050665604264813, -2.8191297654743224]}, "3": {"diameter": 8, "conjugate_isogenous_pairs": 31, "eigenvalues": [3.438941133277136, -3.375849384890512]}, "5": {"diameter": 6, "conjugate_isogenous_pairs": 27, "eigenvalues": [4.368770018246714, -4.372523950796954]}, "7": {"diameter": 5, "conjugate_isogenous_pairs": 17, "eigenvalues": [5.236419371939375, -5.161323277785099]}, "11": {"diameter": 4, "conjugate_isogenous_pairs": 107, "eigenvalues": [6.609394202955008, -6.584028175178624]}}}