{"prime": 10337, "nodes": 862, "minpoly": "x^2 + 10336*x + 3", "spine": 48, "undirected": false, "ell": {"2": {"diameter": 13, "conjugate_isogenous_pairs": 29, "eigenvalues": [2.817142546094718, -2.8174144186776067]}, "3": {"diameter": 9, "conjugate_isogenous_pairs": 43, "eigenvalues": [3.4628763600093744, -3.4426315367376183]}, "5": {"diameter": 6, "conjugate_isogenous_pairs": 22, "eigenvalues": [4.404194777446671, -4.44482792269249]}, "7": {"diameter": 6, "conjugate_isogenous_pairs": 122, "eigenvalues": [5.290636653667005, -5.262302936784414]}, "11": {"diameter": 5, "conjugate_isogenous_pairs": 36, "eigenvalues": [6.564743233753038, -6.5645972171624205]}}}