{"prime": 2797, "nodes": 233, "minpoly": "x^2 + 2793*x + 2", "spine": 9, "undirected": true, "ell": {"2": {"diameter": 10, "conjugate_isogenous_pairs": 24, "eigenvalues": [2.803165397350813, -2.8029391996925046]}, "3": {"diameter": 7, "conjugate_isogenous_pairs": 34, "eigenvalues": [3.4208928880194107, -3.3693320949330756]}, "5": {"diameter": 5, "conjugate_isogenous_pairs": 28, "eigenvalues": [4.425312634246086, -4.458657110100963]}, "7": {"diameter": 4, "conjugate_isogenous_pairs": 22, "eigenvalues": [5.15297050922753, -5.222728736649103]}, "11": {"diameter": 4, "conjugate_isogenous_pairs": 40, "eigenvalues": [6.476653880368236, -6.507837519177935]}}}