{"prime": 21493, "nodes": 1791, "minpoly": "x^2 + 21492*x + 2", "spine": 41, "undirected": true, "ell": {"2": {"diameter": 15, "conjugate_isogenous_pairs": 56, "eigenvalues": [2.818356351880585, -2.817816245140429]}, "3": {"diameter": 10, "conjugate_isogenous_pairs": 114, "eigenvalues": [3.457548148074848, -3.4576434841630976]}, "5": {"diameter": 7, "conjugate_isogenous_pairs": 66, "eigenvalues": [4.441553099310969, -4.450620249488311]}, "7": {"diameter": 6, "conjugate_isogenous_pairs": 64, "eigenvalues": [5.253854442573632, -5.241995081448761]}, "11": {"diameter": 5, "conjugate_isogenous_pairs": 190, "eigenvalues": [6.5945332685345734, -6.505331055712295]}}}