{"prime": 1531, "nodes": 128, "minpoly": "x^2 + 1530*x + 2", "spine": 22, "undirected": false, "ell": {"2": {"diameter": 11, "conjugate_isogenous_pairs": 10, "eigenvalues": [2.8156292179677145, -2.748594141641229]}, "3": {"diameter": 7, "conjugate_isogenous_pairs": 6, "eigenvalues": [3.417118953067293, -3.3745390820587433]}, "5": {"diameter": 5, "conjugate_isogenous_pairs": 28, "eigenvalues": [4.229031624894075, -4.185108470217697]}, "7": {"diameter": 4, "conjugate_isogenous_pairs": 8, "eigenvalues": [5.120943845046304, -4.999626940682277]}, "11": {"diameter": 4, "conjugate_isogenous_pairs": 25, "eigenvalues": [6.2623685403106295, -6.552915972766498]}}}