{"prime": 5347, "nodes": 446, "minpoly": "x^2 + 5340*x + 3", "spine": 26, "undirected": false, "ell": {"2": {"diameter": 13, "conjugate_isogenous_pairs": 39, "eigenvalues": [2.819725776756235, -2.8174416745845665]}, "3": {"diameter": 8, "conjugate_isogenous_pairs": 21, "eigenvalues": [3.3959337249648294, -3.3985474014213812]}, "5": {"diameter": 6, "conjugate_isogenous_pairs": 49, "eigenvalues": [4.39116630021406, -4.382588533536091]}, "7": {"diameter": 5, "conjugate_isogenous_pairs": 26, "eigenvalues": [5.2494262659026525, -5.101405595435063]}, "11": {"diameter": 4, "conjugate_isogenous_pairs": 46, "eigenvalues": [6.576594834402301, -6.547515339131853]}}}