{"prime": 5039, "nodes": 421, "minpoly": "x^2 + 5035*x + 11", "spine": 83, "undirected": false, "ell": {"2": {"diameter": 13, "conjugate_isogenous_pairs": 12, "eigenvalues": [2.8162872489140987, -2.8083963074929876]}, "3": {"diameter": 8, "conjugate_isogenous_pairs": 10, "eigenvalues": [3.4369020794927176, -3.430258062260689]}, "5": {"diameter": 6, "conjugate_isogenous_pairs": 21, "eigenvalues": [4.410652232228262, -4.3942942951039194]}, "7": {"diameter": 5, "conjugate_isogenous_pairs": 45, "eigenvalues": [5.186780500247192, -5.186674254534304]}, "11": {"diameter": 4, "conjugate_isogenous_pairs": 34, "eigenvalues": [6.601642116909522, -6.612462870845266]}}}