{"prime": 1831, "nodes": 153, "minpoly": "x^2 + 1829*x + 3", "spine": 19, "undirected": false, "ell": {"2": {"diameter": 9, "conjugate_isogenous_pairs": 12, "eigenvalues": [2.7413855366811526, -2.7536579800876493]}, "3": {"diameter": 7, "conjugate_isogenous_pairs": 12, "eigenvalues": [3.4249823966864006, -3.334113397929954]}, "5": {"diameter": 5, "conjugate_isogenous_pairs": 28, "eigenvalues": [4.33823790252572, -4.346273027069746]}, "7": {"diameter": 4, "conjugate_isogenous_pairs": 13, "eigenvalues": [4.713643673307328, -5.236379446483678]}, "11": {"diameter": 4, "conjugate_isogenous_pairs": 27, "eigenvalues": [6.454201276617643, -6.166376486759452]}}}