{"prime": 2237, "nodes": 187, "minpoly": "x^2 + 2232*x + 2", "spine": 15, "undirected": false, "ell": {"2": {"diameter": 10, "conjugate_isogenous_pairs": 6, "eigenvalues": [2.7457019928342477, -2.790279863653748]}, "3": {"diameter": 8, "conjugate_isogenous_pairs": 32, "eigenvalues": [3.4051015101274467, -3.3655374035168486]}, "5": {"diameter": 5, "conjugate_isogenous_pairs": 15, "eigenvalues": [4.257539691238483, -4.307641847900225]}, "7": {"diameter": 5, "conjugate_isogenous_pairs": 46, "eigenvalues": [5.193758546926795, -5.149950003785887]}, "11": {"diameter": 4, "conjugate_isogenous_pairs": 27, "eigenvalues": [6.465682674181393, -6.572587860753714]}}}