{"prime": 21179, "nodes": 1766, "minpoly": "x^2 + 21175*x + 2", "spine": 98, "undirected": false, "ell": {"2": {"diameter": 16, "conjugate_isogenous_pairs": 22, "eigenvalues": [2.812699180562137, -2.8259715494315985]}, "3": {"diameter": 10, "conjugate_isogenous_pairs": 34, "eigenvalues": [3.462227606931323, -3.4569761344728516]}, "5": {"diameter": 7, "conjugate_isogenous_pairs": 102, "eigenvalues": [4.452859476194091, -4.463041520494059]}, "7": {"diameter": 6, "conjugate_isogenous_pairs": 88, "eigenvalues": [5.2805413686364755, -5.271624813898706]}, "11": {"diameter": 5, "conjugate_isogenous_pairs": 57, "eigenvalues": [6.563626005360052, -6.625834124739724]}}}