{"prime": 25873, "nodes": 2156, "minpoly": "x^2 + 25863*x + 10", "spine": 38, "undirected": true, "ell": {"2": {"diameter": 15, "conjugate_isogenous_pairs": 52, "eigenvalues": [2.8268477456095207, -2.826909267461429]}, "3": {"diameter": 9, "conjugate_isogenous_pairs": 74, "eigenvalues": [3.4589991396752313, -3.455496428895366]}, "5": {"diameter": 7, "conjugate_isogenous_pairs": 76, "eigenvalues": [4.43539338648854, -4.453978258946596]}, "7": {"diameter": 6, "conjugate_isogenous_pairs": 131, "eigenvalues": [5.262405931717139, -5.235147894410492]}, "11": {"diameter": 5, "conjugate_isogenous_pairs": 104, "eigenvalues": [6.582839227089045, -6.617082744538572]}}}