{"prime": 3659, "nodes": 306, "minpoly": "x^2 + 3658*x + 2", "spine": 58, "undirected": false, "ell": {"2": {"diameter": 12, "conjugate_isogenous_pairs": 9, "eigenvalues": [2.814106189750394, -2.802974639344904]}, "3": {"diameter": 8, "conjugate_isogenous_pairs": 11, "eigenvalues": [3.4139566398227927, -3.419106976763437]}, "5": {"diameter": 6, "conjugate_isogenous_pairs": 27, "eigenvalues": [4.39362191508587, -4.4469531152310635]}, "7": {"diameter": 5, "conjugate_isogenous_pairs": 23, "eigenvalues": [5.145893625493639, -5.173844968716273]}, "11": {"diameter": 4, "conjugate_isogenous_pairs": 26, "eigenvalues": [6.52876171342358, -6.287346286877392]}}}