{"prime": 9817, "nodes": 818, "minpoly": "x^2 + 9816*x + 5", "spine": 24, "undirected": true, "ell": {"2": {"diameter": 13, "conjugate_isogenous_pairs": 61, "eigenvalues": [2.8199002408952314, -2.8125890224118293]}, "3": {"diameter": 8, "conjugate_isogenous_pairs": 35, "eigenvalues": [3.425958863816429, -3.4117744532481495]}, "5": {"diameter": 6, "conjugate_isogenous_pairs": 46, "eigenvalues": [4.452794387561668, -4.44589500891329]}, "7": {"diameter": 5, "conjugate_isogenous_pairs": 88, "eigenvalues": [5.199930323150368, -5.249171703776245]}, "11": {"diameter": 4, "conjugate_isogenous_pairs": 80, "eigenvalues": [6.547368107407683, -6.4265687249709655]}}}