{"prime": 11489, "nodes": 958, "minpoly": "x^2 + 11483*x + 3", "spine": 54, "undirected": false, "ell": {"2": {"diameter": 15, "conjugate_isogenous_pairs": 11, "eigenvalues": [2.816880461266488, -2.817375949197423]}, "3": {"diameter": 10, "conjugate_isogenous_pairs": 29, "eigenvalues": [3.4395338854926174, -3.438987815523057]}, "5": {"diameter": 7, "conjugate_isogenous_pairs": 37, "eigenvalues": [4.450808813443355, -4.45143161934694]}, "7": {"diameter": 6, "conjugate_isogenous_pairs": 111, "eigenvalues": [5.281026985520095, -5.282228502657942]}, "11": {"diameter": 5, "conjugate_isogenous_pairs": 63, "eigenvalues": [6.565420776341696, -6.620471515886446]}}}