{"prime": 11551, "nodes": 963, "minpoly": "x^2 + 11542*x + 7", "spine": 57, "undirected": false, "ell": {"2": {"diameter": 13, "conjugate_isogenous_pairs": 25, "eigenvalues": [2.82112537809576, -2.8157251306247995]}, "3": {"diameter": 9, "conjugate_isogenous_pairs": 22, "eigenvalues": [3.4331949122076697, -3.453148075016094]}, "5": {"diameter": 7, "conjugate_isogenous_pairs": 76, "eigenvalues": [4.457326036539424, -4.46259997887628]}, "7": {"diameter": 5, "conjugate_isogenous_pairs": 29, "eigenvalues": [5.228415357638243, -5.290373591331535]}, "11": {"diameter": 4, "conjugate_isogenous_pairs": 100, "eigenvalues": [6.597386541694259, -6.491454815946988]}}}