{"prime": 2801, "nodes": 234, "minpoly": "x^2 + 2800*x + 3", "spine": 30, "undirected": false, "ell": {"2": {"diameter": 11, "conjugate_isogenous_pairs": 7, "eigenvalues": [2.784509429034878, -2.8206969022839683]}, "3": {"diameter": 8, "conjugate_isogenous_pairs": 16, "eigenvalues": [3.379134856290017, -3.4247645715334794]}, "5": {"diameter": 5, "conjugate_isogenous_pairs": 17, "eigenvalues": [4.398156470302208, -4.365516576447608]}, "7": {"diameter": 5, "conjugate_isogenous_pairs": 47, "eigenvalues": [5.022241093540283, -5.160810081151702]}, "11": {"diameter": 4, "conjugate_isogenous_pairs": 34, "eigenvalues": [6.2496947653736665, -6.45744013107885]}}}