{"prime": 25447, "nodes": 2121, "minpoly": "x^2 + 25445*x + 3", "spine": 45, "undirected": false, "ell": {"2": {"diameter": 15, "conjugate_isogenous_pairs": 73, "eigenvalues": [2.8270437217677062, -2.8266969039350656]}, "3": {"diameter": 10, "conjugate_isogenous_pairs": 49, "eigenvalues": [3.4478202611588604, -3.4559282367049757]}, "5": {"diameter": 7, "conjugate_isogenous_pairs": 100, "eigenvalues": [4.463461767724218, -4.459588065384507]}, "7": {"diameter": 6, "conjugate_isogenous_pairs": 79, "eigenvalues": [5.267154415988869, -5.2691406011698705]}, "11": {"diameter": 5, "conjugate_isogenous_pairs": 95, "eigenvalues": [6.525509253725508, -6.567503311839243]}}}