{"prime": 14869, "nodes": 1239, "minpoly": "x^2 + 14865*x + 2", "spine": 33, "undirected": true, "ell": {"2": {"diameter": 14, "conjugate_isogenous_pairs": 24, "eigenvalues": [2.82561577005653, -2.8189063107945067]}, "3": {"diameter": 9, "conjugate_isogenous_pairs": 87, "eigenvalues": [3.4551869218465963, -3.449930887545438]}, "5": {"diameter": 6, "conjugate_isogenous_pairs": 66, "eigenvalues": [4.413148417499028, -4.4509698726565885]}, "7": {"diameter": 5, "conjugate_isogenous_pairs": 32, "eigenvalues": [5.25425579447795, -5.232831064637019]}, "11": {"diameter": 5, "conjugate_isogenous_pairs": 188, "eigenvalues": [6.573351146426744, -6.593962788189054]}}}