{"prime": 11987, "nodes": 1000, "minpoly": "x^2 + 11980*x + 2", "spine": 82, "undirected": false, "ell": {"2": {"diameter": 14, "conjugate_isogenous_pairs": 22, "eigenvalues": [2.8270453790103924, -2.8204355986047775]}, "3": {"diameter": 10, "conjugate_isogenous_pairs": 35, "eigenvalues": [3.4423899966377927, -3.444477751221683]}, "5": {"diameter": 7, "conjugate_isogenous_pairs": 41, "eigenvalues": [4.410193850584128, -4.453954746710865]}, "7": {"diameter": 6, "conjugate_isogenous_pairs": 74, "eigenvalues": [5.201609737008508, -5.2834947345432175]}, "11": {"diameter": 5, "conjugate_isogenous_pairs": 36, "eigenvalues": [6.531443268425141, -6.493568998966312]}}}