{"prime": 28297, "nodes": 2358, "minpoly": "x^2 + 28292*x + 5", "spine": 38, "undirected": true, "ell": {"2": {"diameter": 15, "conjugate_isogenous_pairs": 98, "eigenvalues": [2.822506925373378, -2.816673808296505]}, "3": {"diameter": 9, "conjugate_isogenous_pairs": 67, "eigenvalues": [3.4574667554818728, -3.4620211485563086]}, "5": {"diameter": 7, "conjugate_isogenous_pairs": 65, "eigenvalues": [4.446017568167755, -4.4389264383585]}, "7": {"diameter": 6, "conjugate_isogenous_pairs": 94, "eigenvalues": [5.279159707464376, -5.274541747434752]}, "11": {"diameter": 5, "conjugate_isogenous_pairs": 133, "eigenvalues": [6.584942531973257, -6.596622535384477]}}}