{"prime": 5179, "nodes": 432, "minpoly": "x^2 + 5175*x + 2", "spine": 22, "undirected": false, "ell": {"2": {"diameter": 12, "conjugate_isogenous_pairs": 24, "eigenvalues": [2.8204944747291902, -2.8163263917293055]}, "3": {"diameter": 8, "conjugate_isogenous_pairs": 15, "eigenvalues": [3.3845404427911236, -3.429704260173057]}, "5": {"diameter": 6, "conjugate_isogenous_pairs": 55, "eigenvalues": [4.361172219593552, -4.464721686235007]}, "7": {"diameter": 5, "conjugate_isogenous_pairs": 19, "eigenvalues": [5.128520628748922, -5.102758516923502]}, "11": {"diameter": 4, "conjugate_isogenous_pairs": 86, "eigenvalues": [6.626585547860599, -6.603625714901859]}}}