{"prime": 8707, "nodes": 726, "minpoly": "x^2 + 8705*x + 5", "spine": 30, "undirected": false, "ell": {"2": {"diameter": 13, "conjugate_isogenous_pairs": 32, "eigenvalues": [2.8241344087822955, -2.817317548272163]}, "3": {"diameter": 9, "conjugate_isogenous_pairs": 34, "eigenvalues": [3.4120324718805093, -3.459308986474759]}, "5": {"diameter": 6, "conjugate_isogenous_pairs": 93, "eigenvalues": [4.432736889451045, -4.441989029752526]}, "7": {"diameter": 5, "conjugate_isogenous_pairs": 36, "eigenvalues": [5.236304420396349, -5.231917738802452]}, "11": {"diameter": 4, "conjugate_isogenous_pairs": 57, "eigenvalues": [6.526470799659529, -6.627352313397027]}}}