{"prime": 9931, "nodes": 828, "minpoly": "x^2 + 9928*x + 10", "spine": 46, "undirected": false, "ell": {"2": {"diameter": 13, "conjugate_isogenous_pairs": 30, "eigenvalues": [2.78986042587346, -2.81922152080759]}, "3": {"diameter": 9, "conjugate_isogenous_pairs": 19, "eigenvalues": [3.4468922682826797, -3.457738884165997]}, "5": {"diameter": 7, "conjugate_isogenous_pairs": 100, "eigenvalues": [4.394509268027903, -4.439965629657473]}, "7": {"diameter": 5, "conjugate_isogenous_pairs": 30, "eigenvalues": [5.217861203907361, -5.242529609990021]}, "11": {"diameter": 5, "conjugate_isogenous_pairs": 94, "eigenvalues": [6.480153362011912, -6.549869600162466]}}}