{"prime": 28793, "nodes": 2400, "minpoly": "x^2 + 28792*x + 3", "spine": 64, "undirected": false, "ell": {"2": {"diameter": 15, "conjugate_isogenous_pairs": 27, "eigenvalues": [2.8258276942551213, -2.819772777677734]}, "3": {"diameter": 10, "conjugate_isogenous_pairs": 98, "eigenvalues": [3.4399471409950824, -3.4419294543521417]}, "5": {"diameter": 7, "conjugate_isogenous_pairs": 58, "eigenvalues": [4.456875429261035, -4.461729721943908]}, "7": {"diameter": 6, "conjugate_isogenous_pairs": 268, "eigenvalues": [5.269220632602408, -5.258073474632686]}, "11": {"diameter": 5, "conjugate_isogenous_pairs": 81, "eigenvalues": [6.623662272114251, -6.612210524140334]}}}