{"prime": 6977, "nodes": 582, "minpoly": "x^2 + 6971*x + 3", "spine": 26, "undirected": false, "ell": {"2": {"diameter": 13, "conjugate_isogenous_pairs": 18, "eigenvalues": [2.8085039674227597, -2.8172206487559843]}, "3": {"diameter": 9, "conjugate_isogenous_pairs": 40, "eigenvalues": [3.4510218366242955, -3.45352922304199]}, "5": {"diameter": 6, "conjugate_isogenous_pairs": 17, "eigenvalues": [4.440491564723619, -4.4303715029612105]}, "7": {"diameter": 5, "conjugate_isogenous_pairs": 121, "eigenvalues": [5.2222262480718005, -5.155229358070605]}, "11": {"diameter": 4, "conjugate_isogenous_pairs": 44, "eigenvalues": [6.529442940939091, -6.525494229237845]}}}