{"prime": 14479, "nodes": 1207, "minpoly": "x^2 + 14477*x + 3", "spine": 71, "undirected": false, "ell": {"2": {"diameter": 14, "conjugate_isogenous_pairs": 32, "eigenvalues": [2.8220946664208664, -2.82104109076393]}, "3": {"diameter": 9, "conjugate_isogenous_pairs": 30, "eigenvalues": [3.451650243919928, -3.4371020888570345]}, "5": {"diameter": 7, "conjugate_isogenous_pairs": 59, "eigenvalues": [4.401978243315015, -4.4638686723942325]}, "7": {"diameter": 5, "conjugate_isogenous_pairs": 34, "eigenvalues": [5.229461079398754, -5.2870002243039895]}, "11": {"diameter": 5, "conjugate_isogenous_pairs": 129, "eigenvalues": [6.5389656597339325, -6.624888195747316]}}}