{"prime": 21661, "nodes": 1805, "minpoly": "x^2 + 21660*x + 2", "spine": 55, "undirected": true, "ell": {"2": {"diameter": 14, "conjugate_isogenous_pairs": 37, "eigenvalues": [2.8150976205407456, -2.820372494072418]}, "3": {"diameter": 9, "conjugate_isogenous_pairs": 71, "eigenvalues": [3.442461671593408, -3.4622797566364927]}, "5": {"diameter": 7, "conjugate_isogenous_pairs": 62, "eigenvalues": [4.469606416868076, -4.4231823900690195]}, "7": {"diameter": 6, "conjugate_isogenous_pairs": 49, "eigenvalues": [5.2368197520201365, -5.229158183912658]}, "11": {"diameter": 5, "conjugate_isogenous_pairs": 304, "eigenvalues": [6.615192444439915, -6.631386591686585]}}}