{"prime": 83, "nodes": 8, "minpoly": "x^2 + 82*x + 2", "spine": 6, "undirected": false, "ell": {"2": {"diameter": 5, "conjugate_isogenous_pairs": 1, "eigenvalues": [2.6235900969758292, -2.2901832780953977]}, "3": {"diameter": 4, "conjugate_isogenous_pairs": 1, "eigenvalues": [2.7673476216875446, -2.049405907143908]}, "5": {"diameter": 3, "conjugate_isogenous_pairs": 1, "eigenvalues": [4.050602145748262, -3.4736595967787927]}, "7": {"diameter": 2, "conjugate_isogenous_pairs": 1, "eigenvalues": [3.610078088387726, -3.465333796439426]}, "11": {"diameter": 2, "conjugate_isogenous_pairs": 0, "eigenvalues": [4.924127673043067, -4.040705143098253]}}}