{"prime": 20287, "nodes": 1691, "minpoly": "x^2 + 20286*x + 5", "spine": 49, "undirected": false, "ell": {"2": {"diameter": 15, "conjugate_isogenous_pairs": 54, "eigenvalues": [2.820187718417398, -2.8254988121271354]}, "3": {"diameter": 9, "conjugate_isogenous_pairs": 37, "eigenvalues": [3.438366593847419, -3.462408482868485]}, "5": {"diameter": 7, "conjugate_isogenous_pairs": 138, "eigenvalues": [4.462427108895451, -4.442303672532497]}, "7": {"diameter": 6, "conjugate_isogenous_pairs": 81, "eigenvalues": [5.280000965450888, -5.286479915947722]}, "11": {"diameter": 5, "conjugate_isogenous_pairs": 97, "eigenvalues": [6.5775631754048876, -6.525660977376936]}}}