{"prime": 26371, "nodes": 2198, "minpoly": "x^2 + 26366*x + 3", "spine": 50, "undirected": false, "ell": {"2": {"diameter": 15, "conjugate_isogenous_pairs": 45, "eigenvalues": [2.8269349081227113, -2.820669934289501]}, "3": {"diameter": 10, "conjugate_isogenous_pairs": 35, "eigenvalues": [3.4418955136308864, -3.4604503814055536]}, "5": {"diameter": 7, "conjugate_isogenous_pairs": 198, "eigenvalues": [4.464097440678672, -4.467311507823324]}, "7": {"diameter": 6, "conjugate_isogenous_pairs": 51, "eigenvalues": [5.271396380421434, -5.2535290001564]}, "11": {"diameter": 5, "conjugate_isogenous_pairs": 151, "eigenvalues": [6.5563913638543365, -6.580238924998811]}}}