{"prime": 28921, "nodes": 2410, "minpoly": "x^2 + 28916*x + 11", "spine": 60, "undirected": true, "ell": {"2": {"diameter": 14, "conjugate_isogenous_pairs": 43, "eigenvalues": [2.8239898353361066, -2.819038305724902]}, "3": {"diameter": 10, "conjugate_isogenous_pairs": 59, "eigenvalues": [3.453241783651134, -3.443716551774651]}, "5": {"diameter": 7, "conjugate_isogenous_pairs": 107, "eigenvalues": [4.452602061422972, -4.4211993839162425]}, "7": {"diameter": 6, "conjugate_isogenous_pairs": 69, "eigenvalues": [5.223337935740237, -5.271816805310721]}, "11": {"diameter": 5, "conjugate_isogenous_pairs": 171, "eigenvalues": [6.583309993840572, -6.564981812772775]}}}