{"prime": 10973, "nodes": 915, "minpoly": "x^2 + 10969*x + 2", "spine": 51, "undirected": false, "ell": {"2": {"diameter": 13, "conjugate_isogenous_pairs": 16, "eigenvalues": [2.8130293902571144, -2.8266696428034055]}, "3": {"diameter": 10, "conjugate_isogenous_pairs": 87, "eigenvalues": [3.4614350513886976, -3.416495751369229]}, "5": {"diameter": 7, "conjugate_isogenous_pairs": 30, "eigenvalues": [4.4267550392903825, -4.451830639305849]}, "7": {"diameter": 6, "conjugate_isogenous_pairs": 85, "eigenvalues": [5.282275931498138, -5.286323763262224]}, "11": {"diameter": 5, "conjugate_isogenous_pairs": 52, "eigenvalues": [6.535200528515498, -6.6062178594595125]}}}