{"prime": 22453, "nodes": 1871, "minpoly": "x^2 + 22452*x + 5", "spine": 33, "undirected": true, "ell": {"2": {"diameter": 14, "conjugate_isogenous_pairs": 49, "eigenvalues": [2.8225972065060367, -2.8258170769419406]}, "3": {"diameter": 9, "conjugate_isogenous_pairs": 109, "eigenvalues": [3.4600572697716565, -3.4504240153885535]}, "5": {"diameter": 7, "conjugate_isogenous_pairs": 113, "eigenvalues": [4.458975843674151, -4.440491008737971]}, "7": {"diameter": 6, "conjugate_isogenous_pairs": 65, "eigenvalues": [5.279921535000732, -5.28121860708011]}, "11": {"diameter": 5, "conjugate_isogenous_pairs": 151, "eigenvalues": [6.575614768596415, -6.596005297027019]}}}