{"prime": 17029, "nodes": 1419, "minpoly": "x^2 + 17025*x + 10", "spine": 37, "undirected": true, "ell": {"2": {"diameter": 14, "conjugate_isogenous_pairs": 33, "eigenvalues": [2.825090008081483, -2.813640073863335]}, "3": {"diameter": 9, "conjugate_isogenous_pairs": 62, "eigenvalues": [3.4609504307599503, -3.4424247439462152]}, "5": {"diameter": 7, "conjugate_isogenous_pairs": 50, "eigenvalues": [4.416671155185939, -4.451829705014433]}, "7": {"diameter": 5, "conjugate_isogenous_pairs": 56, "eigenvalues": [5.258038633975792, -5.266018331617889]}, "11": {"diameter": 5, "conjugate_isogenous_pairs": 261, "eigenvalues": [6.620974913846006, -6.5886843616776885]}}}