{"prime": 18553, "nodes": 1546, "minpoly": "x^2 + 18550*x + 5", "spine": 32, "undirected": true, "ell": {"2": {"diameter": 15, "conjugate_isogenous_pairs": 67, "eigenvalues": [2.8159893953359507, -2.823958290416044]}, "3": {"diameter": 9, "conjugate_isogenous_pairs": 62, "eigenvalues": [3.460148570308884, -3.4528473915093794]}, "5": {"diameter": 7, "conjugate_isogenous_pairs": 78, "eigenvalues": [4.467340457132995, -4.408594359481403]}, "7": {"diameter": 6, "conjugate_isogenous_pairs": 99, "eigenvalues": [5.267379258361302, -5.26064903206835]}, "11": {"diameter": 5, "conjugate_isogenous_pairs": 113, "eigenvalues": [6.537330338343233, -6.556654059431874]}}}