{"prime": 10663, "nodes": 889, "minpoly": "x^2 + 10657*x + 3", "spine": 45, "undirected": false, "ell": {"2": {"diameter": 13, "conjugate_isogenous_pairs": 41, "eigenvalues": [2.8205263302525614, -2.817899005986343]}, "3": {"diameter": 9, "conjugate_isogenous_pairs": 41, "eigenvalues": [3.436218068307019, -3.4537519727275012]}, "5": {"diameter": 7, "conjugate_isogenous_pairs": 57, "eigenvalues": [4.4516436636671735, -4.470706983210236]}, "7": {"diameter": 5, "conjugate_isogenous_pairs": 40, "eigenvalues": [5.2338051558000735, -5.2398880638795395]}, "11": {"diameter": 4, "conjugate_isogenous_pairs": 45, "eigenvalues": [6.62158398269039, -6.59447224488419]}}}