{"prime": 18451, "nodes": 1538, "minpoly": "x^2 + 18440*x + 3", "spine": 70, "undirected": false, "ell": {"2": {"diameter": 15, "conjugate_isogenous_pairs": 41, "eigenvalues": [2.8179510081216024, -2.8173754773582416]}, "3": {"diameter": 9, "conjugate_isogenous_pairs": 27, "eigenvalues": [3.4454064104479722, -3.461322877174892]}, "5": {"diameter": 7, "conjugate_isogenous_pairs": 120, "eigenvalues": [4.4592183789706725, -4.442455447569983]}, "7": {"diameter": 6, "conjugate_isogenous_pairs": 44, "eigenvalues": [5.281147081801638, -5.276562582948794]}, "11": {"diameter": 5, "conjugate_isogenous_pairs": 133, "eigenvalues": [6.56416653820973, -6.597793166223946]}}}