{"prime": 15787, "nodes": 1316, "minpoly": "x^2 + 15783*x + 2", "spine": 26, "undirected": false, "ell": {"2": {"diameter": 14, "conjugate_isogenous_pairs": 41, "eigenvalues": [2.8144888529958987, -2.815947978551791]}, "3": {"diameter": 9, "conjugate_isogenous_pairs": 57, "eigenvalues": [3.4577405784521384, -3.4490901644144905]}, "5": {"diameter": 7, "conjugate_isogenous_pairs": 176, "eigenvalues": [4.439834299233937, -4.436365438506479]}, "7": {"diameter": 5, "conjugate_isogenous_pairs": 40, "eigenvalues": [5.238771952095858, -5.267014471675221]}, "11": {"diameter": 5, "conjugate_isogenous_pairs": 88, "eigenvalues": [6.556756952210991, -6.585391771300294]}}}