{"prime": 28433, "nodes": 2370, "minpoly": "x^2 + 28427*x + 3", "spine": 84, "undirected": false, "ell": {"2": {"diameter": 15, "conjugate_isogenous_pairs": 61, "eigenvalues": [2.8215783063795183, -2.8271269558043097]}, "3": {"diameter": 10, "conjugate_isogenous_pairs": 60, "eigenvalues": [3.4458140738571306, -3.4398130359385606]}, "5": {"diameter": 7, "conjugate_isogenous_pairs": 39, "eigenvalues": [4.445887400619413, -4.417652547285882]}, "7": {"diameter": 6, "conjugate_isogenous_pairs": 278, "eigenvalues": [5.257036317260476, -5.279616504257899]}, "11": {"diameter": 5, "conjugate_isogenous_pairs": 68, "eigenvalues": [6.608728221331793, -6.582581596812293]}}}