{"prime": 20749, "nodes": 1729, "minpoly": "x^2 + 20745*x + 2", "spine": 31, "undirected": true, "ell": {"2": {"diameter": 14, "conjugate_isogenous_pairs": 38, "eigenvalues": [2.820012869967154, -2.825046849445418]}, "3": {"diameter": 9, "conjugate_isogenous_pairs": 88, "eigenvalues": [3.458113097515723, -3.4443093534796665]}, "5": {"diameter": 7, "conjugate_isogenous_pairs": 63, "eigenvalues": [4.469789909751241, -4.4400369663226735]}, "7": {"diameter": 6, "conjugate_isogenous_pairs": 44, "eigenvalues": [5.272572186423552, -5.260016569239468]}, "11": {"diameter": 5, "conjugate_isogenous_pairs": 193, "eigenvalues": [6.584963263725919, -6.5891211827716205]}}}