{"prime": 21031, "nodes": 1753, "minpoly": "x^2 + 21030*x + 12", "spine": 121, "undirected": false, "ell": {"2": {"diameter": 14, "conjugate_isogenous_pairs": 45, "eigenvalues": [2.8095761307211093, -2.8219602560816113]}, "3": {"diameter": 10, "conjugate_isogenous_pairs": 31, "eigenvalues": [3.4578315056459292, -3.4300020307526253]}, "5": {"diameter": 7, "conjugate_isogenous_pairs": 94, "eigenvalues": [4.4616425606426375, -4.452403348709286]}, "7": {"diameter": 6, "conjugate_isogenous_pairs": 31, "eigenvalues": [5.279325757267732, -5.26894604493305]}, "11": {"diameter": 5, "conjugate_isogenous_pairs": 123, "eigenvalues": [6.55853757656241, -6.617979764629841]}}}