{"prime": 1051, "nodes": 88, "minpoly": "x^2 + 1049*x + 7", "spine": 10, "undirected": false, "ell": {"2": {"diameter": 9, "conjugate_isogenous_pairs": 6, "eigenvalues": [2.8193500215466636, -2.797979677736028]}, "3": {"diameter": 7, "conjugate_isogenous_pairs": 8, "eigenvalues": [3.3611092864765104, -3.3824329681648657]}, "5": {"diameter": 5, "conjugate_isogenous_pairs": 32, "eigenvalues": [4.433799856194787, -4.293856505742401]}, "7": {"diameter": 4, "conjugate_isogenous_pairs": 8, "eigenvalues": [5.032429727961631, -5.019825013736674]}, "11": {"diameter": 3, "conjugate_isogenous_pairs": 25, "eigenvalues": [6.135634312283489, -6.002276842203408]}}}