{"prime": 24373, "nodes": 2031, "minpoly": "x^2 + 24371*x + 7", "spine": 39, "undirected": true, "ell": {"2": {"diameter": 15, "conjugate_isogenous_pairs": 51, "eigenvalues": [2.8184139311976755, -2.8227477005515347]}, "3": {"diameter": 9, "conjugate_isogenous_pairs": 96, "eigenvalues": [3.4544258857766237, -3.4596196764409255]}, "5": {"diameter": 7, "conjugate_isogenous_pairs": 95, "eigenvalues": [4.455929723966043, -4.463866270294171]}, "7": {"diameter": 6, "conjugate_isogenous_pairs": 101, "eigenvalues": [5.275652767972471, -5.283464307562801]}, "11": {"diameter": 5, "conjugate_isogenous_pairs": 274, "eigenvalues": [6.58737439344004, -6.5808836094896375]}}}