{"prime": 6883, "nodes": 574, "minpoly": "x^2 + 6879*x + 2", "spine": 18, "undirected": false, "ell": {"2": {"diameter": 13, "conjugate_isogenous_pairs": 30, "eigenvalues": [2.8145407982608015, -2.8184979119466496]}, "3": {"diameter": 8, "conjugate_isogenous_pairs": 33, "eigenvalues": [3.45182028303104, -3.4473984457075577]}, "5": {"diameter": 7, "conjugate_isogenous_pairs": 99, "eigenvalues": [4.375625409093918, -4.417409092969024]}, "7": {"diameter": 5, "conjugate_isogenous_pairs": 28, "eigenvalues": [5.254425765488614, -5.240065381381094]}, "11": {"diameter": 4, "conjugate_isogenous_pairs": 49, "eigenvalues": [6.531258722038317, -6.450582834851854]}}}