{"prime": 6791, "nodes": 567, "minpoly": "x^2 + 6789*x + 7", "spine": 81, "undirected": false, "ell": {"2": {"diameter": 13, "conjugate_isogenous_pairs": 10, "eigenvalues": [2.818240876769726, -2.822646453532659]}, "3": {"diameter": 9, "conjugate_isogenous_pairs": 16, "eigenvalues": [3.3781609573082987, -3.4306674306094704]}, "5": {"diameter": 6, "conjugate_isogenous_pairs": 31, "eigenvalues": [4.45153064764321, -4.417708589702858]}, "7": {"diameter": 5, "conjugate_isogenous_pairs": 51, "eigenvalues": [5.176281451976402, -5.19072607439966]}, "11": {"diameter": 5, "conjugate_isogenous_pairs": 33, "eigenvalues": [6.6027745234039115, -6.545578321358992]}}}