{"prime": 22441, "nodes": 1870, "minpoly": "x^2 + 22438*x + 14", "spine": 50, "undirected": true, "ell": {"2": {"diameter": 15, "conjugate_isogenous_pairs": 45, "eigenvalues": [2.81478017371305, -2.8224189298887508]}, "3": {"diameter": 9, "conjugate_isogenous_pairs": 32, "eigenvalues": [3.461855011925606, -3.447054795963295]}, "5": {"diameter": 7, "conjugate_isogenous_pairs": 61, "eigenvalues": [4.448551164087361, -4.4407837377240895]}, "7": {"diameter": 6, "conjugate_isogenous_pairs": 83, "eigenvalues": [5.2744287202606275, -5.244491377938609]}, "11": {"diameter": 5, "conjugate_isogenous_pairs": 196, "eigenvalues": [6.601448124955126, -6.577230100925705]}}}