{"prime": 17569, "nodes": 1464, "minpoly": "x^2 + 17564*x + 11", "spine": 58, "undirected": true, "ell": {"2": {"diameter": 14, "conjugate_isogenous_pairs": 50, "eigenvalues": [2.8271079085176467, -2.821353404258943]}, "3": {"diameter": 9, "conjugate_isogenous_pairs": 35, "eigenvalues": [3.455757014572295, -3.4563358376147963]}, "5": {"diameter": 7, "conjugate_isogenous_pairs": 77, "eigenvalues": [4.457527246671914, -4.468120186685738]}, "7": {"diameter": 6, "conjugate_isogenous_pairs": 60, "eigenvalues": [5.242189297069686, -5.261154330202926]}, "11": {"diameter": 5, "conjugate_isogenous_pairs": 159, "eigenvalues": [6.531235012252898, -6.575875418936501]}}}