{"prime": 27583, "nodes": 2299, "minpoly": "x^2 + 27582*x + 3", "spine": 107, "undirected": false, "ell": {"2": {"diameter": 15, "conjugate_isogenous_pairs": 71, "eigenvalues": [2.823203542402279, -2.825434411613987]}, "3": {"diameter": 10, "conjugate_isogenous_pairs": 43, "eigenvalues": [3.4387158228582915, -3.453763658375725]}, "5": {"diameter": 7, "conjugate_isogenous_pairs": 116, "eigenvalues": [4.434810372028564, -4.46474431511988]}, "7": {"diameter": 6, "conjugate_isogenous_pairs": 53, "eigenvalues": [5.267000179591319, -5.264006111333205]}, "11": {"diameter": 5, "conjugate_isogenous_pairs": 111, "eigenvalues": [6.587868182268901, -6.617376353663308]}}}