{"prime": 7867, "nodes": 656, "minpoly": "x^2 + 7862*x + 3", "spine": 22, "undirected": false, "ell": {"2": {"diameter": 13, "conjugate_isogenous_pairs": 49, "eigenvalues": [2.827259924031223, -2.809817500314194]}, "3": {"diameter": 8, "conjugate_isogenous_pairs": 22, "eigenvalues": [3.43508047572205, -3.418994986005024]}, "5": {"diameter": 6, "conjugate_isogenous_pairs": 90, "eigenvalues": [4.421602851827734, -4.404913194309481]}, "7": {"diameter": 5, "conjugate_isogenous_pairs": 28, "eigenvalues": [5.278472655487368, -5.200206035277778]}, "11": {"diameter": 4, "conjugate_isogenous_pairs": 59, "eigenvalues": [6.6244213327554275, -6.518419344922249]}}}