{"prime": 19541, "nodes": 1629, "minpoly": "x^2 + 19537*x + 2", "spine": 73, "undirected": false, "ell": {"2": {"diameter": 15, "conjugate_isogenous_pairs": 26, "eigenvalues": [2.8184998579681926, -2.827797928726034]}, "3": {"diameter": 10, "conjugate_isogenous_pairs": 46, "eigenvalues": [3.4493934950737097, -3.440553516377088]}, "5": {"diameter": 7, "conjugate_isogenous_pairs": 37, "eigenvalues": [4.436973760500677, -4.407595135400363]}, "7": {"diameter": 6, "conjugate_isogenous_pairs": 89, "eigenvalues": [5.269564903366247, -5.233266974102457]}, "11": {"diameter": 5, "conjugate_isogenous_pairs": 106, "eigenvalues": [6.566654581070519, -6.598830045848723]}}}