{"prime": 7309, "nodes": 609, "minpoly": "x^2 + 7305*x + 6", "spine": 25, "undirected": true, "ell": {"2": {"diameter": 12, "conjugate_isogenous_pairs": 21, "eigenvalues": [2.812312019355645, -2.8196958646223758]}, "3": {"diameter": 8, "conjugate_isogenous_pairs": 34, "eigenvalues": [3.4512423884695056, -3.448907821827549]}, "5": {"diameter": 6, "conjugate_isogenous_pairs": 52, "eigenvalues": [4.437853711858327, -4.444056574456877]}, "7": {"diameter": 5, "conjugate_isogenous_pairs": 31, "eigenvalues": [5.116964992586971, -5.2657967040761955]}, "11": {"diameter": 4, "conjugate_isogenous_pairs": 114, "eigenvalues": [6.595901894615092, -6.499744205484063]}}}