{"prime": 13463, "nodes": 1123, "minpoly": "x^2 + 13461*x + 5", "spine": 79, "undirected": false, "ell": {"2": {"diameter": 14, "conjugate_isogenous_pairs": 20, "eigenvalues": [2.827364153615134, -2.8237081601629628]}, "3": {"diameter": 9, "conjugate_isogenous_pairs": 38, "eigenvalues": [3.4464645677024612, -3.4533998420240475]}, "5": {"diameter": 7, "conjugate_isogenous_pairs": 54, "eigenvalues": [4.461760013973547, -4.432489506849801]}, "7": {"diameter": 6, "conjugate_isogenous_pairs": 79, "eigenvalues": [5.25307842946456, -5.236763291689804]}, "11": {"diameter": 5, "conjugate_isogenous_pairs": 33, "eigenvalues": [6.555133609329046, -6.602667076800431]}}}