{"prime": 7759, "nodes": 647, "minpoly": "x^2 + 7754*x + 3", "spine": 49, "undirected": false, "ell": {"2": {"diameter": 12, "conjugate_isogenous_pairs": 28, "eigenvalues": [2.8019951870458066, -2.8084231891384066]}, "3": {"diameter": 8, "conjugate_isogenous_pairs": 16, "eigenvalues": [3.426431478755549, -3.4345860567724413]}, "5": {"diameter": 6, "conjugate_isogenous_pairs": 59, "eigenvalues": [4.363833199082635, -4.44902208286764]}, "7": {"diameter": 5, "conjugate_isogenous_pairs": 26, "eigenvalues": [5.2662115982136966, -5.21008159244435]}, "11": {"diameter": 4, "conjugate_isogenous_pairs": 104, "eigenvalues": [6.58501881273266, -6.512817507446479]}}}