{"prime": 24793, "nodes": 2066, "minpoly": "x^2 + 24790*x + 5", "spine": 36, "undirected": true, "ell": {"2": {"diameter": 15, "conjugate_isogenous_pairs": 79, "eigenvalues": [2.825807209927143, -2.8212609116833853]}, "3": {"diameter": 9, "conjugate_isogenous_pairs": 78, "eigenvalues": [3.445182128631757, -3.4640831478365843]}, "5": {"diameter": 7, "conjugate_isogenous_pairs": 78, "eigenvalues": [4.464444236379546, -4.444876221134575]}, "7": {"diameter": 6, "conjugate_isogenous_pairs": 115, "eigenvalues": [5.2800434928590985, -5.27458917938588]}, "11": {"diameter": 5, "conjugate_isogenous_pairs": 157, "eigenvalues": [6.605685550354255, -6.589329394939332]}}}