{"prime": 6143, "nodes": 513, "minpoly": "x^2 + 6141*x + 5", "spine": 41, "undirected": false, "ell": {"2": {"diameter": 12, "conjugate_isogenous_pairs": 15, "eigenvalues": [2.8207848402699973, -2.8182795890289083]}, "3": {"diameter": 8, "conjugate_isogenous_pairs": 25, "eigenvalues": [3.399009865772319, -3.450357638545528]}, "5": {"diameter": 6, "conjugate_isogenous_pairs": 27, "eigenvalues": [4.4151777487639725, -4.340996406697846]}, "7": {"diameter": 5, "conjugate_isogenous_pairs": 70, "eigenvalues": [5.239089063241517, -5.256458413250027]}, "11": {"diameter": 4, "conjugate_isogenous_pairs": 26, "eigenvalues": [6.628094589574854, -6.56477370878146]}}}