{"prime": 17573, "nodes": 1465, "minpoly": "x^2 + 17569*x + 2", "spine": 69, "undirected": false, "ell": {"2": {"diameter": 15, "conjugate_isogenous_pairs": 23, "eigenvalues": [2.8262833549705575, -2.8147991567529345]}, "3": {"diameter": 9, "conjugate_isogenous_pairs": 88, "eigenvalues": [3.4567010254967654, -3.459007056207577]}, "5": {"diameter": 7, "conjugate_isogenous_pairs": 41, "eigenvalues": [4.447079829156963, -4.4501239558252905]}, "7": {"diameter": 6, "conjugate_isogenous_pairs": 112, "eigenvalues": [5.280454108873433, -5.282955616570881]}, "11": {"diameter": 5, "conjugate_isogenous_pairs": 92, "eigenvalues": [6.578416967419721, -6.5561921223200015]}}}