{"prime": 17923, "nodes": 1494, "minpoly": "x^2 + 17922*x + 2", "spine": 30, "undirected": false, "ell": {"2": {"diameter": 14, "conjugate_isogenous_pairs": 62, "eigenvalues": [2.824426002300563, -2.8233092850093304]}, "3": {"diameter": 9, "conjugate_isogenous_pairs": 43, "eigenvalues": [3.4414519656173788, -3.451583234425181]}, "5": {"diameter": 7, "conjugate_isogenous_pairs": 105, "eigenvalues": [4.4664703919636395, -4.468786488760358]}, "7": {"diameter": 5, "conjugate_isogenous_pairs": 47, "eigenvalues": [5.2645534363263895, -5.286384052270979]}, "11": {"diameter": 5, "conjugate_isogenous_pairs": 103, "eigenvalues": [6.606333243692636, -6.568223247933448]}}}