{"prime": 12899, "nodes": 1076, "minpoly": "x^2 + 12895*x + 2", "spine": 130, "undirected": false, "ell": {"2": {"diameter": 14, "conjugate_isogenous_pairs": 16, "eigenvalues": [2.8224593452352438, -2.8195177105248797]}, "3": {"diameter": 9, "conjugate_isogenous_pairs": 25, "eigenvalues": [3.4444827936636484, -3.4430774624801193]}, "5": {"diameter": 7, "conjugate_isogenous_pairs": 47, "eigenvalues": [4.442565921158622, -4.461591292019085]}, "7": {"diameter": 6, "conjugate_isogenous_pairs": 43, "eigenvalues": [5.272942862926385, -5.269287982548245]}, "11": {"diameter": 5, "conjugate_isogenous_pairs": 45, "eigenvalues": [6.55020261319135, -6.537903580793285]}}}