{"prime": 25523, "nodes": 2128, "minpoly": "x^2 + 25518*x + 2", "spine": 58, "undirected": false, "ell": {"2": {"diameter": 15, "conjugate_isogenous_pairs": 31, "eigenvalues": [2.8175511162116407, -2.8262306392569583]}, "3": {"diameter": 10, "conjugate_isogenous_pairs": 75, "eigenvalues": [3.444656594742192, -3.4584737848715763]}, "5": {"diameter": 7, "conjugate_isogenous_pairs": 84, "eigenvalues": [4.47076267574004, -4.448721142857196]}, "7": {"diameter": 6, "conjugate_isogenous_pairs": 103, "eigenvalues": [5.274240863989735, -5.25643139793069]}, "11": {"diameter": 5, "conjugate_isogenous_pairs": 49, "eigenvalues": [6.605779492957419, -6.607792642934309]}}}