{"prime": 8263, "nodes": 689, "minpoly": "x^2 + 8262*x + 3", "spine": 43, "undirected": false, "ell": {"2": {"diameter": 13, "conjugate_isogenous_pairs": 46, "eigenvalues": [2.8228967383442054, -2.8279877433740763]}, "3": {"diameter": 8, "conjugate_isogenous_pairs": 27, "eigenvalues": [3.440665194300429, -3.4427609493617872]}, "5": {"diameter": 6, "conjugate_isogenous_pairs": 53, "eigenvalues": [4.38518787271213, -4.445856097723727]}, "7": {"diameter": 5, "conjugate_isogenous_pairs": 36, "eigenvalues": [5.202257139246496, -5.158603422444211]}, "11": {"diameter": 4, "conjugate_isogenous_pairs": 74, "eigenvalues": [6.5223196172849764, -6.550837908683905]}}}