{"prime": 26713, "nodes": 2226, "minpoly": "x^2 + 26712*x + 10", "spine": 24, "undirected": true, "ell": {"2": {"diameter": 14, "conjugate_isogenous_pairs": 62, "eigenvalues": [2.8105208275909073, -2.824176018955316]}, "3": {"diameter": 9, "conjugate_isogenous_pairs": 78, "eigenvalues": [3.4515828549684544, -3.4460998970573797]}, "5": {"diameter": 7, "conjugate_isogenous_pairs": 118, "eigenvalues": [4.461569922866189, -4.44567507929072]}, "7": {"diameter": 6, "conjugate_isogenous_pairs": 175, "eigenvalues": [5.276529303693698, -5.184510628654133]}, "11": {"diameter": 5, "conjugate_isogenous_pairs": 143, "eigenvalues": [6.576429918413214, -6.564837791398695]}}}