{"prime": 15241, "nodes": 1270, "minpoly": "x^2 + 15240*x + 11", "spine": 42, "undirected": true, "ell": {"2": {"diameter": 13, "conjugate_isogenous_pairs": 30, "eigenvalues": [2.8191579015693753, -2.816778887054579]}, "3": {"diameter": 9, "conjugate_isogenous_pairs": 47, "eigenvalues": [3.4549902348270716, -3.456239082043624]}, "5": {"diameter": 6, "conjugate_isogenous_pairs": 76, "eigenvalues": [4.468113738224707, -4.437470990811857]}, "7": {"diameter": 5, "conjugate_isogenous_pairs": 56, "eigenvalues": [5.277888302091338, -5.256265935501731]}, "11": {"diameter": 5, "conjugate_isogenous_pairs": 145, "eigenvalues": [6.595554157910617, -6.598924585871165]}}}