{"prime": 22193, "nodes": 1850, "minpoly": "x^2 + 22192*x + 3", "spine": 70, "undirected": false, "ell": {"2": {"diameter": 14, "conjugate_isogenous_pairs": 42, "eigenvalues": [2.8196840582105636, -2.824169352060608]}, "3": {"diameter": 10, "conjugate_isogenous_pairs": 71, "eigenvalues": [3.43577456577603, -3.458892707238852]}, "5": {"diameter": 7, "conjugate_isogenous_pairs": 30, "eigenvalues": [4.447586554774536, -4.441375534637385]}, "7": {"diameter": 6, "conjugate_isogenous_pairs": 174, "eigenvalues": [5.259212469499096, -5.261011294375482]}, "11": {"diameter": 5, "conjugate_isogenous_pairs": 82, "eigenvalues": [6.60933033838663, -6.599708550735901]}}}