{"prime": 16979, "nodes": 1416, "minpoly": "x^2 + 16973*x + 2", "spine": 126, "undirected": false, "ell": {"2": {"diameter": 14, "conjugate_isogenous_pairs": 14, "eigenvalues": [2.811427689535957, -2.821010476716271]}, "3": {"diameter": 10, "conjugate_isogenous_pairs": 33, "eigenvalues": [3.460422123769932, -3.456718200767459]}, "5": {"diameter": 7, "conjugate_isogenous_pairs": 70, "eigenvalues": [4.455674691941925, -4.427872511120855]}, "7": {"diameter": 6, "conjugate_isogenous_pairs": 49, "eigenvalues": [5.235628034447271, -5.265891805034741]}, "11": {"diameter": 5, "conjugate_isogenous_pairs": 47, "eigenvalues": [6.572978224598091, -6.596468584201943]}}}