{"prime": 22391, "nodes": 1867, "minpoly": "x^2 + 22390*x + 13", "spine": 203, "undirected": false, "ell": {"2": {"diameter": 16, "conjugate_isogenous_pairs": 27, "eigenvalues": [2.821914407995241, -2.825571199403907]}, "3": {"diameter": 10, "conjugate_isogenous_pairs": 29, "eigenvalues": [3.4562805455209697, -3.456898392542371]}, "5": {"diameter": 7, "conjugate_isogenous_pairs": 48, "eigenvalues": [4.458084616760993, -4.44031529117782]}, "7": {"diameter": 6, "conjugate_isogenous_pairs": 62, "eigenvalues": [5.29143748510974, -5.21938449502845]}, "11": {"diameter": 5, "conjugate_isogenous_pairs": 73, "eigenvalues": [6.628713588209774, -6.527502170729456]}}}