{"prime": 20327, "nodes": 1695, "minpoly": "x^2 + 20325*x + 5", "spine": 123, "undirected": false, "ell": {"2": {"diameter": 15, "conjugate_isogenous_pairs": 37, "eigenvalues": [2.8194293850456265, -2.822631326475689]}, "3": {"diameter": 10, "conjugate_isogenous_pairs": 47, "eigenvalues": [3.4577215056903547, -3.4398883366199393]}, "5": {"diameter": 7, "conjugate_isogenous_pairs": 59, "eigenvalues": [4.448499119422695, -4.399375520398819]}, "7": {"diameter": 6, "conjugate_isogenous_pairs": 112, "eigenvalues": [5.247084790128558, -5.270010433915001]}, "11": {"diameter": 5, "conjugate_isogenous_pairs": 58, "eigenvalues": [6.514996281042529, -6.507026382338682]}}}