{"prime": 24571, "nodes": 2048, "minpoly": "x^2 + 24569*x + 7", "spine": 50, "undirected": false, "ell": {"2": {"diameter": 15, "conjugate_isogenous_pairs": 30, "eigenvalues": [2.8156700716412892, -2.816162675384483]}, "3": {"diameter": 10, "conjugate_isogenous_pairs": 64, "eigenvalues": [3.4525039695330224, -3.4568827601120007]}, "5": {"diameter": 7, "conjugate_isogenous_pairs": 169, "eigenvalues": [4.466607621475756, -4.462015722411458]}, "7": {"diameter": 6, "conjugate_isogenous_pairs": 34, "eigenvalues": [5.2309062675952855, -5.282490434526046]}, "11": {"diameter": 5, "conjugate_isogenous_pairs": 135, "eigenvalues": [6.5484055495216165, -6.556576340371712]}}}