{"prime": 21563, "nodes": 1798, "minpoly": "x^2 + 21562*x + 2", "spine": 66, "undirected": false, "ell": {"2": {"diameter": 15, "conjugate_isogenous_pairs": 31, "eigenvalues": [2.8263445824310547, -2.8160061187771266]}, "3": {"diameter": 11, "conjugate_isogenous_pairs": 42, "eigenvalues": [3.4427468329086572, -3.4356899307160074]}, "5": {"diameter": 7, "conjugate_isogenous_pairs": 64, "eigenvalues": [4.457648794932943, -4.453435617949793]}, "7": {"diameter": 6, "conjugate_isogenous_pairs": 119, "eigenvalues": [5.27160637466026, -5.275364892046269]}, "11": {"diameter": 5, "conjugate_isogenous_pairs": 62, "eigenvalues": [6.5735292395876685, -6.611071655625894]}}}