{"prime": 12781, "nodes": 1065, "minpoly": "x^2 + 12780*x + 2", "spine": 35, "undirected": true, "ell": {"2": {"diameter": 14, "conjugate_isogenous_pairs": 27, "eigenvalues": [2.8221561018573142, -2.82328438137885]}, "3": {"diameter": 9, "conjugate_isogenous_pairs": 53, "eigenvalues": [3.4518311030168847, -3.432113309476442]}, "5": {"diameter": 6, "conjugate_isogenous_pairs": 61, "eigenvalues": [4.455804925059668, -4.427124507643742]}, "7": {"diameter": 5, "conjugate_isogenous_pairs": 47, "eigenvalues": [5.223525594911016, -5.2491003300878285]}, "11": {"diameter": 4, "conjugate_isogenous_pairs": 261, "eigenvalues": [6.61879053134502, -6.548018599277495]}}}