{"prime": 113, "nodes": 10, "minpoly": "x^2 + 101*x + 3", "spine": 4, "undirected": false, "ell": {"2": {"diameter": 4, "conjugate_isogenous_pairs": 2, "eigenvalues": [2.181943336052393, -2.588363990685103]}, "3": {"diameter": 3, "conjugate_isogenous_pairs": 3, "eigenvalues": [2.7320508075688705, -3.2469796037174685]}, "5": {"diameter": 3, "conjugate_isogenous_pairs": 2, "eigenvalues": [3.464101615137751, -3.493959207434934]}, "7": {"diameter": 3, "conjugate_isogenous_pairs": 3, "eigenvalues": [5.054084215386055, -4.801937735804843]}, "11": {"diameter": 2, "conjugate_isogenous_pairs": 2, "eigenvalues": [5.295896943239787, -5.464101615137754]}}}