{"prime": 24179, "nodes": 2016, "minpoly": "x^2 + 24175*x + 2", "spine": 86, "undirected": false, "ell": {"2": {"diameter": 16, "conjugate_isogenous_pairs": 20, "eigenvalues": [2.8249026899012626, -2.8186562591661417]}, "3": {"diameter": 10, "conjugate_isogenous_pairs": 44, "eigenvalues": [3.4487562427006258, -3.462222962306477]}, "5": {"diameter": 7, "conjugate_isogenous_pairs": 88, "eigenvalues": [4.437128227752692, -4.447915527769821]}, "7": {"diameter": 6, "conjugate_isogenous_pairs": 92, "eigenvalues": [5.251791743524914, -5.273000882569899]}, "11": {"diameter": 5, "conjugate_isogenous_pairs": 63, "eigenvalues": [6.588446161980821, -6.585051823516806]}}}