{"prime": 3631, "nodes": 303, "minpoly": "x^2 + 3630*x + 15", "spine": 43, "undirected": false, "ell": {"2": {"diameter": 11, "conjugate_isogenous_pairs": 16, "eigenvalues": [2.7983782023804613, -2.802849856720804]}, "3": {"diameter": 8, "conjugate_isogenous_pairs": 10, "eigenvalues": [3.441319273358382, -3.4092528783041596]}, "5": {"diameter": 6, "conjugate_isogenous_pairs": 30, "eigenvalues": [4.433955539944141, -4.387250850009531]}, "7": {"diameter": 5, "conjugate_isogenous_pairs": 13, "eigenvalues": [5.252332019707635, -5.1967128255598345]}, "11": {"diameter": 4, "conjugate_isogenous_pairs": 54, "eigenvalues": [6.5213556210448855, -6.582596872454885]}}}