{"prime": 24799, "nodes": 2067, "minpoly": "x^2 + 24798*x + 6", "spine": 101, "undirected": false, "ell": {"2": {"diameter": 15, "conjugate_isogenous_pairs": 72, "eigenvalues": [2.8225978280174435, -2.820026542657226]}, "3": {"diameter": 10, "conjugate_isogenous_pairs": 28, "eigenvalues": [3.4435900716515695, -3.4492054335179594]}, "5": {"diameter": 7, "conjugate_isogenous_pairs": 76, "eigenvalues": [4.456190700984379, -4.445626446976049]}, "7": {"diameter": 6, "conjugate_isogenous_pairs": 49, "eigenvalues": [5.2495917941657995, -5.272659279485077]}, "11": {"diameter": 5, "conjugate_isogenous_pairs": 159, "eigenvalues": [6.592377898655557, -6.6127652976638736]}}}