{"prime": 29683, "nodes": 2474, "minpoly": "x^2 + 29681*x + 11", "spine": 54, "undirected": false, "ell": {"2": {"diameter": 16, "conjugate_isogenous_pairs": 88, "eigenvalues": [2.816413845858653, -2.825441790829496]}, "3": {"diameter": 10, "conjugate_isogenous_pairs": 51, "eigenvalues": [3.4621429988659775, -3.4560211144353854]}, "5": {"diameter": 7, "conjugate_isogenous_pairs": 118, "eigenvalues": [4.433464016797015, -4.411661010892642]}, "7": {"diameter": 6, "conjugate_isogenous_pairs": 64, "eigenvalues": [5.256643065950362, -5.28801453945795]}, "11": {"diameter": 5, "conjugate_isogenous_pairs": 111, "eigenvalues": [6.5956608337403955, -6.592117712481256]}}}