{"prime": 3433, "nodes": 286, "minpoly": "x^2 + 3432*x + 5", "spine": 12, "undirected": true, "ell": {"2": {"diameter": 12, "conjugate_isogenous_pairs": 29, "eigenvalues": [2.8138102604576085, -2.825677775838436]}, "3": {"diameter": 7, "conjugate_isogenous_pairs": 19, "eigenvalues": [3.428085646388122, -3.4531690355603284]}, "5": {"diameter": 5, "conjugate_isogenous_pairs": 26, "eigenvalues": [4.403013622231813, -4.421500436366403]}, "7": {"diameter": 5, "conjugate_isogenous_pairs": 44, "eigenvalues": [5.257182462987894, -5.115350514165839]}, "11": {"diameter": 4, "conjugate_isogenous_pairs": 45, "eigenvalues": [6.630202242568006, -6.481718990260657]}}}