{"prime": 11719, "nodes": 977, "minpoly": "x^2 + 11717*x + 6", "spine": 41, "undirected": false, "ell": {"2": {"diameter": 13, "conjugate_isogenous_pairs": 24, "eigenvalues": [2.8145388406002, -2.8225847661342987]}, "3": {"diameter": 9, "conjugate_isogenous_pairs": 24, "eigenvalues": [3.4465622467885186, -3.45461633396187]}, "5": {"diameter": 7, "conjugate_isogenous_pairs": 87, "eigenvalues": [4.432624332975896, -4.410383661749469]}, "7": {"diameter": 5, "conjugate_isogenous_pairs": 40, "eigenvalues": [5.21721963796701, -5.27521809227685]}, "11": {"diameter": 4, "conjugate_isogenous_pairs": 121, "eigenvalues": [6.539625157454635, -6.56641514236412]}}}