{"prime": 10247, "nodes": 855, "minpoly": "x^2 + 10244*x + 5", "spine": 105, "undirected": false, "ell": {"2": {"diameter": 14, "conjugate_isogenous_pairs": 23, "eigenvalues": [2.8223594160355914, -2.8145333456619994]}, "3": {"diameter": 9, "conjugate_isogenous_pairs": 37, "eigenvalues": [3.4303761606757717, -3.4043309039592584]}, "5": {"diameter": 7, "conjugate_isogenous_pairs": 31, "eigenvalues": [4.431089847939578, -4.469521083580969]}, "7": {"diameter": 6, "conjugate_isogenous_pairs": 48, "eigenvalues": [5.230505163478183, -5.20804276965889]}, "11": {"diameter": 5, "conjugate_isogenous_pairs": 30, "eigenvalues": [6.560694434438901, -6.610005750430719]}}}