{"prime": 7823, "nodes": 653, "minpoly": "x^2 + 7822*x + 5", "spine": 75, "undirected": false, "ell": {"2": {"diameter": 13, "conjugate_isogenous_pairs": 11, "eigenvalues": [2.8255941152987494, -2.8082255204357307]}, "3": {"diameter": 9, "conjugate_isogenous_pairs": 36, "eigenvalues": [3.4429658174672135, -3.4512037588109536]}, "5": {"diameter": 6, "conjugate_isogenous_pairs": 46, "eigenvalues": [4.4523275527955795, -4.377244640881181]}, "7": {"diameter": 6, "conjugate_isogenous_pairs": 61, "eigenvalues": [5.204784314217905, -5.260007044819881]}, "11": {"diameter": 4, "conjugate_isogenous_pairs": 21, "eigenvalues": [6.561889695614293, -6.630744394193711]}}}