{"prime": 28703, "nodes": 2393, "minpoly": "x^2 + 28689*x + 5", "spine": 165, "undirected": false, "ell": {"2": {"diameter": 15, "conjugate_isogenous_pairs": 34, "eigenvalues": [2.8248000202447527, -2.8227153661887705]}, "3": {"diameter": 10, "conjugate_isogenous_pairs": 50, "eigenvalues": [3.455672429366662, -3.4583510010790435]}, "5": {"diameter": 7, "conjugate_isogenous_pairs": 43, "eigenvalues": [4.454243390422763, -4.421100328177756]}, "7": {"diameter": 6, "conjugate_isogenous_pairs": 144, "eigenvalues": [5.244546101367888, -5.272282648337873]}, "11": {"diameter": 5, "conjugate_isogenous_pairs": 63, "eigenvalues": [6.607563762606278, -6.593319454733667]}}}