{"prime": 22271, "nodes": 1857, "minpoly": "x^2 + 22270*x + 7", "spine": 191, "undirected": false, "ell": {"2": {"diameter": 15, "conjugate_isogenous_pairs": 19, "eigenvalues": [2.822876966325623, -2.819716114139833]}, "3": {"diameter": 10, "conjugate_isogenous_pairs": 31, "eigenvalues": [3.452626487450297, -3.452840747564895]}, "5": {"diameter": 7, "conjugate_isogenous_pairs": 62, "eigenvalues": [4.45870802836391, -4.446211675273201]}, "7": {"diameter": 6, "conjugate_isogenous_pairs": 77, "eigenvalues": [5.263946802262369, -5.268087281175565]}, "11": {"diameter": 5, "conjugate_isogenous_pairs": 58, "eigenvalues": [6.626227194199814, -6.570520522692242]}}}