{"prime": 9041, "nodes": 754, "minpoly": "x^2 + 9040*x + 3", "spine": 42, "undirected": false, "ell": {"2": {"diameter": 13, "conjugate_isogenous_pairs": 11, "eigenvalues": [2.816657036731293, -2.825063407909078]}, "3": {"diameter": 9, "conjugate_isogenous_pairs": 32, "eigenvalues": [3.435461555644234, -3.455424776317376]}, "5": {"diameter": 6, "conjugate_isogenous_pairs": 40, "eigenvalues": [4.3314506237191885, -4.406121238242044]}, "7": {"diameter": 6, "conjugate_isogenous_pairs": 91, "eigenvalues": [5.261608785931552, -5.198160629322976]}, "11": {"diameter": 5, "conjugate_isogenous_pairs": 53, "eigenvalues": [6.522753976424431, -6.627438894287434]}}}