{"prime": 8423, "nodes": 703, "minpoly": "x^2 + 8421*x + 5", "spine": 83, "undirected": false, "ell": {"2": {"diameter": 13, "conjugate_isogenous_pairs": 18, "eigenvalues": [2.8193830849208954, -2.8234941377185367]}, "3": {"diameter": 9, "conjugate_isogenous_pairs": 38, "eigenvalues": [3.440621286194822, -3.4365008842628373]}, "5": {"diameter": 6, "conjugate_isogenous_pairs": 31, "eigenvalues": [4.458306428626768, -4.445480125963414]}, "7": {"diameter": 6, "conjugate_isogenous_pairs": 48, "eigenvalues": [5.260549883936878, -5.287058889410625]}, "11": {"diameter": 4, "conjugate_isogenous_pairs": 16, "eigenvalues": [6.594222961432812, -6.605363921146564]}}}