{"prime": 26041, "nodes": 2170, "minpoly": "x^2 + 26038*x + 13", "spine": 34, "undirected": true, "ell": {"2": {"diameter": 14, "conjugate_isogenous_pairs": 44, "eigenvalues": [2.824396931718351, -2.82805135561768]}, "3": {"diameter": 9, "conjugate_isogenous_pairs": 52, "eigenvalues": [3.46086387133196, -3.459847543508649]}, "5": {"diameter": 7, "conjugate_isogenous_pairs": 86, "eigenvalues": [4.46123716384425, -4.451340455052085]}, "7": {"diameter": 6, "conjugate_isogenous_pairs": 102, "eigenvalues": [5.274395613008181, -5.273080862461354]}, "11": {"diameter": 5, "conjugate_isogenous_pairs": 204, "eigenvalues": [6.580629164175436, -6.600801028966598]}}}