{"prime": 22859, "nodes": 1906, "minpoly": "x^2 + 22852*x + 2", "spine": 106, "undirected": false, "ell": {"2": {"diameter": 15, "conjugate_isogenous_pairs": 18, "eigenvalues": [2.8265357474462354, -2.820154654250718]}, "3": {"diameter": 10, "conjugate_isogenous_pairs": 32, "eigenvalues": [3.4564875413343437, -3.460082566221914]}, "5": {"diameter": 7, "conjugate_isogenous_pairs": 94, "eigenvalues": [4.4284106074147465, -4.460638754229011]}, "7": {"diameter": 6, "conjugate_isogenous_pairs": 102, "eigenvalues": [5.261311744623468, -5.2615767806229]}, "11": {"diameter": 5, "conjugate_isogenous_pairs": 72, "eigenvalues": [6.613701808306864, -6.586137841055058]}}}