{"prime": 24481, "nodes": 2040, "minpoly": "x^2 + 24472*x + 11", "spine": 42, "undirected": true, "ell": {"2": {"diameter": 14, "conjugate_isogenous_pairs": 43, "eigenvalues": [2.8215884482472013, -2.814492546257543]}, "3": {"diameter": 10, "conjugate_isogenous_pairs": 51, "eigenvalues": [3.4538967506946205, -3.447917127918295]}, "5": {"diameter": 7, "conjugate_isogenous_pairs": 127, "eigenvalues": [4.4453878265474, -4.460695492229965]}, "7": {"diameter": 6, "conjugate_isogenous_pairs": 87, "eigenvalues": [5.271043516942911, -5.281643036165914]}, "11": {"diameter": 5, "conjugate_isogenous_pairs": 140, "eigenvalues": [6.6298797340969875, -6.600873647347152]}}}