{"prime": 10267, "nodes": 856, "minpoly": "x^2 + 10263*x + 2", "spine": 30, "undirected": false, "ell": {"2": {"diameter": 14, "conjugate_isogenous_pairs": 51, "eigenvalues": [2.807209209751027, -2.8227668532782904]}, "3": {"diameter": 9, "conjugate_isogenous_pairs": 23, "eigenvalues": [3.4192852772011033, -3.4341267987521706]}, "5": {"diameter": 6, "conjugate_isogenous_pairs": 72, "eigenvalues": [4.41234098716763, -4.442475382507392]}, "7": {"diameter": 5, "conjugate_isogenous_pairs": 42, "eigenvalues": [5.258967076277723, -5.234263881981715]}, "11": {"diameter": 4, "conjugate_isogenous_pairs": 66, "eigenvalues": [6.531310300968524, -6.487032867762448]}}}