{"prime": 27073, "nodes": 2256, "minpoly": "x^2 + 27070*x + 5", "spine": 28, "undirected": true, "ell": {"2": {"diameter": 14, "conjugate_isogenous_pairs": 51, "eigenvalues": [2.8247622282301434, -2.827635259645137]}, "3": {"diameter": 10, "conjugate_isogenous_pairs": 81, "eigenvalues": [3.46238607312012, -3.4574403709415473]}, "5": {"diameter": 7, "conjugate_isogenous_pairs": 104, "eigenvalues": [4.433873409148896, -4.464705931468582]}, "7": {"diameter": 6, "conjugate_isogenous_pairs": 118, "eigenvalues": [5.282473996123645, -5.270142674567975]}, "11": {"diameter": 5, "conjugate_isogenous_pairs": 135, "eigenvalues": [6.56088214809241, -6.597552781165778]}}}