{"prime": 337, "nodes": 28, "minpoly": "x^2 + 332*x + 10", "spine": 4, "undirected": true, "ell": {"2": {"diameter": 6, "conjugate_isogenous_pairs": 5, "eigenvalues": [2.5626634810334994, -2.686947638007268]}, "3": {"diameter": 5, "conjugate_isogenous_pairs": 9, "eigenvalues": [3.3753075995311033, -3.270269907037388]}, "5": {"diameter": 3, "conjugate_isogenous_pairs": 9, "eigenvalues": [4.179499884792786, -3.7225033858003083]}, "7": {"diameter": 3, "conjugate_isogenous_pairs": 9, "eigenvalues": [4.964217144793219, -5.20701723874509]}, "11": {"diameter": 2, "conjugate_isogenous_pairs": 8, "eigenvalues": [5.91821693096958, -6.235986579565553]}}}