{"prime": 26449, "nodes": 2204, "minpoly": "x^2 + 26442*x + 7", "spine": 54, "undirected": true, "ell": {"2": {"diameter": 14, "conjugate_isogenous_pairs": 72, "eigenvalues": [2.8240262917198633, -2.827092965361178]}, "3": {"diameter": 9, "conjugate_isogenous_pairs": 40, "eigenvalues": [3.45220117188938, -3.4626695312666538]}, "5": {"diameter": 7, "conjugate_isogenous_pairs": 85, "eigenvalues": [4.414851355325951, -4.414069735733968]}, "7": {"diameter": 6, "conjugate_isogenous_pairs": 94, "eigenvalues": [5.257674406502614, -5.270416155908267]}, "11": {"diameter": 5, "conjugate_isogenous_pairs": 210, "eigenvalues": [6.61586613497269, -6.600163299455901]}}}