{"prime": 5189, "nodes": 433, "minpoly": "x^2 + 5179*x + 2", "spine": 49, "undirected": false, "ell": {"2": {"diameter": 12, "conjugate_isogenous_pairs": 10, "eigenvalues": [2.8135864197667586, -2.8278410458621903]}, "3": {"diameter": 9, "conjugate_isogenous_pairs": 35, "eigenvalues": [3.4526935514815964, -3.4463165385968724]}, "5": {"diameter": 6, "conjugate_isogenous_pairs": 21, "eigenvalues": [4.4282481837730305, -4.421920109784772]}, "7": {"diameter": 5, "conjugate_isogenous_pairs": 41, "eigenvalues": [5.227835781222171, -5.1752336282125935]}, "11": {"diameter": 4, "conjugate_isogenous_pairs": 52, "eigenvalues": [6.598610502514137, -6.46111283290211]}}}