{"prime": 9601, "nodes": 800, "minpoly": "x^2 + 9598*x + 13", "spine": 24, "undirected": true, "ell": {"2": {"diameter": 12, "conjugate_isogenous_pairs": 36, "eigenvalues": [2.8167239463826044, -2.8027403689550443]}, "3": {"diameter": 8, "conjugate_isogenous_pairs": 32, "eigenvalues": [3.4466120120178636, -3.458004332692263]}, "5": {"diameter": 6, "conjugate_isogenous_pairs": 45, "eigenvalues": [4.456264033184871, -4.365021329222958]}, "7": {"diameter": 5, "conjugate_isogenous_pairs": 53, "eigenvalues": [5.215257023684955, -5.238372195957161]}, "11": {"diameter": 4, "conjugate_isogenous_pairs": 95, "eigenvalues": [6.536467892205522, -6.575710754384841]}}}