{"prime": 27361, "nodes": 2280, "minpoly": "x^2 + 27354*x + 7", "spine": 50, "undirected": true, "ell": {"2": {"diameter": 15, "conjugate_isogenous_pairs": 68, "eigenvalues": [2.8234369252356863, -2.821034686726338]}, "3": {"diameter": 10, "conjugate_isogenous_pairs": 48, "eigenvalues": [3.440013972581167, -3.462481892982439]}, "5": {"diameter": 7, "conjugate_isogenous_pairs": 54, "eigenvalues": [4.405633599204067, -4.428470274592214]}, "7": {"diameter": 6, "conjugate_isogenous_pairs": 80, "eigenvalues": [5.280914897180141, -5.256856875878587]}, "11": {"diameter": 5, "conjugate_isogenous_pairs": 220, "eigenvalues": [6.604109292146155, -6.558649289244454]}}}