{"prime": 8419, "nodes": 702, "minpoly": "x^2 + 8414*x + 3", "spine": 38, "undirected": false, "ell": {"2": {"diameter": 13, "conjugate_isogenous_pairs": 31, "eigenvalues": [2.7985682969519625, -2.808441990355703]}, "3": {"diameter": 8, "conjugate_isogenous_pairs": 13, "eigenvalues": [3.4453900174787218, -3.44231947423152]}, "5": {"diameter": 6, "conjugate_isogenous_pairs": 83, "eigenvalues": [4.4577085128783205, -4.433701878308949]}, "7": {"diameter": 5, "conjugate_isogenous_pairs": 23, "eigenvalues": [5.217938781432826, -5.225817067169207]}, "11": {"diameter": 4, "conjugate_isogenous_pairs": 99, "eigenvalues": [6.511497155943344, -6.623087327185433]}}}