{"prime": 20161, "nodes": 1680, "minpoly": "x^2 + 20158*x + 13", "spine": 38, "undirected": true, "ell": {"2": {"diameter": 14, "conjugate_isogenous_pairs": 37, "eigenvalues": [2.827590771258572, -2.8213809544036335]}, "3": {"diameter": 9, "conjugate_isogenous_pairs": 36, "eigenvalues": [3.4232902661814673, -3.4601271241042553]}, "5": {"diameter": 6, "conjugate_isogenous_pairs": 96, "eigenvalues": [4.448306671941663, -4.439592392593957]}, "7": {"diameter": 6, "conjugate_isogenous_pairs": 100, "eigenvalues": [5.26037586874762, -5.277587058927131]}, "11": {"diameter": 5, "conjugate_isogenous_pairs": 165, "eigenvalues": [6.592397024354409, -6.5844311435114555]}}}