{"prime": 28081, "nodes": 2340, "minpoly": "x^2 + 28078*x + 19", "spine": 54, "undirected": true, "ell": {"2": {"diameter": 14, "conjugate_isogenous_pairs": 43, "eigenvalues": [2.8239593491472994, -2.8274087007091]}, "3": {"diameter": 9, "conjugate_isogenous_pairs": 48, "eigenvalues": [3.4415885349349993, -3.4604888359369728]}, "5": {"diameter": 7, "conjugate_isogenous_pairs": 92, "eigenvalues": [4.457975016925586, -4.4350314573148335]}, "7": {"diameter": 6, "conjugate_isogenous_pairs": 106, "eigenvalues": [5.258054528823912, -5.2763033619661766]}, "11": {"diameter": 5, "conjugate_isogenous_pairs": 155, "eigenvalues": [6.618761228145522, -6.561931956181382]}}}