{"prime": 19381, "nodes": 1615, "minpoly": "x^2 + 19379*x + 7", "spine": 55, "undirected": true, "ell": {"2": {"diameter": 14, "conjugate_isogenous_pairs": 50, "eigenvalues": [2.819426170953001, -2.826180916860418]}, "3": {"diameter": 9, "conjugate_isogenous_pairs": 55, "eigenvalues": [3.4571713285258223, -3.4501299319999017]}, "5": {"diameter": 7, "conjugate_isogenous_pairs": 65, "eigenvalues": [4.46636115547802, -4.456802551559685]}, "7": {"diameter": 6, "conjugate_isogenous_pairs": 48, "eigenvalues": [5.27865943823132, -5.242733911427146]}, "11": {"diameter": 5, "conjugate_isogenous_pairs": 264, "eigenvalues": [6.618594542782839, -6.601267326602019]}}}