{"prime": 9461, "nodes": 789, "minpoly": "x^2 + 9459*x + 3", "spine": 57, "undirected": false, "ell": {"2": {"diameter": 13, "conjugate_isogenous_pairs": 12, "eigenvalues": [2.799103549047181, -2.8185990823267124]}, "3": {"diameter": 9, "conjugate_isogenous_pairs": 38, "eigenvalues": [3.438393710189513, -3.4211246611692108]}, "5": {"diameter": 6, "conjugate_isogenous_pairs": 27, "eigenvalues": [4.4483298334231876, -4.441235593521277]}, "7": {"diameter": 6, "conjugate_isogenous_pairs": 76, "eigenvalues": [5.224027626515632, -5.259071915814774]}, "11": {"diameter": 4, "conjugate_isogenous_pairs": 74, "eigenvalues": [6.557810243766287, -6.621839732101197]}}}