{"prime": 6661, "nodes": 555, "minpoly": "x^2 + 6660*x + 6", "spine": 23, "undirected": true, "ell": {"2": {"diameter": 12, "conjugate_isogenous_pairs": 17, "eigenvalues": [2.812502816431455, -2.794369069347684]}, "3": {"diameter": 8, "conjugate_isogenous_pairs": 47, "eigenvalues": [3.462988050947683, -3.4509208861893113]}, "5": {"diameter": 6, "conjugate_isogenous_pairs": 53, "eigenvalues": [4.414844187220372, -4.378122347300315]}, "7": {"diameter": 5, "conjugate_isogenous_pairs": 27, "eigenvalues": [5.1867558686767, -5.152232845879705]}, "11": {"diameter": 4, "conjugate_isogenous_pairs": 119, "eigenvalues": [6.602659411312406, -6.613193687266024]}}}