{"prime": 22669, "nodes": 1889, "minpoly": "x^2 + 22668*x + 2", "spine": 65, "undirected": true, "ell": {"2": {"diameter": 14, "conjugate_isogenous_pairs": 46, "eigenvalues": [2.8243280636126107, -2.8215086230288153]}, "3": {"diameter": 9, "conjugate_isogenous_pairs": 50, "eigenvalues": [3.457518259462058, -3.4550994360786373]}, "5": {"diameter": 7, "conjugate_isogenous_pairs": 58, "eigenvalues": [4.469563932968753, -4.438336874029913]}, "7": {"diameter": 6, "conjugate_isogenous_pairs": 52, "eigenvalues": [5.282642849854352, -5.235864724805429]}, "11": {"diameter": 5, "conjugate_isogenous_pairs": 285, "eigenvalues": [6.623939125947901, -6.587713291336317]}}}