{"prime": 509, "nodes": 43, "minpoly": "x^2 + 508*x + 2", "spine": 15, "undirected": false, "ell": {"2": {"diameter": 9, "conjugate_isogenous_pairs": 3, "eigenvalues": [2.7883784596754366, -2.7222850765077027]}, "3": {"diameter": 6, "conjugate_isogenous_pairs": 4, "eigenvalues": [3.257326582043396, -3.2729962498143417]}, "5": {"diameter": 4, "conjugate_isogenous_pairs": 5, "eigenvalues": [4.096369500841881, -4.129424015016439]}, "7": {"diameter": 4, "conjugate_isogenous_pairs": 12, "eigenvalues": [4.698292954171306, -4.585364344299001]}, "11": {"diameter": 3, "conjugate_isogenous_pairs": 13, "eigenvalues": [6.376411272755031, -5.462911862429534]}}}