{"prime": 3581, "nodes": 299, "minpoly": "x^2 + 3577*x + 2", "spine": 25, "undirected": false, "ell": {"2": {"diameter": 12, "conjugate_isogenous_pairs": 7, "eigenvalues": [2.814701376880578, -2.8133885962823464]}, "3": {"diameter": 9, "conjugate_isogenous_pairs": 33, "eigenvalues": [3.4010243447550548, -3.3771422053397484]}, "5": {"diameter": 5, "conjugate_isogenous_pairs": 20, "eigenvalues": [4.328335559442388, -4.4308770318741635]}, "7": {"diameter": 5, "conjugate_isogenous_pairs": 31, "eigenvalues": [5.242129555080083, -5.269884752790984]}, "11": {"diameter": 4, "conjugate_isogenous_pairs": 53, "eigenvalues": [6.508417184363678, -6.553573769175375]}}}