{"prime": 11633, "nodes": 970, "minpoly": "x^2 + 11632*x + 3", "spine": 36, "undirected": false, "ell": {"2": {"diameter": 13, "conjugate_isogenous_pairs": 21, "eigenvalues": [2.8117927215575333, -2.82276468381241]}, "3": {"diameter": 9, "conjugate_isogenous_pairs": 47, "eigenvalues": [3.422219002252487, -3.4593880004110464]}, "5": {"diameter": 7, "conjugate_isogenous_pairs": 32, "eigenvalues": [4.445318307892108, -4.441304279815537]}, "7": {"diameter": 6, "conjugate_isogenous_pairs": 161, "eigenvalues": [5.201563483557982, -5.209227353414449]}, "11": {"diameter": 5, "conjugate_isogenous_pairs": 60, "eigenvalues": [6.56874866951575, -6.6206130532142495]}}}