{"prime": 13187, "nodes": 1100, "minpoly": "x^2 + 13186*x + 2", "spine": 46, "undirected": false, "ell": {"2": {"diameter": 14, "conjugate_isogenous_pairs": 31, "eigenvalues": [2.8273054633150156, -2.8133917098261465]}, "3": {"diameter": 9, "conjugate_isogenous_pairs": 32, "eigenvalues": [3.4464336695542936, -3.447105329387504]}, "5": {"diameter": 7, "conjugate_isogenous_pairs": 52, "eigenvalues": [4.445215357413542, -4.453761372235696]}, "7": {"diameter": 6, "conjugate_isogenous_pairs": 107, "eigenvalues": [5.216486684340348, -5.268539167370492]}, "11": {"diameter": 5, "conjugate_isogenous_pairs": 52, "eigenvalues": [6.468892786007512, -6.622330726242576]}}}