{"prime": 9859, "nodes": 822, "minpoly": "x^2 + 9855*x + 2", "spine": 42, "undirected": false, "ell": {"2": {"diameter": 14, "conjugate_isogenous_pairs": 42, "eigenvalues": [2.8172410328421065, -2.810360888387602]}, "3": {"diameter": 8, "conjugate_isogenous_pairs": 17, "eigenvalues": [3.4480948579511246, -3.460777369325204]}, "5": {"diameter": 6, "conjugate_isogenous_pairs": 72, "eigenvalues": [4.452839669896419, -4.425664059179272]}, "7": {"diameter": 5, "conjugate_isogenous_pairs": 26, "eigenvalues": [5.238813144475936, -5.230342451742728]}, "11": {"diameter": 4, "conjugate_isogenous_pairs": 99, "eigenvalues": [6.4985857898700194, -6.511395025260147]}}}