{"prime": 21521, "nodes": 1794, "minpoly": "x^2 + 21516*x + 3", "spine": 84, "undirected": false, "ell": {"2": {"diameter": 15, "conjugate_isogenous_pairs": 29, "eigenvalues": [2.8204899197799254, -2.8233748437116915]}, "3": {"diameter": 10, "conjugate_isogenous_pairs": 29, "eigenvalues": [3.4624515186250573, -3.4411026563895972]}, "5": {"diameter": 7, "conjugate_isogenous_pairs": 37, "eigenvalues": [4.446547351919184, -4.448139360792452]}, "7": {"diameter": 6, "conjugate_isogenous_pairs": 159, "eigenvalues": [5.2480733144049, -5.23334290673829]}, "11": {"diameter": 5, "conjugate_isogenous_pairs": 131, "eigenvalues": [6.590253682509843, -6.5602078141811075]}}}