{"prime": 2753, "nodes": 230, "minpoly": "x^2 + 2747*x + 3", "spine": 14, "undirected": false, "ell": {"2": {"diameter": 11, "conjugate_isogenous_pairs": 11, "eigenvalues": [2.8133119710944703, -2.7492426008212223]}, "3": {"diameter": 8, "conjugate_isogenous_pairs": 27, "eigenvalues": [3.4431431360800686, -3.370485687475012]}, "5": {"diameter": 6, "conjugate_isogenous_pairs": 13, "eigenvalues": [4.450276812673978, -4.399430064440217]}, "7": {"diameter": 5, "conjugate_isogenous_pairs": 60, "eigenvalues": [5.209723418634263, -5.122596384624823]}, "11": {"diameter": 4, "conjugate_isogenous_pairs": 20, "eigenvalues": [6.576439888588477, -6.406700371032723]}}}