{"prime": 751, "nodes": 63, "minpoly": "x^2 + 749*x + 3", "spine": 15, "undirected": false, "ell": {"2": {"diameter": 7, "conjugate_isogenous_pairs": 5, "eigenvalues": [2.7087814561741212, -2.678523703373976]}, "3": {"diameter": 5, "conjugate_isogenous_pairs": 8, "eigenvalues": [3.2588458178629924, -3.3125732041611435]}, "5": {"diameter": 5, "conjugate_isogenous_pairs": 12, "eigenvalues": [4.016316434317961, -4.266608231941022]}, "7": {"diameter": 4, "conjugate_isogenous_pairs": 6, "eigenvalues": [4.959185467665488, -4.950205187842319]}, "11": {"diameter": 3, "conjugate_isogenous_pairs": 16, "eigenvalues": [6.429790430891989, -6.496989360455113]}}}