{"prime": 6389, "nodes": 533, "minpoly": "x^2 + 6388*x + 2", "spine": 45, "undirected": false, "ell": {"2": {"diameter": 12, "conjugate_isogenous_pairs": 15, "eigenvalues": [2.80657315819752, -2.8019937277376457]}, "3": {"diameter": 8, "conjugate_isogenous_pairs": 26, "eigenvalues": [3.4452520639069593, -3.4608819875498162]}, "5": {"diameter": 6, "conjugate_isogenous_pairs": 18, "eigenvalues": [4.3719168411349285, -4.412367825143312]}, "7": {"diameter": 5, "conjugate_isogenous_pairs": 73, "eigenvalues": [5.249779061218685, -5.2692369101011405]}, "11": {"diameter": 4, "conjugate_isogenous_pairs": 85, "eigenvalues": [6.499212623323871, -6.587834330448857]}}}