{"prime": 1019, "nodes": 86, "minpoly": "x^2 + 1015*x + 2", "spine": 26, "undirected": false, "ell": {"2": {"diameter": 10, "conjugate_isogenous_pairs": 4, "eigenvalues": [2.75798455599962, -2.769919014948171]}, "3": {"diameter": 7, "conjugate_isogenous_pairs": 5, "eigenvalues": [3.348835962868238, -3.3105210290620963]}, "5": {"diameter": 5, "conjugate_isogenous_pairs": 17, "eigenvalues": [4.322583843653325, -4.4444991873084625]}, "7": {"diameter": 5, "conjugate_isogenous_pairs": 11, "eigenvalues": [5.212424940465152, -5.116122315078693]}, "11": {"diameter": 3, "conjugate_isogenous_pairs": 11, "eigenvalues": [6.158436761811601, -6.3669864694168945]}}}