{"prime": 2693, "nodes": 225, "minpoly": "x^2 + 2688*x + 2", "spine": 21, "undirected": false, "ell": {"2": {"diameter": 12, "conjugate_isogenous_pairs": 11, "eigenvalues": [2.7992889611747453, -2.817574209952038]}, "3": {"diameter": 8, "conjugate_isogenous_pairs": 21, "eigenvalues": [3.452458836870003, -3.416140261811206]}, "5": {"diameter": 5, "conjugate_isogenous_pairs": 15, "eigenvalues": [4.2494148624425065, -4.25475284518321]}, "7": {"diameter": 5, "conjugate_isogenous_pairs": 56, "eigenvalues": [5.148590280349443, -5.102693860857174]}, "11": {"diameter": 4, "conjugate_isogenous_pairs": 38, "eigenvalues": [6.418164570856655, -6.4067430510528505]}}}