{"prime": 28949, "nodes": 2413, "minpoly": "x^2 + 28945*x + 2", "spine": 113, "undirected": false, "ell": {"2": {"diameter": 15, "conjugate_isogenous_pairs": 22, "eigenvalues": [2.826244133877946, -2.8190743109905556]}, "3": {"diameter": 10, "conjugate_isogenous_pairs": 83, "eigenvalues": [3.4589000527189215, -3.458109937686372]}, "5": {"diameter": 7, "conjugate_isogenous_pairs": 61, "eigenvalues": [4.428971910228563, -4.46829011485217]}, "7": {"diameter": 6, "conjugate_isogenous_pairs": 113, "eigenvalues": [5.2829226510543705, -5.246526063364393]}, "11": {"diameter": 5, "conjugate_isogenous_pairs": 117, "eigenvalues": [6.575890102946845, -6.537376089998384]}}}