{"prime": 3779, "nodes": 316, "minpoly": "x^2 + 3774*x + 2", "spine": 62, "undirected": false, "ell": {"2": {"diameter": 12, "conjugate_isogenous_pairs": 7, "eigenvalues": [2.8055908373632827, -2.814323157760529]}, "3": {"diameter": 8, "conjugate_isogenous_pairs": 15, "eigenvalues": [3.45880400370132, -3.431264228892749]}, "5": {"diameter": 6, "conjugate_isogenous_pairs": 23, "eigenvalues": [4.391645365026135, -4.358188174533622]}, "7": {"diameter": 5, "conjugate_isogenous_pairs": 25, "eigenvalues": [5.192298365717545, -5.22091589223466]}, "11": {"diameter": 4, "conjugate_isogenous_pairs": 26, "eigenvalues": [6.474831349968245, -6.485919955183156]}}}