{"prime": 6091, "nodes": 508, "minpoly": "x^2 + 6089*x + 7", "spine": 30, "undirected": false, "ell": {"2": {"diameter": 12, "conjugate_isogenous_pairs": 19, "eigenvalues": [2.8073919661816835, -2.8162066000579915]}, "3": {"diameter": 8, "conjugate_isogenous_pairs": 20, "eigenvalues": [3.431476355224786, -3.4498678112040855]}, "5": {"diameter": 6, "conjugate_isogenous_pairs": 104, "eigenvalues": [4.467526483297075, -4.440348358445646]}, "7": {"diameter": 5, "conjugate_isogenous_pairs": 20, "eigenvalues": [5.209023722038244, -5.286942168543947]}, "11": {"diameter": 4, "conjugate_isogenous_pairs": 54, "eigenvalues": [6.56211734035994, -6.5566211620813215]}}}