{"prime": 6359, "nodes": 531, "minpoly": "x^2 + 6358*x + 13", "spine": 101, "undirected": false, "ell": {"2": {"diameter": 13, "conjugate_isogenous_pairs": 15, "eigenvalues": [2.815770215670714, -2.8158521627153714]}, "3": {"diameter": 9, "conjugate_isogenous_pairs": 10, "eigenvalues": [3.412356982575736, -3.4549297493038726]}, "5": {"diameter": 6, "conjugate_isogenous_pairs": 20, "eigenvalues": [4.414446180426549, -4.420374780836707]}, "7": {"diameter": 5, "conjugate_isogenous_pairs": 30, "eigenvalues": [5.1950317068311795, -5.206694321085322]}, "11": {"diameter": 4, "conjugate_isogenous_pairs": 41, "eigenvalues": [6.565593465847959, -6.589223128885919]}}}