{"prime": 24109, "nodes": 2009, "minpoly": "x^2 + 24105*x + 2", "spine": 45, "undirected": true, "ell": {"2": {"diameter": 14, "conjugate_isogenous_pairs": 43, "eigenvalues": [2.8132252492257317, -2.824841168541267]}, "3": {"diameter": 9, "conjugate_isogenous_pairs": 95, "eigenvalues": [3.442020701887307, -3.4500751641109386]}, "5": {"diameter": 7, "conjugate_isogenous_pairs": 115, "eigenvalues": [4.422657015623911, -4.433477978410592]}, "7": {"diameter": 6, "conjugate_isogenous_pairs": 47, "eigenvalues": [5.282378048654057, -5.226314929661672]}, "11": {"diameter": 5, "conjugate_isogenous_pairs": 244, "eigenvalues": [6.602017961132586, -6.543369795817163]}}}