{"prime": 22283, "nodes": 1858, "minpoly": "x^2 + 22277*x + 2", "spine": 94, "undirected": false, "ell": {"2": {"diameter": 15, "conjugate_isogenous_pairs": 27, "eigenvalues": [2.817851641680419, -2.8264974438750476]}, "3": {"diameter": 10, "conjugate_isogenous_pairs": 74, "eigenvalues": [3.451061279216926, -3.461740313917987]}, "5": {"diameter": 7, "conjugate_isogenous_pairs": 76, "eigenvalues": [4.448040574329554, -4.455289643015755]}, "7": {"diameter": 6, "conjugate_isogenous_pairs": 95, "eigenvalues": [5.256172209503743, -5.287247997077408]}, "11": {"diameter": 5, "conjugate_isogenous_pairs": 37, "eigenvalues": [6.570032630604878, -6.554509159677632]}}}