{"prime": 23041, "nodes": 1920, "minpoly": "x^2 + 23036*x + 11", "spine": 36, "undirected": true, "ell": {"2": {"diameter": 14, "conjugate_isogenous_pairs": 36, "eigenvalues": [2.8206031883185827, -2.826107449527076]}, "3": {"diameter": 9, "conjugate_isogenous_pairs": 59, "eigenvalues": [3.444302810480495, -3.4592021896814615]}, "5": {"diameter": 7, "conjugate_isogenous_pairs": 123, "eigenvalues": [4.464530761635809, -4.434755698927765]}, "7": {"diameter": 6, "conjugate_isogenous_pairs": 96, "eigenvalues": [5.233447115464728, -5.233736325035906]}, "11": {"diameter": 5, "conjugate_isogenous_pairs": 221, "eigenvalues": [6.589285576461218, -6.601978797533689]}}}