{"prime": 9137, "nodes": 762, "minpoly": "x^2 + 9136*x + 3", "spine": 28, "undirected": false, "ell": {"2": {"diameter": 13, "conjugate_isogenous_pairs": 22, "eigenvalues": [2.808575835183124, -2.813426978995533]}, "3": {"diameter": 9, "conjugate_isogenous_pairs": 50, "eigenvalues": [3.440795230817499, -3.4408157184184107]}, "5": {"diameter": 6, "conjugate_isogenous_pairs": 33, "eigenvalues": [4.417356562346514, -4.395053105427334]}, "7": {"diameter": 6, "conjugate_isogenous_pairs": 125, "eigenvalues": [5.264739112872202, -5.263791238429498]}, "11": {"diameter": 4, "conjugate_isogenous_pairs": 32, "eigenvalues": [6.567598390184992, -6.611317325806996]}}}