{"prime": 157, "nodes": 13, "minpoly": "x^2 + 152*x + 5", "spine": 3, "undirected": true, "ell": {"2": {"diameter": 6, "conjugate_isogenous_pairs": 4, "eigenvalues": [2.7654334053982983, -2.696494887050877]}, "3": {"diameter": 4, "conjugate_isogenous_pairs": 5, "eigenvalues": [3.1749826292433014, -3.1388290695706953]}, "5": {"diameter": 3, "conjugate_isogenous_pairs": 3, "eigenvalues": [3.4914672500986814, -3.572499881698153]}, "7": {"diameter": 2, "conjugate_isogenous_pairs": 4, "eigenvalues": [2.9931276965122153, -4.393539279035949]}, "11": {"diameter": 2, "conjugate_isogenous_pairs": 5, "eigenvalues": [5.258870020922058, -5.286325785363752]}}}