{"prime": 15319, "nodes": 1277, "minpoly": "x^2 + 15313*x + 3", "spine": 87, "undirected": false, "ell": {"2": {"diameter": 14, "conjugate_isogenous_pairs": 37, "eigenvalues": [2.8182882620990055, -2.823407467784768]}, "3": {"diameter": 9, "conjugate_isogenous_pairs": 23, "eigenvalues": [3.452506233509312, -3.4549986936097383]}, "5": {"diameter": 7, "conjugate_isogenous_pairs": 74, "eigenvalues": [4.46656158974528, -4.447020029262102]}, "7": {"diameter": 5, "conjugate_isogenous_pairs": 35, "eigenvalues": [5.2286106113099065, -5.200487751712409]}, "11": {"diameter": 5, "conjugate_isogenous_pairs": 126, "eigenvalues": [6.542240647020578, -6.497148582934323]}}}