{"prime": 17707, "nodes": 1476, "minpoly": "x^2 + 17706*x + 3", "spine": 42, "undirected": false, "ell": {"2": {"diameter": 14, "conjugate_isogenous_pairs": 47, "eigenvalues": [2.815417399059538, -2.8250510388795074]}, "3": {"diameter": 9, "conjugate_isogenous_pairs": 67, "eigenvalues": [3.4512365683467587, -3.4515488177539155]}, "5": {"diameter": 7, "conjugate_isogenous_pairs": 164, "eigenvalues": [4.421081649057531, -4.4301855932333325]}, "7": {"diameter": 6, "conjugate_isogenous_pairs": 50, "eigenvalues": [5.250870663495028, -5.2766368640046215]}, "11": {"diameter": 5, "conjugate_isogenous_pairs": 63, "eigenvalues": [6.580212319106562, -6.576556481148972]}}}