{"prime": 15541, "nodes": 1295, "minpoly": "x^2 + 15537*x + 6", "spine": 31, "undirected": true, "ell": {"2": {"diameter": 13, "conjugate_isogenous_pairs": 31, "eigenvalues": [2.816561071110383, -2.820992142072893]}, "3": {"diameter": 9, "conjugate_isogenous_pairs": 62, "eigenvalues": [3.453915419142816, -3.460101267692947]}, "5": {"diameter": 6, "conjugate_isogenous_pairs": 86, "eigenvalues": [4.47099710338359, -4.453082505363858]}, "7": {"diameter": 5, "conjugate_isogenous_pairs": 57, "eigenvalues": [5.256032359255302, -5.177633801096702]}, "11": {"diameter": 5, "conjugate_isogenous_pairs": 241, "eigenvalues": [6.611521058769848, -6.602635305561025]}}}