{"prime": 13693, "nodes": 1141, "minpoly": "x^2 + 13691*x + 6", "spine": 21, "undirected": true, "ell": {"2": {"diameter": 13, "conjugate_isogenous_pairs": 42, "eigenvalues": [2.8204549307864437, -2.8192642100044676]}, "3": {"diameter": 9, "conjugate_isogenous_pairs": 74, "eigenvalues": [3.4534735576857636, -3.4450808423906376]}, "5": {"diameter": 6, "conjugate_isogenous_pairs": 68, "eigenvalues": [4.4467773840175315, -4.420541495307638]}, "7": {"diameter": 5, "conjugate_isogenous_pairs": 65, "eigenvalues": [5.2452897362966215, -5.256833114839446]}, "11": {"diameter": 4, "conjugate_isogenous_pairs": 118, "eigenvalues": [6.616346975014093, -6.61198406034381]}}}