{"prime": 6577, "nodes": 548, "minpoly": "x^2 + 6576*x + 5", "spine": 18, "undirected": true, "ell": {"2": {"diameter": 12, "conjugate_isogenous_pairs": 24, "eigenvalues": [2.8053306991468134, -2.8047683065556486]}, "3": {"diameter": 8, "conjugate_isogenous_pairs": 49, "eigenvalues": [3.453343303650983, -3.449243972982039]}, "5": {"diameter": 6, "conjugate_isogenous_pairs": 42, "eigenvalues": [4.423720130406401, -4.416746764966934]}, "7": {"diameter": 5, "conjugate_isogenous_pairs": 53, "eigenvalues": [5.232360309342936, -5.290591042091912]}, "11": {"diameter": 4, "conjugate_isogenous_pairs": 53, "eigenvalues": [6.538287875847519, -6.602820850448484]}}}