{"prime": 9221, "nodes": 769, "minpoly": "x^2 + 9216*x + 2", "spine": 49, "undirected": false, "ell": {"2": {"diameter": 13, "conjugate_isogenous_pairs": 12, "eigenvalues": [2.8227010587453956, -2.818324384798432]}, "3": {"diameter": 9, "conjugate_isogenous_pairs": 52, "eigenvalues": [3.451099936640518, -3.437292038621068]}, "5": {"diameter": 6, "conjugate_isogenous_pairs": 24, "eigenvalues": [4.414557829542418, -4.40917577268938]}, "7": {"diameter": 6, "conjugate_isogenous_pairs": 49, "eigenvalues": [5.240508685553281, -5.275661499846563]}, "11": {"diameter": 5, "conjugate_isogenous_pairs": 65, "eigenvalues": [6.507377905767274, -6.561372865561382]}}}