{"prime": 5521, "nodes": 460, "minpoly": "x^2 + 5518*x + 11", "spine": 30, "undirected": true, "ell": {"2": {"diameter": 11, "conjugate_isogenous_pairs": 24, "eigenvalues": [2.795786161387066, -2.8160335071935503]}, "3": {"diameter": 8, "conjugate_isogenous_pairs": 23, "eigenvalues": [3.398202171008924, -3.4419552975204812]}, "5": {"diameter": 6, "conjugate_isogenous_pairs": 28, "eigenvalues": [4.418105752312819, -4.425231954292116]}, "7": {"diameter": 5, "conjugate_isogenous_pairs": 34, "eigenvalues": [5.156972762789875, -5.235489545322357]}, "11": {"diameter": 4, "conjugate_isogenous_pairs": 79, "eigenvalues": [6.467162521141813, -6.353255843721518]}}}