{"prime": 9293, "nodes": 775, "minpoly": "x^2 + 9289*x + 2", "spine": 25, "undirected": false, "ell": {"2": {"diameter": 13, "conjugate_isogenous_pairs": 15, "eigenvalues": [2.795566961831142, -2.820680933567]}, "3": {"diameter": 9, "conjugate_isogenous_pairs": 58, "eigenvalues": [3.4274620276596672, -3.451169071861817]}, "5": {"diameter": 6, "conjugate_isogenous_pairs": 38, "eigenvalues": [4.40588337380257, -4.42106070594653]}, "7": {"diameter": 5, "conjugate_isogenous_pairs": 127, "eigenvalues": [5.216384857273813, -5.231533829919732]}, "11": {"diameter": 5, "conjugate_isogenous_pairs": 61, "eigenvalues": [6.483147061002966, -6.584082759485452]}}}