{"prime": 4057, "nodes": 338, "minpoly": "x^2 + 4056*x + 5", "spine": 10, "undirected": true, "ell": {"2": {"diameter": 11, "conjugate_isogenous_pairs": 23, "eigenvalues": [2.810607400819472, -2.7935661166545027]}, "3": {"diameter": 7, "conjugate_isogenous_pairs": 30, "eigenvalues": [3.409347037588575, -3.402318117128666]}, "5": {"diameter": 6, "conjugate_isogenous_pairs": 39, "eigenvalues": [4.387349611008946, -4.402765914511408]}, "7": {"diameter": 5, "conjugate_isogenous_pairs": 55, "eigenvalues": [5.23109307981757, -5.236496090063753]}, "11": {"diameter": 4, "conjugate_isogenous_pairs": 51, "eigenvalues": [6.569353304351162, -6.546219337215943]}}}