{"prime": 14321, "nodes": 1194, "minpoly": "x^2 + 14320*x + 3", "spine": 96, "undirected": false, "ell": {"2": {"diameter": 14, "conjugate_isogenous_pairs": 15, "eigenvalues": [2.8132906338387285, -2.8169122707450343]}, "3": {"diameter": 9, "conjugate_isogenous_pairs": 28, "eigenvalues": [3.435096326461952, -3.449646214031972]}, "5": {"diameter": 7, "conjugate_isogenous_pairs": 34, "eigenvalues": [4.428065435426728, -4.439107718350282]}, "7": {"diameter": 6, "conjugate_isogenous_pairs": 135, "eigenvalues": [5.26423629555046, -5.281167872738714]}, "11": {"diameter": 5, "conjugate_isogenous_pairs": 90, "eigenvalues": [6.55657879681896, -6.599341890038516]}}}