{"prime": 20549, "nodes": 1713, "minpoly": "x^2 + 20545*x + 2", "spine": 83, "undirected": false, "ell": {"2": {"diameter": 15, "conjugate_isogenous_pairs": 23, "eigenvalues": [2.8105752451386343, -2.8190982460985308]}, "3": {"diameter": 10, "conjugate_isogenous_pairs": 66, "eigenvalues": [3.437010421882802, -3.4096211039756397]}, "5": {"diameter": 7, "conjugate_isogenous_pairs": 35, "eigenvalues": [4.4237887572994525, -4.432732390080273]}, "7": {"diameter": 6, "conjugate_isogenous_pairs": 84, "eigenvalues": [5.275102507266417, -5.2838138007032285]}, "11": {"diameter": 5, "conjugate_isogenous_pairs": 98, "eigenvalues": [6.6137738501401016, -6.5631293610014625]}}}