{"prime": 15401, "nodes": 1284, "minpoly": "x^2 + 15398*x + 6", "spine": 68, "undirected": false, "ell": {"2": {"diameter": 14, "conjugate_isogenous_pairs": 17, "eigenvalues": [2.819037665236434, -2.8102371686551018]}, "3": {"diameter": 10, "conjugate_isogenous_pairs": 49, "eigenvalues": [3.4413733031850766, -3.451624910298934]}, "5": {"diameter": 7, "conjugate_isogenous_pairs": 26, "eigenvalues": [4.445316627302397, -4.453345873230343]}, "7": {"diameter": 6, "conjugate_isogenous_pairs": 90, "eigenvalues": [5.290263868379557, -5.244503357556025]}, "11": {"diameter": 5, "conjugate_isogenous_pairs": 63, "eigenvalues": [6.5604514050741525, -6.500332742294522]}}}