{"prime": 28813, "nodes": 2401, "minpoly": "x^2 + 28809*x + 2", "spine": 25, "undirected": true, "ell": {"2": {"diameter": 14, "conjugate_isogenous_pairs": 80, "eigenvalues": [2.825245848326469, -2.821470644854]}, "3": {"diameter": 9, "conjugate_isogenous_pairs": 110, "eigenvalues": [3.4439950970946045, -3.454498422256144]}, "5": {"diameter": 7, "conjugate_isogenous_pairs": 80, "eigenvalues": [4.456777021221127, -4.444627805185205]}, "7": {"diameter": 6, "conjugate_isogenous_pairs": 82, "eigenvalues": [5.246908418188483, -5.271925628099878]}, "11": {"diameter": 5, "conjugate_isogenous_pairs": 191, "eigenvalues": [6.560204151160251, -6.557595588947446]}}}