{"prime": 26113, "nodes": 2176, "minpoly": "x^2 + 26102*x + 7", "spine": 50, "undirected": true, "ell": {"2": {"diameter": 15, "conjugate_isogenous_pairs": 69, "eigenvalues": [2.81971656417403, -2.8228656813634387]}, "3": {"diameter": 9, "conjugate_isogenous_pairs": 58, "eigenvalues": [3.455366872736427, -3.4557848371294018]}, "5": {"diameter": 7, "conjugate_isogenous_pairs": 75, "eigenvalues": [4.4455999031979925, -4.446988524654833]}, "7": {"diameter": 6, "conjugate_isogenous_pairs": 87, "eigenvalues": [5.225885094833542, -5.257063944234751]}, "11": {"diameter": 5, "conjugate_isogenous_pairs": 136, "eigenvalues": [6.6166523357606035, -6.621091591872694]}}}