{"prime": 2879, "nodes": 241, "minpoly": "x^2 + 2878*x + 7", "spine": 57, "undirected": false, "ell": {"2": {"diameter": 12, "conjugate_isogenous_pairs": 5, "eigenvalues": [2.8152655168044984, -2.8239767909203883]}, "3": {"diameter": 8, "conjugate_isogenous_pairs": 13, "eigenvalues": [3.4328733593505807, -3.453292769397354]}, "5": {"diameter": 6, "conjugate_isogenous_pairs": 26, "eigenvalues": [4.43627741706212, -4.238258337086594]}, "7": {"diameter": 5, "conjugate_isogenous_pairs": 27, "eigenvalues": [5.18518215575511, -5.14333536927739]}, "11": {"diameter": 4, "conjugate_isogenous_pairs": 24, "eigenvalues": [6.628805460876906, -6.440036215167589]}}}