{"prime": 8893, "nodes": 741, "minpoly": "x^2 + 8888*x + 5", "spine": 23, "undirected": true, "ell": {"2": {"diameter": 13, "conjugate_isogenous_pairs": 56, "eigenvalues": [2.8122241250340814, -2.8266395936066355]}, "3": {"diameter": 8, "conjugate_isogenous_pairs": 57, "eigenvalues": [3.4301698287215316, -3.436951387665624]}, "5": {"diameter": 6, "conjugate_isogenous_pairs": 35, "eigenvalues": [4.4114195430785665, -4.439195860695044]}, "7": {"diameter": 5, "conjugate_isogenous_pairs": 44, "eigenvalues": [5.280440889235383, -5.250927292337239]}, "11": {"diameter": 4, "conjugate_isogenous_pairs": 87, "eigenvalues": [6.55280608476987, -6.583383004330619]}}}