{"prime": 6203, "nodes": 518, "minpoly": "x^2 + 6197*x + 2", "spine": 34, "undirected": false, "ell": {"2": {"diameter": 12, "conjugate_isogenous_pairs": 18, "eigenvalues": [2.8148069116629633, -2.815502358974283]}, "3": {"diameter": 9, "conjugate_isogenous_pairs": 32, "eigenvalues": [3.435820957514915, -3.4442713063601804]}, "5": {"diameter": 6, "conjugate_isogenous_pairs": 54, "eigenvalues": [4.372051845275392, -4.306641106503844]}, "7": {"diameter": 6, "conjugate_isogenous_pairs": 50, "eigenvalues": [5.238519765792366, -5.231704233008719]}, "11": {"diameter": 4, "conjugate_isogenous_pairs": 20, "eigenvalues": [6.516763142190611, -6.626570472317179]}}}