{"prime": 10853, "nodes": 905, "minpoly": "x^2 + 10852*x + 2", "spine": 53, "undirected": false, "ell": {"2": {"diameter": 13, "conjugate_isogenous_pairs": 27, "eigenvalues": [2.809830070865209, -2.8252806989979242]}, "3": {"diameter": 9, "conjugate_isogenous_pairs": 74, "eigenvalues": [3.450505333664754, -3.451751781736904]}, "5": {"diameter": 6, "conjugate_isogenous_pairs": 31, "eigenvalues": [4.42204573558686, -4.425445939530919]}, "7": {"diameter": 6, "conjugate_isogenous_pairs": 102, "eigenvalues": [5.229439444621048, -5.1336051517858365]}, "11": {"diameter": 5, "conjugate_isogenous_pairs": 67, "eigenvalues": [6.6093398021791705, -6.440532689090406]}}}