{"prime": 14983, "nodes": 1249, "minpoly": "x^2 + 14981*x + 3", "spine": 41, "undirected": false, "ell": {"2": {"diameter": 14, "conjugate_isogenous_pairs": 70, "eigenvalues": [2.8272801292037686, -2.8243590611382126]}, "3": {"diameter": 10, "conjugate_isogenous_pairs": 34, "eigenvalues": [3.449407997866463, -3.441890885347191]}, "5": {"diameter": 7, "conjugate_isogenous_pairs": 58, "eigenvalues": [4.434369272382637, -4.466010725608353]}, "7": {"diameter": 6, "conjugate_isogenous_pairs": 52, "eigenvalues": [5.267456608599897, -5.264452388094641]}, "11": {"diameter": 5, "conjugate_isogenous_pairs": 97, "eigenvalues": [6.55680500544089, -6.590885258219408]}}}