{"prime": 1327, "nodes": 111, "minpoly": "x^2 + 1326*x + 3", "spine": 15, "undirected": false, "ell": {"2": {"diameter": 10, "conjugate_isogenous_pairs": 10, "eigenvalues": [2.8037568459972375, -2.7786584346149583]}, "3": {"diameter": 7, "conjugate_isogenous_pairs": 14, "eigenvalues": [3.388025140237002, -3.3333965482576624]}, "5": {"diameter": 5, "conjugate_isogenous_pairs": 23, "eigenvalues": [4.327938101292935, -4.388178744546012]}, "7": {"diameter": 4, "conjugate_isogenous_pairs": 9, "eigenvalues": [4.685822565645163, -5.1266603357701666]}, "11": {"diameter": 3, "conjugate_isogenous_pairs": 15, "eigenvalues": [6.238887013178118, -6.266661625534245]}}}