{"prime": 27539, "nodes": 2296, "minpoly": "x^2 + 27535*x + 2", "spine": 134, "undirected": false, "ell": {"2": {"diameter": 15, "conjugate_isogenous_pairs": 20, "eigenvalues": [2.817136443781909, -2.8236995054752922]}, "3": {"diameter": 10, "conjugate_isogenous_pairs": 43, "eigenvalues": [3.4488556653951483, -3.442669967966754]}, "5": {"diameter": 7, "conjugate_isogenous_pairs": 113, "eigenvalues": [4.447205274840014, -4.446283661453811]}, "7": {"diameter": 6, "conjugate_isogenous_pairs": 93, "eigenvalues": [5.2642386889228145, -5.272385426313692]}, "11": {"diameter": 5, "conjugate_isogenous_pairs": 81, "eigenvalues": [6.59680356545451, -6.623911000790999]}}}