{"prime": 23773, "nodes": 1981, "minpoly": "x^2 + 23770*x + 5", "spine": 33, "undirected": true, "ell": {"2": {"diameter": 14, "conjugate_isogenous_pairs": 52, "eigenvalues": [2.8173881809257684, -2.8227733324825257]}, "3": {"diameter": 10, "conjugate_isogenous_pairs": 155, "eigenvalues": [3.447322106368151, -3.451315284384005]}, "5": {"diameter": 7, "conjugate_isogenous_pairs": 92, "eigenvalues": [4.455939611511626, -4.45999681668577]}, "7": {"diameter": 6, "conjugate_isogenous_pairs": 71, "eigenvalues": [5.247778536391037, -5.263467141162423]}, "11": {"diameter": 5, "conjugate_isogenous_pairs": 140, "eigenvalues": [6.598198977134148, -6.627960422283464]}}}