{"prime": 9631, "nodes": 803, "minpoly": "x^2 + 9629*x + 3", "spine": 77, "undirected": false, "ell": {"2": {"diameter": 13, "conjugate_isogenous_pairs": 36, "eigenvalues": [2.815414723012818, -2.8202471255250923]}, "3": {"diameter": 9, "conjugate_isogenous_pairs": 17, "eigenvalues": [3.446418543189758, -3.456913073512262]}, "5": {"diameter": 6, "conjugate_isogenous_pairs": 54, "eigenvalues": [4.41459427059245, -4.441493817963117]}, "7": {"diameter": 5, "conjugate_isogenous_pairs": 23, "eigenvalues": [5.223823459044561, -5.196038686899511]}, "11": {"diameter": 4, "conjugate_isogenous_pairs": 89, "eigenvalues": [6.506169491021628, -6.582179813140514]}}}