{"prime": 17909, "nodes": 1493, "minpoly": "x^2 + 17903*x + 2", "spine": 93, "undirected": false, "ell": {"2": {"diameter": 14, "conjugate_isogenous_pairs": 31, "eigenvalues": [2.822039755712193, -2.825640353385887]}, "3": {"diameter": 10, "conjugate_isogenous_pairs": 44, "eigenvalues": [3.42576925439022, -3.461010704917855]}, "5": {"diameter": 7, "conjugate_isogenous_pairs": 30, "eigenvalues": [4.392400553464905, -4.419598510878208]}, "7": {"diameter": 6, "conjugate_isogenous_pairs": 90, "eigenvalues": [5.255828505609688, -5.245897958042467]}, "11": {"diameter": 5, "conjugate_isogenous_pairs": 107, "eigenvalues": [6.563570286899395, -6.595648073833278]}}}