{"prime": 3853, "nodes": 321, "minpoly": "x^2 + 3852*x + 2", "spine": 13, "undirected": true, "ell": {"2": {"diameter": 12, "conjugate_isogenous_pairs": 29, "eigenvalues": [2.8158776292410406, -2.7972783709262994]}, "3": {"diameter": 7, "conjugate_isogenous_pairs": 27, "eigenvalues": [3.3737397739836337, -3.427484487843672]}, "5": {"diameter": 5, "conjugate_isogenous_pairs": 29, "eigenvalues": [4.4014206758580245, -4.451867090658056]}, "7": {"diameter": 4, "conjugate_isogenous_pairs": 40, "eigenvalues": [5.220509327471093, -5.131291994057398]}, "11": {"diameter": 4, "conjugate_isogenous_pairs": 88, "eigenvalues": [6.5854553994062055, -6.433009761537764]}}}