{"prime": 8641, "nodes": 720, "minpoly": "x^2 + 8634*x + 17", "spine": 38, "undirected": true, "ell": {"2": {"diameter": 12, "conjugate_isogenous_pairs": 26, "eigenvalues": [2.8162574578575073, -2.81487389606457]}, "3": {"diameter": 8, "conjugate_isogenous_pairs": 23, "eigenvalues": [3.420261515213091, -3.4617102737440026]}, "5": {"diameter": 6, "conjugate_isogenous_pairs": 56, "eigenvalues": [4.44961406734031, -4.4399130638598]}, "7": {"diameter": 5, "conjugate_isogenous_pairs": 49, "eigenvalues": [5.223155626239618, -5.208193192875634]}, "11": {"diameter": 4, "conjugate_isogenous_pairs": 118, "eigenvalues": [6.541308628028316, -6.501452872404638]}}}