{"prime": 1291, "nodes": 108, "minpoly": "x^2 + 1290*x + 2", "spine": 18, "undirected": false, "ell": {"2": {"diameter": 10, "conjugate_isogenous_pairs": 11, "eigenvalues": [2.7959673626063895, -2.736667842654154]}, "3": {"diameter": 7, "conjugate_isogenous_pairs": 7, "eigenvalues": [3.4540182879658357, -3.3723909724948773]}, "5": {"diameter": 5, "conjugate_isogenous_pairs": 21, "eigenvalues": [4.278151287497934, -4.366753594565056]}, "7": {"diameter": 4, "conjugate_isogenous_pairs": 7, "eigenvalues": [5.202497247196402, -5.015479823749522]}, "11": {"diameter": 3, "conjugate_isogenous_pairs": 26, "eigenvalues": [6.552045729852023, -6.452231207749085]}}}