{"prime": 13523, "nodes": 1128, "minpoly": "x^2 + 13522*x + 2", "spine": 78, "undirected": false, "ell": {"2": {"diameter": 14, "conjugate_isogenous_pairs": 29, "eigenvalues": [2.8105263698345806, -2.8203077246205814]}, "3": {"diameter": 10, "conjugate_isogenous_pairs": 34, "eigenvalues": [3.4529269886615483, -3.4562731172327767]}, "5": {"diameter": 7, "conjugate_isogenous_pairs": 49, "eigenvalues": [4.431030792360953, -4.405029972702494]}, "7": {"diameter": 6, "conjugate_isogenous_pairs": 77, "eigenvalues": [5.24063308397058, -5.220322447817184]}, "11": {"diameter": 5, "conjugate_isogenous_pairs": 34, "eigenvalues": [6.5994126245821585, -6.486134131612686]}}}