{"prime": 13901, "nodes": 1159, "minpoly": "x^2 + 13900*x + 2", "spine": 97, "undirected": false, "ell": {"2": {"diameter": 14, "conjugate_isogenous_pairs": 14, "eigenvalues": [2.8230372996045383, -2.8200525639643232]}, "3": {"diameter": 10, "conjugate_isogenous_pairs": 45, "eigenvalues": [3.4492834934002046, -3.45853028486572]}, "5": {"diameter": 7, "conjugate_isogenous_pairs": 30, "eigenvalues": [4.427166975114145, -4.416124933464241]}, "7": {"diameter": 6, "conjugate_isogenous_pairs": 71, "eigenvalues": [5.25193207232529, -5.259778947559593]}, "11": {"diameter": 5, "conjugate_isogenous_pairs": 139, "eigenvalues": [6.456452199270143, -6.58688561286984]}}}