{"prime": 5431, "nodes": 453, "minpoly": "x^2 + 5430*x + 3", "spine": 57, "undirected": false, "ell": {"2": {"diameter": 13, "conjugate_isogenous_pairs": 25, "eigenvalues": [2.8153527816761397, -2.816126901963419]}, "3": {"diameter": 8, "conjugate_isogenous_pairs": 13, "eigenvalues": [3.4567477835725584, -3.4422205938594175]}, "5": {"diameter": 6, "conjugate_isogenous_pairs": 38, "eigenvalues": [4.4214772565590135, -4.447279237765136]}, "7": {"diameter": 5, "conjugate_isogenous_pairs": 15, "eigenvalues": [5.265590820756584, -5.208673066040904]}, "11": {"diameter": 4, "conjugate_isogenous_pairs": 62, "eigenvalues": [6.338777920740999, -6.604954065334088]}}}