{"prime": 6911, "nodes": 577, "minpoly": "x^2 + 6910*x + 7", "spine": 87, "undirected": false, "ell": {"2": {"diameter": 14, "conjugate_isogenous_pairs": 13, "eigenvalues": [2.825440415059787, -2.781296172533245]}, "3": {"diameter": 9, "conjugate_isogenous_pairs": 14, "eigenvalues": [3.4291745857202423, -3.458534910837304]}, "5": {"diameter": 6, "conjugate_isogenous_pairs": 31, "eigenvalues": [4.46715331989535, -4.411929888128002]}, "7": {"diameter": 6, "conjugate_isogenous_pairs": 45, "eigenvalues": [5.242994286702194, -5.283423460163005]}, "11": {"diameter": 5, "conjugate_isogenous_pairs": 28, "eigenvalues": [6.528280151745787, -6.545122707142577]}}}