{"prime": 9533, "nodes": 795, "minpoly": "x^2 + 9529*x + 2", "spine": 61, "undirected": false, "ell": {"2": {"diameter": 14, "conjugate_isogenous_pairs": 22, "eigenvalues": [2.8181959571469486, -2.8167661879178763]}, "3": {"diameter": 9, "conjugate_isogenous_pairs": 62, "eigenvalues": [3.4449197695681777, -3.453307004036644]}, "5": {"diameter": 6, "conjugate_isogenous_pairs": 18, "eigenvalues": [4.445824965148095, -4.460965947284251]}, "7": {"diameter": 6, "conjugate_isogenous_pairs": 67, "eigenvalues": [5.206343591033494, -5.172392181866646]}, "11": {"diameter": 5, "conjugate_isogenous_pairs": 67, "eigenvalues": [6.622990084899226, -6.454480150598186]}}}