{"prime": 29453, "nodes": 2455, "minpoly": "x^2 + 29446*x + 2", "spine": 61, "undirected": false, "ell": {"2": {"diameter": 15, "conjugate_isogenous_pairs": 31, "eigenvalues": [2.823459748698189, -2.8188752484598867]}, "3": {"diameter": 10, "conjugate_isogenous_pairs": 129, "eigenvalues": [3.4582329781765004, -3.443865970927294]}, "5": {"diameter": 7, "conjugate_isogenous_pairs": 53, "eigenvalues": [4.430236983625404, -4.464976894210615]}, "7": {"diameter": 6, "conjugate_isogenous_pairs": 198, "eigenvalues": [5.262350656139907, -5.258128227180243]}, "11": {"diameter": 5, "conjugate_isogenous_pairs": 120, "eigenvalues": [6.615367638084171, -6.588649530107375]}}}