{"prime": 13967, "nodes": 1165, "minpoly": "x^2 + 13964*x + 5", "spine": 79, "undirected": false, "ell": {"2": {"diameter": 13, "conjugate_isogenous_pairs": 21, "eigenvalues": [2.8235004167752873, -2.818566430020001]}, "3": {"diameter": 10, "conjugate_isogenous_pairs": 42, "eigenvalues": [3.4417947971781864, -3.439033849294448]}, "5": {"diameter": 7, "conjugate_isogenous_pairs": 65, "eigenvalues": [4.447373154489124, -4.442096787046894]}, "7": {"diameter": 6, "conjugate_isogenous_pairs": 101, "eigenvalues": [5.234693456021436, -5.26074047014835]}, "11": {"diameter": 5, "conjugate_isogenous_pairs": 37, "eigenvalues": [6.631214537386153, -6.58232851776635]}}}