{"prime": 6521, "nodes": 544, "minpoly": "x^2 + 6515*x + 6", "spine": 34, "undirected": false, "ell": {"2": {"diameter": 12, "conjugate_isogenous_pairs": 12, "eigenvalues": [2.8235518888733053, -2.802903438589202]}, "3": {"diameter": 9, "conjugate_isogenous_pairs": 25, "eigenvalues": [3.4433830420605904, -3.45634832064742]}, "5": {"diameter": 6, "conjugate_isogenous_pairs": 27, "eigenvalues": [4.456718601804581, -4.44519402672282]}, "7": {"diameter": 5, "conjugate_isogenous_pairs": 100, "eigenvalues": [5.214630702707449, -5.250319281213776]}, "11": {"diameter": 5, "conjugate_isogenous_pairs": 48, "eigenvalues": [6.601673984868064, -6.590900548094399]}}}