{"prime": 1249, "nodes": 104, "minpoly": "x^2 + 1246*x + 7", "spine": 16, "undirected": true, "ell": {"2": {"diameter": 9, "conjugate_isogenous_pairs": 9, "eigenvalues": [2.7764711833170743, -2.692884437956104]}, "3": {"diameter": 7, "conjugate_isogenous_pairs": 11, "eigenvalues": [3.3607762355834363, -3.3892551739828254]}, "5": {"diameter": 5, "conjugate_isogenous_pairs": 11, "eigenvalues": [4.034772389292371, -4.459207827810272]}, "7": {"diameter": 4, "conjugate_isogenous_pairs": 11, "eigenvalues": [4.769925527997122, -5.07104287546133]}, "11": {"diameter": 3, "conjugate_isogenous_pairs": 32, "eigenvalues": [6.200545138552281, -6.555944467755511]}}}