{"prime": 3331, "nodes": 278, "minpoly": "x^2 + 3322*x + 3", "spine": 30, "undirected": false, "ell": {"2": {"diameter": 12, "conjugate_isogenous_pairs": 21, "eigenvalues": [2.8183142123854625, -2.787805589343904]}, "3": {"diameter": 8, "conjugate_isogenous_pairs": 13, "eigenvalues": [3.444624176744273, -3.417599683127543]}, "5": {"diameter": 5, "conjugate_isogenous_pairs": 30, "eigenvalues": [4.374824567799329, -4.344291696445416]}, "7": {"diameter": 5, "conjugate_isogenous_pairs": 12, "eigenvalues": [5.123391217206147, -5.154854206307483]}, "11": {"diameter": 4, "conjugate_isogenous_pairs": 40, "eigenvalues": [6.627352811817975, -6.307997998969308]}}}