{"prime": 14159, "nodes": 1181, "minpoly": "x^2 + 14142*x + 13", "spine": 173, "undirected": false, "ell": {"2": {"diameter": 15, "conjugate_isogenous_pairs": 20, "eigenvalues": [2.816266943827285, -2.810474774562328]}, "3": {"diameter": 10, "conjugate_isogenous_pairs": 21, "eigenvalues": [3.4545153231398307, -3.4350641864860396]}, "5": {"diameter": 7, "conjugate_isogenous_pairs": 36, "eigenvalues": [4.440081894891319, -4.440513461545476]}, "7": {"diameter": 6, "conjugate_isogenous_pairs": 52, "eigenvalues": [5.193205105207606, -5.24566402062686]}, "11": {"diameter": 5, "conjugate_isogenous_pairs": 48, "eigenvalues": [6.576539327375792, -6.546401537168705]}}}