{"prime": 2957, "nodes": 247, "minpoly": "x^2 + 2956*x + 2", "spine": 27, "undirected": false, "ell": {"2": {"diameter": 12, "conjugate_isogenous_pairs": 15, "eigenvalues": [2.808557895419512, -2.808319387335686]}, "3": {"diameter": 8, "conjugate_isogenous_pairs": 19, "eigenvalues": [3.4180428847930635, -3.37385650245229]}, "5": {"diameter": 5, "conjugate_isogenous_pairs": 11, "eigenvalues": [4.3027472425779205, -4.233686759965607]}, "7": {"diameter": 5, "conjugate_isogenous_pairs": 57, "eigenvalues": [5.222105467980987, -5.111281406403526]}, "11": {"diameter": 4, "conjugate_isogenous_pairs": 37, "eigenvalues": [6.588567302336671, -6.373846692267403]}}}