{"prime": 25997, "nodes": 2167, "minpoly": "x^2 + 25990*x + 2", "spine": 73, "undirected": false, "ell": {"2": {"diameter": 15, "conjugate_isogenous_pairs": 48, "eigenvalues": [2.8264815241992554, -2.8185268154597716]}, "3": {"diameter": 11, "conjugate_isogenous_pairs": 103, "eigenvalues": [3.459702915901115, -3.419765212008092]}, "5": {"diameter": 7, "conjugate_isogenous_pairs": 30, "eigenvalues": [4.464200198526053, -4.457809639271685]}, "7": {"diameter": 6, "conjugate_isogenous_pairs": 131, "eigenvalues": [5.290874655644119, -5.28346404957207]}, "11": {"diameter": 5, "conjugate_isogenous_pairs": 93, "eigenvalues": [6.559384765402959, -6.621406973308765]}}}