{"prime": 79, "nodes": 7, "minpoly": "x^2 + 78*x + 3", "spine": 5, "undirected": false, "ell": {"2": {"diameter": 3, "conjugate_isogenous_pairs": 1, "eigenvalues": [2.05410715179011, -1.9215959613089617]}, "3": {"diameter": 4, "conjugate_isogenous_pairs": 1, "eigenvalues": [3.3564521030639614, -2.8879572015678985]}, "5": {"diameter": 2, "conjugate_isogenous_pairs": 1, "eigenvalues": [3.786257277658886, -3.0000000000000018]}, "7": {"diameter": 2, "conjugate_isogenous_pairs": 1, "eigenvalues": [3.2977454387954355, -4.164717534187328]}, "11": {"diameter": 2, "conjugate_isogenous_pairs": 1, "eigenvalues": [5.957832507477904, -5.0226675317815035]}}}