{"prime": 12037, "nodes": 1003, "minpoly": "x^2 + 12036*x + 5", "spine": 21, "undirected": true, "ell": {"2": {"diameter": 13, "conjugate_isogenous_pairs": 39, "eigenvalues": [2.8079077379740816, -2.826268631636165]}, "3": {"diameter": 9, "conjugate_isogenous_pairs": 82, "eigenvalues": [3.4405439873333994, -3.461399574058353]}, "5": {"diameter": 6, "conjugate_isogenous_pairs": 46, "eigenvalues": [4.4134980661350065, -4.410242897375988]}, "7": {"diameter": 5, "conjugate_isogenous_pairs": 57, "eigenvalues": [5.236857670222196, -5.288502699474115]}, "11": {"diameter": 4, "conjugate_isogenous_pairs": 128, "eigenvalues": [6.515011171857843, -6.458500714884285]}}}