{"prime": 4241, "nodes": 354, "minpoly": "x^2 + 4235*x + 3", "spine": 54, "undirected": false, "ell": {"2": {"diameter": 12, "conjugate_isogenous_pairs": 8, "eigenvalues": [2.8213291002735104, -2.8113156204800362]}, "3": {"diameter": 8, "conjugate_isogenous_pairs": 16, "eigenvalues": [3.432664460068917, -3.419595029168106]}, "5": {"diameter": 6, "conjugate_isogenous_pairs": 13, "eigenvalues": [4.353933807017881, -4.385918599965184]}, "7": {"diameter": 5, "conjugate_isogenous_pairs": 42, "eigenvalues": [5.255662083791755, -5.198199010311925]}, "11": {"diameter": 4, "conjugate_isogenous_pairs": 35, "eigenvalues": [6.447024377308915, -6.482491576786304]}}}