{"prime": 10799, "nodes": 901, "minpoly": "x^2 + 10797*x + 19", "spine": 153, "undirected": false, "ell": {"2": {"diameter": 15, "conjugate_isogenous_pairs": 16, "eigenvalues": [2.816278783321918, -2.816515116703531]}, "3": {"diameter": 9, "conjugate_isogenous_pairs": 19, "eigenvalues": [3.4422924374573594, -3.4482915265270155]}, "5": {"diameter": 7, "conjugate_isogenous_pairs": 28, "eigenvalues": [4.452558963138664, -4.439275804148963]}, "7": {"diameter": 6, "conjugate_isogenous_pairs": 42, "eigenvalues": [5.225684295296583, -5.264181050437263]}, "11": {"diameter": 5, "conjugate_isogenous_pairs": 40, "eigenvalues": [6.583379762556283, -6.572943866443837]}}}