{"prime": 18433, "nodes": 1536, "minpoly": "x^2 + 18432*x + 5", "spine": 28, "undirected": true, "ell": {"2": {"diameter": 13, "conjugate_isogenous_pairs": 35, "eigenvalues": [2.8202230264916195, -2.8203441056317398]}, "3": {"diameter": 9, "conjugate_isogenous_pairs": 93, "eigenvalues": [3.454018408208079, -3.4532157306104323]}, "5": {"diameter": 6, "conjugate_isogenous_pairs": 73, "eigenvalues": [4.44527312502613, -4.4086606810342195]}, "7": {"diameter": 5, "conjugate_isogenous_pairs": 89, "eigenvalues": [5.257755475454969, -5.268000606720561]}, "11": {"diameter": 5, "conjugate_isogenous_pairs": 114, "eigenvalues": [6.500525740909453, -6.619063241440406]}}}