{"prime": 499, "nodes": 42, "minpoly": "x^2 + 493*x + 7", "spine": 6, "undirected": false, "ell": {"2": {"diameter": 8, "conjugate_isogenous_pairs": 6, "eigenvalues": [2.7005699277147, -2.6531196462041122]}, "3": {"diameter": 6, "conjugate_isogenous_pairs": 5, "eigenvalues": [3.2897149288330074, -3.172422606921142]}, "5": {"diameter": 4, "conjugate_isogenous_pairs": 16, "eigenvalues": [4.431047725647632, -4.207248871290498]}, "7": {"diameter": 3, "conjugate_isogenous_pairs": 7, "eigenvalues": [4.459424124716126, -4.497227527420126]}, "11": {"diameter": 3, "conjugate_isogenous_pairs": 13, "eigenvalues": [6.386968677617675, -5.828561535841111]}}}