{"prime": 13337, "nodes": 1112, "minpoly": "x^2 + 13331*x + 3", "spine": 38, "undirected": false, "ell": {"2": {"diameter": 14, "conjugate_isogenous_pairs": 20, "eigenvalues": [2.8227978633053947, -2.8130755968546404]}, "3": {"diameter": 9, "conjugate_isogenous_pairs": 59, "eigenvalues": [3.4519331579058896, -3.463258445137886]}, "5": {"diameter": 7, "conjugate_isogenous_pairs": 28, "eigenvalues": [4.436589110783482, -4.427109130636206]}, "7": {"diameter": 6, "conjugate_isogenous_pairs": 147, "eigenvalues": [5.250874770775871, -5.229885540007614]}, "11": {"diameter": 5, "conjugate_isogenous_pairs": 38, "eigenvalues": [6.593791785377834, -6.5234751516009695]}}}