{"prime": 10391, "nodes": 867, "minpoly": "x^2 + 10389*x + 19", "spine": 153, "undirected": false, "ell": {"2": {"diameter": 14, "conjugate_isogenous_pairs": 15, "eigenvalues": [2.818567259355729, -2.8121979196332028]}, "3": {"diameter": 9, "conjugate_isogenous_pairs": 17, "eigenvalues": [3.4629819670829827, -3.440012446154368]}, "5": {"diameter": 7, "conjugate_isogenous_pairs": 32, "eigenvalues": [4.469063628988699, -4.452945775518885]}, "7": {"diameter": 6, "conjugate_isogenous_pairs": 36, "eigenvalues": [5.2699662435408685, -5.133589556906716]}, "11": {"diameter": 5, "conjugate_isogenous_pairs": 41, "eigenvalues": [6.58109134925217, -6.52429161742029]}}}