{"prime": 24499, "nodes": 2042, "minpoly": "x^2 + 24495*x + 2", "spine": 78, "undirected": false, "ell": {"2": {"diameter": 15, "conjugate_isogenous_pairs": 37, "eigenvalues": [2.826914037432988, -2.8241317750677517]}, "3": {"diameter": 10, "conjugate_isogenous_pairs": 26, "eigenvalues": [3.4348603276482326, -3.4613620912071625]}, "5": {"diameter": 7, "conjugate_isogenous_pairs": 165, "eigenvalues": [4.461062573190214, -4.46857082245135]}, "7": {"diameter": 6, "conjugate_isogenous_pairs": 45, "eigenvalues": [5.269297772391608, -5.253745986673721]}, "11": {"diameter": 5, "conjugate_isogenous_pairs": 196, "eigenvalues": [6.590838640878349, -6.595963888359637]}}}