{"prime": 26161, "nodes": 2180, "minpoly": "x^2 + 26152*x + 13", "spine": 34, "undirected": true, "ell": {"2": {"diameter": 14, "conjugate_isogenous_pairs": 61, "eigenvalues": [2.8240609054444334, -2.8172917474051484]}, "3": {"diameter": 9, "conjugate_isogenous_pairs": 60, "eigenvalues": [3.423827140219833, -3.4547108568531892]}, "5": {"diameter": 7, "conjugate_isogenous_pairs": 83, "eigenvalues": [4.454694976608511, -4.464262754170358]}, "7": {"diameter": 6, "conjugate_isogenous_pairs": 83, "eigenvalues": [5.2653278113187945, -5.265678323884055]}, "11": {"diameter": 5, "conjugate_isogenous_pairs": 147, "eigenvalues": [6.585119898175806, -6.59605181227978]}}}