{"prime": 16487, "nodes": 1375, "minpoly": "x^2 + 16486*x + 5", "spine": 93, "undirected": false, "ell": {"2": {"diameter": 14, "conjugate_isogenous_pairs": 22, "eigenvalues": [2.8262306321132775, -2.8186591867329165]}, "3": {"diameter": 10, "conjugate_isogenous_pairs": 43, "eigenvalues": [3.4538928128439212, -3.4564939402483033]}, "5": {"diameter": 7, "conjugate_isogenous_pairs": 47, "eigenvalues": [4.41831909783081, -4.4571438654010445]}, "7": {"diameter": 6, "conjugate_isogenous_pairs": 97, "eigenvalues": [5.263755292873521, -5.242765293731493]}, "11": {"diameter": 5, "conjugate_isogenous_pairs": 36, "eigenvalues": [6.4947583663957325, -6.6199133373911545]}}}