{"prime": 27733, "nodes": 2311, "minpoly": "x^2 + 27732*x + 2", "spine": 35, "undirected": true, "ell": {"2": {"diameter": 15, "conjugate_isogenous_pairs": 51, "eigenvalues": [2.8245558225771803, -2.82162579319302]}, "3": {"diameter": 10, "conjugate_isogenous_pairs": 118, "eigenvalues": [3.456421468374518, -3.4463131237198508]}, "5": {"diameter": 7, "conjugate_isogenous_pairs": 95, "eigenvalues": [4.464405316361928, -4.464326769701483]}, "7": {"diameter": 6, "conjugate_isogenous_pairs": 82, "eigenvalues": [5.267996612439082, -5.280442679341445]}, "11": {"diameter": 5, "conjugate_isogenous_pairs": 259, "eigenvalues": [6.622139585006109, -6.590590455485911]}}}