{"prime": 19391, "nodes": 1617, "minpoly": "x^2 + 19389*x + 11", "spine": 109, "undirected": false, "ell": {"2": {"diameter": 15, "conjugate_isogenous_pairs": 17, "eigenvalues": [2.8268114945557796, -2.8272393030320466]}, "3": {"diameter": 10, "conjugate_isogenous_pairs": 30, "eigenvalues": [3.444829084554504, -3.452913174163661]}, "5": {"diameter": 7, "conjugate_isogenous_pairs": 48, "eigenvalues": [4.409257693977343, -4.446406655271049]}, "7": {"diameter": 6, "conjugate_isogenous_pairs": 86, "eigenvalues": [5.277352158474161, -5.195136100252521]}, "11": {"diameter": 5, "conjugate_isogenous_pairs": 71, "eigenvalues": [6.578338893896233, -6.549312072794998]}}}