{"prime": 25127, "nodes": 2095, "minpoly": "x^2 + 25125*x + 5", "spine": 105, "undirected": false, "ell": {"2": {"diameter": 15, "conjugate_isogenous_pairs": 40, "eigenvalues": [2.8245222237076697, -2.822203986597013]}, "3": {"diameter": 10, "conjugate_isogenous_pairs": 55, "eigenvalues": [3.4465754639761896, -3.4329719563788568]}, "5": {"diameter": 7, "conjugate_isogenous_pairs": 55, "eigenvalues": [4.465179111026544, -4.457843991686541]}, "7": {"diameter": 6, "conjugate_isogenous_pairs": 142, "eigenvalues": [5.201088788416509, -5.260910805595715]}, "11": {"diameter": 5, "conjugate_isogenous_pairs": 38, "eigenvalues": [6.629432530269138, -6.603122111980157]}}}