{"prime": 11903, "nodes": 993, "minpoly": "x^2 + 11901*x + 5", "spine": 81, "undirected": false, "ell": {"2": {"diameter": 14, "conjugate_isogenous_pairs": 28, "eigenvalues": [2.825861003320111, -2.8156793358211125]}, "3": {"diameter": 10, "conjugate_isogenous_pairs": 30, "eigenvalues": [3.42419957795286, -3.459661334192033]}, "5": {"diameter": 7, "conjugate_isogenous_pairs": 36, "eigenvalues": [4.459930141880924, -4.46098619429409]}, "7": {"diameter": 6, "conjugate_isogenous_pairs": 109, "eigenvalues": [5.2786371205834905, -5.255512354027852]}, "11": {"diameter": 5, "conjugate_isogenous_pairs": 41, "eigenvalues": [6.553064024733692, -6.598735081687754]}}}