{"prime": 17737, "nodes": 1478, "minpoly": "x^2 + 17730*x + 7", "spine": 22, "undirected": true, "ell": {"2": {"diameter": 14, "conjugate_isogenous_pairs": 70, "eigenvalues": [2.8230192200274256, -2.821953820282085]}, "3": {"diameter": 9, "conjugate_isogenous_pairs": 47, "eigenvalues": [3.4454911652182836, -3.4608656358865]}, "5": {"diameter": 6, "conjugate_isogenous_pairs": 73, "eigenvalues": [4.443704521634183, -4.42858509561755]}, "7": {"diameter": 5, "conjugate_isogenous_pairs": 128, "eigenvalues": [5.251630259459926, -5.207264362207652]}, "11": {"diameter": 5, "conjugate_isogenous_pairs": 164, "eigenvalues": [6.579531442943516, -6.621765076056878]}}}