{"prime": 25307, "nodes": 2110, "minpoly": "x^2 + 25303*x + 2", "spine": 94, "undirected": false, "ell": {"2": {"diameter": 16, "conjugate_isogenous_pairs": 27, "eigenvalues": [2.8209512269297603, -2.8225884568672166]}, "3": {"diameter": 10, "conjugate_isogenous_pairs": 82, "eigenvalues": [3.454376919643841, -3.447828927861889]}, "5": {"diameter": 7, "conjugate_isogenous_pairs": 110, "eigenvalues": [4.445432234614657, -4.445010207567081]}, "7": {"diameter": 6, "conjugate_isogenous_pairs": 101, "eigenvalues": [5.270386708183905, -5.275047714020995]}, "11": {"diameter": 5, "conjugate_isogenous_pairs": 43, "eigenvalues": [6.612299667362413, -6.609562433413541]}}}