{"prime": 12589, "nodes": 1049, "minpoly": "x^2 + 12588*x + 2", "spine": 35, "undirected": true, "ell": {"2": {"diameter": 14, "conjugate_isogenous_pairs": 49, "eigenvalues": [2.8244669522010257, -2.8259619087582437]}, "3": {"diameter": 9, "conjugate_isogenous_pairs": 30, "eigenvalues": [3.4445116801799807, -3.449020603954001]}, "5": {"diameter": 6, "conjugate_isogenous_pairs": 47, "eigenvalues": [4.4625648997997125, -4.47175505473183]}, "7": {"diameter": 5, "conjugate_isogenous_pairs": 40, "eigenvalues": [5.211883238841083, -5.235494144187735]}, "11": {"diameter": 4, "conjugate_isogenous_pairs": 232, "eigenvalues": [6.6122476709216205, -6.5607936325129135]}}}