{"prime": 22067, "nodes": 1840, "minpoly": "x^2 + 22066*x + 2", "spine": 90, "undirected": false, "ell": {"2": {"diameter": 16, "conjugate_isogenous_pairs": 48, "eigenvalues": [2.8107991240903716, -2.812909502536932]}, "3": {"diameter": 10, "conjugate_isogenous_pairs": 32, "eigenvalues": [3.44368011946401, -3.435714378375408]}, "5": {"diameter": 7, "conjugate_isogenous_pairs": 69, "eigenvalues": [4.43421316946422, -4.460131162238407]}, "7": {"diameter": 6, "conjugate_isogenous_pairs": 111, "eigenvalues": [5.285436209421765, -5.2578743619332196]}, "11": {"diameter": 5, "conjugate_isogenous_pairs": 61, "eigenvalues": [6.612748777753694, -6.616238312867974]}}}