{"prime": 16187, "nodes": 1350, "minpoly": "x^2 + 16186*x + 2", "spine": 82, "undirected": false, "ell": {"2": {"diameter": 14, "conjugate_isogenous_pairs": 29, "eigenvalues": [2.82456594330836, -2.821311173618576]}, "3": {"diameter": 9, "conjugate_isogenous_pairs": 35, "eigenvalues": [3.4490450974810014, -3.4598761294707465]}, "5": {"diameter": 7, "conjugate_isogenous_pairs": 80, "eigenvalues": [4.45835392566396, -4.4446627874985545]}, "7": {"diameter": 6, "conjugate_isogenous_pairs": 94, "eigenvalues": [5.220112813643994, -5.251527364149207]}, "11": {"diameter": 5, "conjugate_isogenous_pairs": 53, "eigenvalues": [6.577915528711995, -6.6092842639504505]}}}