{"prime": 29231, "nodes": 2437, "minpoly": "x^2 + 29229*x + 13", "spine": 231, "undirected": false, "ell": {"2": {"diameter": 15, "conjugate_isogenous_pairs": 36, "eigenvalues": [2.8220885014460606, -2.8237040231965866]}, "3": {"diameter": 11, "conjugate_isogenous_pairs": 28, "eigenvalues": [3.4552765242983385, -3.445515359602494]}, "5": {"diameter": 7, "conjugate_isogenous_pairs": 41, "eigenvalues": [4.444122462216917, -4.458988460293685]}, "7": {"diameter": 6, "conjugate_isogenous_pairs": 98, "eigenvalues": [5.261246713702972, -5.284113372926216]}, "11": {"diameter": 5, "conjugate_isogenous_pairs": 90, "eigenvalues": [6.582658471348085, -6.590307506185564]}}}