{"prime": 12799, "nodes": 1067, "minpoly": "x^2 + 12796*x + 13", "spine": 93, "undirected": false, "ell": {"2": {"diameter": 14, "conjugate_isogenous_pairs": 38, "eigenvalues": [2.821029937894339, -2.814496389416556]}, "3": {"diameter": 9, "conjugate_isogenous_pairs": 23, "eigenvalues": [3.4509110054917795, -3.458737786436312]}, "5": {"diameter": 7, "conjugate_isogenous_pairs": 65, "eigenvalues": [4.38723995477128, -4.461959169669012]}, "7": {"diameter": 6, "conjugate_isogenous_pairs": 28, "eigenvalues": [5.184687827950627, -5.2301239963536315]}, "11": {"diameter": 5, "conjugate_isogenous_pairs": 118, "eigenvalues": [6.6014069628530025, -6.549685412306175]}}}