{"prime": 23063, "nodes": 1923, "minpoly": "x^2 + 23060*x + 5", "spine": 161, "undirected": false, "ell": {"2": {"diameter": 15, "conjugate_isogenous_pairs": 37, "eigenvalues": [2.822310666546241, -2.8281590640527354]}, "3": {"diameter": 10, "conjugate_isogenous_pairs": 67, "eigenvalues": [3.4538076361083156, -3.4548323402042915]}, "5": {"diameter": 7, "conjugate_isogenous_pairs": 43, "eigenvalues": [4.462132563368925, -4.45812223977469]}, "7": {"diameter": 6, "conjugate_isogenous_pairs": 95, "eigenvalues": [5.2856784684210725, -5.255334730564143]}, "11": {"diameter": 5, "conjugate_isogenous_pairs": 47, "eigenvalues": [6.617524269667822, -6.622461817972205]}}}