{"prime": 941, "nodes": 79, "minpoly": "x^2 + 940*x + 2", "spine": 23, "undirected": false, "ell": {"2": {"diameter": 9, "conjugate_isogenous_pairs": 3, "eigenvalues": [2.8151743363314092, -2.787339146405455]}, "3": {"diameter": 7, "conjugate_isogenous_pairs": 9, "eigenvalues": [3.440800901758307, -3.3059292213305653]}, "5": {"diameter": 4, "conjugate_isogenous_pairs": 8, "eigenvalues": [4.1832967302049795, -4.274276110226774]}, "7": {"diameter": 4, "conjugate_isogenous_pairs": 18, "eigenvalues": [5.135981158040671, -5.203037209923494]}, "11": {"diameter": 3, "conjugate_isogenous_pairs": 21, "eigenvalues": [6.286924332853862, -6.44652915856687]}}}