{"prime": 18443, "nodes": 1538, "minpoly": "x^2 + 18442*x + 2", "spine": 118, "undirected": false, "ell": {"2": {"diameter": 15, "conjugate_isogenous_pairs": 28, "eigenvalues": [2.8260114639456266, -2.8137045701721464]}, "3": {"diameter": 10, "conjugate_isogenous_pairs": 35, "eigenvalues": [3.4496709626434936, -3.4403660663225537]}, "5": {"diameter": 7, "conjugate_isogenous_pairs": 56, "eigenvalues": [4.467970880793682, -4.429775151355946]}, "7": {"diameter": 6, "conjugate_isogenous_pairs": 97, "eigenvalues": [5.287961240030902, -5.254023496836759]}, "11": {"diameter": 5, "conjugate_isogenous_pairs": 40, "eigenvalues": [6.5607851487532445, -6.579813743863953]}}}