{"prime": 17491, "nodes": 1458, "minpoly": "x^2 + 17486*x + 3", "spine": 58, "undirected": false, "ell": {"2": {"diameter": 15, "conjugate_isogenous_pairs": 54, "eigenvalues": [2.8195219350155423, -2.8141193976121572]}, "3": {"diameter": 9, "conjugate_isogenous_pairs": 23, "eigenvalues": [3.4537343608651607, -3.4401215462114303]}, "5": {"diameter": 7, "conjugate_isogenous_pairs": 94, "eigenvalues": [4.4650058611573415, -4.4292731661867535]}, "7": {"diameter": 6, "conjugate_isogenous_pairs": 32, "eigenvalues": [5.252159505785608, -5.275682668937142]}, "11": {"diameter": 5, "conjugate_isogenous_pairs": 145, "eigenvalues": [6.581640679196109, -6.5813197638922825]}}}