{"prime": 22727, "nodes": 1895, "minpoly": "x^2 + 22719*x + 5", "spine": 151, "undirected": false, "ell": {"2": {"diameter": 15, "conjugate_isogenous_pairs": 37, "eigenvalues": [2.8151199926415957, -2.823468418425087]}, "3": {"diameter": 10, "conjugate_isogenous_pairs": 36, "eigenvalues": [3.4619123725501497, -3.4510422992570935]}, "5": {"diameter": 7, "conjugate_isogenous_pairs": 35, "eigenvalues": [4.454253960548048, -4.4549461454316]}, "7": {"diameter": 6, "conjugate_isogenous_pairs": 130, "eigenvalues": [5.271278767588576, -5.273984809569673]}, "11": {"diameter": 5, "conjugate_isogenous_pairs": 54, "eigenvalues": [6.602889937391399, -6.5026443241430645]}}}