{"prime": 6607, "nodes": 551, "minpoly": "x^2 + 6606*x + 3", "spine": 45, "undirected": false, "ell": {"2": {"diameter": 13, "conjugate_isogenous_pairs": 21, "eigenvalues": [2.823123747463005, -2.812604752734143]}, "3": {"diameter": 8, "conjugate_isogenous_pairs": 29, "eigenvalues": [3.4461253606125593, -3.403684857066465]}, "5": {"diameter": 6, "conjugate_isogenous_pairs": 51, "eigenvalues": [4.423401613020966, -4.421793287623325]}, "7": {"diameter": 5, "conjugate_isogenous_pairs": 27, "eigenvalues": [5.226612302430953, -5.114295846329646]}, "11": {"diameter": 4, "conjugate_isogenous_pairs": 63, "eigenvalues": [6.584774187185026, -6.570085745558319]}}}