{"prime": 15527, "nodes": 1295, "minpoly": "x^2 + 15524*x + 5", "spine": 71, "undirected": false, "ell": {"2": {"diameter": 15, "conjugate_isogenous_pairs": 20, "eigenvalues": [2.81727962368784, -2.8241018221374468]}, "3": {"diameter": 10, "conjugate_isogenous_pairs": 52, "eigenvalues": [3.44154132531377, -3.4375810458808886]}, "5": {"diameter": 7, "conjugate_isogenous_pairs": 66, "eigenvalues": [4.450484239425109, -4.439876813885986]}, "7": {"diameter": 6, "conjugate_isogenous_pairs": 101, "eigenvalues": [5.213416629157964, -5.190839405668975]}, "11": {"diameter": 5, "conjugate_isogenous_pairs": 38, "eigenvalues": [6.602624968237746, -6.54027958764654]}}}