{"prime": 5821, "nodes": 485, "minpoly": "x^2 + 5817*x + 6", "spine": 23, "undirected": true, "ell": {"2": {"diameter": 12, "conjugate_isogenous_pairs": 18, "eigenvalues": [2.8138617103174455, -2.8271722746977743]}, "3": {"diameter": 8, "conjugate_isogenous_pairs": 51, "eigenvalues": [3.441396194124692, -3.4605702425513005]}, "5": {"diameter": 6, "conjugate_isogenous_pairs": 48, "eigenvalues": [4.35870641150261, -4.432115415494391]}, "7": {"diameter": 5, "conjugate_isogenous_pairs": 24, "eigenvalues": [5.233541632191793, -5.14790719993095]}, "11": {"diameter": 4, "conjugate_isogenous_pairs": 104, "eigenvalues": [6.532413419612871, -6.562863388770309]}}}