{"prime": 6229, "nodes": 519, "minpoly": "x^2 + 6225*x + 2", "spine": 23, "undirected": true, "ell": {"2": {"diameter": 12, "conjugate_isogenous_pairs": 30, "eigenvalues": [2.8263647643717564, -2.806698432837825]}, "3": {"diameter": 8, "conjugate_isogenous_pairs": 26, "eigenvalues": [3.4530990879037087, -3.4473848507301548]}, "5": {"diameter": 6, "conjugate_isogenous_pairs": 38, "eigenvalues": [4.4545660597247165, -4.386208416616258]}, "7": {"diameter": 5, "conjugate_isogenous_pairs": 31, "eigenvalues": [5.184130909156532, -5.1702291319184175]}, "11": {"diameter": 4, "conjugate_isogenous_pairs": 140, "eigenvalues": [6.535315170079029, -6.5292682991937046]}}}