{"prime": 15139, "nodes": 1262, "minpoly": "x^2 + 15138*x + 2", "spine": 58, "undirected": false, "ell": {"2": {"diameter": 14, "conjugate_isogenous_pairs": 54, "eigenvalues": [2.8160903363694736, -2.8259812948383822]}, "3": {"diameter": 9, "conjugate_isogenous_pairs": 17, "eigenvalues": [3.4474450582747074, -3.450778034242765]}, "5": {"diameter": 7, "conjugate_isogenous_pairs": 111, "eigenvalues": [4.440670355779894, -4.456729986406861]}, "7": {"diameter": 5, "conjugate_isogenous_pairs": 39, "eigenvalues": [5.270284319673018, -5.184592952684762]}, "11": {"diameter": 5, "conjugate_isogenous_pairs": 121, "eigenvalues": [6.535492542014627, -6.470403164461554]}}}