{"prime": 2137, "nodes": 178, "minpoly": "x^2 + 2136*x + 10", "spine": 8, "undirected": true, "ell": {"2": {"diameter": 10, "conjugate_isogenous_pairs": 20, "eigenvalues": [2.780917106857372, -2.7755736677649]}, "3": {"diameter": 7, "conjugate_isogenous_pairs": 22, "eigenvalues": [3.398320987864653, -3.41808385437786]}, "5": {"diameter": 5, "conjugate_isogenous_pairs": 27, "eigenvalues": [4.246684674295652, -4.31244737063056]}, "7": {"diameter": 4, "conjugate_isogenous_pairs": 40, "eigenvalues": [5.234376572317341, -5.113722805475994]}, "11": {"diameter": 4, "conjugate_isogenous_pairs": 30, "eigenvalues": [6.44363866770619, -6.365905405458201]}}}