{"prime": 593, "nodes": 50, "minpoly": "x^2 + 592*x + 3", "spine": 12, "undirected": false, "ell": {"2": {"diameter": 9, "conjugate_isogenous_pairs": 5, "eigenvalues": [2.796563481837894, -2.807069235782643]}, "3": {"diameter": 6, "conjugate_isogenous_pairs": 7, "eigenvalues": [3.2023311713442073, -3.303947671898108]}, "5": {"diameter": 4, "conjugate_isogenous_pairs": 4, "eigenvalues": [4.26704240055794, -4.399346515563394]}, "7": {"diameter": 4, "conjugate_isogenous_pairs": 17, "eigenvalues": [5.0797861689118635, -5.279953367680287]}, "11": {"diameter": 3, "conjugate_isogenous_pairs": 7, "eigenvalues": [6.465117539079595, -6.400996104804227]}}}