{"prime": 14081, "nodes": 1174, "minpoly": "x^2 + 14076*x + 3", "spine": 62, "undirected": false, "ell": {"2": {"diameter": 14, "conjugate_isogenous_pairs": 15, "eigenvalues": [2.8128169132353307, -2.8152271468054804]}, "3": {"diameter": 10, "conjugate_isogenous_pairs": 37, "eigenvalues": [3.438635794477105, -3.4492774428032087]}, "5": {"diameter": 7, "conjugate_isogenous_pairs": 32, "eigenvalues": [4.46782239747523, -4.429514213330166]}, "7": {"diameter": 6, "conjugate_isogenous_pairs": 146, "eigenvalues": [5.2765577861655, -5.240130207967313]}, "11": {"diameter": 5, "conjugate_isogenous_pairs": 77, "eigenvalues": [6.542325024482249, -6.559496603236333]}}}