{"prime": 18217, "nodes": 1518, "minpoly": "x^2 + 18214*x + 7", "spine": 28, "undirected": true, "ell": {"2": {"diameter": 14, "conjugate_isogenous_pairs": 51, "eigenvalues": [2.8177562649117425, -2.825268652421488]}, "3": {"diameter": 9, "conjugate_isogenous_pairs": 43, "eigenvalues": [3.4458806043126056, -3.450729740065152]}, "5": {"diameter": 7, "conjugate_isogenous_pairs": 67, "eigenvalues": [4.450206241773458, -4.462631712942748]}, "7": {"diameter": 5, "conjugate_isogenous_pairs": 117, "eigenvalues": [5.27070433407997, -5.2831045934544925]}, "11": {"diameter": 5, "conjugate_isogenous_pairs": 142, "eigenvalues": [6.575742556993277, -6.620126549684008]}}}