{"prime": 29423, "nodes": 2453, "minpoly": "x^2 + 29421*x + 5", "spine": 95, "undirected": false, "ell": {"2": {"diameter": 15, "conjugate_isogenous_pairs": 37, "eigenvalues": [2.824283262061499, -2.819602628090057]}, "3": {"diameter": 10, "conjugate_isogenous_pairs": 67, "eigenvalues": [3.4618716563831136, -3.4569343941987225]}, "5": {"diameter": 7, "conjugate_isogenous_pairs": 56, "eigenvalues": [4.453691289444774, -4.465839966599171]}, "7": {"diameter": 6, "conjugate_isogenous_pairs": 107, "eigenvalues": [5.287321180532267, -5.260887951703616]}, "11": {"diameter": 5, "conjugate_isogenous_pairs": 50, "eigenvalues": [6.606987165564519, -6.610635749626605]}}}