{"prime": 22643, "nodes": 1888, "minpoly": "x^2 + 22639*x + 2", "spine": 110, "undirected": false, "ell": {"2": {"diameter": 15, "conjugate_isogenous_pairs": 35, "eigenvalues": [2.819675220402855, -2.826538296518493]}, "3": {"diameter": 10, "conjugate_isogenous_pairs": 46, "eigenvalues": [3.4628398499326085, -3.431910976049463]}, "5": {"diameter": 7, "conjugate_isogenous_pairs": 61, "eigenvalues": [4.419359090883984, -4.45694192041564]}, "7": {"diameter": 6, "conjugate_isogenous_pairs": 127, "eigenvalues": [5.2523841835228815, -5.262279993725547]}, "11": {"diameter": 5, "conjugate_isogenous_pairs": 43, "eigenvalues": [6.622809851631951, -6.581890198798485]}}}