{"prime": 4409, "nodes": 368, "minpoly": "x^2 + 4403*x + 3", "spine": 34, "undirected": false, "ell": {"2": {"diameter": 13, "conjugate_isogenous_pairs": 11, "eigenvalues": [2.822547944137162, -2.8000182412435386]}, "3": {"diameter": 8, "conjugate_isogenous_pairs": 17, "eigenvalues": [3.455120748800028, -3.437609474594308]}, "5": {"diameter": 6, "conjugate_isogenous_pairs": 16, "eigenvalues": [4.361564542514806, -4.318345590254783]}, "7": {"diameter": 5, "conjugate_isogenous_pairs": 78, "eigenvalues": [5.21049116909652, -5.244360995525841]}, "11": {"diameter": 4, "conjugate_isogenous_pairs": 51, "eigenvalues": [6.50499246456813, -6.565344876868417]}}}