{"prime": 2689, "nodes": 224, "minpoly": "x^2 + 2684*x + 19", "spine": 12, "undirected": true, "ell": {"2": {"diameter": 10, "conjugate_isogenous_pairs": 16, "eigenvalues": [2.81637207788963, -2.764149972941593]}, "3": {"diameter": 7, "conjugate_isogenous_pairs": 20, "eigenvalues": [3.3871494023454476, -3.377740313492985]}, "5": {"diameter": 5, "conjugate_isogenous_pairs": 33, "eigenvalues": [4.447422629310098, -4.401551265084895]}, "7": {"diameter": 4, "conjugate_isogenous_pairs": 35, "eigenvalues": [5.129068161956807, -5.161517028038185]}, "11": {"diameter": 4, "conjugate_isogenous_pairs": 53, "eigenvalues": [6.553952640352809, -6.525319096894371]}}}