{"prime": 8447, "nodes": 705, "minpoly": "x^2 + 8445*x + 5", "spine": 99, "undirected": false, "ell": {"2": {"diameter": 13, "conjugate_isogenous_pairs": 20, "eigenvalues": [2.8188140994630158, -2.822837022305104]}, "3": {"diameter": 9, "conjugate_isogenous_pairs": 27, "eigenvalues": [3.4225790746469786, -3.4122333246321057]}, "5": {"diameter": 6, "conjugate_isogenous_pairs": 27, "eigenvalues": [4.409207446285482, -4.434327436448082]}, "7": {"diameter": 6, "conjugate_isogenous_pairs": 42, "eigenvalues": [5.2302737753029245, -5.266420997029873]}, "11": {"diameter": 5, "conjugate_isogenous_pairs": 28, "eigenvalues": [6.597530594958876, -6.502517530039624]}}}