{"prime": 3761, "nodes": 314, "minpoly": "x^2 + 3760*x + 3", "spine": 40, "undirected": false, "ell": {"2": {"diameter": 12, "conjugate_isogenous_pairs": 6, "eigenvalues": [2.8183260123023177, -2.820420539197625]}, "3": {"diameter": 9, "conjugate_isogenous_pairs": 20, "eigenvalues": [3.4076390807274777, -3.390334416785013]}, "5": {"diameter": 6, "conjugate_isogenous_pairs": 20, "eigenvalues": [4.428929056750319, -4.30269828942128]}, "7": {"diameter": 5, "conjugate_isogenous_pairs": 44, "eigenvalues": [5.20453302648559, -5.088803226938795]}, "11": {"diameter": 4, "conjugate_isogenous_pairs": 30, "eigenvalues": [6.533564141123241, -6.365411314529121]}}}