{"prime": 25693, "nodes": 2141, "minpoly": "x^2 + 25692*x + 2", "spine": 35, "undirected": true, "ell": {"2": {"diameter": 15, "conjugate_isogenous_pairs": 70, "eigenvalues": [2.8244131288586916, -2.824459358475696]}, "3": {"diameter": 10, "conjugate_isogenous_pairs": 110, "eigenvalues": [3.453581023231473, -3.44320262273578]}, "5": {"diameter": 7, "conjugate_isogenous_pairs": 84, "eigenvalues": [4.422745999916342, -4.465959436235332]}, "7": {"diameter": 6, "conjugate_isogenous_pairs": 78, "eigenvalues": [5.235921867237054, -5.265140717797334]}, "11": {"diameter": 5, "conjugate_isogenous_pairs": 243, "eigenvalues": [6.630825833010359, -6.593846895230462]}}}