{"prime": 89, "nodes": 8, "minpoly": "x^2 + 82*x + 3", "spine": 6, "undirected": false, "ell": {"2": {"diameter": 6, "conjugate_isogenous_pairs": 1, "eigenvalues": [2.693427561847517, -2.4772527083832077]}, "3": {"diameter": 3, "conjugate_isogenous_pairs": 1, "eigenvalues": [2.345264969969502, -2.759353853635873]}, "5": {"diameter": 3, "conjugate_isogenous_pairs": 1, "eigenvalues": [3.443553027115203, -3.2545520309198626]}, "7": {"diameter": 3, "conjugate_isogenous_pairs": 1, "eigenvalues": [5.1749824590199305, -3.9999999999999982]}, "11": {"diameter": 2, "conjugate_isogenous_pairs": 1, "eigenvalues": [5.825450368398734, -4.072472579698848]}}}