{"prime": 25771, "nodes": 2148, "minpoly": "x^2 + 25767*x + 2", "spine": 54, "undirected": false, "ell": {"2": {"diameter": 14, "conjugate_isogenous_pairs": 61, "eigenvalues": [2.816236895239915, -2.819995704443281]}, "3": {"diameter": 10, "conjugate_isogenous_pairs": 35, "eigenvalues": [3.4541221801547004, -3.432103418201076]}, "5": {"diameter": 7, "conjugate_isogenous_pairs": 159, "eigenvalues": [4.450649146454053, -4.455677822649902]}, "7": {"diameter": 6, "conjugate_isogenous_pairs": 40, "eigenvalues": [5.268028301972882, -5.245587335628813]}, "11": {"diameter": 5, "conjugate_isogenous_pairs": 119, "eigenvalues": [6.58622811764072, -6.598667253374893]}}}