{"prime": 3691, "nodes": 308, "minpoly": "x^2 + 3685*x + 2", "spine": 26, "undirected": false, "ell": {"2": {"diameter": 11, "conjugate_isogenous_pairs": 16, "eigenvalues": [2.7812793903804045, -2.813266139166202]}, "3": {"diameter": 8, "conjugate_isogenous_pairs": 22, "eigenvalues": [3.451631976566285, -3.4319687038704494]}, "5": {"diameter": 6, "conjugate_isogenous_pairs": 58, "eigenvalues": [4.459631402311816, -4.338660935470658]}, "7": {"diameter": 5, "conjugate_isogenous_pairs": 12, "eigenvalues": [5.214810779835081, -5.207388617444258]}, "11": {"diameter": 4, "conjugate_isogenous_pairs": 37, "eigenvalues": [6.5924836181873525, -6.547381880796635]}}}