{"prime": 1583, "nodes": 133, "minpoly": "x^2 + 1581*x + 5", "spine": 33, "undirected": false, "ell": {"2": {"diameter": 10, "conjugate_isogenous_pairs": 7, "eigenvalues": [2.751592959634563, -2.7917867560869367]}, "3": {"diameter": 7, "conjugate_isogenous_pairs": 16, "eigenvalues": [3.44905930790282, -3.270740395480165]}, "5": {"diameter": 5, "conjugate_isogenous_pairs": 11, "eigenvalues": [4.384556733169846, -4.303896250223476]}, "7": {"diameter": 5, "conjugate_isogenous_pairs": 12, "eigenvalues": [5.0148390544333585, -5.237341057566429]}, "11": {"diameter": 4, "conjugate_isogenous_pairs": 8, "eigenvalues": [6.211482081487499, -6.478311492033928]}}}