{"prime": 8581, "nodes": 715, "minpoly": "x^2 + 8577*x + 6", "spine": 31, "undirected": true, "ell": {"2": {"diameter": 13, "conjugate_isogenous_pairs": 26, "eigenvalues": [2.807212909846271, -2.8135932074093275]}, "3": {"diameter": 8, "conjugate_isogenous_pairs": 34, "eigenvalues": [3.45752763337856, -3.4361877812013732]}, "5": {"diameter": 6, "conjugate_isogenous_pairs": 34, "eigenvalues": [4.452195674198967, -4.4024041275986106]}, "7": {"diameter": 5, "conjugate_isogenous_pairs": 32, "eigenvalues": [5.20453063749726, -5.212917702484843]}, "11": {"diameter": 4, "conjugate_isogenous_pairs": 175, "eigenvalues": [6.600816151691665, -6.486871716853656]}}}