{"prime": 24133, "nodes": 2011, "minpoly": "x^2 + 24131*x + 6", "spine": 27, "undirected": true, "ell": {"2": {"diameter": 14, "conjugate_isogenous_pairs": 48, "eigenvalues": [2.825077510420462, -2.8224569069989]}, "3": {"diameter": 9, "conjugate_isogenous_pairs": 117, "eigenvalues": [3.45919969057638, -3.43808657055282]}, "5": {"diameter": 7, "conjugate_isogenous_pairs": 136, "eigenvalues": [4.4645081320064675, -4.45344618698321]}, "7": {"diameter": 6, "conjugate_isogenous_pairs": 108, "eigenvalues": [5.284271227834404, -5.283219457751548]}, "11": {"diameter": 5, "conjugate_isogenous_pairs": 178, "eigenvalues": [6.5642418870040915, -6.570360233246536]}}}