{"prime": 821, "nodes": 69, "minpoly": "x^2 + 816*x + 2", "spine": 15, "undirected": false, "ell": {"2": {"diameter": 9, "conjugate_isogenous_pairs": 3, "eigenvalues": [2.789483238384433, -2.743298498766501]}, "3": {"diameter": 7, "conjugate_isogenous_pairs": 13, "eigenvalues": [3.38339680070806, -3.378103494006473]}, "5": {"diameter": 5, "conjugate_isogenous_pairs": 10, "eigenvalues": [4.1636215239419805, -4.283553443709716]}, "7": {"diameter": 4, "conjugate_isogenous_pairs": 19, "eigenvalues": [5.206043352896483, -5.073677539837395]}, "11": {"diameter": 3, "conjugate_isogenous_pairs": 17, "eigenvalues": [6.4094505191888205, -5.89648475619673]}}}