{"prime": 21419, "nodes": 1786, "minpoly": "x^2 + 21415*x + 2", "spine": 138, "undirected": false, "ell": {"2": {"diameter": 15, "conjugate_isogenous_pairs": 21, "eigenvalues": [2.8242196768458068, -2.8204196324840236]}, "3": {"diameter": 10, "conjugate_isogenous_pairs": 27, "eigenvalues": [3.4441795926590566, -3.44887326530045]}, "5": {"diameter": 7, "conjugate_isogenous_pairs": 59, "eigenvalues": [4.4318870360272316, -4.442289764081345]}, "7": {"diameter": 6, "conjugate_isogenous_pairs": 77, "eigenvalues": [5.223600818377542, -5.2670840881319725]}, "11": {"diameter": 5, "conjugate_isogenous_pairs": 90, "eigenvalues": [6.51405937171144, -6.602718057951169]}}}