{"prime": 29137, "nodes": 2428, "minpoly": "x^2 + 29136*x + 5", "spine": 40, "undirected": true, "ell": {"2": {"diameter": 16, "conjugate_isogenous_pairs": 88, "eigenvalues": [2.8244957030618307, -2.824101991022688]}, "3": {"diameter": 9, "conjugate_isogenous_pairs": 63, "eigenvalues": [3.4591021825033486, -3.461170754365137]}, "5": {"diameter": 7, "conjugate_isogenous_pairs": 56, "eigenvalues": [4.465682179721346, -4.467820655032092]}, "7": {"diameter": 6, "conjugate_isogenous_pairs": 129, "eigenvalues": [5.276545282392386, -5.277047742071719]}, "11": {"diameter": 5, "conjugate_isogenous_pairs": 150, "eigenvalues": [6.610226490795018, -6.605628527250572]}}}