{"prime": 22003, "nodes": 1834, "minpoly": "x^2 + 21999*x + 2", "spine": 30, "undirected": false, "ell": {"2": {"diameter": 15, "conjugate_isogenous_pairs": 65, "eigenvalues": [2.8248313440334942, -2.827087169131516]}, "3": {"diameter": 9, "conjugate_isogenous_pairs": 62, "eigenvalues": [3.4450111621381683, -3.4273960082013253]}, "5": {"diameter": 7, "conjugate_isogenous_pairs": 166, "eigenvalues": [4.458107706867177, -4.4359678041554025]}, "7": {"diameter": 6, "conjugate_isogenous_pairs": 70, "eigenvalues": [5.267450099888246, -5.268119269570796]}, "11": {"diameter": 5, "conjugate_isogenous_pairs": 96, "eigenvalues": [6.6071301018909026, -6.604515160314332]}}}