{"prime": 28927, "nodes": 2411, "minpoly": "x^2 + 28926*x + 3", "spine": 65, "undirected": false, "ell": {"2": {"diameter": 15, "conjugate_isogenous_pairs": 75, "eigenvalues": [2.8197761300942332, -2.8216921958402765]}, "3": {"diameter": 10, "conjugate_isogenous_pairs": 61, "eigenvalues": [3.4567517126466396, -3.457745889006676]}, "5": {"diameter": 7, "conjugate_isogenous_pairs": 100, "eigenvalues": [4.428116397650029, -4.421074709013739]}, "7": {"diameter": 6, "conjugate_isogenous_pairs": 74, "eigenvalues": [5.280979707886076, -5.283157651430146]}, "11": {"diameter": 5, "conjugate_isogenous_pairs": 152, "eigenvalues": [6.599088321301215, -6.589051446072773]}}}