{"prime": 7607, "nodes": 635, "minpoly": "x^2 + 7605*x + 5", "spine": 89, "undirected": false, "ell": {"2": {"diameter": 13, "conjugate_isogenous_pairs": 23, "eigenvalues": [2.8099968315212647, -2.8261764627823602]}, "3": {"diameter": 9, "conjugate_isogenous_pairs": 21, "eigenvalues": [3.4198205327917854, -3.4342495460624156]}, "5": {"diameter": 6, "conjugate_isogenous_pairs": 23, "eigenvalues": [4.377288691628236, -4.429397699544643]}, "7": {"diameter": 6, "conjugate_isogenous_pairs": 63, "eigenvalues": [5.235579722544763, -5.14863726040145]}, "11": {"diameter": 4, "conjugate_isogenous_pairs": 29, "eigenvalues": [6.56510785359472, -6.613644331695749]}}}