{"prime": 7043, "nodes": 588, "minpoly": "x^2 + 7037*x + 2", "spine": 46, "undirected": false, "ell": {"2": {"diameter": 13, "conjugate_isogenous_pairs": 16, "eigenvalues": [2.8179502193892723, -2.816966357836431]}, "3": {"diameter": 9, "conjugate_isogenous_pairs": 29, "eigenvalues": [3.445166763303611, -3.4177431800542344]}, "5": {"diameter": 6, "conjugate_isogenous_pairs": 45, "eigenvalues": [4.377707020903871, -4.426857782314137]}, "7": {"diameter": 5, "conjugate_isogenous_pairs": 66, "eigenvalues": [5.21874947111832, -5.210897970899549]}, "11": {"diameter": 4, "conjugate_isogenous_pairs": 21, "eigenvalues": [6.518131531365546, -6.39119555329306]}}}