{"prime": 15313, "nodes": 1276, "minpoly": "x^2 + 15312*x + 5", "spine": 24, "undirected": true, "ell": {"2": {"diameter": 13, "conjugate_isogenous_pairs": 47, "eigenvalues": [2.821514659356732, -2.8223012207020286]}, "3": {"diameter": 9, "conjugate_isogenous_pairs": 42, "eigenvalues": [3.4516290379139143, -3.4602932486473503]}, "5": {"diameter": 6, "conjugate_isogenous_pairs": 76, "eigenvalues": [4.426450353236262, -4.439468517525219]}, "7": {"diameter": 5, "conjugate_isogenous_pairs": 108, "eigenvalues": [5.18959283684241, -5.248966665234637]}, "11": {"diameter": 5, "conjugate_isogenous_pairs": 76, "eigenvalues": [6.581438088713852, -6.487040197652784]}}}