{"prime": 4013, "nodes": 335, "minpoly": "x^2 + 4009*x + 2", "spine": 21, "undirected": false, "ell": {"2": {"diameter": 11, "conjugate_isogenous_pairs": 15, "eigenvalues": [2.7981027420435884, -2.8198221528853327]}, "3": {"diameter": 8, "conjugate_isogenous_pairs": 48, "eigenvalues": [3.4586582818788476, -3.416920896610689]}, "5": {"diameter": 6, "conjugate_isogenous_pairs": 14, "eigenvalues": [4.399329843193152, -4.377126090192956]}, "7": {"diameter": 5, "conjugate_isogenous_pairs": 42, "eigenvalues": [5.214425030599678, -5.209592849711993]}, "11": {"diameter": 4, "conjugate_isogenous_pairs": 28, "eigenvalues": [6.472567510799692, -6.585597475087889]}}}