{"prime": 4973, "nodes": 415, "minpoly": "x^2 + 4972*x + 2", "spine": 33, "undirected": false, "ell": {"2": {"diameter": 13, "conjugate_isogenous_pairs": 22, "eigenvalues": [2.787509595768343, -2.788868792816178]}, "3": {"diameter": 8, "conjugate_isogenous_pairs": 29, "eigenvalues": [3.4049848318372216, -3.4259913457370783]}, "5": {"diameter": 6, "conjugate_isogenous_pairs": 13, "eigenvalues": [4.3760070529023665, -4.436505938632718]}, "7": {"diameter": 5, "conjugate_isogenous_pairs": 70, "eigenvalues": [5.151417053284213, -5.173868361105319]}, "11": {"diameter": 4, "conjugate_isogenous_pairs": 54, "eigenvalues": [6.56060436924187, -6.569545012546669]}}}