{"prime": 3373, "nodes": 281, "minpoly": "x^2 + 3372*x + 5", "spine": 13, "undirected": true, "ell": {"2": {"diameter": 12, "conjugate_isogenous_pairs": 23, "eigenvalues": [2.8252467001399855, -2.8023581161216504]}, "3": {"diameter": 7, "conjugate_isogenous_pairs": 34, "eigenvalues": [3.359791053732699, -3.428659864360669]}, "5": {"diameter": 5, "conjugate_isogenous_pairs": 31, "eigenvalues": [4.350833896519644, -4.4407449154471355]}, "7": {"diameter": 5, "conjugate_isogenous_pairs": 30, "eigenvalues": [5.121772149834743, -5.204431276722855]}, "11": {"diameter": 4, "conjugate_isogenous_pairs": 78, "eigenvalues": [6.586974379574142, -6.565682848510544]}}}