{"prime": 17579, "nodes": 1466, "minpoly": "x^2 + 17575*x + 2", "spine": 102, "undirected": false, "ell": {"2": {"diameter": 15, "conjugate_isogenous_pairs": 19, "eigenvalues": [2.826194443999631, -2.824067658560109]}, "3": {"diameter": 10, "conjugate_isogenous_pairs": 34, "eigenvalues": [3.4373411655192236, -3.4368482699925855]}, "5": {"diameter": 7, "conjugate_isogenous_pairs": 56, "eigenvalues": [4.443230926564585, -4.425268180125876]}, "7": {"diameter": 6, "conjugate_isogenous_pairs": 61, "eigenvalues": [5.28090361641566, -5.28061434158321]}, "11": {"diameter": 5, "conjugate_isogenous_pairs": 45, "eigenvalues": [6.551905450587183, -6.575462968104411]}}}