{"prime": 20147, "nodes": 1680, "minpoly": "x^2 + 20138*x + 6", "spine": 74, "undirected": false, "ell": {"2": {"diameter": 15, "conjugate_isogenous_pairs": 29, "eigenvalues": [2.818916846567732, -2.825076169283056]}, "3": {"diameter": 10, "conjugate_isogenous_pairs": 72, "eigenvalues": [3.4524830900183536, -3.4625267408320153]}, "5": {"diameter": 7, "conjugate_isogenous_pairs": 65, "eigenvalues": [4.4367244052914705, -4.433244887583394]}, "7": {"diameter": 6, "conjugate_isogenous_pairs": 73, "eigenvalues": [5.274673144363553, -5.210837570517934]}, "11": {"diameter": 5, "conjugate_isogenous_pairs": 32, "eigenvalues": [6.459138478586996, -6.611252827769358]}}}