{"prime": 17477, "nodes": 1457, "minpoly": "x^2 + 17476*x + 2", "spine": 57, "undirected": false, "ell": {"2": {"diameter": 14, "conjugate_isogenous_pairs": 45, "eigenvalues": [2.813887520992348, -2.8243161998338917]}, "3": {"diameter": 9, "conjugate_isogenous_pairs": 65, "eigenvalues": [3.4464959697543995, -3.4580696420618935]}, "5": {"diameter": 7, "conjugate_isogenous_pairs": 26, "eigenvalues": [4.448954168413442, -4.433361813053181]}, "7": {"diameter": 6, "conjugate_isogenous_pairs": 140, "eigenvalues": [5.2685767259618155, -5.261448042207768]}, "11": {"diameter": 5, "conjugate_isogenous_pairs": 85, "eigenvalues": [6.556980314974977, -6.570676321331706]}}}