{"prime": 15737, "nodes": 1312, "minpoly": "x^2 + 15736*x + 3", "spine": 44, "undirected": false, "ell": {"2": {"diameter": 14, "conjugate_isogenous_pairs": 21, "eigenvalues": [2.82122348460824, -2.813482617731923]}, "3": {"diameter": 9, "conjugate_isogenous_pairs": 86, "eigenvalues": [3.4248207401554938, -3.450695081279904]}, "5": {"diameter": 7, "conjugate_isogenous_pairs": 35, "eigenvalues": [4.443099154979821, -4.454148291195557]}, "7": {"diameter": 6, "conjugate_isogenous_pairs": 174, "eigenvalues": [5.287437383014185, -5.247671886990942]}, "11": {"diameter": 5, "conjugate_isogenous_pairs": 58, "eigenvalues": [6.608609326704641, -6.606353312315199]}}}