{"prime": 9419, "nodes": 786, "minpoly": "x^2 + 9413*x + 2", "spine": 70, "undirected": false, "ell": {"2": {"diameter": 14, "conjugate_isogenous_pairs": 11, "eigenvalues": [2.8062271670929593, -2.817819334812844]}, "3": {"diameter": 9, "conjugate_isogenous_pairs": 20, "eigenvalues": [3.434137051349386, -3.432050292830605]}, "5": {"diameter": 6, "conjugate_isogenous_pairs": 58, "eigenvalues": [4.411528702517106, -4.467570308959015]}, "7": {"diameter": 5, "conjugate_isogenous_pairs": 67, "eigenvalues": [5.244977365059674, -5.236572536969995]}, "11": {"diameter": 5, "conjugate_isogenous_pairs": 40, "eigenvalues": [6.525529949455977, -6.618961861300113]}}}