{"prime": 26737, "nodes": 2228, "minpoly": "x^2 + 26734*x + 10", "spine": 42, "undirected": true, "ell": {"2": {"diameter": 14, "conjugate_isogenous_pairs": 66, "eigenvalues": [2.8218610557137156, -2.8241289475570293]}, "3": {"diameter": 10, "conjugate_isogenous_pairs": 101, "eigenvalues": [3.4536797919624784, -3.45719730176829]}, "5": {"diameter": 7, "conjugate_isogenous_pairs": 89, "eigenvalues": [4.4523049661664675, -4.456130579488283]}, "7": {"diameter": 6, "conjugate_isogenous_pairs": 84, "eigenvalues": [5.229009638532892, -5.269105802025378]}, "11": {"diameter": 5, "conjugate_isogenous_pairs": 88, "eigenvalues": [6.614969460683494, -6.612394722006113]}}}