{"prime": 14897, "nodes": 1242, "minpoly": "x^2 + 14891*x + 3", "spine": 36, "undirected": false, "ell": {"2": {"diameter": 14, "conjugate_isogenous_pairs": 22, "eigenvalues": [2.8257289086778075, -2.828123602540215]}, "3": {"diameter": 9, "conjugate_isogenous_pairs": 63, "eigenvalues": [3.4129638302718837, -3.437770256939968]}, "5": {"diameter": 7, "conjugate_isogenous_pairs": 37, "eigenvalues": [4.469917047607364, -4.442219545842223]}, "7": {"diameter": 6, "conjugate_isogenous_pairs": 201, "eigenvalues": [5.282258017613891, -5.286059092509493]}, "11": {"diameter": 5, "conjugate_isogenous_pairs": 43, "eigenvalues": [6.582257777452416, -6.549824662338098]}}}