{"prime": 4673, "nodes": 390, "minpoly": "x^2 + 4668*x + 3", "spine": 26, "undirected": false, "ell": {"2": {"diameter": 12, "conjugate_isogenous_pairs": 15, "eigenvalues": [2.7802278654635377, -2.794418868777683]}, "3": {"diameter": 8, "conjugate_isogenous_pairs": 19, "eigenvalues": [3.4224153164338977, -3.4601578228823]}, "5": {"diameter": 6, "conjugate_isogenous_pairs": 19, "eigenvalues": [4.392827536075409, -4.468589209190902]}, "7": {"diameter": 5, "conjugate_isogenous_pairs": 107, "eigenvalues": [5.171340073718095, -5.198032533688671]}, "11": {"diameter": 4, "conjugate_isogenous_pairs": 29, "eigenvalues": [6.470956256602952, -6.493266003948507]}}}