{"prime": 18199, "nodes": 1517, "minpoly": "x^2 + 18197*x + 11", "spine": 91, "undirected": false, "ell": {"2": {"diameter": 15, "conjugate_isogenous_pairs": 49, "eigenvalues": [2.8235704352500974, -2.8240790466703944]}, "3": {"diameter": 9, "conjugate_isogenous_pairs": 24, "eigenvalues": [3.4373056503171204, -3.448411051987458]}, "5": {"diameter": 7, "conjugate_isogenous_pairs": 68, "eigenvalues": [4.4452075488526885, -4.420748580138022]}, "7": {"diameter": 6, "conjugate_isogenous_pairs": 31, "eigenvalues": [5.28666363988463, -5.245181480774771]}, "11": {"diameter": 5, "conjugate_isogenous_pairs": 105, "eigenvalues": [6.620274752505599, -6.625979746601639]}}}