{"prime": 13331, "nodes": 1112, "minpoly": "x^2 + 13330*x + 2", "spine": 114, "undirected": false, "ell": {"2": {"diameter": 14, "conjugate_isogenous_pairs": 14, "eigenvalues": [2.820477507378108, -2.8082286602245854]}, "3": {"diameter": 10, "conjugate_isogenous_pairs": 23, "eigenvalues": [3.448561833611754, -3.447148172965978]}, "5": {"diameter": 7, "conjugate_isogenous_pairs": 60, "eigenvalues": [4.449120565418933, -4.471050201914716]}, "7": {"diameter": 6, "conjugate_isogenous_pairs": 71, "eigenvalues": [5.2406655026200175, -5.155282028365264]}, "11": {"diameter": 5, "conjugate_isogenous_pairs": 72, "eigenvalues": [6.583687072082312, -6.548957799904567]}}}