{"prime": 8539, "nodes": 712, "minpoly": "x^2 + 8538*x + 2", "spine": 34, "undirected": false, "ell": {"2": {"diameter": 14, "conjugate_isogenous_pairs": 27, "eigenvalues": [2.8154031472250165, -2.8093296294481984]}, "3": {"diameter": 8, "conjugate_isogenous_pairs": 15, "eigenvalues": [3.4556506567411476, -3.432073878750724]}, "5": {"diameter": 6, "conjugate_isogenous_pairs": 94, "eigenvalues": [4.427373682905801, -4.448873705087684]}, "7": {"diameter": 5, "conjugate_isogenous_pairs": 32, "eigenvalues": [5.222619624579181, -5.266313384689436]}, "11": {"diameter": 4, "conjugate_isogenous_pairs": 118, "eigenvalues": [6.551446052691757, -6.503105388802944]}}}