{"prime": 983, "nodes": 83, "minpoly": "x^2 + 981*x + 5", "spine": 27, "undirected": false, "ell": {"2": {"diameter": 10, "conjugate_isogenous_pairs": 7, "eigenvalues": [2.7437740196973803, -2.7990166406643895]}, "3": {"diameter": 7, "conjugate_isogenous_pairs": 6, "eigenvalues": [3.333667929550548, -3.4152603276634603]}, "5": {"diameter": 5, "conjugate_isogenous_pairs": 7, "eigenvalues": [4.398301388182811, -4.3055473268832305]}, "7": {"diameter": 4, "conjugate_isogenous_pairs": 20, "eigenvalues": [5.247679505208745, -5.207880896849103]}, "11": {"diameter": 4, "conjugate_isogenous_pairs": 9, "eigenvalues": [6.272499119433982, -6.306886468686304]}}}