{"prime": 23831, "nodes": 1987, "minpoly": "x^2 + 23827*x + 11", "spine": 177, "undirected": false, "ell": {"2": {"diameter": 15, "conjugate_isogenous_pairs": 25, "eigenvalues": [2.825166000272338, -2.827543541148536]}, "3": {"diameter": 11, "conjugate_isogenous_pairs": 28, "eigenvalues": [3.450800931431098, -3.458480930557262]}, "5": {"diameter": 7, "conjugate_isogenous_pairs": 57, "eigenvalues": [4.424243422104423, -4.435787665797835]}, "7": {"diameter": 6, "conjugate_isogenous_pairs": 101, "eigenvalues": [5.283918821122858, -5.21347474563018]}, "11": {"diameter": 5, "conjugate_isogenous_pairs": 81, "eigenvalues": [6.593533818413048, -6.58303904127254]}}}