{"prime": 9791, "nodes": 817, "minpoly": "x^2 + 9790*x + 11", "spine": 119, "undirected": false, "ell": {"2": {"diameter": 13, "conjugate_isogenous_pairs": 22, "eigenvalues": [2.8214610383503165, -2.821614344532672]}, "3": {"diameter": 9, "conjugate_isogenous_pairs": 14, "eigenvalues": [3.440779078202895, -3.4304464435762165]}, "5": {"diameter": 7, "conjugate_isogenous_pairs": 25, "eigenvalues": [4.420635161629817, -4.401331662094999]}, "7": {"diameter": 6, "conjugate_isogenous_pairs": 48, "eigenvalues": [5.273356554942716, -5.26819345765736]}, "11": {"diameter": 5, "conjugate_isogenous_pairs": 53, "eigenvalues": [6.521780873389656, -6.5955564550015]}}}