{"prime": 26903, "nodes": 2243, "minpoly": "x^2 + 26902*x + 5", "spine": 139, "undirected": false, "ell": {"2": {"diameter": 15, "conjugate_isogenous_pairs": 26, "eigenvalues": [2.8253062433914007, -2.819523902102555]}, "3": {"diameter": 10, "conjugate_isogenous_pairs": 50, "eigenvalues": [3.4530767255234904, -3.4613772333923767]}, "5": {"diameter": 7, "conjugate_isogenous_pairs": 85, "eigenvalues": [4.457532148899229, -4.4312124842953295]}, "7": {"diameter": 6, "conjugate_isogenous_pairs": 137, "eigenvalues": [5.275028717706254, -5.281545037942784]}, "11": {"diameter": 5, "conjugate_isogenous_pairs": 48, "eigenvalues": [6.589652615400981, -6.59250649480407]}}}