{"prime": 8599, "nodes": 717, "minpoly": "x^2 + 8598*x + 3", "spine": 63, "undirected": false, "ell": {"2": {"diameter": 13, "conjugate_isogenous_pairs": 31, "eigenvalues": [2.8238643001868278, -2.807654056659805]}, "3": {"diameter": 9, "conjugate_isogenous_pairs": 19, "eigenvalues": [3.4610710771096422, -3.4318038902631383]}, "5": {"diameter": 6, "conjugate_isogenous_pairs": 57, "eigenvalues": [4.4089491159026455, -4.391732071348544]}, "7": {"diameter": 5, "conjugate_isogenous_pairs": 25, "eigenvalues": [5.186724096957945, -5.221596778985916]}, "11": {"diameter": 4, "conjugate_isogenous_pairs": 101, "eigenvalues": [6.588577261693863, -6.516845035271205]}}}