{"prime": 18097, "nodes": 1508, "minpoly": "x^2 + 18094*x + 5", "spine": 34, "undirected": true, "ell": {"2": {"diameter": 14, "conjugate_isogenous_pairs": 42, "eigenvalues": [2.8208766069353124, -2.80866043041724]}, "3": {"diameter": 9, "conjugate_isogenous_pairs": 81, "eigenvalues": [3.4526426981990057, -3.4561895152831377]}, "5": {"diameter": 6, "conjugate_isogenous_pairs": 85, "eigenvalues": [4.458052252456047, -4.467075860278298]}, "7": {"diameter": 6, "conjugate_isogenous_pairs": 74, "eigenvalues": [5.201123260885152, -5.268551584829426]}, "11": {"diameter": 5, "conjugate_isogenous_pairs": 76, "eigenvalues": [6.577218582469102, -6.626655594711441]}}}