{"prime": 2383, "nodes": 199, "minpoly": "x^2 + 2382*x + 5", "spine": 29, "undirected": false, "ell": {"2": {"diameter": 11, "conjugate_isogenous_pairs": 17, "eigenvalues": [2.804967764114388, -2.8089479156962702]}, "3": {"diameter": 7, "conjugate_isogenous_pairs": 15, "eigenvalues": [3.4479143584548924, -3.360897215913907]}, "5": {"diameter": 6, "conjugate_isogenous_pairs": 31, "eigenvalues": [4.434628612829112, -4.1884221967486255]}, "7": {"diameter": 4, "conjugate_isogenous_pairs": 16, "eigenvalues": [5.026108737617265, -5.235385447132107]}, "11": {"diameter": 4, "conjugate_isogenous_pairs": 21, "eigenvalues": [6.477735366732745, -6.3640322850614375]}}}