{"prime": 25373, "nodes": 2115, "minpoly": "x^2 + 25372*x + 2", "spine": 99, "undirected": false, "ell": {"2": {"diameter": 15, "conjugate_isogenous_pairs": 33, "eigenvalues": [2.8266646231256853, -2.8205886991753464]}, "3": {"diameter": 10, "conjugate_isogenous_pairs": 100, "eigenvalues": [3.4583331150606287, -3.4585406239253578]}, "5": {"diameter": 7, "conjugate_isogenous_pairs": 38, "eigenvalues": [4.447122771802773, -4.432268462990408]}, "7": {"diameter": 6, "conjugate_isogenous_pairs": 142, "eigenvalues": [5.271479023249146, -5.286951865814171]}, "11": {"diameter": 5, "conjugate_isogenous_pairs": 120, "eigenvalues": [6.609433464021098, -6.6253005881853495]}}}