{"prime": 17959, "nodes": 1497, "minpoly": "x^2 + 17957*x + 6", "spine": 67, "undirected": false, "ell": {"2": {"diameter": 14, "conjugate_isogenous_pairs": 36, "eigenvalues": [2.8255741605740883, -2.8188682398210556]}, "3": {"diameter": 9, "conjugate_isogenous_pairs": 43, "eigenvalues": [3.4425083158292478, -3.4567097483888443]}, "5": {"diameter": 7, "conjugate_isogenous_pairs": 118, "eigenvalues": [4.453611012929068, -4.461842359652236]}, "7": {"diameter": 6, "conjugate_isogenous_pairs": 30, "eigenvalues": [5.257525847369205, -5.255638160088659]}, "11": {"diameter": 5, "conjugate_isogenous_pairs": 89, "eigenvalues": [6.530364076597495, -6.575927188350401]}}}