{"prime": 18587, "nodes": 1550, "minpoly": "x^2 + 18583*x + 2", "spine": 54, "undirected": false, "ell": {"2": {"diameter": 14, "conjugate_isogenous_pairs": 21, "eigenvalues": [2.820432459373861, -2.812899914409999]}, "3": {"diameter": 10, "conjugate_isogenous_pairs": 74, "eigenvalues": [3.4459996901895433, -3.4339487310224297]}, "5": {"diameter": 7, "conjugate_isogenous_pairs": 83, "eigenvalues": [4.411387292376421, -4.448347187038639]}, "7": {"diameter": 6, "conjugate_isogenous_pairs": 94, "eigenvalues": [5.276567543286309, -5.260006982108438]}, "11": {"diameter": 5, "conjugate_isogenous_pairs": 38, "eigenvalues": [6.580178305895351, -6.555112612124245]}}}