{"prime": 13751, "nodes": 1147, "minpoly": "x^2 + 13750*x + 11", "spine": 171, "undirected": false, "ell": {"2": {"diameter": 14, "conjugate_isogenous_pairs": 17, "eigenvalues": [2.814612775688815, -2.8274727752786704]}, "3": {"diameter": 10, "conjugate_isogenous_pairs": 18, "eigenvalues": [3.44143384528315, -3.442326732383663]}, "5": {"diameter": 7, "conjugate_isogenous_pairs": 24, "eigenvalues": [4.43901470897425, -4.42257901541461]}, "7": {"diameter": 6, "conjugate_isogenous_pairs": 48, "eigenvalues": [5.2401895279939925, -5.27140429509995]}, "11": {"diameter": 5, "conjugate_isogenous_pairs": 55, "eigenvalues": [6.558852106051854, -6.614262688487618]}}}