{"prime": 4253, "nodes": 355, "minpoly": "x^2 + 4249*x + 2", "spine": 21, "undirected": false, "ell": {"2": {"diameter": 11, "conjugate_isogenous_pairs": 13, "eigenvalues": [2.7674365577179936, -2.7754570692018574]}, "3": {"diameter": 8, "conjugate_isogenous_pairs": 53, "eigenvalues": [3.443895872721308, -3.427053655739089]}, "5": {"diameter": 6, "conjugate_isogenous_pairs": 18, "eigenvalues": [4.386756013014077, -4.393296986455224]}, "7": {"diameter": 5, "conjugate_isogenous_pairs": 57, "eigenvalues": [5.0602887704064035, -5.254469395967136]}, "11": {"diameter": 4, "conjugate_isogenous_pairs": 38, "eigenvalues": [6.496384970480057, -6.394017947300437]}}}