{"prime": 20963, "nodes": 1748, "minpoly": "x^2 + 20962*x + 2", "spine": 102, "undirected": false, "ell": {"2": {"diameter": 15, "conjugate_isogenous_pairs": 33, "eigenvalues": [2.827574698356828, -2.8179218320906982]}, "3": {"diameter": 10, "conjugate_isogenous_pairs": 45, "eigenvalues": [3.4311869040602185, -3.457636894636128]}, "5": {"diameter": 7, "conjugate_isogenous_pairs": 57, "eigenvalues": [4.462080915728888, -4.44632982920749]}, "7": {"diameter": 6, "conjugate_isogenous_pairs": 99, "eigenvalues": [5.281436753099259, -5.253796682451853]}, "11": {"diameter": 5, "conjugate_isogenous_pairs": 49, "eigenvalues": [6.602127134350169, -6.612536287510243]}}}