{"prime": 2089, "nodes": 174, "minpoly": "x^2 + 2080*x + 7", "spine": 22, "undirected": true, "ell": {"2": {"diameter": 11, "conjugate_isogenous_pairs": 13, "eigenvalues": [2.81335701404104, -2.7790490547683206]}, "3": {"diameter": 7, "conjugate_isogenous_pairs": 11, "eigenvalues": [3.4367199204344616, -3.408773202937225]}, "5": {"diameter": 5, "conjugate_isogenous_pairs": 23, "eigenvalues": [4.188185337652225, -4.404505498056564]}, "7": {"diameter": 4, "conjugate_isogenous_pairs": 17, "eigenvalues": [5.040278527466858, -5.122358070302214]}, "11": {"diameter": 3, "conjugate_isogenous_pairs": 41, "eigenvalues": [6.183085947159792, -6.39970934290471]}}}