{"prime": 6469, "nodes": 539, "minpoly": "x^2 + 6465*x + 2", "spine": 17, "undirected": true, "ell": {"2": {"diameter": 11, "conjugate_isogenous_pairs": 28, "eigenvalues": [2.7991701925008776, -2.8186975149194122]}, "3": {"diameter": 8, "conjugate_isogenous_pairs": 32, "eigenvalues": [3.433064285420304, -3.4591398103347593]}, "5": {"diameter": 6, "conjugate_isogenous_pairs": 50, "eigenvalues": [4.428357552149717, -4.378396186648118]}, "7": {"diameter": 5, "conjugate_isogenous_pairs": 31, "eigenvalues": [5.265874924917923, -5.274233251118498]}, "11": {"diameter": 4, "conjugate_isogenous_pairs": 110, "eigenvalues": [6.364568381246108, -6.4675861622312905]}}}