{"prime": 18731, "nodes": 1562, "minpoly": "x^2 + 18727*x + 2", "spine": 86, "undirected": false, "ell": {"2": {"diameter": 15, "conjugate_isogenous_pairs": 20, "eigenvalues": [2.8210486311611827, -2.8220044190962574]}, "3": {"diameter": 10, "conjugate_isogenous_pairs": 26, "eigenvalues": [3.4625532339672085, -3.447497701193065]}, "5": {"diameter": 7, "conjugate_isogenous_pairs": 50, "eigenvalues": [4.468081986004497, -4.439582074251683]}, "7": {"diameter": 6, "conjugate_isogenous_pairs": 80, "eigenvalues": [5.259587564523251, -5.2631013860980875]}, "11": {"diameter": 5, "conjugate_isogenous_pairs": 98, "eigenvalues": [6.5926044162607145, -6.609702139330044]}}}