{"prime": 22639, "nodes": 1887, "minpoly": "x^2 + 22638*x + 6", "spine": 55, "undirected": false, "ell": {"2": {"diameter": 15, "conjugate_isogenous_pairs": 45, "eigenvalues": [2.8260058494017763, -2.824521547433527]}, "3": {"diameter": 10, "conjugate_isogenous_pairs": 40, "eigenvalues": [3.4516105385596485, -3.4484925793243844]}, "5": {"diameter": 7, "conjugate_isogenous_pairs": 127, "eigenvalues": [4.4609634568202665, -4.4308068284698]}, "7": {"diameter": 6, "conjugate_isogenous_pairs": 44, "eigenvalues": [5.246475675122654, -5.232436196404746]}, "11": {"diameter": 5, "conjugate_isogenous_pairs": 143, "eigenvalues": [6.623201292044291, -6.58135481942649]}}}