{"prime": 4567, "nodes": 381, "minpoly": "x^2 + 4566*x + 3", "spine": 33, "undirected": false, "ell": {"2": {"diameter": 12, "conjugate_isogenous_pairs": 24, "eigenvalues": [2.826972435862471, -2.8070040128369884]}, "3": {"diameter": 8, "conjugate_isogenous_pairs": 27, "eigenvalues": [3.4299928338746293, -3.439606328487561]}, "5": {"diameter": 6, "conjugate_isogenous_pairs": 36, "eigenvalues": [4.390478767172906, -4.456256545595199]}, "7": {"diameter": 5, "conjugate_isogenous_pairs": 20, "eigenvalues": [5.26368867970655, -5.249629784166892]}, "11": {"diameter": 4, "conjugate_isogenous_pairs": 42, "eigenvalues": [6.442332739679714, -6.564746033382453]}}}