{"prime": 11027, "nodes": 920, "minpoly": "x^2 + 11023*x + 2", "spine": 54, "undirected": false, "ell": {"2": {"diameter": 14, "conjugate_isogenous_pairs": 22, "eigenvalues": [2.8210211113416896, -2.8146976963890737]}, "3": {"diameter": 9, "conjugate_isogenous_pairs": 49, "eigenvalues": [3.4345489719041757, -3.396585642710121]}, "5": {"diameter": 7, "conjugate_isogenous_pairs": 52, "eigenvalues": [4.437946989731279, -4.415887231794154]}, "7": {"diameter": 5, "conjugate_isogenous_pairs": 78, "eigenvalues": [5.213575854599772, -5.234757935422988]}, "11": {"diameter": 5, "conjugate_isogenous_pairs": 24, "eigenvalues": [6.53408235862749, -6.601699729714748]}}}