{"prime": 28837, "nodes": 2403, "minpoly": "x^2 + 28833*x + 2", "spine": 35, "undirected": true, "ell": {"2": {"diameter": 14, "conjugate_isogenous_pairs": 42, "eigenvalues": [2.8211468898957044, -2.8243791193714993]}, "3": {"diameter": 10, "conjugate_isogenous_pairs": 163, "eigenvalues": [3.4598837565918537, -3.455852480087801]}, "5": {"diameter": 7, "conjugate_isogenous_pairs": 117, "eigenvalues": [4.45801041630692, -4.436985212139451]}, "7": {"diameter": 6, "conjugate_isogenous_pairs": 69, "eigenvalues": [5.2329783006907205, -5.281038982521932]}, "11": {"diameter": 5, "conjugate_isogenous_pairs": 193, "eigenvalues": [6.609018576062398, -6.579037356760796]}}}