{"prime": 18077, "nodes": 1507, "minpoly": "x^2 + 18071*x + 2", "spine": 55, "undirected": false, "ell": {"2": {"diameter": 15, "conjugate_isogenous_pairs": 39, "eigenvalues": [2.827376319058473, -2.823415921473441]}, "3": {"diameter": 10, "conjugate_isogenous_pairs": 79, "eigenvalues": [3.458690241249313, -3.4412468792517146]}, "5": {"diameter": 7, "conjugate_isogenous_pairs": 29, "eigenvalues": [4.443870281126985, -4.455348243704659]}, "7": {"diameter": 6, "conjugate_isogenous_pairs": 169, "eigenvalues": [5.190540370989858, -5.291018936138512]}, "11": {"diameter": 5, "conjugate_isogenous_pairs": 123, "eigenvalues": [6.628975573701859, -6.549446251228947]}}}