{"prime": 7237, "nodes": 603, "minpoly": "x^2 + 7236*x + 2", "spine": 23, "undirected": true, "ell": {"2": {"diameter": 13, "conjugate_isogenous_pairs": 35, "eigenvalues": [2.818245422668307, -2.8043765092697974]}, "3": {"diameter": 9, "conjugate_isogenous_pairs": 66, "eigenvalues": [3.459204232496778, -3.41469895551514]}, "5": {"diameter": 6, "conjugate_isogenous_pairs": 42, "eigenvalues": [4.405011239410029, -4.432673813340383]}, "7": {"diameter": 5, "conjugate_isogenous_pairs": 36, "eigenvalues": [5.201602608206752, -5.262966525766233]}, "11": {"diameter": 4, "conjugate_isogenous_pairs": 89, "eigenvalues": [6.6233165995070085, -6.448980989286896]}}}