{"prime": 3547, "nodes": 296, "minpoly": "x^2 + 3546*x + 2", "spine": 18, "undirected": false, "ell": {"2": {"diameter": 12, "conjugate_isogenous_pairs": 32, "eigenvalues": [2.8106063023201178, -2.7927475052044075]}, "3": {"diameter": 7, "conjugate_isogenous_pairs": 13, "eigenvalues": [3.3562602140765283, -3.4276211232552165]}, "5": {"diameter": 6, "conjugate_isogenous_pairs": 56, "eigenvalues": [4.404840468848755, -4.427409343030096]}, "7": {"diameter": 5, "conjugate_isogenous_pairs": 29, "eigenvalues": [5.001838786031616, -5.235255299073172]}, "11": {"diameter": 4, "conjugate_isogenous_pairs": 41, "eigenvalues": [6.5002907941159895, -6.584564855518842]}}}