{"prime": 22433, "nodes": 1870, "minpoly": "x^2 + 22428*x + 3", "spine": 54, "undirected": false, "ell": {"2": {"diameter": 16, "conjugate_isogenous_pairs": 28, "eigenvalues": [2.825503135702512, -2.826162188584722]}, "3": {"diameter": 11, "conjugate_isogenous_pairs": 56, "eigenvalues": [3.4474416181680345, -3.438060449996886]}, "5": {"diameter": 7, "conjugate_isogenous_pairs": 44, "eigenvalues": [4.4694901379796885, -4.433560440275133]}, "7": {"diameter": 6, "conjugate_isogenous_pairs": 288, "eigenvalues": [5.267393524146731, -5.250671478910515]}, "11": {"diameter": 5, "conjugate_isogenous_pairs": 96, "eigenvalues": [6.603961902089596, -6.467672543874595]}}}