{"prime": 13627, "nodes": 1136, "minpoly": "x^2 + 13626*x + 2", "spine": 34, "undirected": false, "ell": {"2": {"diameter": 14, "conjugate_isogenous_pairs": 60, "eigenvalues": [2.8172123472078754, -2.8026858199178357]}, "3": {"diameter": 9, "conjugate_isogenous_pairs": 45, "eigenvalues": [3.4180988982816887, -3.4465456791748306]}, "5": {"diameter": 7, "conjugate_isogenous_pairs": 61, "eigenvalues": [4.418856600937088, -4.4423954434800486]}, "7": {"diameter": 6, "conjugate_isogenous_pairs": 40, "eigenvalues": [5.286082093818867, -5.216352072149478]}, "11": {"diameter": 5, "conjugate_isogenous_pairs": 87, "eigenvalues": [6.57124442453837, -6.592214782746593]}}}