{"prime": 16091, "nodes": 1342, "minpoly": "x^2 + 16090*x + 6", "spine": 122, "undirected": false, "ell": {"2": {"diameter": 14, "conjugate_isogenous_pairs": 21, "eigenvalues": [2.823249437570693, -2.816784792065095]}, "3": {"diameter": 10, "conjugate_isogenous_pairs": 28, "eigenvalues": [3.444353843199789, -3.457834516835428]}, "5": {"diameter": 7, "conjugate_isogenous_pairs": 38, "eigenvalues": [4.468236663095876, -4.452100581351136]}, "7": {"diameter": 6, "conjugate_isogenous_pairs": 57, "eigenvalues": [5.226325133692082, -5.280846380743934]}, "11": {"diameter": 5, "conjugate_isogenous_pairs": 54, "eigenvalues": [6.627149892089342, -6.603509412015367]}}}