{"prime": 23081, "nodes": 1924, "minpoly": "x^2 + 23075*x + 3", "spine": 56, "undirected": false, "ell": {"2": {"diameter": 15, "conjugate_isogenous_pairs": 21, "eigenvalues": [2.8153232276350644, -2.8192062676442577]}, "3": {"diameter": 10, "conjugate_isogenous_pairs": 41, "eigenvalues": [3.454445071960926, -3.4528094529495643]}, "5": {"diameter": 7, "conjugate_isogenous_pairs": 54, "eigenvalues": [4.466399456579004, -4.453669089594253]}, "7": {"diameter": 6, "conjugate_isogenous_pairs": 204, "eigenvalues": [5.243662925735076, -5.266981522105039]}, "11": {"diameter": 5, "conjugate_isogenous_pairs": 118, "eigenvalues": [6.577370558302042, -6.571643641624371]}}}