{"prime": 20639, "nodes": 1721, "minpoly": "x^2 + 20636*x + 11", "spine": 179, "undirected": false, "ell": {"2": {"diameter": 15, "conjugate_isogenous_pairs": 28, "eigenvalues": [2.8197451649753584, -2.8215391240749788]}, "3": {"diameter": 10, "conjugate_isogenous_pairs": 20, "eigenvalues": [3.4424415214811317, -3.452261878792932]}, "5": {"diameter": 7, "conjugate_isogenous_pairs": 37, "eigenvalues": [4.452189765615263, -4.4515156107518745]}, "7": {"diameter": 6, "conjugate_isogenous_pairs": 80, "eigenvalues": [5.273225556874672, -5.275387647206064]}, "11": {"diameter": 5, "conjugate_isogenous_pairs": 72, "eigenvalues": [6.5557219379866805, -6.5916990402644275]}}}