{"prime": 19531, "nodes": 1628, "minpoly": "x^2 + 19527*x + 13", "spine": 42, "undirected": false, "ell": {"2": {"diameter": 14, "conjugate_isogenous_pairs": 36, "eigenvalues": [2.824086073850927, -2.812530910778404]}, "3": {"diameter": 9, "conjugate_isogenous_pairs": 34, "eigenvalues": [3.443995868631831, -3.4478341557457055]}, "5": {"diameter": 7, "conjugate_isogenous_pairs": 192, "eigenvalues": [4.431838145910649, -4.4399664977973]}, "7": {"diameter": 6, "conjugate_isogenous_pairs": 39, "eigenvalues": [5.267789301151891, -5.200328779346402]}, "11": {"diameter": 5, "conjugate_isogenous_pairs": 129, "eigenvalues": [6.593948507456857, -6.6241373737044436]}}}