{"prime": 8209, "nodes": 684, "minpoly": "x^2 + 8202*x + 7", "spine": 28, "undirected": true, "ell": {"2": {"diameter": 13, "conjugate_isogenous_pairs": 41, "eigenvalues": [2.820825738038798, -2.820770569951509]}, "3": {"diameter": 8, "conjugate_isogenous_pairs": 24, "eigenvalues": [3.4147873230448003, -3.4529639743370506]}, "5": {"diameter": 6, "conjugate_isogenous_pairs": 34, "eigenvalues": [4.412028973299162, -4.388030245459889]}, "7": {"diameter": 5, "conjugate_isogenous_pairs": 43, "eigenvalues": [5.2626446594177745, -5.255888764984284]}, "11": {"diameter": 4, "conjugate_isogenous_pairs": 118, "eigenvalues": [6.542722357781707, -6.396081801696348]}}}