{"prime": 5437, "nodes": 453, "minpoly": "x^2 + 5436*x + 5", "spine": 15, "undirected": true, "ell": {"2": {"diameter": 12, "conjugate_isogenous_pairs": 34, "eigenvalues": [2.813087503755995, -2.811566924506695]}, "3": {"diameter": 8, "conjugate_isogenous_pairs": 39, "eigenvalues": [3.4101978988573376, -3.399713686443223]}, "5": {"diameter": 6, "conjugate_isogenous_pairs": 35, "eigenvalues": [4.408338658660135, -4.400561622737225]}, "7": {"diameter": 5, "conjugate_isogenous_pairs": 37, "eigenvalues": [5.151509057480542, -5.251432520439118]}, "11": {"diameter": 4, "conjugate_isogenous_pairs": 99, "eigenvalues": [6.532156845164537, -6.475467484702511]}}}