{"prime": 3389, "nodes": 283, "minpoly": "x^2 + 3387*x + 3", "spine": 25, "undirected": false, "ell": {"2": {"diameter": 11, "conjugate_isogenous_pairs": 7, "eigenvalues": [2.8023845034887427, -2.8097103080593397]}, "3": {"diameter": 8, "conjugate_isogenous_pairs": 32, "eigenvalues": [3.420225241757901, -3.447993023853565]}, "5": {"diameter": 5, "conjugate_isogenous_pairs": 18, "eigenvalues": [4.410392139783504, -4.374484410188555]}, "7": {"diameter": 5, "conjugate_isogenous_pairs": 37, "eigenvalues": [5.129188103842347, -5.140346356970311]}, "11": {"diameter": 4, "conjugate_isogenous_pairs": 40, "eigenvalues": [6.531404367933096, -6.389290458411808]}}}