{"prime": 14737, "nodes": 1228, "minpoly": "x^2 + 14736*x + 10", "spine": 28, "undirected": true, "ell": {"2": {"diameter": 14, "conjugate_isogenous_pairs": 49, "eigenvalues": [2.8231468801547908, -2.8273120201606994]}, "3": {"diameter": 9, "conjugate_isogenous_pairs": 61, "eigenvalues": [3.454883196487203, -3.4463633179384168]}, "5": {"diameter": 6, "conjugate_isogenous_pairs": 89, "eigenvalues": [4.4438955211229825, -4.462912138159045]}, "7": {"diameter": 5, "conjugate_isogenous_pairs": 94, "eigenvalues": [5.248979468702211, -5.173725862128781]}, "11": {"diameter": 4, "conjugate_isogenous_pairs": 79, "eigenvalues": [6.609517402032475, -6.624867783631012]}}}