{"prime": 23833, "nodes": 1986, "minpoly": "x^2 + 23830*x + 5", "spine": 42, "undirected": true, "ell": {"2": {"diameter": 15, "conjugate_isogenous_pairs": 68, "eigenvalues": [2.8134888026568885, -2.825892303294449]}, "3": {"diameter": 10, "conjugate_isogenous_pairs": 74, "eigenvalues": [3.455261114890197, -3.4394410134851516]}, "5": {"diameter": 7, "conjugate_isogenous_pairs": 63, "eigenvalues": [4.448312615511828, -4.4612885255226145]}, "7": {"diameter": 6, "conjugate_isogenous_pairs": 88, "eigenvalues": [5.263713818519565, -5.26324066724455]}, "11": {"diameter": 5, "conjugate_isogenous_pairs": 111, "eigenvalues": [6.588422199398902, -6.564093557833322]}}}