{"prime": 28087, "nodes": 2341, "minpoly": "x^2 + 28085*x + 3", "spine": 51, "undirected": false, "ell": {"2": {"diameter": 15, "conjugate_isogenous_pairs": 94, "eigenvalues": [2.8264433265614826, -2.8223742598965798]}, "3": {"diameter": 10, "conjugate_isogenous_pairs": 52, "eigenvalues": [3.442254863229192, -3.455741672024959]}, "5": {"diameter": 7, "conjugate_isogenous_pairs": 98, "eigenvalues": [4.462093094373393, -4.431697107922939]}, "7": {"diameter": 6, "conjugate_isogenous_pairs": 67, "eigenvalues": [5.2322649035615605, -5.2711235535679375]}, "11": {"diameter": 5, "conjugate_isogenous_pairs": 146, "eigenvalues": [6.624561314403847, -6.620964083469578]}}}