{"prime": 19997, "nodes": 1667, "minpoly": "x^2 + 19996*x + 2", "spine": 75, "undirected": false, "ell": {"2": {"diameter": 15, "conjugate_isogenous_pairs": 25, "eigenvalues": [2.818657830347593, -2.8169016595770864]}, "3": {"diameter": 10, "conjugate_isogenous_pairs": 110, "eigenvalues": [3.4555130320427563, -3.461266194096699]}, "5": {"diameter": 7, "conjugate_isogenous_pairs": 31, "eigenvalues": [4.425472448544587, -4.462385098045477]}, "7": {"diameter": 6, "conjugate_isogenous_pairs": 117, "eigenvalues": [5.234843021535855, -5.273728135943847]}, "11": {"diameter": 5, "conjugate_isogenous_pairs": 86, "eigenvalues": [6.625590843853286, -6.55000860654372]}}}