{"prime": 6709, "nodes": 559, "minpoly": "x^2 + 6708*x + 2", "spine": 33, "undirected": true, "ell": {"2": {"diameter": 12, "conjugate_isogenous_pairs": 19, "eigenvalues": [2.8153720574891956, -2.807403788593159]}, "3": {"diameter": 8, "conjugate_isogenous_pairs": 41, "eigenvalues": [3.460064800648686, -3.426941988328318]}, "5": {"diameter": 6, "conjugate_isogenous_pairs": 45, "eigenvalues": [4.413495308803994, -4.434792545056725]}, "7": {"diameter": 5, "conjugate_isogenous_pairs": 28, "eigenvalues": [5.268216498588102, -5.163753217650817]}, "11": {"diameter": 4, "conjugate_isogenous_pairs": 147, "eigenvalues": [6.486735052514378, -6.6014423746649395]}}}