{"prime": 27191, "nodes": 2267, "minpoly": "x^2 + 27189*x + 26", "spine": 247, "undirected": false, "ell": {"2": {"diameter": 15, "conjugate_isogenous_pairs": 29, "eigenvalues": [2.822306300723474, -2.8202175220988694]}, "3": {"diameter": 10, "conjugate_isogenous_pairs": 35, "eigenvalues": [3.4545696007327824, -3.449071609652905]}, "5": {"diameter": 8, "conjugate_isogenous_pairs": 55, "eigenvalues": [4.441271637121973, -4.436461723793206]}, "7": {"diameter": 6, "conjugate_isogenous_pairs": 64, "eigenvalues": [5.224642843229081, -5.225402191781232]}, "11": {"diameter": 5, "conjugate_isogenous_pairs": 90, "eigenvalues": [6.605489226750068, -6.599372597422655]}}}