{"prime": 9281, "nodes": 774, "minpoly": "x^2 + 9275*x + 3", "spine": 80, "undirected": false, "ell": {"2": {"diameter": 14, "conjugate_isogenous_pairs": 15, "eigenvalues": [2.818799435176803, -2.8191474164742685]}, "3": {"diameter": 9, "conjugate_isogenous_pairs": 28, "eigenvalues": [3.391648321248677, -3.450964328033344]}, "5": {"diameter": 7, "conjugate_isogenous_pairs": 25, "eigenvalues": [4.4274775778259094, -4.414909034333116]}, "7": {"diameter": 5, "conjugate_isogenous_pairs": 82, "eigenvalues": [5.146656759916779, -5.258566793722841]}, "11": {"diameter": 5, "conjugate_isogenous_pairs": 48, "eigenvalues": [6.5942076099217815, -6.5840705417507595]}}}