{"prime": 9907, "nodes": 826, "minpoly": "x^2 + 9903*x + 2", "spine": 30, "undirected": false, "ell": {"2": {"diameter": 13, "conjugate_isogenous_pairs": 25, "eigenvalues": [2.801980354938998, -2.805776116511078]}, "3": {"diameter": 9, "conjugate_isogenous_pairs": 49, "eigenvalues": [3.452046841507291, -3.4342327063267235]}, "5": {"diameter": 6, "conjugate_isogenous_pairs": 107, "eigenvalues": [4.449835132759249, -4.4521505578311915]}, "7": {"diameter": 5, "conjugate_isogenous_pairs": 30, "eigenvalues": [5.256211095122102, -5.219628637566653]}, "11": {"diameter": 4, "conjugate_isogenous_pairs": 47, "eigenvalues": [6.610613414542923, -6.521301594851502]}}}