{"prime": 24181, "nodes": 2015, "minpoly": "x^2 + 24180*x + 17", "spine": 55, "undirected": true, "ell": {"2": {"diameter": 15, "conjugate_isogenous_pairs": 44, "eigenvalues": [2.8254797416397217, -2.824943242546693]}, "3": {"diameter": 9, "conjugate_isogenous_pairs": 58, "eigenvalues": [3.4289926524700514, -3.446065155155775]}, "5": {"diameter": 7, "conjugate_isogenous_pairs": 71, "eigenvalues": [4.442539113854902, -4.462777698469838]}, "7": {"diameter": 6, "conjugate_isogenous_pairs": 59, "eigenvalues": [5.238049010029242, -5.248334027477976]}, "11": {"diameter": 5, "conjugate_isogenous_pairs": 315, "eigenvalues": [6.609218907805927, -6.621485824220818]}}}