{"prime": 27299, "nodes": 2276, "minpoly": "x^2 + 27292*x + 2", "spine": 182, "undirected": false, "ell": {"2": {"diameter": 15, "conjugate_isogenous_pairs": 19, "eigenvalues": [2.8254620905928323, -2.8235713215851375]}, "3": {"diameter": 11, "conjugate_isogenous_pairs": 45, "eigenvalues": [3.453892481538672, -3.448208637041189]}, "5": {"diameter": 7, "conjugate_isogenous_pairs": 58, "eigenvalues": [4.413238050719497, -4.440613401362346]}, "7": {"diameter": 6, "conjugate_isogenous_pairs": 75, "eigenvalues": [5.27497075690475, -5.23217154932795]}, "11": {"diameter": 5, "conjugate_isogenous_pairs": 96, "eigenvalues": [6.594778226975127, -6.601003721753145]}}}