{"prime": 25703, "nodes": 2143, "minpoly": "x^2 + 25701*x + 5", "spine": 175, "undirected": false, "ell": {"2": {"diameter": 15, "conjugate_isogenous_pairs": 31, "eigenvalues": [2.8279912309249378, -2.8209952537492935]}, "3": {"diameter": 10, "conjugate_isogenous_pairs": 39, "eigenvalues": [3.4440074001265804, -3.440197273004436]}, "5": {"diameter": 7, "conjugate_isogenous_pairs": 62, "eigenvalues": [4.461993804648357, -4.465820364448677]}, "7": {"diameter": 6, "conjugate_isogenous_pairs": 114, "eigenvalues": [5.264242416296242, -5.274196785231451]}, "11": {"diameter": 5, "conjugate_isogenous_pairs": 64, "eigenvalues": [6.606429970138063, -6.621715653726524]}}}