{"prime": 2917, "nodes": 243, "minpoly": "x^2 + 2916*x + 5", "spine": 11, "undirected": true, "ell": {"2": {"diameter": 12, "conjugate_isogenous_pairs": 25, "eigenvalues": [2.809018778052803, -2.8168582976678245]}, "3": {"diameter": 7, "conjugate_isogenous_pairs": 32, "eigenvalues": [3.3688774635321272, -3.4106447432234055]}, "5": {"diameter": 5, "conjugate_isogenous_pairs": 29, "eigenvalues": [4.286195261305614, -4.301753683878084]}, "7": {"diameter": 5, "conjugate_isogenous_pairs": 26, "eigenvalues": [5.218212564783014, -5.1431092366729185]}, "11": {"diameter": 4, "conjugate_isogenous_pairs": 71, "eigenvalues": [6.477007757301526, -6.4075596400409225]}}}