{"prime": 281, "nodes": 24, "minpoly": "x^2 + 280*x + 3", "spine": 10, "undirected": false, "ell": {"2": {"diameter": 7, "conjugate_isogenous_pairs": 2, "eigenvalues": [2.621521409830741, -2.788917998349722]}, "3": {"diameter": 6, "conjugate_isogenous_pairs": 4, "eigenvalues": [3.29162990395641, -2.941689055298447]}, "5": {"diameter": 3, "conjugate_isogenous_pairs": 3, "eigenvalues": [3.9619041464150535, -4.045948185247573]}, "7": {"diameter": 3, "conjugate_isogenous_pairs": 6, "eigenvalues": [4.6106803220181245, -4.461762462922598]}, "11": {"diameter": 3, "conjugate_isogenous_pairs": 5, "eigenvalues": [6.086851339697722, -5.50880225256812]}}}