{"prime": 15077, "nodes": 1257, "minpoly": "x^2 + 15076*x + 2", "spine": 71, "undirected": false, "ell": {"2": {"diameter": 15, "conjugate_isogenous_pairs": 22, "eigenvalues": [2.81411799952944, -2.8105489541151596]}, "3": {"diameter": 9, "conjugate_isogenous_pairs": 68, "eigenvalues": [3.4597435994826924, -3.456455582870757]}, "5": {"diameter": 7, "conjugate_isogenous_pairs": 28, "eigenvalues": [4.443461693313429, -4.458684406812124]}, "7": {"diameter": 6, "conjugate_isogenous_pairs": 110, "eigenvalues": [5.2290534621066795, -5.275335582578233]}, "11": {"diameter": 5, "conjugate_isogenous_pairs": 87, "eigenvalues": [6.604903560597372, -6.551398007479527]}}}