{"prime": 9467, "nodes": 790, "minpoly": "x^2 + 9466*x + 2", "spine": 82, "undirected": false, "ell": {"2": {"diameter": 14, "conjugate_isogenous_pairs": 23, "eigenvalues": [2.8241221460699784, -2.8184830794235594]}, "3": {"diameter": 9, "conjugate_isogenous_pairs": 31, "eigenvalues": [3.42303003502675, -3.4472430564551693]}, "5": {"diameter": 7, "conjugate_isogenous_pairs": 37, "eigenvalues": [4.452827647594155, -4.412054000055806]}, "7": {"diameter": 5, "conjugate_isogenous_pairs": 47, "eigenvalues": [5.238505662565306, -5.206744870237807]}, "11": {"diameter": 5, "conjugate_isogenous_pairs": 23, "eigenvalues": [6.619961182349719, -6.5903571257441325]}}}