{"prime": 11399, "nodes": 951, "minpoly": "x^2 + 11397*x + 11", "spine": 141, "undirected": false, "ell": {"2": {"diameter": 14, "conjugate_isogenous_pairs": 23, "eigenvalues": [2.820148804551878, -2.8214975922513146]}, "3": {"diameter": 9, "conjugate_isogenous_pairs": 16, "eigenvalues": [3.443997140591334, -3.437758978851378]}, "5": {"diameter": 7, "conjugate_isogenous_pairs": 28, "eigenvalues": [4.448968522279922, -4.413958938773314]}, "7": {"diameter": 6, "conjugate_isogenous_pairs": 62, "eigenvalues": [5.233732661740048, -5.280170062506537]}, "11": {"diameter": 5, "conjugate_isogenous_pairs": 55, "eigenvalues": [6.619379819436628, -6.570608767095083]}}}