{"prime": 18289, "nodes": 1524, "minpoly": "x^2 + 18280*x + 13", "spine": 36, "undirected": true, "ell": {"2": {"diameter": 14, "conjugate_isogenous_pairs": 45, "eigenvalues": [2.818949117770526, -2.8259749484083962]}, "3": {"diameter": 9, "conjugate_isogenous_pairs": 43, "eigenvalues": [3.4435821278677063, -3.45862429452989]}, "5": {"diameter": 6, "conjugate_isogenous_pairs": 75, "eigenvalues": [4.4078217339118, -4.410600323022451]}, "7": {"diameter": 5, "conjugate_isogenous_pairs": 83, "eigenvalues": [5.288874982822778, -5.269820343437073]}, "11": {"diameter": 5, "conjugate_isogenous_pairs": 225, "eigenvalues": [6.616384260563242, -6.622402138350379]}}}