{"prime": 5861, "nodes": 489, "minpoly": "x^2 + 5859*x + 3", "spine": 33, "undirected": false, "ell": {"2": {"diameter": 13, "conjugate_isogenous_pairs": 14, "eigenvalues": [2.805445204740837, -2.8093614969353915]}, "3": {"diameter": 9, "conjugate_isogenous_pairs": 36, "eigenvalues": [3.4308680224932244, -3.410531076757239]}, "5": {"diameter": 6, "conjugate_isogenous_pairs": 21, "eigenvalues": [4.327965116179002, -4.468637882355018]}, "7": {"diameter": 5, "conjugate_isogenous_pairs": 41, "eigenvalues": [5.185416309128333, -5.1829767539447475]}, "11": {"diameter": 4, "conjugate_isogenous_pairs": 50, "eigenvalues": [6.4527275437954845, -6.527086488490929]}}}