{"prime": 6551, "nodes": 547, "minpoly": "x^2 + 6550*x + 17", "spine": 117, "undirected": false, "ell": {"2": {"diameter": 13, "conjugate_isogenous_pairs": 9, "eigenvalues": [2.813073770814735, -2.809918114472889]}, "3": {"diameter": 9, "conjugate_isogenous_pairs": 17, "eigenvalues": [3.416177915616654, -3.4483492273866307]}, "5": {"diameter": 6, "conjugate_isogenous_pairs": 23, "eigenvalues": [4.453386590861116, -4.406557096567609]}, "7": {"diameter": 5, "conjugate_isogenous_pairs": 26, "eigenvalues": [5.272058499186118, -5.2107836527505285]}, "11": {"diameter": 5, "conjugate_isogenous_pairs": 32, "eigenvalues": [6.470048667586139, -6.494734301509678]}}}