{"prime": 27647, "nodes": 2305, "minpoly": "x^2 + 27645*x + 5", "spine": 105, "undirected": false, "ell": {"2": {"diameter": 15, "conjugate_isogenous_pairs": 31, "eigenvalues": [2.82296373881145, -2.8193871361271734]}, "3": {"diameter": 11, "conjugate_isogenous_pairs": 69, "eigenvalues": [3.434529249479225, -3.454819135416154]}, "5": {"diameter": 7, "conjugate_isogenous_pairs": 71, "eigenvalues": [4.441902113313457, -4.448343965954374]}, "7": {"diameter": 6, "conjugate_isogenous_pairs": 150, "eigenvalues": [5.286483759438923, -5.2378729759494815]}, "11": {"diameter": 5, "conjugate_isogenous_pairs": 47, "eigenvalues": [6.629456460574878, -6.580494148028099]}}}