{"prime": 3637, "nodes": 303, "minpoly": "x^2 + 3630*x + 2", "spine": 11, "undirected": true, "ell": {"2": {"diameter": 11, "conjugate_isogenous_pairs": 16, "eigenvalues": [2.8106867578970194, -2.7628688094546505]}, "3": {"diameter": 8, "conjugate_isogenous_pairs": 49, "eigenvalues": [3.4335128908017576, -3.3446912499924735]}, "5": {"diameter": 5, "conjugate_isogenous_pairs": 36, "eigenvalues": [4.411971321769593, -4.447434398569609]}, "7": {"diameter": 5, "conjugate_isogenous_pairs": 25, "eigenvalues": [5.2687754477748685, -5.230095734998447]}, "11": {"diameter": 4, "conjugate_isogenous_pairs": 62, "eigenvalues": [6.3767690141884055, -6.452570659373743]}}}