{"prime": 26813, "nodes": 2235, "minpoly": "x^2 + 26812*x + 2", "spine": 75, "undirected": false, "ell": {"2": {"diameter": 15, "conjugate_isogenous_pairs": 47, "eigenvalues": [2.8200077032131774, -2.821011366057844]}, "3": {"diameter": 10, "conjugate_isogenous_pairs": 100, "eigenvalues": [3.446592540835277, -3.444625668047532]}, "5": {"diameter": 7, "conjugate_isogenous_pairs": 45, "eigenvalues": [4.446506254963253, -4.439487060637307]}, "7": {"diameter": 6, "conjugate_isogenous_pairs": 153, "eigenvalues": [5.26655816424135, -5.227227283997137]}, "11": {"diameter": 5, "conjugate_isogenous_pairs": 103, "eigenvalues": [6.56856388333007, -6.586801867973396]}}}