{"prime": 26003, "nodes": 2168, "minpoly": "x^2 + 25999*x + 2", "spine": 94, "undirected": false, "ell": {"2": {"diameter": 15, "conjugate_isogenous_pairs": 33, "eigenvalues": [2.8269086130180776, -2.820226895241454]}, "3": {"diameter": 10, "conjugate_isogenous_pairs": 63, "eigenvalues": [3.4562964283560627, -3.4418320201266006]}, "5": {"diameter": 7, "conjugate_isogenous_pairs": 81, "eigenvalues": [4.446090765667881, -4.467613053058229]}, "7": {"diameter": 6, "conjugate_isogenous_pairs": 98, "eigenvalues": [5.273411421597042, -5.281096200256827]}, "11": {"diameter": 5, "conjugate_isogenous_pairs": 60, "eigenvalues": [6.564998421126553, -6.589474613752273]}}}