{"prime": 19993, "nodes": 1666, "minpoly": "x^2 + 19990*x + 10", "spine": 30, "undirected": true, "ell": {"2": {"diameter": 14, "conjugate_isogenous_pairs": 55, "eigenvalues": [2.823642496405255, -2.8226968896596487]}, "3": {"diameter": 9, "conjugate_isogenous_pairs": 85, "eigenvalues": [3.442268566422772, -3.4391313214701524]}, "5": {"diameter": 6, "conjugate_isogenous_pairs": 85, "eigenvalues": [4.4476292725643365, -4.450648190517796]}, "7": {"diameter": 6, "conjugate_isogenous_pairs": 71, "eigenvalues": [5.276124859082767, -5.290046463037429]}, "11": {"diameter": 5, "conjugate_isogenous_pairs": 96, "eigenvalues": [6.595150771511682, -6.579727452963164]}}}