{"prime": 7963, "nodes": 664, "minpoly": "x^2 + 7962*x + 5", "spine": 26, "undirected": false, "ell": {"2": {"diameter": 13, "conjugate_isogenous_pairs": 35, "eigenvalues": [2.8235319345267103, -2.8105714532442923]}, "3": {"diameter": 9, "conjugate_isogenous_pairs": 33, "eigenvalues": [3.4366698784151013, -3.4305844389719087]}, "5": {"diameter": 6, "conjugate_isogenous_pairs": 121, "eigenvalues": [4.426765045622092, -4.44637743710556]}, "7": {"diameter": 5, "conjugate_isogenous_pairs": 30, "eigenvalues": [5.240704509437325, -5.159483850077032]}, "11": {"diameter": 4, "conjugate_isogenous_pairs": 59, "eigenvalues": [6.493026053136122, -6.426459434110622]}}}