{"prime": 28429, "nodes": 2369, "minpoly": "x^2 + 28424*x + 2", "spine": 35, "undirected": true, "ell": {"2": {"diameter": 14, "conjugate_isogenous_pairs": 46, "eigenvalues": [2.822387049200207, -2.823268054550755]}, "3": {"diameter": 10, "conjugate_isogenous_pairs": 90, "eigenvalues": [3.4549415548846993, -3.4613802213985405]}, "5": {"diameter": 7, "conjugate_isogenous_pairs": 117, "eigenvalues": [4.466359797094365, -4.455593150046007]}, "7": {"diameter": 6, "conjugate_isogenous_pairs": 70, "eigenvalues": [5.27839751087001, -5.255041867587453]}, "11": {"diameter": 5, "conjugate_isogenous_pairs": 284, "eigenvalues": [6.615842567374255, -6.629598936601096]}}}