{"prime": 19373, "nodes": 1615, "minpoly": "x^2 + 19358*x + 2", "spine": 63, "undirected": false, "ell": {"2": {"diameter": 14, "conjugate_isogenous_pairs": 20, "eigenvalues": [2.8135060378387746, -2.818129101985415]}, "3": {"diameter": 10, "conjugate_isogenous_pairs": 125, "eigenvalues": [3.4624634132163408, -3.446531705781837]}, "5": {"diameter": 7, "conjugate_isogenous_pairs": 54, "eigenvalues": [4.4500393650018, -4.464647071902022]}, "7": {"diameter": 6, "conjugate_isogenous_pairs": 130, "eigenvalues": [5.272013179005324, -5.271259897429484]}, "11": {"diameter": 5, "conjugate_isogenous_pairs": 69, "eigenvalues": [6.591158742948865, -6.545095555388767]}}}