{"prime": 14813, "nodes": 1235, "minpoly": "x^2 + 14809*x + 2", "spine": 35, "undirected": false, "ell": {"2": {"diameter": 14, "conjugate_isogenous_pairs": 22, "eigenvalues": [2.8100084221660664, -2.8175686378893956]}, "3": {"diameter": 10, "conjugate_isogenous_pairs": 89, "eigenvalues": [3.4562101972565347, -3.4590099160777736]}, "5": {"diameter": 7, "conjugate_isogenous_pairs": 55, "eigenvalues": [4.441488858313319, -4.442520344320408]}, "7": {"diameter": 6, "conjugate_isogenous_pairs": 150, "eigenvalues": [5.229049895495871, -5.255941095068426]}, "11": {"diameter": 5, "conjugate_isogenous_pairs": 82, "eigenvalues": [6.592574236981129, -6.531388191097661]}}}