{"prime": 25609, "nodes": 2134, "minpoly": "x^2 + 25598*x + 7", "spine": 46, "undirected": true, "ell": {"2": {"diameter": 15, "conjugate_isogenous_pairs": 63, "eigenvalues": [2.821484846797165, -2.824775705051773]}, "3": {"diameter": 9, "conjugate_isogenous_pairs": 44, "eigenvalues": [3.448123208412418, -3.4494772544807564]}, "5": {"diameter": 7, "conjugate_isogenous_pairs": 59, "eigenvalues": [4.43981872019243, -4.446120593704931]}, "7": {"diameter": 6, "conjugate_isogenous_pairs": 93, "eigenvalues": [5.237746375692075, -5.288654019884813]}, "11": {"diameter": 5, "conjugate_isogenous_pairs": 193, "eigenvalues": [6.601980330611298, -6.573164728964695]}}}