{"prime": 20359, "nodes": 1697, "minpoly": "x^2 + 20356*x + 11", "spine": 109, "undirected": false, "ell": {"2": {"diameter": 15, "conjugate_isogenous_pairs": 35, "eigenvalues": [2.821632752174567, -2.812149263446787]}, "3": {"diameter": 9, "conjugate_isogenous_pairs": 24, "eigenvalues": [3.4503815653667425, -3.445899379350496]}, "5": {"diameter": 7, "conjugate_isogenous_pairs": 90, "eigenvalues": [4.432713515854831, -4.4563386808745]}, "7": {"diameter": 6, "conjugate_isogenous_pairs": 35, "eigenvalues": [5.2452321193445055, -5.252678255809879]}, "11": {"diameter": 5, "conjugate_isogenous_pairs": 159, "eigenvalues": [6.6174919685247735, -6.568039881177575]}}}