{"prime": 13669, "nodes": 1139, "minpoly": "x^2 + 13668*x + 6", "spine": 51, "undirected": true, "ell": {"2": {"diameter": 14, "conjugate_isogenous_pairs": 44, "eigenvalues": [2.8238941910851403, -2.8171872750528606]}, "3": {"diameter": 9, "conjugate_isogenous_pairs": 49, "eigenvalues": [3.4545936063189258, -3.452157148958758]}, "5": {"diameter": 6, "conjugate_isogenous_pairs": 56, "eigenvalues": [4.471293608613451, -4.428359015583934]}, "7": {"diameter": 5, "conjugate_isogenous_pairs": 39, "eigenvalues": [5.2565680525206515, -5.2704506090460415]}, "11": {"diameter": 5, "conjugate_isogenous_pairs": 225, "eigenvalues": [6.594611635343599, -6.6223412864966]}}}