{"prime": 5297, "nodes": 442, "minpoly": "x^2 + 5296*x + 3", "spine": 36, "undirected": false, "ell": {"2": {"diameter": 12, "conjugate_isogenous_pairs": 19, "eigenvalues": [2.8051584845162476, -2.79277099329096]}, "3": {"diameter": 8, "conjugate_isogenous_pairs": 27, "eigenvalues": [3.374591322163551, -3.397013833915137]}, "5": {"diameter": 6, "conjugate_isogenous_pairs": 19, "eigenvalues": [4.453829573060573, -4.365460024256506]}, "7": {"diameter": 5, "conjugate_isogenous_pairs": 96, "eigenvalues": [5.228396492513956, -5.256176177561979]}, "11": {"diameter": 4, "conjugate_isogenous_pairs": 35, "eigenvalues": [6.622713765236919, -6.615612830568758]}}}