{"prime": 2791, "nodes": 233, "minpoly": "x^2 + 2789*x + 6", "spine": 39, "undirected": false, "ell": {"2": {"diameter": 11, "conjugate_isogenous_pairs": 9, "eigenvalues": [2.7703658256807917, -2.796875264958319]}, "3": {"diameter": 8, "conjugate_isogenous_pairs": 13, "eigenvalues": [3.3774393178528457, -3.428825440757619]}, "5": {"diameter": 5, "conjugate_isogenous_pairs": 29, "eigenvalues": [4.462530671791079, -4.417342671309561]}, "7": {"diameter": 5, "conjugate_isogenous_pairs": 11, "eigenvalues": [5.121880088148687, -5.096043461013797]}, "11": {"diameter": 4, "conjugate_isogenous_pairs": 44, "eigenvalues": [6.565766424619791, -6.46193449029982]}}}