{"prime": 10159, "nodes": 847, "minpoly": "x^2 + 10157*x + 3", "spine": 57, "undirected": false, "ell": {"2": {"diameter": 14, "conjugate_isogenous_pairs": 19, "eigenvalues": [2.816505423645492, -2.8226861222375814]}, "3": {"diameter": 9, "conjugate_isogenous_pairs": 21, "eigenvalues": [3.4493721228522656, -3.442527140880795]}, "5": {"diameter": 6, "conjugate_isogenous_pairs": 109, "eigenvalues": [4.466936189831637, -4.420818969032209]}, "7": {"diameter": 5, "conjugate_isogenous_pairs": 35, "eigenvalues": [5.205657869559422, -5.203802281789476]}, "11": {"diameter": 5, "conjugate_isogenous_pairs": 97, "eigenvalues": [6.570348497840498, -6.562199119703456]}}}