{"prime": 19379, "nodes": 1616, "minpoly": "x^2 + 19378*x + 2", "spine": 162, "undirected": false, "ell": {"2": {"diameter": 15, "conjugate_isogenous_pairs": 16, "eigenvalues": [2.8251554628122983, -2.8253093327914045]}, "3": {"diameter": 10, "conjugate_isogenous_pairs": 27, "eigenvalues": [3.456394008724179, -3.4495643092061976]}, "5": {"diameter": 7, "conjugate_isogenous_pairs": 66, "eigenvalues": [4.440088983162857, -4.43787404440011]}, "7": {"diameter": 6, "conjugate_isogenous_pairs": 57, "eigenvalues": [5.255346021090199, -5.263478552414995]}, "11": {"diameter": 5, "conjugate_isogenous_pairs": 76, "eigenvalues": [6.584408391896237, -6.602863809499591]}}}