{"prime": 2833, "nodes": 236, "minpoly": "x^2 + 2830*x + 5", "spine": 16, "undirected": true, "ell": {"2": {"diameter": 11, "conjugate_isogenous_pairs": 18, "eigenvalues": [2.8123500887425723, -2.7896253714048402]}, "3": {"diameter": 7, "conjugate_isogenous_pairs": 22, "eigenvalues": [3.420434452712949, -3.4074623526654424]}, "5": {"diameter": 5, "conjugate_isogenous_pairs": 29, "eigenvalues": [4.390208295932615, -4.455204521868959]}, "7": {"diameter": 4, "conjugate_isogenous_pairs": 40, "eigenvalues": [5.15835842784335, -5.120144374070369]}, "11": {"diameter": 4, "conjugate_isogenous_pairs": 44, "eigenvalues": [6.565980046531847, -6.464005257135804]}}}