{"prime": 21881, "nodes": 1824, "minpoly": "x^2 + 21876*x + 3", "spine": 112, "undirected": false, "ell": {"2": {"diameter": 15, "conjugate_isogenous_pairs": 26, "eigenvalues": [2.81750866743536, -2.826866816220784]}, "3": {"diameter": 10, "conjugate_isogenous_pairs": 32, "eigenvalues": [3.4515285685993016, -3.4576410510839146]}, "5": {"diameter": 7, "conjugate_isogenous_pairs": 42, "eigenvalues": [4.417097106330397, -4.408045337206989]}, "7": {"diameter": 6, "conjugate_isogenous_pairs": 151, "eigenvalues": [5.248710314534876, -5.263500454297279]}, "11": {"diameter": 5, "conjugate_isogenous_pairs": 116, "eigenvalues": [6.576145265530822, -6.580791235283636]}}}