{"prime": 20483, "nodes": 1708, "minpoly": "x^2 + 20481*x + 5", "spine": 58, "undirected": false, "ell": {"2": {"diameter": 15, "conjugate_isogenous_pairs": 33, "eigenvalues": [2.8255423008372844, -2.817768317774297]}, "3": {"diameter": 10, "conjugate_isogenous_pairs": 45, "eigenvalues": [3.4546094856392204, -3.4377577763093368]}, "5": {"diameter": 7, "conjugate_isogenous_pairs": 87, "eigenvalues": [4.458436118886901, -4.471185752516027]}, "7": {"diameter": 6, "conjugate_isogenous_pairs": 138, "eigenvalues": [5.230900037306276, -5.277209662872775]}, "11": {"diameter": 5, "conjugate_isogenous_pairs": 35, "eigenvalues": [6.55288390317285, -6.59789156669078]}}}