{"prime": 18973, "nodes": 1581, "minpoly": "x^2 + 18972*x + 2", "spine": 25, "undirected": true, "ell": {"2": {"diameter": 14, "conjugate_isogenous_pairs": 87, "eigenvalues": [2.8227306591355545, -2.8211101990993392]}, "3": {"diameter": 9, "conjugate_isogenous_pairs": 63, "eigenvalues": [3.4391085233955536, -3.4625941633001145]}, "5": {"diameter": 7, "conjugate_isogenous_pairs": 59, "eigenvalues": [4.449999474307217, -4.457839331296669]}, "7": {"diameter": 5, "conjugate_isogenous_pairs": 79, "eigenvalues": [5.257296477267671, -5.230727218300331]}, "11": {"diameter": 5, "conjugate_isogenous_pairs": 165, "eigenvalues": [6.557031670322624, -6.620384812080062]}}}