{"prime": 14503, "nodes": 1209, "minpoly": "x^2 + 14501*x + 3", "spine": 45, "undirected": false, "ell": {"2": {"diameter": 15, "conjugate_isogenous_pairs": 72, "eigenvalues": [2.827440691762284, -2.8196214407494]}, "3": {"diameter": 9, "conjugate_isogenous_pairs": 30, "eigenvalues": [3.4486420070209327, -3.455706337634809]}, "5": {"diameter": 7, "conjugate_isogenous_pairs": 59, "eigenvalues": [4.4033947376627465, -4.455521292737373]}, "7": {"diameter": 5, "conjugate_isogenous_pairs": 44, "eigenvalues": [5.222172876568562, -5.250309409613855]}, "11": {"diameter": 5, "conjugate_isogenous_pairs": 98, "eigenvalues": [6.609859205256759, -6.592273578919382]}}}