{"prime": 10723, "nodes": 894, "minpoly": "x^2 + 10722*x + 2", "spine": 30, "undirected": false, "ell": {"2": {"diameter": 14, "conjugate_isogenous_pairs": 60, "eigenvalues": [2.824055330936637, -2.8073751161196596]}, "3": {"diameter": 9, "conjugate_isogenous_pairs": 29, "eigenvalues": [3.460062537612026, -3.4579615571236304]}, "5": {"diameter": 6, "conjugate_isogenous_pairs": 74, "eigenvalues": [4.427176864352308, -4.418872912011958]}, "7": {"diameter": 5, "conjugate_isogenous_pairs": 41, "eigenvalues": [5.208470849389138, -5.28393429075049]}, "11": {"diameter": 4, "conjugate_isogenous_pairs": 67, "eigenvalues": [6.616813998099495, -6.5581702513443645]}}}