{"prime": 7603, "nodes": 634, "minpoly": "x^2 + 7599*x + 2", "spine": 22, "undirected": false, "ell": {"2": {"diameter": 13, "conjugate_isogenous_pairs": 27, "eigenvalues": [2.810457524566199, -2.813461024817487]}, "3": {"diameter": 8, "conjugate_isogenous_pairs": 25, "eigenvalues": [3.421013051912475, -3.4306571484895607]}, "5": {"diameter": 6, "conjugate_isogenous_pairs": 120, "eigenvalues": [4.445885806793047, -4.438480882748411]}, "7": {"diameter": 5, "conjugate_isogenous_pairs": 33, "eigenvalues": [5.229138873319104, -5.213068806389377]}, "11": {"diameter": 4, "conjugate_isogenous_pairs": 53, "eigenvalues": [6.5941606699982955, -6.482387979346477]}}}