{"prime": 18401, "nodes": 1534, "minpoly": "x^2 + 18396*x + 3", "spine": 66, "undirected": false, "ell": {"2": {"diameter": 14, "conjugate_isogenous_pairs": 22, "eigenvalues": [2.8158337324842213, -2.8144400457001866]}, "3": {"diameter": 10, "conjugate_isogenous_pairs": 33, "eigenvalues": [3.441146065559362, -3.449765537047485]}, "5": {"diameter": 7, "conjugate_isogenous_pairs": 34, "eigenvalues": [4.433266954383237, -4.443053954539463]}, "7": {"diameter": 6, "conjugate_isogenous_pairs": 168, "eigenvalues": [5.286631379327272, -5.272111590274901]}, "11": {"diameter": 5, "conjugate_isogenous_pairs": 122, "eigenvalues": [6.607018398278613, -6.560626034402837]}}}