{"prime": 18191, "nodes": 1517, "minpoly": "x^2 + 18190*x + 29", "spine": 213, "undirected": false, "ell": {"2": {"diameter": 14, "conjugate_isogenous_pairs": 16, "eigenvalues": [2.8114594968928865, -2.8263345536850806]}, "3": {"diameter": 10, "conjugate_isogenous_pairs": 29, "eigenvalues": [3.428391964979206, -3.455920840696342]}, "5": {"diameter": 7, "conjugate_isogenous_pairs": 31, "eigenvalues": [4.461502069194291, -4.46735174202827]}, "7": {"diameter": 6, "conjugate_isogenous_pairs": 46, "eigenvalues": [5.279545128416407, -5.2126841513385935]}, "11": {"diameter": 5, "conjugate_isogenous_pairs": 63, "eigenvalues": [6.591922568070898, -6.5797100446705326]}}}