{"prime": 3727, "nodes": 311, "minpoly": "x^2 + 3725*x + 3", "spine": 31, "undirected": false, "ell": {"2": {"diameter": 11, "conjugate_isogenous_pairs": 27, "eigenvalues": [2.7966045122558896, -2.795001670447479]}, "3": {"diameter": 8, "conjugate_isogenous_pairs": 14, "eigenvalues": [3.4291469178001246, -3.409401878256918]}, "5": {"diameter": 6, "conjugate_isogenous_pairs": 26, "eigenvalues": [4.405805334158833, -4.402402066394783]}, "7": {"diameter": 5, "conjugate_isogenous_pairs": 21, "eigenvalues": [5.128520254442679, -5.239908374346896]}, "11": {"diameter": 4, "conjugate_isogenous_pairs": 42, "eigenvalues": [6.539922205219665, -6.434977640220626]}}}