{"prime": 6367, "nodes": 531, "minpoly": "x^2 + 6365*x + 3", "spine": 37, "undirected": false, "ell": {"2": {"diameter": 12, "conjugate_isogenous_pairs": 28, "eigenvalues": [2.813598026342766, -2.8081942062488885]}, "3": {"diameter": 8, "conjugate_isogenous_pairs": 27, "eigenvalues": [3.4432020398908945, -3.4258750206516804]}, "5": {"diameter": 6, "conjugate_isogenous_pairs": 44, "eigenvalues": [4.431737153434599, -4.434876095558921]}, "7": {"diameter": 5, "conjugate_isogenous_pairs": 35, "eigenvalues": [5.243013167957977, -5.173043454605293]}, "11": {"diameter": 4, "conjugate_isogenous_pairs": 32, "eigenvalues": [6.537651497542559, -6.440181831781115]}}}