{"prime": 6473, "nodes": 540, "minpoly": "x^2 + 6467*x + 3", "spine": 44, "undirected": false, "ell": {"2": {"diameter": 13, "conjugate_isogenous_pairs": 20, "eigenvalues": [2.802701271239011, -2.8133274719841146]}, "3": {"diameter": 9, "conjugate_isogenous_pairs": 24, "eigenvalues": [3.4112787050259414, -3.461164899316385]}, "5": {"diameter": 6, "conjugate_isogenous_pairs": 14, "eigenvalues": [4.427548560551176, -4.449198895177177]}, "7": {"diameter": 5, "conjugate_isogenous_pairs": 105, "eigenvalues": [5.279559817590516, -5.2606217671346]}, "11": {"diameter": 4, "conjugate_isogenous_pairs": 32, "eigenvalues": [6.460797422082329, -6.5765667345630465]}}}