{"prime": 16253, "nodes": 1355, "minpoly": "x^2 + 16252*x + 2", "spine": 83, "undirected": false, "ell": {"2": {"diameter": 14, "conjugate_isogenous_pairs": 25, "eigenvalues": [2.826788364719695, -2.823414118756999]}, "3": {"diameter": 10, "conjugate_isogenous_pairs": 88, "eigenvalues": [3.45808477236875, -3.458511305301638]}, "5": {"diameter": 7, "conjugate_isogenous_pairs": 28, "eigenvalues": [4.448444464472142, -4.440169060836522]}, "7": {"diameter": 6, "conjugate_isogenous_pairs": 91, "eigenvalues": [5.237945335958986, -5.2754784606592775]}, "11": {"diameter": 5, "conjugate_isogenous_pairs": 84, "eigenvalues": [6.513150359806909, -6.623842902127848]}}}