{"prime": 22817, "nodes": 1902, "minpoly": "x^2 + 22811*x + 3", "spine": 46, "undirected": false, "ell": {"2": {"diameter": 14, "conjugate_isogenous_pairs": 29, "eigenvalues": [2.818935484651506, -2.823927529893397]}, "3": {"diameter": 10, "conjugate_isogenous_pairs": 83, "eigenvalues": [3.4621409434107764, -3.4526843002366805]}, "5": {"diameter": 7, "conjugate_isogenous_pairs": 50, "eigenvalues": [4.443753571160777, -4.439517102346769]}, "7": {"diameter": 6, "conjugate_isogenous_pairs": 270, "eigenvalues": [5.226482813042106, -5.285600945590749]}, "11": {"diameter": 5, "conjugate_isogenous_pairs": 61, "eigenvalues": [6.614743827396676, -6.615255525999485]}}}