{"prime": 1619, "nodes": 136, "minpoly": "x^2 + 1615*x + 2", "spine": 30, "undirected": false, "ell": {"2": {"diameter": 10, "conjugate_isogenous_pairs": 4, "eigenvalues": [2.7681683500443506, -2.803580918471133]}, "3": {"diameter": 7, "conjugate_isogenous_pairs": 7, "eigenvalues": [3.435622327576996, -3.4089045617805493]}, "5": {"diameter": 5, "conjugate_isogenous_pairs": 22, "eigenvalues": [4.421748523935817, -4.262238392854853]}, "7": {"diameter": 5, "conjugate_isogenous_pairs": 17, "eigenvalues": [5.126443843200442, -5.274159249139437]}, "11": {"diameter": 4, "conjugate_isogenous_pairs": 18, "eigenvalues": [6.340728744722163, -6.563605120647492]}}}