{"prime": 6659, "nodes": 556, "minpoly": "x^2 + 6655*x + 2", "spine": 46, "undirected": false, "ell": {"2": {"diameter": 13, "conjugate_isogenous_pairs": 10, "eigenvalues": [2.7903645606882606, -2.8144585261557022]}, "3": {"diameter": 9, "conjugate_isogenous_pairs": 24, "eigenvalues": [3.4264312715213068, -3.41105198993012]}, "5": {"diameter": 6, "conjugate_isogenous_pairs": 36, "eigenvalues": [4.4248530115401765, -4.471026540055877]}, "7": {"diameter": 5, "conjugate_isogenous_pairs": 40, "eigenvalues": [5.083094308859717, -5.207552783461917]}, "11": {"diameter": 4, "conjugate_isogenous_pairs": 40, "eigenvalues": [6.495415490067106, -6.601270231553891]}}}