{"prime": 23899, "nodes": 1992, "minpoly": "x^2 + 23895*x + 2", "spine": 54, "undirected": false, "ell": {"2": {"diameter": 14, "conjugate_isogenous_pairs": 39, "eigenvalues": [2.82536592315478, -2.824548442961306]}, "3": {"diameter": 10, "conjugate_isogenous_pairs": 40, "eigenvalues": [3.432551130724822, -3.4542639199149585]}, "5": {"diameter": 7, "conjugate_isogenous_pairs": 218, "eigenvalues": [4.452287736583023, -4.456184791989006]}, "7": {"diameter": 6, "conjugate_isogenous_pairs": 44, "eigenvalues": [5.2178128235453185, -5.264217329915249]}, "11": {"diameter": 5, "conjugate_isogenous_pairs": 158, "eigenvalues": [6.623631077733861, -6.591939699779522]}}}