{"prime": 21157, "nodes": 1763, "minpoly": "x^2 + 21156*x + 2", "spine": 37, "undirected": true, "ell": {"2": {"diameter": 15, "conjugate_isogenous_pairs": 88, "eigenvalues": [2.8231641520390993, -2.8154240469754277]}, "3": {"diameter": 10, "conjugate_isogenous_pairs": 55, "eigenvalues": [3.4550590569690742, -3.459701046600389]}, "5": {"diameter": 7, "conjugate_isogenous_pairs": 62, "eigenvalues": [4.4631106724389324, -4.427481466484909]}, "7": {"diameter": 6, "conjugate_isogenous_pairs": 90, "eigenvalues": [5.273762064384364, -5.232908108606884]}, "11": {"diameter": 5, "conjugate_isogenous_pairs": 208, "eigenvalues": [6.544508361256977, -6.614743557449321]}}}