{"prime": 23227, "nodes": 1936, "minpoly": "x^2 + 23226*x + 3", "spine": 42, "undirected": false, "ell": {"2": {"diameter": 14, "conjugate_isogenous_pairs": 41, "eigenvalues": [2.8114757315402397, -2.824066125549556]}, "3": {"diameter": 10, "conjugate_isogenous_pairs": 85, "eigenvalues": [3.458167726490802, -3.4577445721504727]}, "5": {"diameter": 7, "conjugate_isogenous_pairs": 169, "eigenvalues": [4.458989509077645, -4.452232373806066]}, "7": {"diameter": 6, "conjugate_isogenous_pairs": 47, "eigenvalues": [5.273914907043257, -5.287227066964003]}, "11": {"diameter": 5, "conjugate_isogenous_pairs": 88, "eigenvalues": [6.557128889914567, -6.6060849794331045]}}}