{"prime": 10181, "nodes": 849, "minpoly": "x^2 + 10180*x + 2", "spine": 75, "undirected": false, "ell": {"2": {"diameter": 14, "conjugate_isogenous_pairs": 20, "eigenvalues": [2.8201590893245294, -2.7988007861078836]}, "3": {"diameter": 9, "conjugate_isogenous_pairs": 41, "eigenvalues": [3.4560873121436044, -3.4209049785033567]}, "5": {"diameter": 6, "conjugate_isogenous_pairs": 23, "eigenvalues": [4.430695570282704, -4.442057252470229]}, "7": {"diameter": 6, "conjugate_isogenous_pairs": 56, "eigenvalues": [5.226171520408195, -5.269058653613921]}, "11": {"diameter": 5, "conjugate_isogenous_pairs": 93, "eigenvalues": [6.575553606520784, -6.5174915755935325]}}}