{"prime": 29311, "nodes": 2443, "minpoly": "x^2 + 29310*x + 3", "spine": 105, "undirected": false, "ell": {"2": {"diameter": 15, "conjugate_isogenous_pairs": 31, "eigenvalues": [2.823946559398195, -2.819985382211668]}, "3": {"diameter": 10, "conjugate_isogenous_pairs": 59, "eigenvalues": [3.4600804341788955, -3.4399967991749163]}, "5": {"diameter": 7, "conjugate_isogenous_pairs": 146, "eigenvalues": [4.430743664903295, -4.450508735674843]}, "7": {"diameter": 6, "conjugate_isogenous_pairs": 39, "eigenvalues": [5.2853433275195245, -5.28528152156642]}, "11": {"diameter": 5, "conjugate_isogenous_pairs": 150, "eigenvalues": [6.6027817304779255, -6.630155859899781]}}}