{"prime": 14057, "nodes": 1172, "minpoly": "x^2 + 14051*x + 3", "spine": 44, "undirected": false, "ell": {"2": {"diameter": 14, "conjugate_isogenous_pairs": 21, "eigenvalues": [2.8194656863985554, -2.808878564285709]}, "3": {"diameter": 10, "conjugate_isogenous_pairs": 78, "eigenvalues": [3.4516548658775332, -3.435083065342145]}, "5": {"diameter": 7, "conjugate_isogenous_pairs": 36, "eigenvalues": [4.469191496702985, -4.44563826712265]}, "7": {"diameter": 6, "conjugate_isogenous_pairs": 118, "eigenvalues": [5.280645282493894, -5.272520770895812]}, "11": {"diameter": 5, "conjugate_isogenous_pairs": 44, "eigenvalues": [6.60357341353662, -6.5453748907144]}}}