{"prime": 18869, "nodes": 1573, "minpoly": "x^2 + 18861*x + 2", "spine": 71, "undirected": false, "ell": {"2": {"diameter": 14, "conjugate_isogenous_pairs": 21, "eigenvalues": [2.827259975055525, -2.814963776334726]}, "3": {"diameter": 10, "conjugate_isogenous_pairs": 48, "eigenvalues": [3.447969577627869, -3.45275830121078]}, "5": {"diameter": 7, "conjugate_isogenous_pairs": 42, "eigenvalues": [4.43529159803835, -4.431408234250001]}, "7": {"diameter": 6, "conjugate_isogenous_pairs": 123, "eigenvalues": [5.24172766463939, -5.279538720801744]}, "11": {"diameter": 5, "conjugate_isogenous_pairs": 117, "eigenvalues": [6.589580322461374, -6.56618366067711]}}}