{"prime": 1699, "nodes": 142, "minpoly": "x^2 + 1686*x + 3", "spine": 22, "undirected": false, "ell": {"2": {"diameter": 10, "conjugate_isogenous_pairs": 13, "eigenvalues": [2.788047710130443, -2.813854551539606]}, "3": {"diameter": 6, "conjugate_isogenous_pairs": 9, "eigenvalues": [3.3427959949334056, -3.391826009870569]}, "5": {"diameter": 5, "conjugate_isogenous_pairs": 23, "eigenvalues": [4.286752296199357, -4.433781711103465]}, "7": {"diameter": 4, "conjugate_isogenous_pairs": 7, "eigenvalues": [5.120865914403253, -5.085845904326668]}, "11": {"diameter": 3, "conjugate_isogenous_pairs": 32, "eigenvalues": [6.295872615645122, -6.5465774083995285]}}}