{"prime": 23003, "nodes": 1918, "minpoly": "x^2 + 22993*x + 2", "spine": 86, "undirected": false, "ell": {"2": {"diameter": 15, "conjugate_isogenous_pairs": 25, "eigenvalues": [2.8124736463092193, -2.8214561617285616]}, "3": {"diameter": 10, "conjugate_isogenous_pairs": 54, "eigenvalues": [3.4512072891331944, -3.4592112707946674]}, "5": {"diameter": 7, "conjugate_isogenous_pairs": 119, "eigenvalues": [4.437333278260856, -4.471054851136992]}, "7": {"diameter": 6, "conjugate_isogenous_pairs": 124, "eigenvalues": [5.2710590682665925, -5.260399395660306]}, "11": {"diameter": 5, "conjugate_isogenous_pairs": 42, "eigenvalues": [6.567334476875909, -6.607494894354728]}}}