{"prime": 21401, "nodes": 1784, "minpoly": "x^2 + 21394*x + 3", "spine": 104, "undirected": false, "ell": {"2": {"diameter": 15, "conjugate_isogenous_pairs": 19, "eigenvalues": [2.826196544787676, -2.826424768823985]}, "3": {"diameter": 10, "conjugate_isogenous_pairs": 48, "eigenvalues": [3.438512872788915, -3.450253860603545]}, "5": {"diameter": 7, "conjugate_isogenous_pairs": 41, "eigenvalues": [4.450165012327724, -4.467487357463542]}, "7": {"diameter": 6, "conjugate_isogenous_pairs": 96, "eigenvalues": [5.273399010625917, -5.261420248243039]}, "11": {"diameter": 5, "conjugate_isogenous_pairs": 64, "eigenvalues": [6.5067729860964825, -6.5847387736378185]}}}