{"prime": 3677, "nodes": 307, "minpoly": "x^2 + 3673*x + 2", "spine": 17, "undirected": false, "ell": {"2": {"diameter": 11, "conjugate_isogenous_pairs": 13, "eigenvalues": [2.8049270908055957, -2.8210015336850005]}, "3": {"diameter": 8, "conjugate_isogenous_pairs": 40, "eigenvalues": [3.435356795562455, -3.382080577638087]}, "5": {"diameter": 6, "conjugate_isogenous_pairs": 18, "eigenvalues": [4.327036597037498, -4.394552681285015]}, "7": {"diameter": 5, "conjugate_isogenous_pairs": 64, "eigenvalues": [5.127027753276499, -5.160584833161152]}, "11": {"diameter": 4, "conjugate_isogenous_pairs": 36, "eigenvalues": [6.294680574359789, -6.61084961287697]}}}