{"prime": 839, "nodes": 71, "minpoly": "x^2 + 838*x + 11", "spine": 33, "undirected": false, "ell": {"2": {"diameter": 9, "conjugate_isogenous_pairs": 3, "eigenvalues": [2.7795341730011334, -2.803216600226293]}, "3": {"diameter": 7, "conjugate_isogenous_pairs": 4, "eigenvalues": [3.4411614775408834, -3.403265840408416]}, "5": {"diameter": 5, "conjugate_isogenous_pairs": 4, "eigenvalues": [4.055201455406182, -4.414568088598315]}, "7": {"diameter": 4, "conjugate_isogenous_pairs": 11, "eigenvalues": [5.063761484335379, -4.984551042902898]}, "11": {"diameter": 3, "conjugate_isogenous_pairs": 9, "eigenvalues": [6.351148915044735, -6.5439980143141705]}}}