{"prime": 26267, "nodes": 2190, "minpoly": "x^2 + 26263*x + 2", "spine": 102, "undirected": false, "ell": {"2": {"diameter": 15, "conjugate_isogenous_pairs": 38, "eigenvalues": [2.821409908062523, -2.8184607434947315]}, "3": {"diameter": 10, "conjugate_isogenous_pairs": 47, "eigenvalues": [3.4558226712795586, -3.4435361228805936]}, "5": {"diameter": 7, "conjugate_isogenous_pairs": 71, "eigenvalues": [4.442240899807878, -4.467029289657489]}, "7": {"diameter": 6, "conjugate_isogenous_pairs": 120, "eigenvalues": [5.266945305620644, -5.268101351128952]}, "11": {"diameter": 5, "conjugate_isogenous_pairs": 65, "eigenvalues": [6.613273975631456, -6.604756754072202]}}}