{"prime": 20323, "nodes": 1694, "minpoly": "x^2 + 20319*x + 2", "spine": 46, "undirected": false, "ell": {"2": {"diameter": 14, "conjugate_isogenous_pairs": 39, "eigenvalues": [2.827154851130176, -2.8258698281079004]}, "3": {"diameter": 9, "conjugate_isogenous_pairs": 67, "eigenvalues": [3.4584208730782304, -3.44592813564842]}, "5": {"diameter": 7, "conjugate_isogenous_pairs": 153, "eigenvalues": [4.468005711443897, -4.437475581320307]}, "7": {"diameter": 6, "conjugate_isogenous_pairs": 48, "eigenvalues": [5.17336143015333, -5.276666133845896]}, "11": {"diameter": 5, "conjugate_isogenous_pairs": 78, "eigenvalues": [6.585588296843283, -6.583790657182573]}}}