{"prime": 18839, "nodes": 1571, "minpoly": "x^2 + 18838*x + 7", "spine": 147, "undirected": false, "ell": {"2": {"diameter": 14, "conjugate_isogenous_pairs": 14, "eigenvalues": [2.8211449431058515, -2.8200308459752286]}, "3": {"diameter": 10, "conjugate_isogenous_pairs": 29, "eigenvalues": [3.4615638917421307, -3.441204362227446]}, "5": {"diameter": 7, "conjugate_isogenous_pairs": 74, "eigenvalues": [4.4360903362837885, -4.465718234741899]}, "7": {"diameter": 6, "conjugate_isogenous_pairs": 75, "eigenvalues": [5.266533439743724, -5.25768892767785]}, "11": {"diameter": 5, "conjugate_isogenous_pairs": 73, "eigenvalues": [6.461115775549538, -6.615733503541571]}}}