{"prime": 4799, "nodes": 401, "minpoly": "x^2 + 4798*x + 7", "spine": 63, "undirected": false, "ell": {"2": {"diameter": 12, "conjugate_isogenous_pairs": 9, "eigenvalues": [2.8032161214806828, -2.8046679092902926]}, "3": {"diameter": 8, "conjugate_isogenous_pairs": 18, "eigenvalues": [3.4110051789012847, -3.3698117137666546]}, "5": {"diameter": 6, "conjugate_isogenous_pairs": 20, "eigenvalues": [4.384591677988004, -4.387911007468929]}, "7": {"diameter": 5, "conjugate_isogenous_pairs": 32, "eigenvalues": [5.263340615707621, -5.231486293573364]}, "11": {"diameter": 4, "conjugate_isogenous_pairs": 30, "eigenvalues": [6.489581960117314, -6.52472032522222]}}}