{"prime": 1129, "nodes": 94, "minpoly": "x^2 + 1124*x + 11", "spine": 8, "undirected": true, "ell": {"2": {"diameter": 9, "conjugate_isogenous_pairs": 7, "eigenvalues": [2.8202146385568274, -2.7152097923759375]}, "3": {"diameter": 6, "conjugate_isogenous_pairs": 11, "eigenvalues": [3.295043676182425, -3.4244555837584563]}, "5": {"diameter": 4, "conjugate_isogenous_pairs": 23, "eigenvalues": [4.23844451861431, -4.409690166349947]}, "7": {"diameter": 4, "conjugate_isogenous_pairs": 20, "eigenvalues": [5.089989542000374, -5.087064712712609]}, "11": {"diameter": 3, "conjugate_isogenous_pairs": 34, "eigenvalues": [6.331642801785456, -6.479799833454108]}}}