{"prime": 13399, "nodes": 1117, "minpoly": "x^2 + 13397*x + 3", "spine": 53, "undirected": false, "ell": {"2": {"diameter": 13, "conjugate_isogenous_pairs": 24, "eigenvalues": [2.824921351221967, -2.8209531188458707]}, "3": {"diameter": 9, "conjugate_isogenous_pairs": 28, "eigenvalues": [3.458236131554096, -3.4562838934464795]}, "5": {"diameter": 7, "conjugate_isogenous_pairs": 89, "eigenvalues": [4.4356074370807494, -4.4597485938464505]}, "7": {"diameter": 5, "conjugate_isogenous_pairs": 27, "eigenvalues": [5.284895127968943, -5.225650622193693]}, "11": {"diameter": 5, "conjugate_isogenous_pairs": 98, "eigenvalues": [6.5394887701280755, -6.538173220661971]}}}