{"prime": 10613, "nodes": 885, "minpoly": "x^2 + 10608*x + 2", "spine": 31, "undirected": false, "ell": {"2": {"diameter": 13, "conjugate_isogenous_pairs": 23, "eigenvalues": [2.823872063491075, -2.8078780733235575]}, "3": {"diameter": 9, "conjugate_isogenous_pairs": 76, "eigenvalues": [3.427824531401261, -3.440036944995196]}, "5": {"diameter": 7, "conjugate_isogenous_pairs": 31, "eigenvalues": [4.4519711571300675, -4.40863344888561]}, "7": {"diameter": 5, "conjugate_isogenous_pairs": 126, "eigenvalues": [5.269127881929662, -5.217687273658539]}, "11": {"diameter": 5, "conjugate_isogenous_pairs": 53, "eigenvalues": [6.531567664860022, -6.592261379988022]}}}