{"prime": 9491, "nodes": 792, "minpoly": "x^2 + 9476*x + 2", "spine": 90, "undirected": false, "ell": {"2": {"diameter": 13, "conjugate_isogenous_pairs": 16, "eigenvalues": [2.8218833328391786, -2.822151030130091]}, "3": {"diameter": 10, "conjugate_isogenous_pairs": 18, "eigenvalues": [3.4188218654085123, -3.455599540421487]}, "5": {"diameter": 6, "conjugate_isogenous_pairs": 33, "eigenvalues": [4.4086935102178355, -4.4657848239936495]}, "7": {"diameter": 6, "conjugate_isogenous_pairs": 44, "eigenvalues": [5.254577408413197, -5.261928557604666]}, "11": {"diameter": 5, "conjugate_isogenous_pairs": 51, "eigenvalues": [6.346130241805049, -6.582622021242863]}}}