{"prime": 13043, "nodes": 1088, "minpoly": "x^2 + 13037*x + 2", "spine": 62, "undirected": false, "ell": {"2": {"diameter": 14, "conjugate_isogenous_pairs": 22, "eigenvalues": [2.811095745317861, -2.8213308604487377]}, "3": {"diameter": 9, "conjugate_isogenous_pairs": 42, "eigenvalues": [3.46305643897926, -3.4521459054799695]}, "5": {"diameter": 7, "conjugate_isogenous_pairs": 73, "eigenvalues": [4.449156337410264, -4.426055224025387]}, "7": {"diameter": 6, "conjugate_isogenous_pairs": 60, "eigenvalues": [5.277461952292725, -5.244735199495081]}, "11": {"diameter": 5, "conjugate_isogenous_pairs": 24, "eigenvalues": [6.513881139617374, -6.5955505005425605]}}}