{"prime": 13757, "nodes": 1147, "minpoly": "x^2 + 13753*x + 2", "spine": 43, "undirected": false, "ell": {"2": {"diameter": 14, "conjugate_isogenous_pairs": 18, "eigenvalues": [2.8270479858072486, -2.817971305354062]}, "3": {"diameter": 9, "conjugate_isogenous_pairs": 109, "eigenvalues": [3.4552532371359503, -3.443318132177068]}, "5": {"diameter": 7, "conjugate_isogenous_pairs": 35, "eigenvalues": [4.463331090024907, -4.461840159475082]}, "7": {"diameter": 6, "conjugate_isogenous_pairs": 111, "eigenvalues": [5.266772395275288, -5.280536034327904]}, "11": {"diameter": 5, "conjugate_isogenous_pairs": 56, "eigenvalues": [6.610389685717863, -6.62108954187308]}}}