{"prime": 14717, "nodes": 1227, "minpoly": "x^2 + 14713*x + 2", "spine": 63, "undirected": false, "ell": {"2": {"diameter": 14, "conjugate_isogenous_pairs": 27, "eigenvalues": [2.8228920281223404, -2.824467599248882]}, "3": {"diameter": 10, "conjugate_isogenous_pairs": 94, "eigenvalues": [3.4459629075385316, -3.43834744996419]}, "5": {"diameter": 7, "conjugate_isogenous_pairs": 27, "eigenvalues": [4.451179164541881, -4.426684006206323]}, "7": {"diameter": 6, "conjugate_isogenous_pairs": 89, "eigenvalues": [5.23207605547248, -5.255809564634435]}, "11": {"diameter": 5, "conjugate_isogenous_pairs": 82, "eigenvalues": [6.6021254178959605, -6.585779178584996]}}}