{"prime": 19463, "nodes": 1623, "minpoly": "x^2 + 19455*x + 5", "spine": 127, "undirected": false, "ell": {"2": {"diameter": 15, "conjugate_isogenous_pairs": 43, "eigenvalues": [2.816812219316793, -2.822892491814238]}, "3": {"diameter": 10, "conjugate_isogenous_pairs": 36, "eigenvalues": [3.4490021956626697, -3.441734582069367]}, "5": {"diameter": 7, "conjugate_isogenous_pairs": 40, "eigenvalues": [4.459189936337489, -4.411064977686953]}, "7": {"diameter": 6, "conjugate_isogenous_pairs": 123, "eigenvalues": [5.241013129401464, -5.265821220957278]}, "11": {"diameter": 5, "conjugate_isogenous_pairs": 42, "eigenvalues": [6.551639281853715, -6.565716553744176]}}}