{"prime": 3469, "nodes": 289, "minpoly": "x^2 + 3465*x + 2", "spine": 15, "undirected": true, "ell": {"2": {"diameter": 11, "conjugate_isogenous_pairs": 20, "eigenvalues": [2.81852384467314, -2.7848588167191553]}, "3": {"diameter": 7, "conjugate_isogenous_pairs": 28, "eigenvalues": [3.4459351293013465, -3.415259044991463]}, "5": {"diameter": 5, "conjugate_isogenous_pairs": 24, "eigenvalues": [4.343713586359325, -4.459552705141315]}, "7": {"diameter": 5, "conjugate_isogenous_pairs": 19, "eigenvalues": [5.26269655396092, -5.176969667661665]}, "11": {"diameter": 4, "conjugate_isogenous_pairs": 76, "eigenvalues": [6.294563755591731, -6.584287380796871]}}}