{"prime": 6857, "nodes": 572, "minpoly": "x^2 + 6852*x + 3", "spine": 22, "undirected": false, "ell": {"2": {"diameter": 12, "conjugate_isogenous_pairs": 18, "eigenvalues": [2.814855798751946, -2.8171901099307397]}, "3": {"diameter": 9, "conjugate_isogenous_pairs": 35, "eigenvalues": [3.4557313766845517, -3.436044174651005]}, "5": {"diameter": 6, "conjugate_isogenous_pairs": 30, "eigenvalues": [4.383195950210999, -4.461389833705334]}, "7": {"diameter": 6, "conjugate_isogenous_pairs": 136, "eigenvalues": [5.270051480654311, -5.272488068692746]}, "11": {"diameter": 4, "conjugate_isogenous_pairs": 34, "eigenvalues": [6.463031464358203, -6.420374402927019]}}}