{"prime": 12401, "nodes": 1034, "minpoly": "x^2 + 12395*x + 3", "spine": 58, "undirected": false, "ell": {"2": {"diameter": 13, "conjugate_isogenous_pairs": 13, "eigenvalues": [2.8083123530651712, -2.824879199661126]}, "3": {"diameter": 9, "conjugate_isogenous_pairs": 41, "eigenvalues": [3.4489850252191645, -3.4043576579961683]}, "5": {"diameter": 6, "conjugate_isogenous_pairs": 27, "eigenvalues": [4.4429083341377105, -4.427100611586862]}, "7": {"diameter": 6, "conjugate_isogenous_pairs": 114, "eigenvalues": [5.245859906546615, -5.273436005880048]}, "11": {"diameter": 5, "conjugate_isogenous_pairs": 58, "eigenvalues": [6.598641641161423, -6.6123196770516826]}}}