{"prime": 5051, "nodes": 422, "minpoly": "x^2 + 5047*x + 2", "spine": 58, "undirected": false, "ell": {"2": {"diameter": 13, "conjugate_isogenous_pairs": 10, "eigenvalues": [2.812196098996156, -2.8036587283314898]}, "3": {"diameter": 8, "conjugate_isogenous_pairs": 15, "eigenvalues": [3.4373622050465893, -3.4290940204466427]}, "5": {"diameter": 6, "conjugate_isogenous_pairs": 44, "eigenvalues": [4.437936424071815, -4.401810458563355]}, "7": {"diameter": 5, "conjugate_isogenous_pairs": 29, "eigenvalues": [5.236451554048684, -5.251336965243427]}, "11": {"diameter": 4, "conjugate_isogenous_pairs": 27, "eigenvalues": [6.625405838890398, -6.36940479461936]}}}