{"prime": 14753, "nodes": 1230, "minpoly": "x^2 + 14752*x + 3", "spine": 36, "undirected": false, "ell": {"2": {"diameter": 14, "conjugate_isogenous_pairs": 24, "eigenvalues": [2.8169786287921528, -2.8150254467195674]}, "3": {"diameter": 10, "conjugate_isogenous_pairs": 82, "eigenvalues": [3.4230004174011825, -3.4520857093031023]}, "5": {"diameter": 6, "conjugate_isogenous_pairs": 39, "eigenvalues": [4.413726491544815, -4.42625616839073]}, "7": {"diameter": 6, "conjugate_isogenous_pairs": 160, "eigenvalues": [5.2884594782807275, -5.258228947440009]}, "11": {"diameter": 5, "conjugate_isogenous_pairs": 51, "eigenvalues": [6.578746953697216, -6.605550697771821]}}}