{"prime": 20479, "nodes": 1707, "minpoly": "x^2 + 20478*x + 3", "spine": 75, "undirected": false, "ell": {"2": {"diameter": 14, "conjugate_isogenous_pairs": 31, "eigenvalues": [2.822646297461685, -2.8174042158951975]}, "3": {"diameter": 10, "conjugate_isogenous_pairs": 45, "eigenvalues": [3.4589873734325307, -3.4617280115323354]}, "5": {"diameter": 7, "conjugate_isogenous_pairs": 135, "eigenvalues": [4.453295918234657, -4.456353630268038]}, "7": {"diameter": 6, "conjugate_isogenous_pairs": 34, "eigenvalues": [5.232862528986501, -5.249964300099413]}, "11": {"diameter": 5, "conjugate_isogenous_pairs": 91, "eigenvalues": [6.609572602591393, -6.590684909417418]}}}