{"prime": 2437, "nodes": 203, "minpoly": "x^2 + 2433*x + 2", "spine": 9, "undirected": true, "ell": {"2": {"diameter": 10, "conjugate_isogenous_pairs": 17, "eigenvalues": [2.8126136564982542, -2.7457653158391486]}, "3": {"diameter": 7, "conjugate_isogenous_pairs": 39, "eigenvalues": [3.394969043388233, -3.440366514005622]}, "5": {"diameter": 5, "conjugate_isogenous_pairs": 33, "eigenvalues": [4.415423586732234, -4.40161599733984]}, "7": {"diameter": 4, "conjugate_isogenous_pairs": 22, "eigenvalues": [5.052528808990054, -5.216520420280506]}, "11": {"diameter": 4, "conjugate_isogenous_pairs": 43, "eigenvalues": [6.276678217869605, -6.422404692898367]}}}