{"prime": 1861, "nodes": 155, "minpoly": "x^2 + 1860*x + 2", "spine": 19, "undirected": true, "ell": {"2": {"diameter": 10, "conjugate_isogenous_pairs": 12, "eigenvalues": [2.784066738242478, -2.7727909628751637]}, "3": {"diameter": 7, "conjugate_isogenous_pairs": 13, "eigenvalues": [3.4228260743775354, -3.4511295252908556]}, "5": {"diameter": 5, "conjugate_isogenous_pairs": 18, "eigenvalues": [4.203000179294351, -4.265366044059102]}, "7": {"diameter": 4, "conjugate_isogenous_pairs": 11, "eigenvalues": [4.939843641971368, -5.108837774779158]}, "11": {"diameter": 4, "conjugate_isogenous_pairs": 59, "eigenvalues": [6.57124061924838, -6.491938624426593]}}}