{"prime": 13789, "nodes": 1149, "minpoly": "x^2 + 13787*x + 7", "spine": 51, "undirected": true, "ell": {"2": {"diameter": 14, "conjugate_isogenous_pairs": 25, "eigenvalues": [2.816651190342895, -2.8213763866374295]}, "3": {"diameter": 9, "conjugate_isogenous_pairs": 51, "eigenvalues": [3.444164948762494, -3.4544776348889754]}, "5": {"diameter": 6, "conjugate_isogenous_pairs": 48, "eigenvalues": [4.4634057506870795, -4.456834441005279]}, "7": {"diameter": 5, "conjugate_isogenous_pairs": 32, "eigenvalues": [5.2203224276854705, -5.173384563821893]}, "11": {"diameter": 5, "conjugate_isogenous_pairs": 244, "eigenvalues": [6.560406764495635, -6.597305636835634]}}}