{"prime": 4793, "nodes": 400, "minpoly": "x^2 + 4792*x + 3", "spine": 36, "undirected": false, "ell": {"2": {"diameter": 12, "conjugate_isogenous_pairs": 16, "eigenvalues": [2.801285497859, -2.8042304375359084]}, "3": {"diameter": 8, "conjugate_isogenous_pairs": 31, "eigenvalues": [3.4124307290606155, -3.398495892829913]}, "5": {"diameter": 6, "conjugate_isogenous_pairs": 14, "eigenvalues": [4.453391049679809, -4.374416628642427]}, "7": {"diameter": 5, "conjugate_isogenous_pairs": 66, "eigenvalues": [5.26228861391184, -5.194390948520984]}, "11": {"diameter": 5, "conjugate_isogenous_pairs": 25, "eigenvalues": [6.443551527837992, -6.590750021304919]}}}