{"prime": 3803, "nodes": 318, "minpoly": "x^2 + 3799*x + 2", "spine": 30, "undirected": false, "ell": {"2": {"diameter": 11, "conjugate_isogenous_pairs": 9, "eigenvalues": [2.7808115688381654, -2.7668983182127054]}, "3": {"diameter": 8, "conjugate_isogenous_pairs": 18, "eigenvalues": [3.410181980094707, -3.4627114995805024]}, "5": {"diameter": 6, "conjugate_isogenous_pairs": 47, "eigenvalues": [4.339239656258085, -4.467149169077094]}, "7": {"diameter": 5, "conjugate_isogenous_pairs": 50, "eigenvalues": [5.157648792323118, -5.157576920066322]}, "11": {"diameter": 4, "conjugate_isogenous_pairs": 16, "eigenvalues": [6.61824143538556, -6.487337742619754]}}}