{"prime": 13259, "nodes": 1106, "minpoly": "x^2 + 13258*x + 6", "spine": 94, "undirected": false, "ell": {"2": {"diameter": 13, "conjugate_isogenous_pairs": 19, "eigenvalues": [2.825561845735474, -2.8206149369893185]}, "3": {"diameter": 9, "conjugate_isogenous_pairs": 30, "eigenvalues": [3.4201064252952293, -3.4362761277964418]}, "5": {"diameter": 7, "conjugate_isogenous_pairs": 56, "eigenvalues": [4.452336890375626, -4.45890032984435]}, "7": {"diameter": 6, "conjugate_isogenous_pairs": 51, "eigenvalues": [5.261551136864431, -5.223968521980606]}, "11": {"diameter": 5, "conjugate_isogenous_pairs": 37, "eigenvalues": [6.570457043014174, -6.485434318049422]}}}