{"prime": 29251, "nodes": 2438, "minpoly": "x^2 + 29250*x + 2", "spine": 82, "undirected": false, "ell": {"2": {"diameter": 16, "conjugate_isogenous_pairs": 44, "eigenvalues": [2.8242752215851783, -2.8279405948089393]}, "3": {"diameter": 10, "conjugate_isogenous_pairs": 42, "eigenvalues": [3.4496261138568034, -3.454706128779171]}, "5": {"diameter": 7, "conjugate_isogenous_pairs": 174, "eigenvalues": [4.4498335640865285, -4.453444581601772]}, "7": {"diameter": 6, "conjugate_isogenous_pairs": 41, "eigenvalues": [5.286558138187127, -5.271559300569904]}, "11": {"diameter": 5, "conjugate_isogenous_pairs": 220, "eigenvalues": [6.593926340505625, -6.607587573722865]}}}