{"prime": 3271, "nodes": 273, "minpoly": "x^2 + 3269*x + 3", "spine": 27, "undirected": false, "ell": {"2": {"diameter": 11, "conjugate_isogenous_pairs": 14, "eigenvalues": [2.7970314207733478, -2.804346003650195]}, "3": {"diameter": 8, "conjugate_isogenous_pairs": 10, "eigenvalues": [3.420669666733477, -3.3687294792522966]}, "5": {"diameter": 6, "conjugate_isogenous_pairs": 43, "eigenvalues": [4.3948849451957415, -4.453769026815651]}, "7": {"diameter": 5, "conjugate_isogenous_pairs": 18, "eigenvalues": [5.185308707196997, -5.129963236807261]}, "11": {"diameter": 4, "conjugate_isogenous_pairs": 51, "eigenvalues": [6.527554101990823, -6.343053933781658]}}}