{"prime": 21191, "nodes": 1767, "minpoly": "x^2 + 21190*x + 7", "spine": 145, "undirected": false, "ell": {"2": {"diameter": 15, "conjugate_isogenous_pairs": 18, "eigenvalues": [2.822781000648401, -2.827368802723434]}, "3": {"diameter": 10, "conjugate_isogenous_pairs": 40, "eigenvalues": [3.4418892430646904, -3.447161911921599]}, "5": {"diameter": 7, "conjugate_isogenous_pairs": 41, "eigenvalues": [4.4405018937090714, -4.436100731340955]}, "7": {"diameter": 6, "conjugate_isogenous_pairs": 75, "eigenvalues": [5.267704882939503, -5.244625612039554]}, "11": {"diameter": 5, "conjugate_isogenous_pairs": 56, "eigenvalues": [6.585790248602894, -6.568608051046302]}}}