{"prime": 20129, "nodes": 1678, "minpoly": "x^2 + 20128*x + 3", "spine": 90, "undirected": false, "ell": {"2": {"diameter": 14, "conjugate_isogenous_pairs": 17, "eigenvalues": [2.8202777558079255, -2.82229844343997]}, "3": {"diameter": 10, "conjugate_isogenous_pairs": 48, "eigenvalues": [3.447272426984703, -3.4526951542146462]}, "5": {"diameter": 7, "conjugate_isogenous_pairs": 45, "eigenvalues": [4.4692968373880975, -4.428198778098479]}, "7": {"diameter": 6, "conjugate_isogenous_pairs": 139, "eigenvalues": [5.25163333364502, -5.2756551303896915]}, "11": {"diameter": 5, "conjugate_isogenous_pairs": 96, "eigenvalues": [6.557620278529715, -6.590882080135332]}}}