{"prime": 28607, "nodes": 2385, "minpoly": "x^2 + 28605*x + 5", "spine": 173, "undirected": false, "ell": {"2": {"diameter": 16, "conjugate_isogenous_pairs": 34, "eigenvalues": [2.824179994185633, -2.8269684261498376]}, "3": {"diameter": 11, "conjugate_isogenous_pairs": 45, "eigenvalues": [3.4454059756182884, -3.457786007988898]}, "5": {"diameter": 7, "conjugate_isogenous_pairs": 54, "eigenvalues": [4.443067724228214, -4.467235160727139]}, "7": {"diameter": 6, "conjugate_isogenous_pairs": 132, "eigenvalues": [5.2725990607260815, -5.266312255068063]}, "11": {"diameter": 5, "conjugate_isogenous_pairs": 65, "eigenvalues": [6.577654686757358, -6.54883932211177]}}}