{"prime": 5807, "nodes": 485, "minpoly": "x^2 + 5806*x + 5", "spine": 65, "undirected": false, "ell": {"2": {"diameter": 13, "conjugate_isogenous_pairs": 9, "eigenvalues": [2.813769806270341, -2.7797804692740717]}, "3": {"diameter": 8, "conjugate_isogenous_pairs": 34, "eigenvalues": [3.4299458325604837, -3.425728784204857]}, "5": {"diameter": 6, "conjugate_isogenous_pairs": 30, "eigenvalues": [4.40916846911357, -4.414807788786032]}, "7": {"diameter": 6, "conjugate_isogenous_pairs": 46, "eigenvalues": [5.28308295549451, -5.22627094144142]}, "11": {"diameter": 4, "conjugate_isogenous_pairs": 18, "eigenvalues": [6.510084266741606, -6.604026317021237]}}}