{"prime": 26261, "nodes": 2189, "minpoly": "x^2 + 26257*x + 2", "spine": 95, "undirected": false, "ell": {"2": {"diameter": 15, "conjugate_isogenous_pairs": 19, "eigenvalues": [2.8247845432426266, -2.8210789756115084]}, "3": {"diameter": 10, "conjugate_isogenous_pairs": 78, "eigenvalues": [3.447039853751906, -3.460847877680413]}, "5": {"diameter": 7, "conjugate_isogenous_pairs": 49, "eigenvalues": [4.469368589168764, -4.455421184652916]}, "7": {"diameter": 6, "conjugate_isogenous_pairs": 112, "eigenvalues": [5.249821521650453, -5.282885719408489]}, "11": {"diameter": 5, "conjugate_isogenous_pairs": 104, "eigenvalues": [6.6295070252728925, -6.573237594465257]}}}