{"prime": 139, "nodes": 12, "minpoly": "x^2 + 138*x + 2", "spine": 6, "undirected": false, "ell": {"2": {"diameter": 5, "conjugate_isogenous_pairs": 2, "eigenvalues": [2.4798496008123574, -2.4831760828038916]}, "3": {"diameter": 4, "conjugate_isogenous_pairs": 2, "eigenvalues": [3.1541690051222577, -3.055329344880414]}, "5": {"diameter": 3, "conjugate_isogenous_pairs": 3, "eigenvalues": [3.9765301372758057, -4.246979603717466]}, "7": {"diameter": 3, "conjugate_isogenous_pairs": 2, "eigenvalues": [4.1677552866530565, -3.677755954183087]}, "11": {"diameter": 2, "conjugate_isogenous_pairs": 3, "eigenvalues": [5.019259393222447, -5.653923358810157]}}}