{"prime": 11467, "nodes": 956, "minpoly": "x^2 + 11466*x + 5", "spine": 26, "undirected": false, "ell": {"2": {"diameter": 13, "conjugate_isogenous_pairs": 35, "eigenvalues": [2.811786213875932, -2.820077891628587]}, "3": {"diameter": 9, "conjugate_isogenous_pairs": 44, "eigenvalues": [3.439918147753127, -3.4383126825248045]}, "5": {"diameter": 6, "conjugate_isogenous_pairs": 99, "eigenvalues": [4.390806623612155, -4.451429009287372]}, "7": {"diameter": 5, "conjugate_isogenous_pairs": 39, "eigenvalues": [5.223347045452266, -5.279337047649041]}, "11": {"diameter": 4, "conjugate_isogenous_pairs": 63, "eigenvalues": [6.607968919975147, -6.557011157983835]}}}