{"prime": 11887, "nodes": 991, "minpoly": "x^2 + 11886*x + 3", "spine": 47, "undirected": false, "ell": {"2": {"diameter": 13, "conjugate_isogenous_pairs": 40, "eigenvalues": [2.8122074826370875, -2.8200881039301557]}, "3": {"diameter": 9, "conjugate_isogenous_pairs": 40, "eigenvalues": [3.4473430083048857, -3.4566379945469965]}, "5": {"diameter": 7, "conjugate_isogenous_pairs": 77, "eigenvalues": [4.444245151864105, -4.457710654013402]}, "7": {"diameter": 5, "conjugate_isogenous_pairs": 43, "eigenvalues": [5.257925999077158, -5.2667301264479205]}, "11": {"diameter": 4, "conjugate_isogenous_pairs": 75, "eigenvalues": [6.571353652919237, -6.554231497833012]}}}