{"prime": 3527, "nodes": 295, "minpoly": "x^2 + 3526*x + 5", "spine": 65, "undirected": false, "ell": {"2": {"diameter": 12, "conjugate_isogenous_pairs": 11, "eigenvalues": [2.797091094984871, -2.79240279585987]}, "3": {"diameter": 8, "conjugate_isogenous_pairs": 15, "eigenvalues": [3.358567230876976, -3.4551596090000687]}, "5": {"diameter": 6, "conjugate_isogenous_pairs": 14, "eigenvalues": [4.391470869869723, -4.36263878732427]}, "7": {"diameter": 5, "conjugate_isogenous_pairs": 32, "eigenvalues": [5.043564334821118, -5.259865949658126]}, "11": {"diameter": 4, "conjugate_isogenous_pairs": 16, "eigenvalues": [6.2302711390547945, -6.525523415259771]}}}