{"prime": 22697, "nodes": 1892, "minpoly": "x^2 + 22691*x + 3", "spine": 74, "undirected": false, "ell": {"2": {"diameter": 15, "conjugate_isogenous_pairs": 45, "eigenvalues": [2.8229762601737445, -2.825530095872677]}, "3": {"diameter": 10, "conjugate_isogenous_pairs": 68, "eigenvalues": [3.4537632228541835, -3.4524984565644883]}, "5": {"diameter": 7, "conjugate_isogenous_pairs": 23, "eigenvalues": [4.46593716987194, -4.463901964461602]}, "7": {"diameter": 6, "conjugate_isogenous_pairs": 193, "eigenvalues": [5.272880462319121, -5.283636244978362]}, "11": {"diameter": 5, "conjugate_isogenous_pairs": 60, "eigenvalues": [6.525341034747701, -6.597970579628105]}}}