{"prime": 8669, "nodes": 723, "minpoly": "x^2 + 8665*x + 2", "spine": 59, "undirected": false, "ell": {"2": {"diameter": 13, "conjugate_isogenous_pairs": 21, "eigenvalues": [2.8119688790769364, -2.816837351816113]}, "3": {"diameter": 9, "conjugate_isogenous_pairs": 32, "eigenvalues": [3.416583644986772, -3.445868479873962]}, "5": {"diameter": 6, "conjugate_isogenous_pairs": 18, "eigenvalues": [4.406812919690088, -4.402224236548841]}, "7": {"diameter": 6, "conjugate_isogenous_pairs": 46, "eigenvalues": [5.265605732174468, -5.168459837114003]}, "11": {"diameter": 4, "conjugate_isogenous_pairs": 97, "eigenvalues": [6.529103522396323, -6.48258679666898]}}}