{"prime": 4363, "nodes": 364, "minpoly": "x^2 + 4359*x + 2", "spine": 18, "undirected": false, "ell": {"2": {"diameter": 12, "conjugate_isogenous_pairs": 17, "eigenvalues": [2.821841790366859, -2.8120645242891564]}, "3": {"diameter": 7, "conjugate_isogenous_pairs": 23, "eigenvalues": [3.419075045425225, -3.404247892835532]}, "5": {"diameter": 6, "conjugate_isogenous_pairs": 89, "eigenvalues": [4.404376230996021, -4.462402015566874]}, "7": {"diameter": 5, "conjugate_isogenous_pairs": 33, "eigenvalues": [5.084155965769695, -5.1933380043478445]}, "11": {"diameter": 4, "conjugate_isogenous_pairs": 42, "eigenvalues": [6.579138412884087, -6.560100972687008]}}}