{"prime": 5387, "nodes": 450, "minpoly": "x^2 + 5381*x + 2", "spine": 46, "undirected": false, "ell": {"2": {"diameter": 13, "conjugate_isogenous_pairs": 15, "eigenvalues": [2.804917522626793, -2.8175074571829786]}, "3": {"diameter": 9, "conjugate_isogenous_pairs": 22, "eigenvalues": [3.4377942549221667, -3.440083970027296]}, "5": {"diameter": 7, "conjugate_isogenous_pairs": 53, "eigenvalues": [4.404862034924279, -4.357605517141174]}, "7": {"diameter": 5, "conjugate_isogenous_pairs": 45, "eigenvalues": [5.174637580528027, -5.255921591674907]}, "11": {"diameter": 4, "conjugate_isogenous_pairs": 16, "eigenvalues": [6.452983235798486, -6.608301305355213]}}}