{"prime": 5101, "nodes": 425, "minpoly": "x^2 + 5097*x + 6", "spine": 23, "undirected": true, "ell": {"2": {"diameter": 13, "conjugate_isogenous_pairs": 25, "eigenvalues": [2.8135861047362636, -2.792673315222311]}, "3": {"diameter": 8, "conjugate_isogenous_pairs": 23, "eigenvalues": [3.4325673783676116, -3.445359379924974]}, "5": {"diameter": 6, "conjugate_isogenous_pairs": 31, "eigenvalues": [4.350212855405947, -4.4074224364413865]}, "7": {"diameter": 5, "conjugate_isogenous_pairs": 24, "eigenvalues": [5.211011203730963, -5.218964688396851]}, "11": {"diameter": 4, "conjugate_isogenous_pairs": 127, "eigenvalues": [6.567044281945241, -6.58059615772582]}}}