{"prime": 8387, "nodes": 700, "minpoly": "x^2 + 8382*x + 2", "spine": 42, "undirected": false, "ell": {"2": {"diameter": 13, "conjugate_isogenous_pairs": 19, "eigenvalues": [2.8144404390743527, -2.8241293049365024]}, "3": {"diameter": 9, "conjugate_isogenous_pairs": 23, "eigenvalues": [3.399351644124188, -3.4179542531773306]}, "5": {"diameter": 6, "conjugate_isogenous_pairs": 56, "eigenvalues": [4.456323581007199, -4.3583438978321665]}, "7": {"diameter": 5, "conjugate_isogenous_pairs": 86, "eigenvalues": [5.2773736702220715, -5.2213128554585575]}, "11": {"diameter": 5, "conjugate_isogenous_pairs": 29, "eigenvalues": [6.457831631804206, -6.595438076935577]}}}