{"prime": 13633, "nodes": 1136, "minpoly": "x^2 + 13632*x + 5", "spine": 20, "undirected": true, "ell": {"2": {"diameter": 13, "conjugate_isogenous_pairs": 53, "eigenvalues": [2.820047181735019, -2.8237453468211946]}, "3": {"diameter": 9, "conjugate_isogenous_pairs": 50, "eigenvalues": [3.438396504934212, -3.4597218571799617]}, "5": {"diameter": 6, "conjugate_isogenous_pairs": 56, "eigenvalues": [4.4381900901309175, -4.428631758723148]}, "7": {"diameter": 5, "conjugate_isogenous_pairs": 75, "eigenvalues": [5.290845294040655, -5.266359300540107]}, "11": {"diameter": 4, "conjugate_isogenous_pairs": 72, "eigenvalues": [6.633075706051019, -6.4936543536107605]}}}