{"prime": 11519, "nodes": 961, "minpoly": "x^2 + 11518*x + 7", "spine": 125, "undirected": false, "ell": {"2": {"diameter": 14, "conjugate_isogenous_pairs": 11, "eigenvalues": [2.827005516580991, -2.8078068454454352]}, "3": {"diameter": 9, "conjugate_isogenous_pairs": 39, "eigenvalues": [3.430069055827862, -3.456896336242178]}, "5": {"diameter": 7, "conjugate_isogenous_pairs": 44, "eigenvalues": [4.432703518500632, -4.418200577853482]}, "7": {"diameter": 6, "conjugate_isogenous_pairs": 45, "eigenvalues": [5.252229343488688, -5.24353805985364]}, "11": {"diameter": 5, "conjugate_isogenous_pairs": 36, "eigenvalues": [6.620749811793251, -6.5694844912711945]}}}