{"prime": 22247, "nodes": 1855, "minpoly": "x^2 + 22245*x + 5", "spine": 89, "undirected": false, "ell": {"2": {"diameter": 14, "conjugate_isogenous_pairs": 24, "eigenvalues": [2.817929785051638, -2.8203720893096174]}, "3": {"diameter": 10, "conjugate_isogenous_pairs": 57, "eigenvalues": [3.4450476197969775, -3.4575058611792135]}, "5": {"diameter": 7, "conjugate_isogenous_pairs": 48, "eigenvalues": [4.450569415016188, -4.45990167717737]}, "7": {"diameter": 6, "conjugate_isogenous_pairs": 120, "eigenvalues": [5.254532173411821, -5.272082559095407]}, "11": {"diameter": 5, "conjugate_isogenous_pairs": 40, "eigenvalues": [6.603544364297993, -6.601941081645334]}}}