{"prime": 17239, "nodes": 1437, "minpoly": "x^2 + 17237*x + 6", "spine": 109, "undirected": false, "ell": {"2": {"diameter": 15, "conjugate_isogenous_pairs": 31, "eigenvalues": [2.815316776506797, -2.82554616817982]}, "3": {"diameter": 9, "conjugate_isogenous_pairs": 27, "eigenvalues": [3.4618297627753134, -3.450947097613342]}, "5": {"diameter": 7, "conjugate_isogenous_pairs": 74, "eigenvalues": [4.43037401508137, -4.459551613870606]}, "7": {"diameter": 6, "conjugate_isogenous_pairs": 31, "eigenvalues": [5.234394262892521, -5.27198943334013]}, "11": {"diameter": 5, "conjugate_isogenous_pairs": 126, "eigenvalues": [6.589866749413927, -6.551615829388898]}}}