{"prime": 28349, "nodes": 2363, "minpoly": "x^2 + 28344*x + 2", "spine": 139, "undirected": false, "ell": {"2": {"diameter": 15, "conjugate_isogenous_pairs": 19, "eigenvalues": [2.828058156466705, -2.8235295839030665]}, "3": {"diameter": 10, "conjugate_isogenous_pairs": 71, "eigenvalues": [3.4519231353101016, -3.4533244796868168]}, "5": {"diameter": 7, "conjugate_isogenous_pairs": 39, "eigenvalues": [4.464214356598102, -4.46243133355262]}, "7": {"diameter": 6, "conjugate_isogenous_pairs": 105, "eigenvalues": [5.252499844093808, -5.245319258604805]}, "11": {"diameter": 5, "conjugate_isogenous_pairs": 177, "eigenvalues": [6.604236321326458, -6.487589512685692]}}}