{"prime": 27283, "nodes": 2274, "minpoly": "x^2 + 27282*x + 5", "spine": 46, "undirected": false, "ell": {"2": {"diameter": 15, "conjugate_isogenous_pairs": 75, "eigenvalues": [2.815828086190405, -2.8204497706195477]}, "3": {"diameter": 10, "conjugate_isogenous_pairs": 54, "eigenvalues": [3.4594244439966806, -3.452663376297581]}, "5": {"diameter": 7, "conjugate_isogenous_pairs": 187, "eigenvalues": [4.411737994442013, -4.439691083126128]}, "7": {"diameter": 6, "conjugate_isogenous_pairs": 58, "eigenvalues": [5.267658861330327, -5.2545425558857]}, "11": {"diameter": 5, "conjugate_isogenous_pairs": 71, "eigenvalues": [6.605476824484194, -6.617011613553616]}}}