{"prime": 14867, "nodes": 1240, "minpoly": "x^2 + 14866*x + 2", "spine": 78, "undirected": false, "ell": {"2": {"diameter": 14, "conjugate_isogenous_pairs": 33, "eigenvalues": [2.820035239156393, -2.8280850881187405]}, "3": {"diameter": 10, "conjugate_isogenous_pairs": 37, "eigenvalues": [3.4440400639214386, -3.4410485243458235]}, "5": {"diameter": 7, "conjugate_isogenous_pairs": 59, "eigenvalues": [4.437691259371118, -4.459109705671187]}, "7": {"diameter": 6, "conjugate_isogenous_pairs": 76, "eigenvalues": [5.274287430737327, -5.261208317984433]}, "11": {"diameter": 5, "conjugate_isogenous_pairs": 41, "eigenvalues": [6.520009648617874, -6.615684330371093]}}}