{"prime": 17383, "nodes": 1449, "minpoly": "x^2 + 17381*x + 5", "spine": 39, "undirected": false, "ell": {"2": {"diameter": 14, "conjugate_isogenous_pairs": 67, "eigenvalues": [2.8276001158253017, -2.8221014641674014]}, "3": {"diameter": 9, "conjugate_isogenous_pairs": 41, "eigenvalues": [3.457787705301718, -3.4409262603932564]}, "5": {"diameter": 7, "conjugate_isogenous_pairs": 92, "eigenvalues": [4.450726584999232, -4.434254260626372]}, "7": {"diameter": 6, "conjugate_isogenous_pairs": 61, "eigenvalues": [5.286291924141703, -5.278284604522551]}, "11": {"diameter": 5, "conjugate_isogenous_pairs": 69, "eigenvalues": [6.610634439756261, -6.591115573736315]}}}