{"prime": 27043, "nodes": 2254, "minpoly": "x^2 + 27039*x + 2", "spine": 38, "undirected": false, "ell": {"2": {"diameter": 14, "conjugate_isogenous_pairs": 63, "eigenvalues": [2.8247526298360555, -2.8225495303757215]}, "3": {"diameter": 10, "conjugate_isogenous_pairs": 58, "eigenvalues": [3.4390098703767595, -3.4385477577966976]}, "5": {"diameter": 7, "conjugate_isogenous_pairs": 144, "eigenvalues": [4.447087853591176, -4.440007054526532]}, "7": {"diameter": 6, "conjugate_isogenous_pairs": 58, "eigenvalues": [5.272668416976419, -5.242018524235063]}, "11": {"diameter": 5, "conjugate_isogenous_pairs": 84, "eigenvalues": [6.603956665916421, -6.60293814221663]}}}