{"prime": 6373, "nodes": 531, "minpoly": "x^2 + 6372*x + 2", "spine": 19, "undirected": true, "ell": {"2": {"diameter": 12, "conjugate_isogenous_pairs": 35, "eigenvalues": [2.8082608079542526, -2.799342027218806]}, "3": {"diameter": 8, "conjugate_isogenous_pairs": 37, "eigenvalues": [3.4443474071980447, -3.45027669726837]}, "5": {"diameter": 6, "conjugate_isogenous_pairs": 30, "eigenvalues": [4.4005503990088455, -4.405553828480027]}, "7": {"diameter": 5, "conjugate_isogenous_pairs": 42, "eigenvalues": [5.227157540545311, -5.259411091526053]}, "11": {"diameter": 4, "conjugate_isogenous_pairs": 103, "eigenvalues": [6.552736208214021, -6.511563896319817]}}}