{"prime": 29537, "nodes": 2462, "minpoly": "x^2 + 29536*x + 3", "spine": 78, "undirected": false, "ell": {"2": {"diameter": 15, "conjugate_isogenous_pairs": 27, "eigenvalues": [2.825074580741161, -2.8163601459581713]}, "3": {"diameter": 10, "conjugate_isogenous_pairs": 118, "eigenvalues": [3.4454605823291287, -3.447980165019311]}, "5": {"diameter": 7, "conjugate_isogenous_pairs": 44, "eigenvalues": [4.446039725486405, -4.459504603052244]}, "7": {"diameter": 6, "conjugate_isogenous_pairs": 167, "eigenvalues": [5.281638274391662, -5.246889186338629]}, "11": {"diameter": 5, "conjugate_isogenous_pairs": 60, "eigenvalues": [6.601197950593861, -6.611575131214354]}}}