{"prime": 19289, "nodes": 1608, "minpoly": "x^2 + 19276*x + 3", "spine": 78, "undirected": false, "ell": {"2": {"diameter": 14, "conjugate_isogenous_pairs": 14, "eigenvalues": [2.808202821385973, -2.820845954243261]}, "3": {"diameter": 10, "conjugate_isogenous_pairs": 76, "eigenvalues": [3.4311876102349217, -3.454086521500267]}, "5": {"diameter": 7, "conjugate_isogenous_pairs": 47, "eigenvalues": [4.461523693956096, -4.4475409683758285]}, "7": {"diameter": 6, "conjugate_isogenous_pairs": 130, "eigenvalues": [5.2526944598397245, -5.2420727052773195]}, "11": {"diameter": 5, "conjugate_isogenous_pairs": 63, "eigenvalues": [6.588752539999335, -6.549702926123725]}}}