{"prime": 17257, "nodes": 1438, "minpoly": "x^2 + 17252*x + 5", "spine": 20, "undirected": true, "ell": {"2": {"diameter": 13, "conjugate_isogenous_pairs": 72, "eigenvalues": [2.812287586573218, -2.8255951103935537]}, "3": {"diameter": 9, "conjugate_isogenous_pairs": 54, "eigenvalues": [3.4462838276087595, -3.4481716481310785]}, "5": {"diameter": 6, "conjugate_isogenous_pairs": 78, "eigenvalues": [4.459209235316593, -4.437392076303571]}, "7": {"diameter": 5, "conjugate_isogenous_pairs": 95, "eigenvalues": [5.2536292344020215, -5.263695955519531]}, "11": {"diameter": 5, "conjugate_isogenous_pairs": 97, "eigenvalues": [6.562220400456169, -6.514129401091876]}}}