{"prime": 4051, "nodes": 338, "minpoly": "x^2 + 4050*x + 10", "spine": 22, "undirected": false, "ell": {"2": {"diameter": 11, "conjugate_isogenous_pairs": 23, "eigenvalues": [2.7869324478333026, -2.82263176042177]}, "3": {"diameter": 8, "conjugate_isogenous_pairs": 11, "eigenvalues": [3.4338971053563876, -3.4521758722410523]}, "5": {"diameter": 6, "conjugate_isogenous_pairs": 61, "eigenvalues": [4.3109203547089, -4.406394629152023]}, "7": {"diameter": 5, "conjugate_isogenous_pairs": 19, "eigenvalues": [5.1368003768185035, -5.183421572484091]}, "11": {"diameter": 4, "conjugate_isogenous_pairs": 58, "eigenvalues": [6.139496147997378, -6.489833072728522]}}}