{"prime": 2411, "nodes": 202, "minpoly": "x^2 + 2410*x + 6", "spine": 46, "undirected": false, "ell": {"2": {"diameter": 11, "conjugate_isogenous_pairs": 8, "eigenvalues": [2.7929733476085583, -2.800651804471766]}, "3": {"diameter": 8, "conjugate_isogenous_pairs": 7, "eigenvalues": [3.387069651543196, -3.3988728209966292]}, "5": {"diameter": 6, "conjugate_isogenous_pairs": 25, "eigenvalues": [4.446196329562907, -4.378018205184451]}, "7": {"diameter": 5, "conjugate_isogenous_pairs": 17, "eigenvalues": [5.184929587405423, -5.225903203187422]}, "11": {"diameter": 4, "conjugate_isogenous_pairs": 21, "eigenvalues": [6.586702657030411, -6.537172842584119]}}}