{"prime": 21863, "nodes": 1823, "minpoly": "x^2 + 21861*x + 5", "spine": 133, "undirected": false, "ell": {"2": {"diameter": 15, "conjugate_isogenous_pairs": 20, "eigenvalues": [2.823542116052037, -2.8260517682672233]}, "3": {"diameter": 10, "conjugate_isogenous_pairs": 66, "eigenvalues": [3.428797296977714, -3.444375495447895]}, "5": {"diameter": 7, "conjugate_isogenous_pairs": 66, "eigenvalues": [4.469087531094588, -4.450658116621688]}, "7": {"diameter": 6, "conjugate_isogenous_pairs": 81, "eigenvalues": [5.248791458489537, -5.256668285387112]}, "11": {"diameter": 5, "conjugate_isogenous_pairs": 40, "eigenvalues": [6.628333627088114, -6.508061901193745]}}}