{"prime": 4649, "nodes": 388, "minpoly": "x^2 + 4648*x + 3", "spine": 44, "undirected": false, "ell": {"2": {"diameter": 12, "conjugate_isogenous_pairs": 9, "eigenvalues": [2.7973376202950706, -2.8065284053205244]}, "3": {"diameter": 9, "conjugate_isogenous_pairs": 16, "eigenvalues": [3.4393574240247147, -3.438547040153428]}, "5": {"diameter": 6, "conjugate_isogenous_pairs": 27, "eigenvalues": [4.427260567411009, -4.413223649829921]}, "7": {"diameter": 5, "conjugate_isogenous_pairs": 65, "eigenvalues": [5.207638744270154, -5.248714773651663]}, "11": {"diameter": 4, "conjugate_isogenous_pairs": 33, "eigenvalues": [6.58027250486132, -6.489731601566248]}}}